tmk,lat,long,shape_area,shape_length,near_line,near_ce05,near_ce11,near_ce20,near_ce32,near_pf05,near_pf11,near_pf20,near_pf32,area,sa_ce05,sa_ce11,sa_ce20,sa_ce32,sa_pf05,sa_pf11,sa_pf20,sa_pf32,building_value,land_value,total_value,land_class,n,year_tce
12014084,0,0,2148.20105,194.2023802,3503.868936,3501.543162,3521.848527,3521.06332,3515.919244,0.188710013,0.084599602,0,0,471.754515358,0,0,0,0,20.2297619825,24.8172267722,40.8507141891,50.2653290882,153400,1240200,1393600,RESIDENTIAL,1,NA
23010001,21.29761005,-157.8454217,1361.883415,148.4512903,988.8361412,982.3849837,976.5538556,967.156832,955.5226593,794.9857046,794.5311827,693.1531424,0,403.004883284,0,0,0,0,0,0,0,16.9853521344,139500,1223200,1362700,RESIDENTIAL,1,NA
23010002,21.29748116,-157.845477,1230.111313,149.2307259,972.6534268,966.1470399,960.2550286,950.8452256,939.1618774,778.7726509,778.3147779,676.8261651,0,440.040327419,0,0,0,0,0,0,0,51.8020279706,119100,1282000,1401100,RESIDENTIAL,1,NA
23010003,21.29733859,-157.8455274,1259.592293,174.0084464,956.9646793,950.441666,944.5353137,935.1207236,923.4269195,763.1035338,762.6438947,661.1012296,0,444.876389618,0,0,0,0,0,0,0,32.3013887484,227400,1282000,1509400,RESIDENTIAL,1,NA
23010012,21.29754836,-157.8457414,1424.699753,153.7486358,975.5939661,968.8630874,962.8171628,953.2085062,941.380465,778.7385509,778.300998,679.4237638,0,517.613543353,0,0,0,0,0,0,0,2.90762038123,399700,1481500,1881200,RESIDENTIAL,1,NA
23010013,21.29766494,-157.8455233,1486.215164,156.9580455,990.4040066,983.8538898,977.9193993,968.4851398,956.7505701,794.7082453,794.2669414,694.4724001,0,504.307727713,0,0,0,0,0,0,0,323.451989151,111800,1466700,1578500,RESIDENTIAL,1,NA
23022028,21.29121749,-157.8371287,1779.039482,189.1987884,996.1972528,1005.444634,1011.669385,1008.497791,1001.043924,173.6479547,173.0054027,173.0054027,0,296.907246042,0,0,0,0,0,0,0,171.076157652,144600,1097100,1241700,RESIDENTIAL A,1,NA
23022029,21.29130142,-157.8371628,1705.196167,185.5792502,998.7217417,1008.285032,1014.549466,1011.483455,1004.130098,170.2953348,169.7022471,169.7022471,0,338.523643887,0,0,0,0,0,0,0,65.419871423,129800,1020100,1149900,RESIDENTIAL A,1,NA
23022031,21.29108043,-157.8369931,1671.16909,189.0091692,1018.107098,1025.408092,1028.23775,1023.606338,1016.275763,171.7860072,171.7860072,171.2073458,0,223.080051133,0,0,0,0,0,0,0,8.02985773767,117100,955200,1072300,RESIDENTIAL A,1,NA
23023003,21.29279009,-157.8363057,7746.002075,403.3690221,1153.651325,1174.005827,1181.137752,1180.027735,1173.952118,0,0,0,0,843.834511612,0,0,0,0,3.99176496196,15.863584706,58.0164304198,151.098665356,7244400,2382100,9626500,RESIDENTIAL,1,NA
23023014,21.29310039,-157.8360445,737.2659912,109.8489672,1186.751513,1209.094594,1216.33859,1215.211418,1209.509566,0,0,0,0,375.820953448,0,0,0,0,15.776478576,19.7782382204,36.7149995288,60.9659594617,94400,1041300,1135700,RESIDENTIAL,1,NA
23023015,0,0,1447.921738,153.0713275,1184.712423,1205.3516299999999,1212.487345,1211.37686,1205.301635,0.866803341,0.663971107,0,0,382.58497899,0,0,0,0,20.1772328444,26.1798724046,48.4778969803,81.2318435763,157000,1041300,1198300,RESIDENTIAL,1,NA
23023016,21.29284703,-157.8359993,1206.119392,139.2196853,1178.833116,1197.83871,1204.871581,1203.77693,1197.352703,0,0,0,0,376.565657688,0,0,0,0,30.0528545331,39.9083605336,53.6968880331,81.8168425702,161100,1041300,1202400,RESIDENTIAL,1,NA
23023017,0,0,2020.057281,203.2554975,1180.95362,1198.651154,1205.597905,1204.351979,1197.800217,3.28456321,2.790525802,1.336641345,0,375.11913303,0,0,0,0,27.6836023063,31.2420721847,40.2460308782,58.3989371446,316400,1022100,1338500,RESIDENTIAL,1,NA
23023027,21.29429782,-157.8361515,2483.811188,226.8918566,1238.156772,1273.912499,1281.963743,1280.71229,1277.60533,1.056774588,0.055882818,0,0,387.624424765,0,0,0,0,0,3.0979230291,14.9910681517,37.3126477133,190700,1020300,1211000,RESIDENTIAL,1,NA
23025012,0,0,4420.282227,322.8613204,1257.916676,1306.862335,1315.664564,1314.297421,1310.901591,11.7544925,0,0,0,325.142813052,0,0,0,0,0,0.115242431844,0.11524242916,0.314570090567,282700,1008200,1290900,RESIDENTIAL,2,NA
23027047,0,0,1340.981697,169.8802028,1407.958541,1405.458301,1404.367006,1401.26759,1396.195955,250.3825184,249.0468207,240.7074749,0,799.109565805,0,0,0,0,0,0,0,99.5128063538,102400,1840900,1943300,RESIDENTIAL,1,NA
23027049,0,0,908.331192,121.2731798,1422.574527,1420.066347,1418.971528,1415.862058,1410.773833,257.792033,255.9049853,246.9354,0,515.368731728,0,0,0,0,0,0,0,345.462275321,78000,1222400,1300400,RESIDENTIAL,1,NA
23027053,0,0,1200.894463,138.8082384,1388.525309,1390.689007,1389.614878,1386.564389,1381.553456,192.751574,190.8294049,182.2939826,0,265.947143432,0,0,0,0,0,0,0,241.16664334,46900,817800,864700,RESIDENTIAL,1,NA
23029011,0,0,1226.778206,142.9201272,1387.917537,1385.342808,1384.218449,1381.024812,1375.79802,298.826343,298.826343,298.6655676,0,360.745720042,0,0,0,0,0,0,0,136.198930121,67500,1019800,1087300,RESIDENTIAL,1,NA
23029027,0,0,1203.847717,143.1729004,1450.579973,1447.968384,1446.827619,1443.587195,1438.283238,382.6325256,382.6325256,320.8019458,0,464.522529334,0,0,0,0,0,0,0,89.93008374,135900,1225000,1360900,RESIDENTIAL,1,NA
23029028,0,0,1552.894737,161.9706224,1431.294847,1428.67721,1427.533754,1424.285666,1418.96911,372.4059807,372.4059807,295.94356,0,464.524227047,0,0,0,0,0,0,0,94.1871261094,67600,925000,992600,RESIDENTIAL,1,NA
23030002,21.29153082,-157.8319705,1106.1092,133.7907202,1236.363554,1233.685013,1232.514374,1229.188852,1223.744884,294.2877107,293.6985125,80.18475166,0,557.430701725,0,0,0,0,0,0,0,337.593022755,271100,1408800,1679900,RESIDENTIAL,1,NA
23030003,21.29163627,-157.8320697,1927.679283,193.1194629,1241.795358,1239.124389,1237.957141,1234.641291,1229.213266,288.7550489,288.231242,95.33856185,0,371.618701545,0,0,0,0,0,0,0,64.8090656601,600500,989200,1589700,RESIDENTIAL,1,NA
23030006,21.29185638,-157.8319802,2274.277496,228.9990079,1273.743436,1271.073732,1269.907047,1266.592794,1261.167371,310.90411,310.7156889,118.6055651,0,371.619240187,0,0,0,0,0,0,0,151.961773103,195000,1041300,1236300,RESIDENTIAL,1,NA
23030007,21.29166836,-157.8319215,1660.569138,165.2554532,1249.444073,1246.766502,1245.596296,1242.272008,1236.830063,302.8593236,302.3137791,85.60736157,0,557.430619442,0,0,0,0,0,0,0,290.96995132,154800,1408800,1563600,RESIDENTIAL,1,NA
23030016,21.29174105,-157.8323568,747.7270126,118.0415416,1239.373731,1236.716642,1235.555604,1232.257463,1226.858645,266.8149659,266.6857487,121.2102922,0,371.556541188,0,0,0,0,0,0,0,142.799996172,108400,1041300,1149700,RESIDENTIAL,1,NA
23030019,21.29201344,-157.832358,3245.31353,251.0777523,1276.238296,1273.582961,1272.422704,1269.126775,1263.731564,289.7616188,289.5629602,142.2658219,0,464.52368851,0,0,0,0,0,0,0,35.4688560189,238200,1225000,1463200,RESIDENTIAL,1,NA
23030022,21.29189717,-157.8321737,1791.478142,173.6013462,1259.589126,1256.929925,1255.767941,1252.467095,1247.063794,287.2182833,287.0355393,119.7971157,0,371.617229868,0,0,0,0,0,0,0,229.109217989,126500,1041300,1167800,RESIDENTIAL,3,NA
23030024,21.29165153,-157.8322749,1151.687683,140.3963886,1235.146001,1232.480144,1231.315185,1228.005864,1222.588614,277.5580595,277.0485339,106.0029609,0,371.618127474,0,0,0,0,0,0,0,13.4275688165,364100,989200,1353300,RESIDENTIAL,1,NA
23030026,21.29235632,-157.8317359,17704.45802,623.7931161,1301.959795,1299.291021,1298.124751,1294.81167,1289.388154,330.2371947,329.9966279,139.9220362,0,2438.22581192,0,0,0,0,0,0,0,96.9812431874,10302800,5157300,15460100,RESIDENTIAL,1,NA
23030040,21.29240486,-157.8319518,1292.058159,145.8245495,1323.993492,1321.333196,1320.170716,1316.868436,1311.462702,334.3060248,334.3060248,165.6110144,0,197.177515431,0,0,0,0,0,0,0,37.0204234402,48600,692100,740700,RESIDENTIAL,1,NA
23030042,21.292276,-157.8322218,2491.213966,240.3077959,1297.312019,1294.670059,1293.515773,1290.236863,1284.869683,293.80828,293.80828,157.1799337,0,455.326425577,0,0,0,0,0,0,0,319.684626021,65200,1225000,1290200,RESIDENTIAL,1,NA
23030045,21.29267362,-157.8321346,1986.076187,200.0567426,1338.501361,1335.862278,1334.709271,1331.433993,1326.072749,321.6100697,321.6100697,201.597802,0,457.638280233,0,0,0,0,0,0,0,51.5502220148,104300,1163800,1268100,RESIDENTIAL,1,NA
23030047,21.29250851,-157.8319155,1492.229309,157.6850613,1334.73501,1332.080227,1330.920211,1327.62495,1322.230777,336.9845591,336.9845591,175.5450441,0,559.260462959,0,0,0,0,0,0,0,75.9583607932,493400,1408800,1902200,RESIDENTIAL,1,NA
23031001,0,0,1461.830803,156.9552584,1208.360885,1205.832059,1204.728127,1201.592845,1196.46262,121.6226809,121.6226809,121.6226809,0,351.482042104,0,0,0,0,0,0,0,234.496547503,56700,1004500,1061200,RESIDENTIAL,1,NA
23031003,21.29233921,-157.8342468,3737.883408,304.9622369,1216.072392,1213.568406,1212.475497,1209.371637,1204.293189,105.8919419,105.8919419,105.8919419,0,993.79679412,0,0,0,0,0,0,0,561.044727772,847100,2281900,3129000,RESIDENTIAL,1,NA
23031023,0,0,1796.743919,176.1866017,1243.860874,1241.399381,1240.325305,1237.275109,1232.263945,105.2323651,105.2323651,104.6747261,0,312.650130688,0,0,0,0,0,0,0,64.9540787225,81500,853700,935200,RESIDENTIAL,1,NA
23031024,0,0,1475.878395,156.2702909,1240.580061,1238.099527,1237.017012,1233.942759,1228.91304,112.2732647,112.1822589,111.4998037,0,218.782017482,0,0,0,0,0,0,0,80.8567393925,81000,716900,797900,RESIDENTIAL,1,NA
23031027,0,0,1338.338799,147.5653897,1232.223848,1229.70308,1228.602719,1225.477598,1220.364056,134.0995376,134.0995376,134.0995376,0,355.109059325,0,0,0,0,0,0,0,160.701922374,215500,1004500,1220000,RESIDENTIAL,1,NA
23031028,0,0,2052.932991,183.4734065,1229.530192,1226.995659,1225.889189,1222.746651,1217.604406,135.1148336,135.1148336,135.1148336,0,346.904087533,0,0,0,0,0,0,0,177.783092337,126600,1004500,1131100,RESIDENTIAL,1,NA
23031029,0,0,1365.841202,148.5772539,1268.729038,1266.193934,1265.087201,1261.943883,1256.800251,166.2874559,166.2874559,166.2874559,0,370.307929712,0,0,0,0,0,0,0,301.63951724,93100,1004500,1097600,RESIDENTIAL,1,NA
23031030,21.29266397,-157.8340468,4928.811577,383.8678308,1263.075121,1260.559219,1259.46101,1256.341998,1251.23844,144.8423556,144.8423556,144.2357983,0,730.840426265,0,0,0,0,0,0,0,577.151490567,704300,1702800,2407100,RESIDENTIAL,1,NA
23031032,0,0,1458.534042,152.9292057,1268.57614,1266.079781,1264.990241,1261.895935,1256.833081,140.9319685,140.5021495,139.9695255,0,375.913792264,0,0,0,0,0,0,0,374.262913939,58600,1004500,1063100,RESIDENTIAL,1,NA
23031033,0,0,1733.184044,170.3239709,1271.785026,1269.30392,1268.221142,1265.146111,1260.115012,136.7161445,136.7161445,136.3487506,0,358.557306432,0,0,0,0,0,0,0,214.653353516,90200,1004500,1094700,RESIDENTIAL,1,NA
23031034,0,0,2477.366081,214.3688826,1268.403004,1265.936378,1264.86002,1261.803292,1256.800897,124.3622388,124.3622388,124.3622388,0,376.549213784,0,0,0,0,0,0,0,156.682808682,66800,1004500,1071300,RESIDENTIAL,1,NA
23031035,0,0,1759.492615,168.9472769,1280.495232,1278.043699,1276.974025,1273.936339,1268.845052,127.6406426,127.440626,127.0317429,0,357.888076019,0,0,0,0,0,0,0,11.3029385102,88100,1004500,1092600,RESIDENTIAL,1,NA
23031051,0,0,1459.39473,154.5356278,1295.02447,1292.570353,1291.499529,1288.458552,1283.39554,139.9895098,139.6155961,139.378467,0,353.759994504,0,0,0,0,0,0,0,7.6442579526,102400,1004500,1106900,RESIDENTIAL,1,NA
23031052,21.29303332,-157.8344378,2301.278496,211.0480466,1292.011752,1289.544469,1288.467812,1285.410211,1280.407244,146.517272,146.4369209,145.9362553,0,372.250470322,0,0,0,0,0,0,0,30.2802811084,203000,1004500,1207500,RESIDENTIAL,1,NA
23031053,0,0,1240.921204,141.0278804,1296.975454,1294.491305,1293.40717,1290.328251,1285.290668,155.7408518,155.6865329,155.2250975,0,352.508167869,0,0,0,0,0,0,0,323.15664389,43800,1004500,1048300,RESIDENTIAL,1,NA
23031054,0,0,2260.68129,193.6784661,1289.894785,1287.397792,1286.307965,1283.212825,1278.148534,158.2717952,158.2187254,157.9371113,0,373.895485634,0,0,0,0,0,0,0,310.030701922,128700,1004500,1133200,RESIDENTIAL,1,NA
23031055,21.29289535,-157.8340339,2302.840561,202.9357015,1289.468879,1286.967542,1285.875789,1282.775156,1277.701816,166.902129,166.5557811,166.0510042,0,348.727390471,0,0,0,0,0,0,0,217.340494871,230200,1004500,1234700,RESIDENTIAL,1,NA
23031056,0,0,1326.848717,145.7629541,1293.07511,1290.550244,1289.44805,1286.317653,1281.195255,183.7742442,183.7742442,183.718483,0,365.552834321,0,0,0,0,0,0,0,107.01654341,441200,1004500,1445700,RESIDENTIAL,1,NA
23031057,0,0,1720.681412,180.9235352,1288.81898,1286.287626,1285.182266,1282.042031,1276.90308,183.8824629,183.8824629,183.8824629,0,361.30331773,0,0,0,0,0,0,0,270.308771743,100900,1004500,1105400,RESIDENTIAL,1,NA
23031058,21.29305088,-157.8336509,1301.958694,152.1058128,1322.876295,1320.339722,1319.232324,1316.087074,1310.940128,211.5014847,211.3061099,210.733832,0,223.549955055,0,0,0,0,0,0,0,87.8076465626,44400,747300,791700,RESIDENTIAL,1,NA
23031059,21.29311707,-157.8337747,1122.356102,134.168276,1325.151731,1322.628182,1321.526565,1318.39779,1313.277987,206.7685124,206.3615231,205.7904608,0,343.115272445,0,0,0,0,0,0,0,109.540616048,91600,993900,1085500,RESIDENTIAL,1,NA
23031060,21.29319289,-157.8339181,1952.495369,184.5530552,1325.088727,1322.579191,1321.483792,1318.37274,1313.282137,196.4076716,196.402724,196.2537399,0,326.715488521,0,0,0,0,0,0,0,99.5879057137,239300,1004500,1243800,RESIDENTIAL,2,NA
23031061,21.2932288,-157.8340429,2168.829842,200.594448,1324.694633,1322.196944,1321.1068,1318.010725,1312.9448,187.8997335,187.758608,187.306746,0,344.196729793,0,0,0,0,0,0,0,101.783420728,230500,1004500,1235000,RESIDENTIAL,1,NA
23031062,21.2932821,-157.8341782,2108.51223,193.5613063,1326.266079,1323.781633,1322.69736,1319.61802,1314.579661,180.2587291,179.9975733,179.7369917,0,329.050635163,0,0,0,0,0,0,0,251.114244521,388700,1004500,1393200,RESIDENTIAL,1,NA
23031063,21.29333371,-157.8343081,1608.642052,196.8201122,1329.0734,1326.601216,1325.522377,1322.458522,1317.445668,175.8323253,175.8323253,175.5168325,0,337.023114289,0,0,0,0,0,0,0,157.01359323,50700,1004500,1055200,RESIDENTIAL,1,NA
23031088,21.29338749,-157.8338346,2480.764709,222.1264477,1347.347297,1344.834658,1343.737877,1340.622868,1335.525693,215.0100519,214.8530842,214.4142801,0,336.958539291,0,0,0,0,0,0,0,92.4214552914,83700,1004500,1088200,RESIDENTIAL,1,NA
23031093,0,0,1761.094719,171.9056485,1205.427371,1202.916052,1201.819892,1198.706773,1193.613093,107.4678395,107.4678395,107.4678395,0,361.282758003,0,0,0,0,0,0,0,348.221964582,55000,992200,1047200,RESIDENTIAL,1,NA
23032001,21.29064233,-157.8346525,2544.427795,265.4565719,1031.519868,1029.001363,1027.90207,1024.7802,1019.672694,0.208118842,0,0,0,475.389151033,0,0,0,0,40.7817986917,59.6730660956,206.459029858,432.22930527,216900,1105600,1322500,RESIDENTIAL,1,NA
23032011,0,0,1041.977196,140.9584499,1173.747051,1171.32471,1170.266197,1167.105834,1161.559934,23.81302219,23.28890324,22.62071996,0,493.494774933,0,0,0,0,0,0,0,157.301887747,978000,1296900,2274900,RESIDENTIAL,1,NA
23032015,21.29186426,-157.8350755,3230.588203,320.7397635,1162.710506,1160.294021,1159.217235,1155.987862,1150.382711,14.76170105,14.76170105,13.97401795,0,693.865536212,0,0,0,0,0,0,0,205.508885505,676500,1563500,2240000,RESIDENTIAL,1,NA
23032018,21.29160814,-157.8350573,1452.624229,159.8674334,1128.576675,1126.129103,1125.061236,1122.028882,1116.895347,0,0,0,0,307.925481833,0,0,0,0,38.7426638883,38.7426638883,38.7426638883,203.393757985,146600,813100,959700,RESIDENTIAL,1,NA
23032021,21.29176578,-157.8347128,1749.901955,185.6332083,1154.843956,1152.361783,1151.278567,1148.202411,1143.169846,38.5494846,38.5494846,38.5494846,0,300.735006469,0,0,0,0,0,0,0,59.5730950673,182300,894300,1076600,RESIDENTIAL,1,NA
23032022,21.29166327,-157.8347486,2053.973938,217.5106383,1142.033943,1139.552021,1138.468922,1135.39311,1130.361163,28.55633681,28.55633681,28.55633681,0,287.500479063,0,0,0,0,0,0,0,76.9333845187,471700,192000,663700,RESIDENTIAL,1,NA
23032023,21.29153807,-157.8348422,2039.353386,202.5610641,1121.771772,1119.302888,1118.225576,1115.166297,1110.161671,20.43606846,20.43606846,19.83143924,0,374.69685483,0,0,0,0,0,0,0,102.667792619,67500,1041300,1108800,RESIDENTIAL,1,NA
23032024,21.29148021,-157.8347057,2138.677849,200.1708382,1120.049261,1117.563738,1116.479049,1113.39873,1108.359433,25.2632123,25.2632123,25.2632123,0,464.257368097,0,0,0,0,0,0,0,343.579882063,300800,1243000,1543800,RESIDENTIAL,1,NA
23032025,0,0,1582.474953,178.9558984,1142.11449,1139.617414,1138.527592,1135.432612,1130.36905,48.42358164,48.42358164,47.79698753,0,525.162449618,0,0,0,0,0,0,0,316.864901262,173100,1271800,1444900,RESIDENTIAL,1,NA
23032026,21.29182379,-157.8345779,763.4935074,116.0170447,1166.557481,1164.072521,1162.988066,1159.908361,1154.869903,59.52309776,59.52309776,59.52309776,0,367.538572231,0,0,0,0,0,0,0,64.5604953312,153900,1041300,1195200,RESIDENTIAL,1,NA
23032027,21.29184291,-157.8343724,2791.698036,235.0048869,1166.309209,1163.802127,1162.707859,1159.600171,1154.515571,69.91555619,69.91555619,69.91555619,0,391.041243901,0,0,0,0,0,0,0,203.129422378,324200,1140500,1464700,RESIDENTIAL,1,NA
23032028,21.29179526,-157.8341895,1503.143005,159.5796464,1172.319111,1169.790465,1168.686623,1165.551629,1160.421983,91.21310541,91.21310541,91.18131468,0,292.876790067,0,0,0,0,0,0,0,155.467569276,358500,891700,1250200,RESIDENTIAL,1,NA
23032029,0,0,2361.962669,202.3430152,1157.414288,1154.882632,1153.777458,1150.63868,1145.502836,77.85062922,77.85062922,77.50193953,0,385.183589899,0,0,0,0,0,0,0,288.007624132,191100,1044000,1235100,RESIDENTIAL,1,NA
23032031,21.2915465,-157.8342856,1244.478165,143.2052747,1144.171895,1141.645687,1140.542935,1137.411078,1132.28669,69.92210263,69.92210263,69.92210263,0,361.172047043,0,0,0,0,0,0,0,209.964358343,94500,1006000,1100500,RESIDENTIAL,1,NA
23032033,21.29149247,-157.8344802,1270.745338,148.377298,1130.689886,1128.183098,1127.08897,1123.981723,1118.89797,49.80139141,49.80139141,49.80139141,0,199.299738447,0,0,0,0,0,0,0,174.383030472,54800,686800,741600,RESIDENTIAL,1,NA
23032034,0,0,1413.399124,150.4646798,1129.976877,1127.447597,1126.343485,1123.2077630000001,1118.077047,63.11180279,63.11180279,62.75985253,0,211.608178107,0,0,0,0,0,0,0,206.569559046,52500,747300,799800,RESIDENTIAL,1,NA
23032035,21.29133192,-157.8344439,1194.859413,147.1502736,1114.891918,1112.374092,1111.27507,1108.153881,1103.047187,46.82850121,46.82850121,45.94104522,0,358.798547443,0,0,0,0,0,0,0,306.455601754,122600,995300,1117900,RESIDENTIAL,1,NA
23032037,21.29106986,-157.83476,1989.50737,205.2364989,1072.234037,1069.741856,1068.654231,1065.565597,1060.512774,2.174654934,2.174654934,0.470751078,0,386.779907564,0,0,0,0,11.8045648953,12.7939404886,22.6010451873,363.12774176,312200,973800,1286000,RESIDENTIAL,1,NA
23032038,21.29103831,-157.8344747,1613.39782,163.2328445,1083.886849,1081.360008,1080.256994,1077.124451,1071.999133,30.5198205,30.37205891,29.20476762,0,466.194153071,0,0,0,0,0,0,0,359.619039885,556300,1225000,1781300,RESIDENTIAL,1,NA
23032039,21.29091419,-157.8346009,2452.386436,235.3185957,1066.635258,1064.113055,1063.012106,1059.885472,1054.769968,10.87780739,10.87780739,10.87780739,0,475.312204917,0,0,0,0,0,0,0,450.167174122,374000,1225000,1599000,RESIDENTIAL,1,NA
23032040,21.29081403,-157.8346583,1847.084282,186.4655551,1055.700271,1053.189969,1052.094308,1048.982772,1043.892224,3.736275113,3.320665518,0.689582794,0,405.591935981,0,0,0,0,22.8519229318,23.8634255722,27.4244505875,104.443908146,599500,1005400,1604900,RESIDENTIAL,1,NA
23032042,21.29137198,-157.8345706,1108.794128,138.6797149,1116.522902,1114.019119,1112.926331,1109.822916,1104.745537,35.53095217,35.53095217,35.53095217,0,259.790059375,0,0,0,0,0,0,0,187.011115828,192200,781200,973400,RESIDENTIAL,1,NA
23032044,21.29205932,-157.8353982,4550.287354,349.6618052,1157.505144,1155.027495,1153.863609,1150.448923,1144.790099,2.120600521,1.989435837,1.339422812,0,1346.04951499,0,0,0,0,157.215654076,171.221807495,194.231915671,454.064870255,411900,2990800,3402700,RESIDENTIAL,1,NA
23032047,21.29114813,-157.8348556,1767.695625,196.2502071,1080.492417,1078.012511,1076.930328,1073.857207,1068.829944,1.388585139,0.388312643,0.388350018,0,334.739623413,0,0,0,0,63.4482173704,68.4504131722,76.1200799484,230.316444764,257600,805000,1062600,RESIDENTIAL,1,NA
23033005,21.29061704,-157.8323371,1608.517281,162.519719,1139.006839,1136.321881,1135.148372,1131.814692,1126.357358,220.8173734,220.3502809,78.0412086,0,557.427674936,0,0,0,0,0,0,0,105.426494942,162500,1408800,1571300,RESIDENTIAL,1,NA
23033006,21.29085568,-157.8325818,2013.701805,189.3937591,1137.28569,1134.614391,1133.447006,1130.130798,1124.702298,212.0645329,212.0645329,93.80186964,0,557.426854516,0,0,0,0,0,0,0,74.1045545573,127900,1408800,1536700,RESIDENTIAL,2,NA
23033007,21.29075969,-157.8328654,3685.817436,256.7098362,1116.342891,1113.687763,1112.527617,1109.23207,1103.837691,179.0264539,179.0264539,129.0423247,0,464.52370969,0,0,0,0,0,0,0,51.3810692143,504100,1225000,1729100,RESIDENTIAL,1,NA
23033008,21.29092047,-157.8328571,1525.594078,163.2042247,1132.963205,1130.314097,1129.15664,1125.868754,1120.486994,184.7790554,184.7135154,124.9261667,0,464.523811787,0,0,0,0,0,0,0,102.133137996,193900,1225000,1418900,RESIDENTIAL,1,NA
23033009,21.29101395,-157.8327757,2578.772987,237.6000808,1147.191501,1144.545958,1143.390091,1140.106735,1134.732427,191.3265379,190.6079727,124.1730509,0,371.618850983,0,0,0,0,0,0,0,72.6663902242,165400,1041300,1206700,RESIDENTIAL,1,NA
23033010,21.29115192,-157.8327916,1433.298767,153.2804942,1159.116447,1156.469772,1155.313398,1152.028591,1146.65187,199.8706919,199.2137622,132.4696721,0,464.522552039,0,0,0,0,0,0,0,78.0605059802,138100,1225000,1363100,RESIDENTIAL,1,NA
23033012,21.29115176,-157.8322969,1539.599281,158.8308688,1192.557771,1189.881446,1188.711804,1185.38914,1179.949927,259.8452886,259.5891544,79.25793257,0,668.913297111,0,0,0,0,0,0,0,171.302857722,226100,1629300,1855400,RESIDENTIAL,2,NA
23033015,21.29091802,-157.8320824,915.9429398,130.3820183,1170.958895,1168.267507,1167.091108,1163.749175,1158.278195,252.976562,252.4640079,47.99273165,0,464.524218165,0,0,0,0,0,0,0,128.045107479,0,1225000,1225000,RESIDENTIAL,1,NA
23033016,21.2907483,-157.8320185,1387.039162,158.2922746,1165.676782,1162.981063,1161.802717,1158.455233,1152.975096,248.1643619,247.6200345,46.22410519,0,418.07255428,0,0,0,0,0,0,0,15.0181390099,603400,1076500,1679900,RESIDENTIAL,1,NA
23033017,21.29090271,-157.833252,2497.451439,210.296356,1114.619009,1111.991701,1110.843978,1107.583871,1102.247981,149.7146634,149.7146634,116.6404192,0,337.670955924,0,0,0,0,0,0,0,22.5669849883,178300,976600,1154900,RESIDENTIAL,1,NA
23033019,21.29082672,-157.8324011,1045.694038,129.837606,1146.651226,1143.974125,1142.80414,1139.48051,1134.039753,225.8594336,225.8594336,75.83969016,0,297.296671391,0,0,0,0,0,0,0,242.394351601,103000,892700,995700,RESIDENTIAL,1,NA
23033030,21.29044852,-157.8328233,1187.026642,143.8967601,1096.886624,1094.220716,1093.05575,1089.746459,1084.329426,175.9466069,175.9466069,120.5002918,0,280.793114259,0,0,0,0,0,0,0,12.7412129822,486700,894300,1381000,RESIDENTIAL,1,NA
23033032,21.29035725,-157.8326105,1260.133247,150.96695450000001,1088.682542,1086.00182,1084.830216,1081.50199,1076.05371,170.6830813,170.2577247,104.7750174,0,289.99094658,0,0,0,0,0,0,0,117.522620785,85000,894300,979300,RESIDENTIAL,1,NA
23033040,21.29029152,-157.8335416,3076.377266,252.398177,1040.628973,1038.012671,1036.86987,1033.623856,1028.311382,87.1156933,87.1156933,41.4985588,0,457.814712097,0,0,0,0,0,0,0,45.9662403442,86200,1163800,1250000,RESIDENTIAL,1,NA
23033041,21.29014691,-157.8335978,3306.297821,264.9803642,1022.6846,1020.067139,1018.923825,1015.676361,1010.361535,75.99793122,75.99793122,23.85741842,0,469.866915063,0,0,0,0,0,0,0,194.792872298,155700,1163800,1319500,RESIDENTIAL,1,NA
23033042,21.29028668,-157.8337848,1645.832153,163.3030954,1028.904634,1026.300433,1025.163029,1021.932422,1016.645415,68.55233367,68.55233367,28.75202539,0,571.584129834,0,0,0,0,0,0,0,230.507109872,177600,1408800,1586400,RESIDENTIAL,1,NA
23033043,21.29046159,-157.8338859,1688.750069,164.9225504,1044.053468,1041.465155,1040.334714,1037.123069,1031.864451,66.27497382,66.23789813,43.94599012,0,669.800374135,0,0,0,0,0,0,0,522.766339914,75300,1629300,1704600,RESIDENTIAL,1,NA
23033044,21.29048276,-157.8340484,1587.618996,168.1649645,1037.366668,1034.783232,1033.655072,1030.450837,1025.207347,51.49656236,51.18190253,37.77039697,0,554.430343163,0,0,0,0,0,0,0,344.02190114,95100,1408800,1503900,RESIDENTIAL,1,NA
23033047,21.29065512,-157.8341957,2489.6717,224.3936004,1063.143316,1060.589669,1059.474751,1056.308271,1051.127023,49.48815359,48.77552634,37.00819281,0,379.44607556,0,0,0,0,0,0,0,64.4620735621,327900,1041300,1369200,RESIDENTIAL,1,NA
23033048,21.29077504,-157.8341599,2531.28154,255.1965922,1066.258727,1063.699609,1062.582259,1059.408837,1054.216121,48.41718183,47.83755204,34.2151432,0,469.828779968,0,0,0,0,0,0,0,141.270028628,178600,1225000,1403600,RESIDENTIAL,1,NA
23033049,21.2909375,-157.8341733,1234.633438,155.0605985,1083.074652,1080.522464,1079.408189,1076.243524,1071.065207,57.2443238,56.83574997,41.82067596,0,232.72915795,0,0,0,0,0,0,0,122.045199622,46300,765600,811900,RESIDENTIAL,1,NA
23033051,21.29069611,-157.8337807,4123.806404,296.0271589,1061.069723,1058.478354,1057.346657,1054.132309,1048.87206,78.80301346,78.80301346,61.12182957,0,669.310492857,0,0,0,0,0,0,0,59.9554681599,199800,1629300,1829100,RESIDENTIAL,1,NA
23033054,21.29114573,-157.8332545,325.1452484,74.58726967,1142.564068,1139.942365,1138.797137,1135.544133,1130.219907,160.4965871,159.9659324,143.6718333,0,342.279325701,0,0,0,0,0,0,0,137.419732871,45100,976600,1021700,RESIDENTIAL,1,NA
23033055,21.29127771,-157.8331122,2123.258095,202.2548044,1156.823047,1154.204172,1153.060202,1149.810777,1144.49243,169.885925,169.4061948,154.5909646,0,348.628900049,0,0,0,0,0,0,0,70.3496989517,95900,976600,1072500,RESIDENTIAL,1,NA
23033061,21.2910097,-157.833441,2905.4189,226.7539216,1115.338739,1112.73098,1111.591972,1108.356725,1103.061854,130.4794822,129.8301453,115.2809151,0,377.030374148,0,0,0,0,0,0,0,34.3934910903,140300,1056000,1196300,RESIDENTIAL,1,NA
23033063,21.29106106,-157.8336798,2437.781502,210.6352506,1111.253197,1108.656614,1107.522585,1104.301543,1099.030121,109.6042086,109.1075628,94.54020824,0,388.920199783,0,0,0,0,0,0,0,80.5658398886,102100,1056000,1158100,RESIDENTIAL,1,NA
23033066,21.29155417,-157.8335396,1609.704361,173.0611292,1167.232286,1164.642651,1163.511703,1160.29941,1155.042293,141.4003602,141.0927136,133.7829952,0,382.865978709,0,0,0,0,0,0,0,139.859967027,111900,1056000,1167900,RESIDENTIAL,1,NA
23033067,21.29142289,-157.8337367,1261.906509,162.8804606,1154.165446,1151.588538,1150.463255,1147.267128,1142.036707,122.5362712,122.2640674,117.267499,0,615.159552172,0,0,0,0,0,0,0,118.810282787,130200,1541100,1671300,RESIDENTIAL,1,NA
23033068,21.29086481,-157.8340295,1147.291306,147.5480262,1079.705736,1077.134313,1076.011487,1072.822431,1067.603872,69.69053111,69.19051286,54.89345685,0,231.967677544,0,0,0,0,0,0,0,175.960884731,0,765600,765600,RESIDENTIAL,1,NA
23033070,21.29116402,-157.8340347,1973.952728,193.0502138,1112.433771,1109.869539,1108.749902,1105.569915,1100.366228,90.39936322,90.00819992,76.44109911,0,334.610597933,0,0,0,0,0,0,0,13.2915120314,161700,488300,650000,RESIDENTIAL,3,NA
23033071,21.291326690000002,-157.8339932,1083.3396,139.8771349,1139.957242,1137.407364,1136.2941,1133.132265,1127.958446,95.15201533,94.88411018,92.82922588,0,330.019399255,0,0,0,0,0,0,0,95.4032603846,54000,976600,1030600,RESIDENTIAL,1,NA
23033072,21.29141728,-157.8339286,2077.455292,240.5517599,1140.98826,1138.42751,1137.309414,1134.133797,1128.937241,96.94441824,96.73873505,95.72319233,0,331.136034825,0,0,0,0,0,0,0,85.0920289599,161400,976600,1138000,RESIDENTIAL,1,NA
23033074,21.29168668,-157.8338442,2438.295952,203.4641977,1179.365199,1176.817188,1175.704743,1172.545212,1167.375081,119.4855082,119.4855082,119.4855082,0,323.783555904,0,0,0,0,0,0,0,49.2583353003,179600,976600,1156200,RESIDENTIAL,1,NA
23033075,21.29113179,-157.8338388,1454.107864,169.5641228,1113.974312,1111.395147,1110.268868,1107.069934,1101.834983,99.2702202,98.95059814,85.38887886,0,272.368226927,0,0,0,0,0,0,0,51.4206281503,90200,855700,945900,RESIDENTIAL,1,NA
23034019,0,0,1306.046867,147.5420426,974.1973634,971.6092216,970.4789845,967.2688811,962.0158947,19.74762929,19.74762929,6.70654443,0,716.341247267,0,0,0,0,0,0,0,560.17282471,345300,677300,1022600,RESIDENTIAL A,3,NA
23034020,21.28979854,-157.8342806,2058.919159,198.267705,955.5156576,952.9271763,951.7967937,948.5862936,943.3327136,5.196299664,5.055171976,4.041269882,0,466.891615112,0,0,0,0,0,0,0,361.106983101,91400,1103000,1194400,RESIDENTIAL,1,NA
23034021,21.2899918,-157.8343652,1327.150345,162.248231,975.9525662,973.3801909,972.2569713,969.0668942,963.8469802,8.705769223,8.705769223,6.886198715,0,209.430071874,0,0,0,0,0,0,0,0.694663825597,79100,659300,738400,RESIDENTIAL,2,NA
23034023,21.28977288,-157.8339953,2305.089561,215.1460558,963.3368753,960.7259595,959.5855786,956.346532,951.0457663,28.59528453,28.33168222,9.254506705,0,442.356390476,0,0,0,0,0,0,0,219.575623037,105300,1188300,1293600,RESIDENTIAL,1,NA
23034024,21.28975512,-157.8338482,3210.067543,242.2236491,966.4900316,963.8700652,962.7256473,959.475075,954.1552591,38.40450283,38.40450283,7.465938297,0,431.900928303,0,0,0,0,0,0,0,124.765056798,843700,1188300,2032000,RESIDENTIAL,1,NA
23034025,21.28965497,-157.8337277,2380.064529,200.1634159,964.624851,961.9929114,960.8431508,957.5773293,952.2323242,47.84093391,47.42545556,24.13756785,0,443.978804713,0,0,0,0,0,0,0,185.711520068,181000,1184400,1365400,RESIDENTIAL,1,NA
23034037,21.28936808,-157.8337706,2027.790535,186.6278147,950.21203,947.5732263,946.4204036,943.1458514,937.7864549,40.021257490000004,39.00856355,36.02081607,0,472.41713584,0,0,0,0,0,0,0,196.615438487,160800,1168800,1329600,RESIDENTIAL,1,NA
23034038,21.28935217,-157.8339408,1163.840691,137.1143041,935.9221873,933.2861934,932.1346289,928.8636795,923.5102717,26.92471473,26.92471473,23.76241097,0,476.654739001,0,0,0,0,0,0,0,76.4349454815,141800,1172300,1314100,RESIDENTIAL,1,NA
23034039,21.28947295,-157.8340731,3190.584152,237.7360102,951.9273846,949.3067583,948.1620496,944.9106593,939.5895311,28.23747717,28.23747717,27.31905472,0,785.920843381,0,0,0,0,0,0,0,107.281574289,167400,1750300,1917700,RESIDENTIAL,1,NA
23036017,21.28870741,-157.8381336,3535.667488,293.6424725,769.4941768,765.755504,763.1840002,758.1190401,750.9414518,43.78922747,42.34469994,37.13231018,0,642.012517341,0,0,0,0,0,0,0,50.4640417981,0,100,100,RESIDENTIAL,1,NA
23036019,0,0,3403.307892,304.561557,795.5370768,791.9963468,789.4006804,784.2875957,777.0405544,58.25046928,57.4897944,52.17845569,0,544.026191067,0,0,0,0,0,0,0,129.020461956,167900,1383800,1551700,RESIDENTIAL,2,NA
23036026,0,0,2508.535202,230.6616837,788.4602688,784.7127307,782.1349649,777.0575049,769.8618118,58.96165341,57.97592388,52.89982962,0,552.766284183,0,0,0,0,0,0,0,141.751335404,132600,1399600,1532200,RESIDENTIAL,1,NA
23036028,21.28912787,-157.8384178,5331.019707,401.3572491,778.9497018,775.2407133,772.6900887,767.6666485,760.5488265,59.0471536,58.24978439,52.8576401,0,1083.67934096,0,0,0,0,0,0,0,2.28255638785,1815200,1702700,3517900,RESIDENTIAL,1,NA
26003014,21.27998882,-157.8309172,5683.874413,424.3614776,294.1966843,288.9190799,284.2638972,276.421076,266.3043549,72.97572297,34.37997587,31.46059732,0,1462.67127017,0,0,0,0,0,0,0,256.421431912,313200,274800,588000,RESIDENTIAL,2,NA
26007009,21.28627299,-157.8340256,2660.320534,221.1468793,625.3601587,622.6230956,621.4260163,618.0251485,612.4571293,99.80537541,88.25456804,73.43630748,0,467.25478563,0,0,0,0,0,0,0,130.584083704,426100,1439100,1865200,RESIDENTIAL,1,NA
26012009,21.28486602,-157.837573,2648.925156,220.3727091,338.4467392,335.4208237,333.8422838,329.9598616,323.9092929,77.2488621,70.49586125,11.94677323,0,561.505173457,0,0,0,0,0,0,0,110.892089872,1142700,2113600,3256300,RESIDENTIAL,1,NA
26012024,21.28536509,-157.8365467,3189.200623,260.5001132,412.3567793,409.8615723,408.7732483,405.6848182,400.6395431,27.11356053,26.197448,14.05607943,0,715.840579321,0,0,0,0,0,0,0,145.445589721,116400,2539800,2656200,RESIDENTIAL,1,NA
26012025,21.28548059,-157.8363391,5153.038948,370.110091,448.9594892,446.4008281,445.2841046,442.1139167,436.9312807,27.36490272,27.01890471,26.07670725,0,1054.35593299,0,0,0,0,0,0,0,104.271056976,283100,3946400,4229500,RESIDENTIAL,1,NA
26012026,21.28565301,-157.8362436,3413.418488,266.9010663,456.5335765,453.9735844,452.8562542,449.6842842,444.4985375,36.07214339,36.02090749,18.14306396,0,934.77383697,0,0,0,0,0,0,0,622.178652642,433200,3586500,4019700,RESIDENTIAL,1,NA
26012046,21.28605098,-157.8377519,3230.536125,255.0716683,459.0940698,456.0999382,454.5387631,450.6995024,443.991029,37.07275145,36.34567065,2.446757524,0,609.384428479,0,0,0,0,0,0,0,469.494157407,1597800,2253900,3851700,RESIDENTIAL,1,NA
26012053,21.2865268,-157.8373175,3674.515816,285.349706,518.5913067,515.5778323,514.0061292,510.1406308,504.116772,84.02449882,83.62689487,7.130923761,0,589.077294365,0,0,0,0,0,0,0,234.934970715,271400,2341100,2612500,RESIDENTIAL,1,NA
26012054,21.28633771,-157.8371512,1640.268677,184.0862385,506.370841,503.3444068,501.7655569,497.8823026,491.830227,59.34508479,58.98050321,37.16397099,0,610.090920236,0,0,0,0,0,0,0,76.0791838126,106000,2253900,2359900,RESIDENTIAL,1,NA
26014010,21.28669993,-157.832293,3506.356758,257.9797433,786.3502564,783.6032419,782.400921,778.9850278,772.786239,55.13564027,20.5249312,18.88926856,0,465.486091288,0,0,0,0,0,0,0,33.2190295445,635700,1603700,2239400,RESIDENTIAL,1,NA
26014011,21.28686808,-157.8322308,2449.216499,205.4032242,806.141321,803.3946363,802.1924455,798.7769233,792.3699764,33.2949838,23.72756544,21.16227108,0,433.361076368,0,0,0,0,0,0,0,201.224055671,734300,1688100,2422400,RESIDENTIAL,2,NA
26015008,21.28529453,-157.8306826,3014.84874,248.7145593,789.3816696,788.6125717,789.180212,786.3960854,780.7346678,54.65343473,54.51286403,53.11398078,0.03297483,461.138954117,0,0,0,0,0,0,0,40.5115416892,1121600,1825000,2946600,RESIDENTIAL,1,NA
26015060,21.28641343,-157.8315865,5261.278236,435.8607245,797.5787028,796.9173826,798.8500056,793.8698343,786.7917367,25.00553753,24.4184064,23.605964,0,848.069720003,0,0,0,0,0,0,0,132.649530852,247000,3285000,3532000,RESIDENTIAL,1,NA
26015062,21.2862419,-157.8314203,2805.08075,248.5662186,815.191195,814.8252731,817.7059204,814.4988904,807.4504426,22.81242739,22.81242739,22.24705693,0,428.65135016,0,0,0,0,0,0,0,25.6127682509,1132300,1688100,2820400,RESIDENTIAL,1,NA
26016003,21.28406181,-157.8294987,2363.000961,321.2235992,776.9360222,771.7435104,767.0727756,749.5534343,727.9447153,74.76875222,32.90190343,32.73278908,2.103466696,423.417836445,0,0,0,0,0,0,0,0,251400,1688100,1939500,RESIDENTIAL,1,NA
26016059,21.28491385,-157.8300656,10750.37106,466.2426469,815.3253147,813.6056831,812.4883119,803.6676776,781.5272037,23.59756149,23.13555134,22.53937274,0,464.523568865,0,0,0,0,0,0,0,0.434787820202,0,1551300,1551300,RESIDENTIAL,1,NA
26017014,21.28384476,-157.8292125,1276.889313,142.9577492,759.2878414,754.4798743,750.0601915,741.6704832,720.1263738,70.84098076,52.66146088,52.58282756,0,832.640995113,0,0,0,0,0,0,0,142.906718555,720600,3285000,4005600,RESIDENTIAL,1,NA
26017020,21.2833497,-157.829318,887.4038773,119.4111028,704.8596548,700.0538352,695.806367,688.0693471,671.5181367,119.5089463,91.86722607,91.32986068,0,459.239331197,0,0,0,0,0,0,0,250.133043624,94000,1825000,1919000,RESIDENTIAL,1,NA
26017021,21.28321416,-157.8293397,2975.442741,250.1311821,685.340417,680.5381069,676.49097630000006,668.8350516,656.974214,130.3418799,97.97403543,97.30945363,0,402.595622757,0,0,0,0,0,0,0,51.7192059706,438300,1688100,2126400,RESIDENTIAL,1,NA
26017022,21.28304375,-157.8294766,5147.934227,281.4098402,675.3845837,670.5787494,666.342084,658.6069443,644.2784534,148.9435585,115.4588609,114.6736258,0,831.341910324,0,0,0,0,0,0,0,150.703548299,3388700,3308400,6697100,RESIDENTIAL,1,NA
26017023,21.2840451,-157.8288178,1485.477295,174.8424882,796.610821,791.8172432,787.8536431,780.5819577,767.0924748,26.26976727,25.57354212,24.85525086,0,530.370365977,0,0,0,0,0,0,0,73.4496556293,138200,2004200,2142400,RESIDENTIAL,1,NA
26017029,21.2831147,-157.8277989,2079.129623,207.7793423,705.8229311,707.5341249,719.3762732,717.5311692,712.2189737,31.57877905,31.57877905,31.57877905,0,412.692273176,0,0,0,0,0,0,0,37.0237107906,1274100,1612200,2886300,RESIDENTIAL,1,NA
26017033,21.28294039,-157.8274884,846.718132,120.0495628,681.9812643,683.8818659,698.4793462,696.2425732,689.7316841,19.70176437,19.70176437,19.70176437,0,292.090879973,0,0,0,0,0,0,0,108.028483903,251100,1214700,1465800,RESIDENTIAL,1,NA
26017047,21.28347492,-157.8290142,2057.114197,189.6159507,725.8323915,721.0403998,717.0780993,709.9135492,700.0871034,96.95913826,96.91783999,96.22899592,0,460.779558635,0,0,0,0,0,0,0,74.5584056305,307000,1733800,2040800,RESIDENTIAL,1,NA
26017048,21.2836057,-157.8289375,2607.368362,235.7028194,745.202358,740.4160386,736.4583351,729.3373575,719.0683786,72.83586835,72.46982763,71.69981654,0,469.024398223,0,0,0,0,0,0,0,131.16502625,340900,1733800,2074700,RESIDENTIAL,1,NA
26017065,21.28313841,-157.8283473,4188.327858,328.1736499,688.6621961,690.217253,699.8946487,698.3502559,693.9726683,63.24592064,63.24592064,63.24592064,0,571.159563141,0,0,0,0,0,0,0,52.8992252313,310300,2164100,2474400,RESIDENTIAL,1,NA
26020035,21.28253188,-157.8271529,3602.85054,272.5571882,639.2766814,641.6608274,658.1166724,655.6105161,648.2857098,21.35500008,21.35500008,20.62425305,0,454.78859303,0,0,0,0,0,0,0,28.5592412379,744500,1663300,2407800,RESIDENTIAL,1,NA
26021018,21.27924662,-157.8238569,4493.088264,304.0459549,442.9242152,441.2172609,441.2630006,439.4296947,435.5166805,61.78074756,0,0,0,872.671511487,0,0,0,0,0,55.8546692642,124.670147064,267.179801672,5726000,3449300,9175300,RESIDENTIAL,1,NA
26021039,21.2796972,-157.8244949,1695.884384,165.1340904,449.3197182,448.1248611,448.8648655,447.8696797,444.7739995,74.40684525,69.20821849,2.599076452,0,558.186243064,0,0,0,0,0,0,0,7.14008735205,501800,2190000,2691800,RESIDENTIAL,2,NA
26021040,21.27986554,-157.8244857,4266.149796,299.3659346,472.0482736,470.8578559,471.5945479,470.6038191,467.522138,66.79305385,66.79305385,38.59605789,0,558.20074518,0,0,0,0,0,0,0,27.1796733351,814700,2190000,3004700,RESIDENTIAL,2,NA
26021083,21.28092287,-157.8252877,3282.207733,255.1357937,525.0202613,528.1560036,544.0708218,543.1776138,531.4672704,22.44975632,22.44975632,22.44975632,0,412.416347477,0,0,0,0,0,0,0,6.08415163572,1181400,1637200,2818600,RESIDENTIAL,1,NA
26023042,21.27540665,-157.8229154,3014.130531,237.3642019,185.7239066,180.3446982,175.0017196,166.3855266,155.6899081,192.7937155,191.5770236,189.5730641,0,410.431086303,0,0,0,0,0,0,0,68.1645181088,127000,1275400,1402400,RESIDENTIAL,1,NA
26025041,21.27665516,-157.820286,2458.343288,214.9906992,509.2536071,503.5209487,498.1101542,489.4486184,478.7041041,28.08479749,22.02743137,1.3947394339999999,0,694.72901343,0,0,0,0,0,0,0,0.173532503208,220500,2728700,2949200,RESIDENTIAL,1,NA
27002001,21.29082104,-157.8299781,1370.283493,152.1982964,1284.3705,1281.625062,1280.424055,1277.011912,1271.425073,353.811582,351.9785751,72.73938138,0,567.99851367,0,0,0,0,0,0,0,68.9391503736,246800,1608000,1854800,RESIDENTIAL,1,NA
27002002,21.29071745,-157.8302625,2479.14843,227.8022002,1258.823998,1256.079242,1254.878558,1251.467339,1245.882026,328.0489529,326.1533808,74.0810148,0,465.092940689,0,0,0,0,0,0,0,28.910661048,736100,1317000,2053100,RESIDENTIAL,1,NA
27002003,21.29081914,-157.8301253,1678.214348,165.7635099,1273.152941,1270.407694,1269.206777,1265.794892,1260.20848,342.5331911,340.6864562,76.28693776,0,660.698817407,0,0,0,0,0,0,0,62.5993801761,393100,1876000,2269100,RESIDENTIAL,1,NA
27002004,21.29102869,-157.8301226,3559.260933,300.9310251,1289.471508,1286.729665,1285.53035,1282.123036,1276.54416,358.2968205,356.0781012,54.30563668,0,650.030046294,0,0,0,0,0,0,0,155.026012207,228400,1876000,2104400,RESIDENTIAL,1,NA
27002005,21.29120751,-157.8301189,1333.983269,146.4524311,1306.985626,1304.245445,1303.046904,1299.641795,1294.066554,375.9073488,373.5472962,47.33319862,0,443.175859422,0,0,0,0,0,0,0,157.132805935,149200,1317000,1466200,RESIDENTIAL,1,NA
27002013,21.29138553,-157.8308794,2693.58548,247.3469654,1273.739741,1271.018392,1269.82847,1266.447949,1260.913259,348.2539343,346.233224,67.50411148,0,676.765430475,0,0,0,0,0,0,0,398.557036423,275700,1929600,2205300,RESIDENTIAL,1,NA
27002017,21.29188146,-157.8305046,1512.138901,156.8461264,1346.285041,1343.56304,1342.372821,1338.991443,1333.455316,419.9238735,417.7618126,80.38944747,0,554.677004528,0,0,0,0,0,0,0,351.869403761,169200,1608000,1777200,RESIDENTIAL,1,NA
27002018,0,0,1670.938263,166.1134306,1326.262285,1323.545419,1322.357527,1318.982788,1313.457612,402.2831411,400.3362623,112.0824262,0,676.371935005,0,0,0,0,0,0,0,51.9666722622,1128800,1929600,3058400,RESIDENTIAL,1,NA
27002019,21.29182536,-157.8308523,1200.478401,141.809987,1320.754241,1318.039822,1316.853037,1313.481455,1307.961487,398.008577,396.1573562,113.3099511,0,569.165600208,0,0,0,0,0,0,0,189.138562431,183500,1608000,1791500,RESIDENTIAL,1,NA
27002026,21.29216737,-157.8303919,1970.449875,178.2556607,1384.446678,1381.723363,1380.532545,1377.149458,1371.610504,457.3613298,455.1219812,85.76729476,0,554.189720967,0,0,0,0,0,0,0,0.0923384501112,359900,402000,761900,RESIDENTIAL,4,NA
27002028,21.29185535,-157.8302475,1405.321228,154.189665,1359.124196,1356.395843,1355.202733,1351.813113,1346.263398,430.3985594,428.0774353,55.50070338,0,358.793459873,0,0,0,0,0,0,0,257.596444634,85100,1072000,1157100,RESIDENTIAL,1,NA
27002037,0,0,2562.481018,242.4052299,1364.822294,1362.073363,1360.870647,1357.453629,1351.858748,396.3015356,395.7615085,53.27508541,0,462.727711016,0,0,0,0,0,0,0,42.2546687195,208800,1317000,1525800,RESIDENTIAL,1,NA
27002039,21.29056592,-157.8295888,2094.878784,194.8692164,1283.133446,1280.383779,1279.180669,1275.762528,1270.165796,346.5305558,346.0718807,66.89054727,0,447.540533142,0,0,0,0,0,0,0,313.740540951,169200,1340000,1509200,RESIDENTIAL,1,NA
27002042,21.29106038,-157.8298934,1955.38015,188.11433829999999,1305.936593,1303.19191,1301.99126,1298.580138,1292.994982,375.1038713,373.1647608,40.51484896,0,565.525497981,0,0,0,0,0,0,0,459.13972007,187600,1608000,1795600,RESIDENTIAL,1,NA
27002044,21.2906958,-157.8294437,2583.756241,241.4837355,1318.196399,1315.44637,1314.243023,1310.824203,1305.226352,359.8996326,359.6048701,90.32755655,0,366.102498496,0,0,0,0,0,0,0,17.0953783288,158800,1072000,1230800,RESIDENTIAL,1,NA
27002049,21.29078175,-157.8293243,1386.684998,149.0942016,1324.630374,1321.880403,1320.677105,1317.258423,1311.660801,364.1740913,363.5936595,91.35555241,0,239.052513767,0,0,0,0,0,0,0,22.8405006896,107200,670000,777200,RESIDENTIAL,1,NA
27002053,21.2913479,-157.8312867,1322.901176,152.1480902,1254.282656,1251.571077,1250.385579,1247.017676,1241.503803,334.1810287,332.5866034,48.71381555,0,414.033695685,0,0,0,0,0,0,0,138.523536984,86000,1206000,1292000,RESIDENTIAL,1,NA
27002054,21.29148884,-157.8312579,1557.337151,173.6104224,1270.04198,1267.333032,1266.148721,1262.784201,1257.2759,350.2769973,348.5922858,64.72700057,0,406.698029558,0,0,0,0,0,0,0,131.313997854,85400,1062800,1148200,RESIDENTIAL,2,NA
27002055,21.29149184,-157.8310125,1365.973862,148.0844223,1281.621942,1278.906369,1277.719064,1274.346004,1268.823614,358.8593149,357.0509898,74.0512337,0,567.728162308,0,0,0,0,0,0,0,415.927156234,93100,1608000,1701100,RESIDENTIAL,3,NA
27002057,21.29164358,-157.830481,797.103302,113.7360356,1332.196808,1329.469746,1328.277226,1324.889287,1319.34235,404.0031596,401.7203518,78.46450519,0,146.873241384,0,0,0,0,0,0,0,38.7842329115,33300,415400,448700,RESIDENTIAL,1,NA
27002063,21.29042278,-157.8295693,200.3313599,56.63529541,1279.256927,1276.50695,1275.303648,1271.884955,1266.287313,336.9870959,336.5252943,61.96400338,0,459.845643153,0,0,0,0,0,0,0,288.191956346,46800,1317000,1363800,RESIDENTIAL,1,NA
27003005,0,0,1005.75042,127.2269812,1140.437955,1137.690408,1136.488385,1133.073345,1127.481735,211.4070927,209.3727646,61.31963005,0,222.152655731,0,0,0,0,0,0,0,80.0280432527,83000,647000,730000,RESIDENTIAL,1,NA
27003009,21.29021567,-157.8308772,895.6339569,120.2270357,1173.908615,1171.168202,1169.969554,1166.564147,1160.988432,242.835085,240.4660524,73.05210371,0,432.360958323,0,0,0,0,0,0,0,373.258166407,93100,1340000,1433100,RESIDENTIAL,1,NA
27003010,21.28994835,-157.8303276,4573.153397,305.726205,1172.926761,1170.177753,1168.974997,1165.557866,1159.962804,243.7587193,239.6723539,26.12531823,0,936.567652605,0,0,0,0,0,0,0,146.266252795,556500,2572800,3129300,RESIDENTIAL,1,NA
27003011,21.28996832,-157.8306327,1570.385628,158.7399863,1169.650288,1166.902752,1165.700734,1162.285709,1156.694122,240.440133,238.4982536,45.06016856,0,447.207770461,0,0,0,0,0,0,0,146.634926202,136500,1172100,1308600,RESIDENTIAL,1,NA
27003013,21.28916765,-157.8300203,1561.746498,186.144048,1138.541133,1135.793027,1134.590281,1131.173171,1124.824725,212.3742047,207.0073592,53.13101076,0,386.634122257,0,0,0,0,0,0,0,377.424535854,60100,1072000,1132100,RESIDENTIAL,2,NA
27003015,21.28947017,-157.830186,1925.456596,187.9415779,1149.956246,1147.20636,1146.002991,1142.584109,1136.986155,220.7682576,215.1497246,19.14540332,0,775.690760644,0,0,0,0,0,0,0,564.773793717,253600,2237800,2491400,RESIDENTIAL,1,NA
27003016,0,0,2088.562317,192.9015084,1122.403697,1119.655197,1118.452303,1115.034768,1108.952816,196.3112207,190.342448,63.56699795,0,462.087514229,0,0,0,0,0,0,0,440.030255204,741900,1340000,2081900,RESIDENTIAL,1,NA
27003017,21.28892777,-157.8301658,2617.194778,254.8662426,1113.390486,1110.642357,1109.439601,1106.022466,1099.724163,187.2677583,182.2072026,79.11397525,0,442.537830708,0,0,0,0,0,0,0,189.309224444,226000,1288300,1514300,RESIDENTIAL,1,NA
27003018,21.28900893,-157.830366,1891.776428,178.4042203,1103.824663,1101.076398,1099.873591,1096.456308,1090.253926,177.8057664,172.530993,77.37582448,0,559.563421254,0,0,0,0,0,0,0,52.6892907896,197800,1608000,1805800,RESIDENTIAL,1,NA
27003022,21.28967981,-157.8298245,1274.177467,163.7638678,1195.057618,1192.308063,1191.104791,1187.686185,1182.088686,261.1861627,260.6313963,14.18229987,0,449.122707895,0,0,0,0,0,0,0,199.223259556,327500,1317000,1644500,RESIDENTIAL,1,NA
27003027,21.29018564,-157.8302676,1383.939583,154.327042,1209.171436,1206.423449,1205.221208,1201.805547,1196.21291,280.242493,277.2719588,19.4350155,0,558.630033435,0,0,0,0,0,0,0,132.374836219,700400,1608000,2308400,RESIDENTIAL,1,NA
27003028,21.29025884,-157.8300474,1879.39386,215.8829431,1224.268303,1221.519495,1220.316842,1216.900004,1211.305424,295.1458972,291.0520161,22.00697802,0,724.052457771,0,0,0,0,0,0,0,598.071447184,74000,1929600,2003600,RESIDENTIAL,1,NA
27003030,21.2901735,-157.8296554,3306.919945,261.2835964,1254.115975,1251.366189,1250.162847,1246.74404,1241.14621,302.6021152,302.0939957,41.02112441,0,463.503280402,0,0,0,0,0,0,0,67.4378684696,604000,1317000,1921000,RESIDENTIAL,1,NA
27003031,21.29004703,-157.8296955,1632.024811,164.967821,1237.124857,1234.374927,1233.171549,1229.752639,1224.15464,295.4758647,294.8861529,25.31656544,0,456.070825064,0,0,0,0,0,0,0,157.149714073,74300,1340000,1414300,RESIDENTIAL,1,NA
27003032,0,0,2085.859474,213.1606417,1223.795253,1221.045382,1219.842017,1216.423145,1210.825208,283.9799374,283.3465935,17.00369655,0,373.644717991,0,0,0,0,0,0,0,105.531656609,535000,1072000,1607000,RESIDENTIAL,1,NA
27003033,21.28980923,-157.829784,1468.124092,155.3741097,1221.452854,1218.703323,1217.50006,1214.081475,1208.484013,280.8882656,280.2783749,18.19825221,0,444.061631533,0,0,0,0,0,0,0,37.0166837061,618900,1340000,1958900,RESIDENTIAL,1,NA
27003034,21.29008587,-157.8309318,1402.724541,179.1558108,1159.459144,1156.71819,1155.519291,1152.113168,1146.536274,228.3285948,226.0194879,76.9067089,0,216.391705058,0,0,0,0,0,0,0,49.1657788314,50200,647000,697200,RESIDENTIAL,1,NA
27003035,21.29018723,-157.8311942,2287.374512,221.6078205,1165.058189,1162.321221,1161.124168,1157.723313,1152.155112,234.4968595,232.0289386,60.94510674,0,539.140107678,0,0,0,0,0,0,0,6.20166544478e-4,165100,1608000,1773100,RESIDENTIAL,1,NA
27003041,21.29076881,-157.8315075,4488.44931,272.9652302,1179.436345,1176.721656,1175.534755,1172.162864,1166.642448,258.8610934,257.3008585,0,0,912.019724939,0,0,0,0,0,0,314.846329211,423.376294663,1541900,2657000,4198900,RESIDENTIAL,1,NA
27003044,21.29062549,-157.8310176,1520.698235,165.7825117,1200.312432,1197.580917,1196.386366,1192.992649,1187.436217,271.1285601,268.8210499,37.89280566,0,554.153409649,0,0,0,0,0,0,0,365.616621227,315100,964600,1279700,RESIDENTIAL A,2,NA
27003047,21.29031742,-157.8308587,1235.782295,149.3015256,1183.401037,1180.661773,1179.463658,1176.059772,1170.486565,252.5123477,250.0306809,69.24684847,0,368.025597936,0,0,0,0,0,0,0,39.5246616224,377300,823200,1200500,RESIDENTIAL A,2,NA
27003049,21.29008693,-157.8318466,2625.479462,267.4590855,1102.39948,1099.680228,1098.491263,1095.113495,1089.583421,181.1235634,179.4910765,66.3907021,0,358.739955824,0,0,0,0,0,0,0,177.807759334,108000,1049000,1157000,RESIDENTIAL,1,NA
27003057,21.29013521,-157.8310679,1297.385414,162.3746232,1163.110746,1160.370819,1159.172397,1155.767636,1150.192989,232.1164482,229.687875,69.18634208,0,227.866242373,0,0,0,0,0,0,0,19.2193408339,68200,670000,738200,RESIDENTIAL,1,NA
27003058,21.28928815,-157.8299844,2268.942467,212.8459865,1151.128399,1148.379497,1147.176453,1143.758493,1137.920687,223.8996414,218.0331397,38.28827268,0,705.928162336,0,0,0,0,0,0,0,681.102304881,192200,2027200,2219400,RESIDENTIAL,1,NA
27003060,21.28964906,-157.8306205,1210.717819,139.622507,1149.162479,1146.413937,1145.211418,1141.794967,1136.201026,220.1786207,216.9220122,53.16284219,0,231.619943478,0,0,0,0,0,0,0,48.4242603521,81000,670000,751000,RESIDENTIAL,1,NA
27005002,21.2889046,-157.8297053,1448.01059,153.4667041,1139.035462,1138.340847,1137.729805,1132.740969,1125.650362,178.2820838,177.9088334,87.48052262,0,472.320062848,0,0,0,0,0,0,0,382.438041618,325000,1340000,1665000,RESIDENTIAL,1,NA
27005003,21.28926725,-157.829576,1425.957649,168.2894023,1181.012601,1179.266472,1178.064858,1174.031724,1166.939571,219.9729059,219.4344538,60.08813833,0,466.022871617,0,0,0,0,0,0,0,188.593856598,164500,1317000,1481500,RESIDENTIAL,1,NA
27005004,21.28954669,-157.8291869,4084.785294,287.256599,1218.771502,1218.096359,1217.092779,1212.322385,1205.231162,222.2401268,221.8616827,58.32221666,0,550.551800634,0,0,0,0,0,0,0,131.375333663,486200,1608000,2094200,RESIDENTIAL,1,NA
27005005,21.28977242,-157.8293076,2084.67984,204.2830215,1241.100174,1238.352376,1237.149748,1233.732973,1227.079082,254.4220575,254.0872166,53.85529503,0,369.567434028,0,0,0,0,0,0,0,174.973738121,142100,1072000,1214100,RESIDENTIAL,1,NA
27005006,21.28988536,-157.8292915,2713.570824,302.9139506,1246.902526,1244.154095,1242.951225,1239.533763,1233.245589,265.7862903,265.4955639,53.7651243,0,455.841781348,0,0,0,0,0,0,0,279.400321163,159400,1340000,1499400,RESIDENTIAL,1,NA
27005007,21.28974014,-157.8290601,1166.537765,149.0595522,1253.90175,1252.751759,1251.550405,1247.19703,1240.105208,249.1615977,248.9862347,33.72059965,0,295.877751623,0,0,0,0,0,0,0,225.489621985,63300,817400,880700,RESIDENTIAL,1,NA
27005010,21.28965545,-157.8288756,1321.089699,163.545583,1260.494947,1259.70964,1259.417646,1254.42903,1247.338737,238.3466437,237.8952704,10.73805663,0,288.357037395,0,0,0,0,0,0,0,250.870410968,49800,817400,867200,RESIDENTIAL,1,NA
27005011,0,0,946.1951141,123.0447926,1288.943239,1288.138755,1288.650735,1283.663758,1276.575817,236.0216108,235.3633614,14.47338791,0,453.917588968,0,0,0,0,0,0,0,158.410163603,683100,1317000,2000100,RESIDENTIAL,1,NA
27005012,21.2896543,-157.8285973,2897.045723,224.6045001,1274.543833,1273.777516,1274.60155,1269.615487,1262.528857,216.8312192,216.3242114,0,0,455.29369478900003,0,0,0,0,0,0,32.658339114,385.080259418,160300,1340000,1500300,RESIDENTIAL,1,NA
27005013,21.28945907,-157.8285217,239.5550308,62.79342272,1270.370044,1269.803277,1272.000279,1267.019324,1259.940023,207.6071268,207.4673236,1.627019331,0,364.662743614,0,0,0,0,0,0,75.3886637197,270.480721655,576700,1072000,1648700,RESIDENTIAL,1,NA
27005014,21.2890044,-157.827617,776.9642868,127.870099,1296.049545,1295.409635,1297.153359,1296.4893,1290.615075,100.7801788,100.446777,48.43368049,0,460.960544464,0,0,0,0,0,0,0,268.225342994,104300,1340000,1444300,RESIDENTIAL,1,NA
27005017,21.28925856,-157.8282055,2441.481651,223.7765901,1269.004455,1268.689214,1271.190709,1267.740413,1260.67537,157.1092096,156.4332762,30.35511303,0,465.571395895,0,0,0,0,0,0,0,439.455325958,135300,1340000,1475300,RESIDENTIAL,1,NA
27005019,21.28900069,-157.8277593,1443.14238,156.6124597,1297.710659,1297.069037,1298.912276,1298.193119,1292.863533,120.0864541,119.952418,66.01332712,0,555.844231931,0,0,0,0,0,0,0,101.547189381,136500,1608000,1744500,RESIDENTIAL,1,NA
27005021,21.28952911,-157.8294098,2763.869148,248.0400284,1211.231931,1209.198888,1207.997013,1204.175503,1197.083311,227.5094799,227.0468398,54.09333499,0,435.992312598,0,0,0,0,0,0,0,421.684513159,83100,1317000,1400100,RESIDENTIAL,1,NA
27005022,21.28929871,-157.8288031,1073.203751,135.5329194,1233.095203,1232.454182,1234.204243,1229.221616,1222.139918,199.1177931,199.1178028,26.60822352,0,419.770664437,0,0,0,0,0,0,0,262.077145493,199200,1317000,1516200,RESIDENTIAL,1,NA
27005023,21.28943043,-157.8287334,1402.246559,149.9088491,1248.870516,1248.181154,1249.573941,1244.58986,1237.506075,211.0298554,210.3833548,10.86434481,0,462.60769216,0,0,0,0,0,0,0,261.979862841,168600,1340000,1508600,RESIDENTIAL,1,NA
27005024,21.28904039,-157.8290496,2079.920959,182.5254629,1193.193744,1192.5273,1194.172972,1189.190171,1182.108228,169.9893833,169.7532786,62.2668051,0,555.969137624,0,0,0,0,0,0,0,182.391202095,324700,1608000,1932700,RESIDENTIAL,1,NA
27005025,21.28890822,-157.8289679,1324.849632,148.4932815,1188.858349,1188.341311,1191.016637,1186.038565,1178.96341,155.8183351,155.6415356,71.00836997,0,453.809533903,0,0,0,0,0,0,0,299.276396412,137400,1340000,1477400,RESIDENTIAL,1,NA
27005030,0,0,2474.177376,207.6847588,1185.799559,1184.979439,1185.221432,1180.23416,1173.145798,186.9998944,186.5089229,68.75270045,0,656.963882385,0,0,0,0,0,0,0,215.177716459,490200,1050300,1540500,RESIDENTIAL,2,NA
27005031,21.28912956,-157.8295027,932.3843918,123.9580317,1173.813476,1173.128442,1172.417262,1167.444772,1160.353857,194.0169689,193.4175739,78.60484698,0,453.136840143,0,0,0,0,0,0,0,297.366991018,467200,1090000,1557200,RESIDENTIAL,1,NA
27005032,21.28903874,-157.8296814,1819.205513,235.7359178,1152.415237,1151.253992,1150.052881,1145.623796,1138.531914,188.0787999,187.6053365,72.83801348,0,372.334471297,0,0,0,0,0,0,0,370.376040223,88000,1072000,1160000,RESIDENTIAL,1,NA
27005033,21.28877538,-157.8297357,2674.764786,227.567216,1125.461462,1124.773528,1124.148397,1119.159573,1112.068984,162.7043914,162.3641446,102.2844695,0,444.269143998,0,0,0,0,0,0,0,132.664392457,134200,1288300,1422500,RESIDENTIAL,1,NA
27005037,21.28861781,-157.8284973,1499.396164,163.2778332,1202.456944,1201.929138,1204.002331,1203.149031,1196.399192,125.2832388,124.9629069,91.25069267,0,366.181283045,0,0,0,0,0,0,0,168.780400655,658100,1072000,1730100,RESIDENTIAL,1,NA
27005039,21.28882971,-157.8283094,1045.700264,133.0438328,1229.927567,1229.435144,1231.546508,1230.602012,1223.55564,133.1743244,132.4733211,70.14089748,0,441.903467458,0,0,0,0,0,0,0,416.845015216,201900,1317000,1518900,RESIDENTIAL,1,NA
27005040,21.28865753,-157.8281344,2606.74015,282.0961823,1220.177537,1219.536668,1221.339715,1220.642806,1215.830889,102.8400641,102.0828573,95.23465586,0,890.034776226,0,0,0,0,0,0,0,664.934526864,237900,834500,1072400,RESIDENTIAL,4,NA
27005042,0,0,1916.47657,178.183318,1238.991076,1238.351372,1240.086119,1239.424555,1234.430304,95.61963728,95.00569507,94.940029,0,595.786028487,0,0,0,0,0,0,0,420.916074087,1104000,1641700,2745700,RESIDENTIAL,1,NA
27005044,21.28876693,-157.8289336,2191.020081,201.3544711,1179.259074,1178.797351,1181.855654,1176.892151,1169.820162,148.6107587,148.300779,85.11466765,0,369.501575814,0,0,0,0,0,0,0,77.3451587295,482200,1072000,1554200,RESIDENTIAL,1,NA
27005046,21.28962949,-157.8293061,1044.391022,129.6070577,1228.318836,1226.376262,1225.174418,1221.3018,1214.209617,241.4512959,241.0481179,57.07413914,0,476.716034731,0,0,0,0,0,0,0,467.384653638,222000,1340000,1562000,RESIDENTIAL,1,NA
27005047,21.28902815,-157.828895,1327.657509,145.8069412,1204.639253,1204.082368,1206.457109,1201.477423,1194.399951,169.5065002,169.445062,56.39078964,0,231.81575857,0,0,0,0,0,0,0,181.454231336,162900,670000,832900,RESIDENTIAL,1,NA
27005048,21.28939755,-157.828251,1346.331879,146.5690778,1281.218383,1280.856902,1283.546116,1279.46519,1272.396174,183.2339735,182.5639999,28.61279607,0,1269.85420942,0,0,0,0,0,0,0,43.3717034251,409800,3729000,4138800,RESIDENTIAL,1,NA
27005049,21.2888414,-157.8275066,1320.004929,165.8036586,1291.416805,1290.781518,1292.26641,1291.139369,1278.97659,78.25574158,78.12442682,39.17314284,0,217.757798499,0,0,0,0,0,0,0,155.240448018,58600,647000,705600,RESIDENTIAL,1,NA
27005056,21.288983,-157.8287623,1368.680634,148.7026479,1209.797951,1209.355985,1212.338367,1207.531044,1200.459306,164.463755,164.463755,54.92306287,0,218.145441988,0,0,0,0,0,0,0,147.986452077,91900,647000,738900,RESIDENTIAL,1,NA
27005057,21.28957718,-157.8290014,1590.02401,161.0437317,1246.707812,1245.887926,1246.029583,1241.041861,1233.952851,230.6021206,230.4724325,23.08230554,0,666.402668551,0,0,0,0,0,0,0,260.437030419,216800,1929600,2146400,RESIDENTIAL,1,NA
27005058,21.29000067,-157.8290452,354.1010208,75.32553394,1280.121641,1277.70572,1276.503487,1272.983099,1265.890943,281.3650883,281.2041594,51.65004547,0,278.518199256,0,0,0,0,0,0,0,130.632984496,84800,777200,862000,RESIDENTIAL,1,NA
27005059,21.2898682,-157.8287317,1694.265686,167.9429919,1286.088258,1285.31978,1284.834469,1279.902166,1272.811472,246.9926006,246.3272549,20.11718964,0,282.592182897,0,0,0,0,0,0,0,86.0166278126,106800,777200,884000,RESIDENTIAL,1,NA
27005060,21.28976102,-157.8287804,2329.229103,199.5066289,1272.60071,1271.815257,1271.509747,1266.521079,1259.430712,239.0074906,238.8602516,7.334555264,0,269.76900735,0,0,0,0,0,0,0,195.328309336,559200,777200,1336400,RESIDENTIAL,1,NA
27005061,21.28937156,-157.8289141,2639.341003,271.5560625,1227.875992,1227.108265,1227.999285,1223.013626,1215.927579,203.4638605,203.3837699,38.02147881,0,559.23611623,0,0,0,0,0,0,0,67.404274126,145600,1608000,1753600,RESIDENTIAL,1,NA
27005062,21.28912549,-157.8282736,3095.246613,244.748787,1265.870593,1265.509745,1267.769762,1265.50565,1258.44799,157.1487958,157.0086686,42.86174616,0,435.715978964,0,0,0,0,0,0,0,76.8922833696,352200,1317000,1669200,RESIDENTIAL,1,NA
27005063,21.2899942,-157.8291742,1351.059479,151.9776674,1267.641737,1264.893764,1263.691068,1260.274101,1253.686675,280.3720528,280.1150343,59.92812047,0,479.139601592,0,0,0,0,0,0,0,110.722407434,680200,1317000,1997200,RESIDENTIAL,1,NA
27006001,21.28963487,-157.8271684,1542.930435,170.3435811,1375.381868,1374.740135,1376.586412,1375.866365,1370.049093,115.8487399,115.2110249,54.0027762,0,435.467395374,0,0,0,0,0,0,0,251.150318572,338000,1263900,1601900,RESIDENTIAL,1,NA
27006003,21.29026856,-157.8290613,2028.692429,180.2262665,1295.79666,1293.047874,1291.844872,1288.427034,1282.325615,307.2222167,306.5677446,75.60525718,0,465.964562184,0,0,0,0,0,0,0,113.92898398,329900,1317000,1646900,RESIDENTIAL,1,NA
27006004,21.2911528,-157.8284308,1747.619087,185.1367909,1413.888454,1411.138731,1409.935407,1406.516651,1400.918904,320.5934599,319.8661185,61.70829146,0,822.000594953,0,0,0,0,0,0,0,409.257612766,280800,2394200,2675000,RESIDENTIAL,1,NA
27006005,21.2914548,-157.8287348,991.8189926,127.8065696,1419.47578,1416.726052,1415.522907,1412.104664,1406.507764,370.6216129,369.8948548,61.38181118,0,525.431721717,0,0,0,0,0,0,0,486.455505457,458900,1608000,2066900,RESIDENTIAL,1,NA
27006006,21.29152212,-157.8285806,3568.228638,293.4169375,1430.658831,1427.909176,1426.706073,1423.287951,1417.69125,351.0845755,350.1427038,38.59049363,0,502.143865514,0,0,0,0,0,0,0,279.999959104,157200,816600,973800,RESIDENTIAL,2,NA
27006010,21.29076482,-157.827573,1296.333611,146.6767816,1439.067467,1438.348536,1439.266832,1434.280459,1427.193378,238.3413136,237.6969195,105.0143623,0,741.783404365,0,0,0,0,0,0,0,52.6862708584,171700,2205400,2377100,RESIDENTIAL,3,NA
27006012,21.29115764,-157.82864,1876.56868,176.5147043,1398.661594,1395.911574,1394.708186,1391.289248,1385.691202,352.056599,351.2927363,74.55031501,0,539.195557084,0,0,0,0,0,0,0,57.4907552467,176200,1608000,1784200,RESIDENTIAL,1,NA
27006013,21.29111583,-157.8288306,1661.645897,168.1348428,1395.755441,1393.005409,1391.802023,1388.383091,1382.785055,355.3609913,354.5851382,87.25790131,0,552.893743425,0,0,0,0,0,0,0,21.6009849655,856300,1585000,2441300,RESIDENTIAL,1,NA
27006014,21.29131495,-157.8287455,1734.754234,175.3386389,1405.441123,1402.691169,1401.487883,1398.069236,1392.471671,359.9753673,359.2232312,66.93937839,0,501.815329859,0,0,0,0,0,0,0,267.292491342,132900,1286400,1419300,RESIDENTIAL,1,NA
27006015,21.29015141,-157.828346,1437.50634,174.796662,1345.856066,1345.081529,1345.742336,1340.755555,1333.667892,242.9819783,242.9819783,66.20356693,0,545.951356919,0,0,0,0,0,0,0,0.0394278811096,235200,1634500,1869700,RESIDENTIAL,1,NA
27006020,21.2904444,-157.8291305,1469.977501,153.6986686,1315.330727,1312.580935,1311.377591,1307.958778,1302.360939,338.4963871,338.224351,101.1976176,0,449.530038,0,0,0,0,0,0,0,47.0995208567,171600,1340000,1511600,RESIDENTIAL,1,NA
27006044,21.29016369,-157.8281692,1311.416237,145.8550954,1348.497678,1347.748668,1348.58075,1343.59443,1336.507429,236.9417045,236.2926536,68.11109212,0,541.144717373,0,0,0,0,0,0,0,235.306012143,159900,1434900,1594800,RESIDENTIAL,1,NA
27006046,21.29139649,-157.8283688,1130.716301,135.0600692,1441.241107,1438.491141,1437.287757,1433.868829,1428.2708,344.0369318,343.0944084,34.96619908,0,482.84817991,0,0,0,0,0,0,0,77.6216661667,497500,1377800,1875300,RESIDENTIAL,1,NA
27006050,21.28981303,-157.8271954,967.3793335,130.6697943,1390.573665,1389.992806,1391.987482,1391.181812,1384.502992,131.8472478,131.1397839,77.76851709,0,594.859260544,0,0,0,0,0,0,0,20.7251484439,914100,1717100,2631200,RESIDENTIAL,1,NA
27006051,21.29104167,-157.8282686,1423.419876,153.4351165,1414.847869,1412.099349,1410.896446,1407.478886,1401.07598,303.8221572,303.0900393,60.71587343,0,2053.83771452,0,0,0,0,0,0,0,1122.55881172,537300,6076600,6613900,RESIDENTIAL,1,NA
27006052,21.29068202,-157.8277398,1450.123741,152.3571773,1431.037075,1430.318622,1431.250216,1426.263905,1419.176914,238.8562399,238.3568768,106.7361517,0,589.622781965,0,0,0,0,0,0,0,62.3637156912,166200,1680100,1846300,RESIDENTIAL,1,NA
27006059,21.29042589,-157.8281706,3540.63472,289.9246081,1360.488578,1359.667561,1359.747947,1354.759778,1347.670124,255.5549474,255.0305088,83.33055336,0,1298.1462416,0,0,0,0,0,0,0,603.624771851,900800,3770200,4671000,RESIDENTIAL,1,NA
27011001,0,0,1280.420052,143.2257706,1396.737473,1402.015715,1421.248565,1418.667038,1410.937984,52.35634178,52.33726491,51.63484369,0,219.857766537,0,0,0,0,0,0,0,190.395827654,52500,535800,588300,RESIDENTIAL,1,NA
27011002,0,0,1564.875137,158.4680917,1423.64388,1428.870386,1449.118397,1446.504535,1438.266798,59.25034461,58.95867836,57.97355997,0,520.899407554,0,0,0,0,0,0,0,43.1172934725,134000,1322400,1456400,RESIDENTIAL,1,NA
27011003,21.28934362,-157.8254908,896.5007248,119.8572376,1415.583778,1420.142564,1436.790016,1434.341982,1427.021377,19.70062657,19.07317577,18.84404558,0,151.790732192,0,0,0,0,0,0,0,4.9293070235,36400,388100,424500,RESIDENTIAL,1,NA
27011005,21.28961353,-157.8257126,1598.05336,168.3692589,1440.727535,1443.299663,1458.985897,1456.674875,1449.443289,6.575893698,6.575893698,5.814102595,0,290.302886916,0,0,0,0,0,0,0,94.8295102049,84700,772000,856700,RESIDENTIAL,1,NA
27011006,0,0,1406.700722,150.6218965,1445.680931,1448.129341,1463.58408,1461.30603,1450.756988,15.91258858,15.91258858,15.20578444,0,239.355705796,0,0,0,0,0,0,0,21.6496637315,114100,658800,772900,RESIDENTIAL,1,NA
27011007,21.28991896,-157.8261226,1828.085648,190.4263661,1475.630302,1477.653053,1491.213686,1489.065262,1466.932662,54.49414126,53.58035721,51.85280958,0,380.178959585,0,0,0,0,0,0,0,60.9847167754,89500,1005000,1094500,RESIDENTIAL,1,NA
27011010,21.28972515,-157.8255726,1117.338394,141.2410283,1455.773269,1459.166667,1475.304035,1472.929997,1465.832725,0,0,0,0,540.64852057,0,0,0,0,0.462326651046,3.52171661156,15.7683224438,55.9158209232,93200,712200,805400,RESIDENTIAL,1,NA
27011011,21.28971324,-157.8254054,1164.677109,152.5485047,1457.999427,1462.232238,1478.692772,1476.273195,1469.035789,0,0,0,0,480.408900464,0,0,0,0,43.0649607949,54.8491820228,75.631891588,104.422935459,409200,1164000,1573200,RESIDENTIAL,1,NA
27011012,0,0,1670.610321,185.8273756,1449.882755,1454.147172,1470.6313,1468.208004,1460.959968,6.579516546,6.187690192,5.251130469,0,443.344366681,0,0,0,0,18.7990623089,25.0226400462,32.0151461971,120.882788467,64600,1148800,1213400,RESIDENTIAL,1,NA
27011015,0,0,1012.991112,132.4462053,1481.812614,1484.436262,1500.19258,1497.873614,1488.606585,20.79316253,20.23448386,19.67093799,0,221.543174299,0,0,0,0,0,0,0,10.3530251805,37300,588700,626000,RESIDENTIAL,1,NA
27011017,21.29023866,-157.8262933,1597.045967,173.3493106,1486.588877,1485.94989,1487.632775,1486.976104,1472.9084,91.51279127,90.70723583,88.71823994,0,1374.00166125,0,0,0,0,0,0,0,114.64582121,535700,3065600,3601300,RESIDENTIAL,1,NA
27011020,21.28931877,-157.8249698,2096.213585,193.9280862,1419.535187,1424.684999,1446.662737,1443.983668,1433.83181,55.4518827,54.14900466,52.62862044,0,534.394665164,0,0,0,0,0,0,0,241.329263381,0,1254300,1254300,RESIDENTIAL,1,NA
27011032,0,0,1652.28775,169.102457,1423.667875,1428.763171,1451.921617,1449.199588,1437.732029,81.77683808,80.50407372,78.95869266,0,388.021768588,0,0,0,0,0,0,0,17.5474340733,658200,1042500,1700700,RESIDENTIAL,1,NA
27011035,21.28893388,-157.8249919,2232.731499,203.0970314,1384.935358,1390.139151,1411.107681,1408.458948,1399.46757,81.45296492,81.45296492,80.74367007,0,328.623767345,0,0,0,0,0,0,0,30.6360156397,307000,875400,1182400,RESIDENTIAL,1,NA
27011040,0,0,1418.996483,150.8373383,1490.738566,1495.634091,1512.307184,1509.859099,1502.530983,1.083981298,0.531245782,0,0,502.292737862,0,0,0,0,35.6272089526,41.7027336618,53.9774675771,77.0567250727,116300,1381400,1497700,RESIDENTIAL,1,NA
27011041,0,0,2241.54644,221.1545272,1509.674741,1514.857608,1531.617236,1529.157769,1521.792953,2.687623476,1.754472493,1.181438543,0,536.753137238,0,0,0,0,30.4884179559,39.4850700909,51.4874617581,84.1399766791,117200,1329200,1446400,RESIDENTIAL,1,NA
27011042,0,0,2167.652641,216.6156017,1519.679005,1524.891057,1541.649173,1539.190356,1531.826637,0.649265586,0.325050352,0,0,532.539407794,0,0,0,0,27.6805975383,33.7087621147,40.7258439594,61.4952835465,626100,1335300,1961400,RESIDENTIAL,1,NA
27011043,0,0,1751.973625,177.2464723,1540.506162,1545.780921,1564.363616,1561.834056,1554.251191,2.07064974,2.07064974,1.12432599,0,524.949372247,0,0,0,0,37.5157307768,45.2403223258,70.6747240799,236.847031525,80300,1331400,1411700,RESIDENTIAL,1,NA
27011046,0,0,1603.764214,160.6406753,1389.19881,1394.423458,1414.902122,1412.272527,1403.819299,67.0159961,66.93414813,66.26530322,0,248.107895164,0,0,0,0,0,0,0,111.071253442,50800,647300,698100,RESIDENTIAL,1,NA
27011054,21.29014926,-157.8255165,4415.988937,369.6109299,1502.221915,1506.498285,1522.916109,1520.504601,1512.793622,1.672343555,1.499718034,0.499569068,0,864.803815162,0,0,0,0,0,0,0,339.377452149,0,1982400,1982400,RESIDENTIAL,1,NA
27011056,21.29042401,-157.825362,7291.985329,558.6559963,1528.506195,1533.121459,1549.637066,1547.212895,1539.954812,0,0,0,0,1563.48081848,0,0,0,0,19.2411074222,33.5908278262,62.9484360847,112.928293801,1324000,3558000,4882000,RESIDENTIAL,1,NA
27012001,21.28829878,-157.8266482,1167.928696,137.5014186,1287.17463,1289.072339,1302.996176,1300.925714,1284.022926,6.69015551,6.503811788,5.585597948,0,326.401587927,0,0,0,0,4.3863982834,7.31668383787,13.7260692403,75.4579026164,111800,817700,929500,RESIDENTIAL,1,NA
27012002,21.2881191,-157.8266919,1183.338409,137.9152672,1260.20679,1262.088802,1275.799251,1273.757204,1256.703261,15.75781632,15.52108987,9.080902714,0,538.406200145,0,0,0,0,32.6539892657,40.7137705941,62.3122146543,384.154861185,124500,1370500,1495000,RESIDENTIAL,1,NA
27012008,21.28940452,-157.8261373,2278.398582,212.1242182,1420.606849,1422.729753,1437.597871,1435.401513,1419.251744,20.85852691,20.20065219,17.16207277,0,356.81488028,0,0,0,0,0,0,0,40.5818693584,115900,941100,1057000,RESIDENTIAL,1,NA
27012009,21.28898206,-157.8259542,2003.953194,202.4421336,1367.756502,1370.221888,1385.759239,1383.465472,1376.624053,3.937837054,3.360536945,2.981230435,0,455.120828649,0,0,0,0,6.36801805076,14.1778947901,18.597643683,86.2755772158,465900,1140500,1606400,RESIDENTIAL,2,NA
27012013,21.28913709,-157.8259172,1559.664581,186.3587006,1383.31621,1385.685287,1401.034051,1398.76778,1391.613865,0.357423454,0.06849312,0,0,455.088359755,0,0,0,0,7.01234839295,15.0120681643,20.020545877,63.5683315996,141900,1140500,1282400,RESIDENTIAL,1,NA
27012015,21.28878513,-157.8260682,2160.831261,223.3799245,1339.097177,1341.360862,1356.545917,1354.300324,1347.610185,11.86638649,10.4554433,7.533300539,0,817.334873214,0,0,0,0,34.1671969034,53.0438660565,93.9652083198,636.406367424,1073800,1923300,2997100,RESIDENTIAL,1,NA
27012016,21.28864236,-157.826213,1713.571777,166.9634101,1324.286052,1326.44295,1341.441285,1339.221215,1332.425013,24.09546696,23.35750965,20.52995541,0,417.978563963,0,0,0,0,29.1374654834,41.1426717808,59.5691200348,168.372626222,255900,1047400,1303300,RESIDENTIAL,1,NA
27012017,0,0,1902.571472,198.3755498,1318.63292,1320.582147,1335.065121,1332.917552,1320.216865,0.674273928,0,0,0,417.985633307,0,0,0,0,23.719160781,30.722197991,42.8697581787,303.41364759,586800,1047400,1634200,RESIDENTIAL,1,NA
27012018,21.28842914,-157.826406,1044.286751,130.883937,1299.239371,1301.181049,1315.635564,1313.490836,1302.114397,15.71547443,15.71547443,15.00659261,0,417.994025994,0,0,0,0,19.2634952397,26.1701879834,36.3081080086,399.648966818,403400,1047400,1450800,RESIDENTIAL,1,NA
27012019,21.2883944,-157.8265641,1907.363441,184.1460982,1290.842407,1292.751936,1306.846331,1304.751987,1289.647881,1.92607058,1.433188316,0.799708925,0,408.716345612,0,0,0,0,10.0891248462,17.1880396214,28.0630045075,328.681628681,88000,1024100,1112100,RESIDENTIAL,1,NA
27012020,21.28813183,-157.826926,1442.109489,163.4332557,1259.581958,1261.401435,1274.204658,1266.007721,1243.957648,0,0,0,0,486.39188566,0,0,0,0,29.3990021469,39.4033444429,67.3413503928,212.713698655,143800,1132300,1276100,RESIDENTIAL,1,NA
27012021,21.28802832,-157.8270069,1410.555946,155.0066288,1245.362248,1247.1789,1259.949816,1252.68542,1230.705934,1.006491469,0.725079665,0.215421685,0,518.050552987,0,0,0,0,7.14081464061,11.0974074619,17.4876237552,407.921693768,162800,1244200,1407000,RESIDENTIAL,1,NA
27012023,21.28788416,-157.8270939,4325.708961,333.1615365,1230.453889,1232.255074,1243.836396,1229.750623,1207.61934,2.231611311,1.632987334,0.890741597,0,750.560913461,0,0,0,0,58.8968431028,68.3248541485,88.2837839012,354.690202521,845700,1637000,2482700,RESIDENTIAL,1,NA
27012025,0,0,917.6237946,128.5416564,1394.535643,1396.458285,1410.6913,1408.525176,1386.394371,22.71755616,22.01888902,19.88851997,0,171.570083534,0,0,0,0,0,0,0,79.6973540616,40100,427100,467200,RESIDENTIAL,2,NA
27012026,21.28947149,-157.8265407,1963.964699,183.2747738,1418.881356,1418.247223,1419.663935,1418.130176,1399.703061,69.31150906,68.60787974,66.48245033,0,832.175263745,0,0,0,0,0,0,0,38.2784698569,223900,1646100,1870000,RESIDENTIAL,2,NA
27012028,21.28966244,-157.8268081,1525.147354,172.3974972,1406.405181,1405.767538,1407.377577,1406.65988,1393.305837,89.92640939,89.18772045,61.01401805,0,516.553523886,0,0,0,0,0,0,0,275.762369857,127000,1322800,1449800,RESIDENTIAL,1,NA
27012029,21.28979394,-157.8264715,1499.337395,155.6797292,1441.877454,1441.240276,1442.822932,1441.960216,1424.490931,73.78540356,73.11327104,69.94458325,0,508.450934055,0,0,0,0,0,0,0,343.592423136,117300,1298100,1415400,RESIDENTIAL,1,NA
27012033,21.28887588,-157.8270031,1281.396698,156.5023793,1329.830874,1329.200923,1330.398804,1328.049723,1307.59621,46.41710988,45.70668879,2.225564756,0,779.286157191,0,0,0,0,0,0,0,448.048244325,138300,1826400,1964700,RESIDENTIAL,1,NA
27012036,21.28826851,-157.8270387,2135.1689,188.3411688,1268.930797,1270.721138,1281.655613,1268.805527,1246.674271,1.059198183,0.87619071,0.150276444,0,623.673439467,0,0,0,0,0,0,0,3.55399754166,0,1537000,1537000,RESIDENTIAL,1,NA
27012048,21.28911155,-157.8261606,1512.554146,162.8829958,1376.713743,1378.763644,1393.517473,1391.334945,1377.173821,0.755293776,0.027498943,0,0,512.760013289,0,0,0,0,0,0,7.77085470744,44.7140043694,276800,1259900,1536700,RESIDENTIAL,1,NA
27012049,21.28905522,-157.8264289,1540.616531,160.9748097,1382.436694,1384.332866,1398.184593,1392.210078,1370.078113,30.08608706,29.39644088,28.67163956,0,501.077480109,0,0,0,0,0,0,0,3.80450511594,178400,1233200,1411600,RESIDENTIAL,1,NA
27012051,21.28861224,-157.8267623,3067.242805,272.3087681,1307.717154,1309.579518,1322.977197,1317.67186,1295.584789,0.10648987,0,0,0,534.491099315,0,0,0,0,0,0,0.0626839311364,11.8800407221,107100,1363200,1470300,RESIDENTIAL,1,NA
27012052,21.28867516,-157.8266205,1984.470299,178.3123489,1320.395359,1322.275005,1335.91732,1332.508267,1310.436938,0.753794511,0.753794511,0.04627902,0,506.354099065,0,0,0,0,0,0,0,7.32281639592,175100,1307500,1482600,RESIDENTIAL,1,NA
27012053,21.28887851,-157.8264199,1828.829582,181.1801911,1345.83517,1347.752561,1361.932672,1359.829531,1340.961466,1.705597615,1.304308797,0.135047769,0,484.809693726,0,0,0,0,0,0,0,96.0147211633,143200,1264900,1408100,RESIDENTIAL,1,NA
27012054,21.28877415,-157.8265255,1816.857521,188.6295851,1332.597489,1334.498646,1348.448271,1346.376952,1325.672,0.275935542,0,0,0,506.354134702,0,0,0,0,0,0,0,135.7669968,94900,1307500,1402400,RESIDENTIAL,2,NA
27012055,21.28961265,-157.8264086,5055.773888,329.0650878,1418.869696,1420.768349,1429.431435,1426.035389,1403.902838,48.58328167,48.46220819,45.11408367,0,699.390053797,0,0,0,0,0,0,0,63.8470651612,1147000,1693400,2840400,RESIDENTIAL,2,NA
27013013,0,0,2974.575256,242.4257092,1093.352151,1098.250953,1126.802665,1124.139545,1106.654385,96.23831384,95.40509542,70.74579049,0,566.556106081,0,0,0,0,0,0,0,2.72373856399,163600,1648600,1812200,RESIDENTIAL,1,NA
27013018,21.28548498,-157.8261018,5027.883568,365.438828,971.9999927,977.3558941,998.2196042,995.450772,987.2063969,125.2903547,124.3017456,9.478079009,0,1983.72053985,0,0,0,0,0,0,0,11.9689022333,1190500,4973300,6163800,RESIDENTIAL,1,NA
27013045,21.2865446,-157.8251344,1498.040825,155.2647334,1119.620017,1124.593144,1152.4397,1149.470324,1133.228536,123.5465794,122.6687554,74.30257605,0,500.621714146,0,0,0,0,0,0,0,33.0994894277,419800,1527400,1947200,RESIDENTIAL,1,NA
27014002,21.28777914,-157.8261277,3649.900871,314.5797439,1231.40324,1234.155619,1250.325752,1247.934415,1240.810075,102.0907502,101.9338043,62.66345245,0,676.750875485,0,0,0,0,0,0,0,47.5925964276,809000,1649300,2458300,RESIDENTIAL,1,NA
27014003,0,0,1025.447433,128.5857989,1228.090426,1230.026582,1244.490381,1242.339689,1235.955493,51.56764249,50.15362575,6.315662467,0,676.299605096,0,0,0,0,0,0,0.402576001072,397.669411834,343900,1692800,2036700,RESIDENTIAL,1,NA
27014004,0,0,1457.629097,162.6932649,1236.828085,1239.053848,1254.249445,1251.996006,1245.294848,58.7562385,58.74059506,17.84982534,0,313.550481131,0,0,0,0,0,0,0,292.427407764,93700,818800,912500,RESIDENTIAL,1,NA
27014016,21.28850507,-157.825851,1564.733879,163.2472011,1316.260553,1319.438047,1335.707249,1333.307226,1326.145279,46.10221557,44.68997933,41.78552049,0,464.513109769,0,0,0,0,0,0,0,443.527633979,612000,1225000,1837000,RESIDENTIAL,1,NA
27014017,21.288860970000002,-157.8254031,2196.051209,204.8527927,1360.641024,1365.960337,1384.471678,1381.909291,1374.24293,55.99965428,55.99965428,55.34328015,0,393.064465095,0,0,0,0,0,0,0,161.67913173,195400,1032400,1227800,RESIDENTIAL,1,NA
27014018,21.28841134,-157.8259422,1783.088409,172.442315,1303.923178,1306.641626,1322.691385,1320.321598,1313.254115,47.05939841,46.0243196,43.56534306,0,483.109532533,0,0,0,0,0,0,0,381.426171326,284400,1261800,1546200,RESIDENTIAL,1,NA
27014019,0,0,2805.797234,240.1645455,1253.979881,1256.185527,1271.32949,1269.084479,1262.406881,58.42500752,58.15035309,26.27673226,0,464.524016692,0,0,0,0,0,0,0,110.821138911,466600,1225000,1691600,RESIDENTIAL,1,NA
27014023,21.28859535,-157.825744,1359.850479,154.2917413,1328.699196,1332.447155,1348.916623,1346.489066,1339.240974,49.03455473,47.64967272,44.59667985,0,464.514459353,0,0,0,0,0,0,0,446.940158052,54500,1225000,1279500,RESIDENTIAL,1,NA
27014024,21.28861816,-157.8255345,872.7095566,119.0766576,1335.128079,1340.413567,1357.466478,1354.956991,1347.456187,69.13221552,68.4750496,65.4565088,0,464.521917553,0,0,0,0,0,0,0,233.873163932,329100,1225000,1554100,RESIDENTIAL,1,NA
27014026,0,0,2395.167839,206.2866048,1348.22319,1353.43522,1374.432948,1371.775108,1362.796756,82.4533845,82.4533845,81.77714114,0,333.181472823,0,0,0,0,0,0,0,177.399609628,170500,875400,1045900,RESIDENTIAL,1,NA
27014027,0,0,1162.468277,137.1213322,1335.838213,1341.070011,1361.70052,1359.053523,1350.498293,93.3954261,92.9558152,92.39416083,0,395.280508619,0,0,0,0,0,0,0,362.130760656,69600,1042500,1112100,RESIDENTIAL,1,NA
27014028,21.28841307,-157.82550320000001,2558.560379,240.4248594,1311.95847,1317.310175,1335.383195,1332.825939,1325.180885,76.5952884,75.19798617,72.18834192,0,395.28051597,0,0,0,0,0,0,0,238.649019889,185100,1042500,1227600,RESIDENTIAL,1,NA
27014029,21.28828498,-157.8255658,1216.557884,139.8193241,1308.381578,1313.624203,1330.705314,1328.190333,1320.675757,87.20126263,85.7891449,82.88967579,0,395.28051952,0,0,0,0,0,0,0,180.373969758,299000,1042500,1341500,RESIDENTIAL,2,NA
27014032,21.28798739,-157.8258917,2319.205635,203.4533946,1258.842702,1262.757514,1279.414566,1276.956367,1269.62266,102.555081,102.555081,78.04249578,0,395.280845688,0,0,0,0,0,0,0,4.65329135201,437600,1042500,1480100,RESIDENTIAL,1,NA
27014033,21.28787116,-157.8259687,1982.78907,184.8698803,1244.867117,1248.055939,1264.458355,1262.035151,1254.810962,89.98095426,89.43676267,63.06855674,0,395.278659619,0,0,0,0,0,0,0,120.87470836,382900,1042500,1425400,RESIDENTIAL,1,NA
27015005,21.28862939,-157.8246368,1517.569794,154.2663411,1351.720934,1356.653804,1383.74105,1380.859415,1365.109444,132.899969,132.899969,132.1942818,0,384.796752784,0,0,0,0,0,0,0,54.3839591156,355200,1031500,1386700,RESIDENTIAL,1,NA
27015010,0,0,1268.612656,143.0098848,1359.810239,1364.107028,1387.098281,1385.681877,1370.540724,241.6584809,240.4673745,209.3585833,0,1066.9930288,0,0,0,0,0,0,0,604.1867977,238200,2417400,2655600,RESIDENTIAL,1,NA
27015019,0,0,1083.120949,142.3997431,1341.287961,1346.056509,1373.131562,1370.839674,1353.986743,167.6220725,167.6220725,166.9133487,0,1412.83123997,0,0,0,0,0,0,0,131.783133022,541500,3405300,3946800,RESIDENTIAL,1,NA
27019010,0,0,889.1443253,121.8260835,1198.637946,1203.287478,1229.520446,1227.381198,1210.86825,172.180273,172.180273,59.67859012,0,529.214285582,0,0,0,0,0,0,0,114.945783292,167300,1541500,1708800,RESIDENTIAL,4,NA
27019011,0,0,1448.094261,153.9804703,1172.027814,1176.681167,1202.986985,1200.826098,1184.280476,146.442481,146.442481,39.09222886,0,605.782831178,0,0,0,0,0,0,0,467.556810593,153900,1740900,1894800,RESIDENTIAL,1,NA
27019012,0,0,807.2482529,113.7059319,1171.678667,1176.473437,1203.999891,1201.576812,1184.523479,153.2692627,153.0074182,54.82160034,0,738.303244893,0,0,0,0,0,0,0,676.041204942,117800,2023500,2141300,RESIDENTIAL,1,NA
27019013,21.28666165,-157.8248551,3803.111877,371.7634742,1126.697303,1131.448754,1158.671732,1156.303222,1139.371836,109.2550198,108.8193366,31.48148864,0,1120.85499111,0,0,0,0,0,0,0,343.36916533,1066400,2931700,3998100,RESIDENTIAL,1,NA
31033002,0,0,1815.025059,197.6867977,41.48062593,36.86729239,32.76587984,30.07735074,30.07640786,4.896833791,4.202051333,2.798165714,0,349.646813246,0,0,0,0,77.2828003306,85.5265049497,96.7685074159,124.530761841,890000,4877100,5767100,RESIDENTIAL A,1,NA
31033003,0,0,2408.255688,212.896723,60.45586112,56.95955713,54.41538375,53.07763813,53.07762067,1.63454328,1.003647441,0.544939709,0,665.486416129,0,0,0,0,103.72284121,108.724986397,113.60473763,124.630310202,656900,4290300,4947200,RESIDENTIAL A,1,NA
31033004,21.25854599,-157.8188369,2814.801033,238.1959287,81.77130867,77.40135434,72.82119196,66.19506542,60.52822594,13.7443349,12.9295918,12.75309546,11.95907321,684.75165341,0,0,0,0,126.020723685,130.361556904,137.486954538,146.29198904,2812000,5815900,8627900,RESIDENTIAL A,1,NA
31033005,0,0,3795.196217,297.0114218,99.53439164,95.38129749,91.02604365,84.61845027,78.12835096,4.033947991,4.016924437,3.489705963,3.142699694,649.726779298,0,0,0,0,129.348676764,134.01170548,142.300678074,149.481656183,174200,4281600,4455800,RESIDENTIAL A,3,NA
31033006,0,0,2180.328457,206.9432401,118.2950418,113.5544356,109.0182512,102.5529537,95.87794261,13.06777306,12.26955804,12.26955804,11.37537421,504.211835718,0,0,0,0,99.9049936062,104.907139419,106.622358038,116.622069934,260500,2542700,2803200,RESIDENTIAL,1,NA
31033008,0,0,852.6715698,119.7868353,148.7494682,144.6179395,140.6512389,135.6157646,131.0865991,1.481329549,1.04468863,0.171449582,0,173.976611531,0,0,0,0,72.532085454,76.5338024689,82.6781184037,89.6811230833,416100,4058800,4474900,RESIDENTIAL A,1,NA
31033014,21.25893155,-157.8191235,1940.931416,209.6726969,133.9310248,129.5797169,125.0317415,118.9975655,113.3924439,0,0,0,0,85.8227049961,0,0,0,0,0,0,0,0,572600,1384200,1956800,RESIDENTIAL A,1,NA
31033027,0,0,1445.105637,172.1601083,101.7724634,94.86197126,87.85230413,78.14978891,68.14835668,56.6915,56.11141585,55.75468753,55.44816476,391.774509823,0,0,0,0,0,0,0,0,118200,2162000,2280200,RESIDENTIAL A,1,NA
31033051,0,0,482.0133591,88.2768792,148.9596086,144.4947995,139.9440674,133.8920245,128.1001609,17.3294513,16.77905,15.4041841,13.72396002,116.319787932,0,0,0,0,0,0,0,0,61100,1474400,1535500,RESIDENTIAL A,1,NA
31033053,0,0,1029.398457,128.9734446,52.01907147,46.97533783,42.55164105,36.59102608,34.05235631,17.153867,16.62966943,15.26670827,10.90681999,371.133811268,0,0,0,0,58.0432616654,61.5257322694,67.5283061655,73.5883125281,1458700,4152000,5610700,RESIDENTIAL A,1,NA
31033054,0,0,1190.517445,142.6383321,85.57153121,78.38990411,71.09524325,61.02381858,50.17489159,55.68893002,54.84718027,54.39002581,51.80883355,377.77696224,0,0,0,0,0,0,0,0,164600,2098600,2263200,RESIDENTIAL A,1,NA
31033065,0,0,2360.81916,274.2175303,42.82677746,36.75594718,30.45408288,18.35366569,4.016113304,47.79938102,46.98874927,45.70305617,42.49815807,509.175722115,0,0,0,0,0,0,0,0,806900,2190300,2997200,RESIDENTIAL A,1,NA
31033066,0,0,4045.04443,289.9972043,6.903976239,0.09804878,0,0,0,10.81168779,10.7417403,9.741492998,9.741498734,836.41164561,175.286040327,359.355115718,573.978324851,655.795644597,95.0219560739,103.878297161,116.426389386,125.466359634,1038200,4916900,5955100,RESIDENTIAL A,2,2030
31036002,0,0,4865.299191,288.6441927,10.96565892,5.828235006,1.528720028,0,0,12.24683681,11.75142673,11.33662882,10.84125807,1678.63598392,126.689459349,232.651706283,411.857387362,644.827741177,145.232883823,154.236726089,161.239714279,177.2815856,5222600,6243800,11466400,RESIDENTIAL A,1,2075
31036004,0,0,3241.424938,309.0259162,6.71614425,1.604860792,0,0,0,9.427891311,8.632028814,8.111312395,7.650150613,2729.85223336,190.574371247,351.104571201,621.296277254,972.360997238,209.741825635,222.747378334,238.587758258,258.50169528,1429900,4303200,5733100,RESIDENTIAL,4,2050
31036005,0,0,543.0462646,94.24726939,17.40008876,12.72060134,8.988593121,2.406594499,0,19.08954221,18.95547887,18.30549218,17.68827199,1358.06113854,85.4992496356,154.29748685,273.331650795,430.805419867,101.803283764,110.752303097,120.143856159,132.022350906,3556100,5741300,9297400,RESIDENTIAL A,1,2100
31036008,0,0,582.2241631,97.11206155,9.90900881,6.900437551,5.222261517,1.405611562,0,16.72055534,15.77685621,14.03409638,12.30380603,4504.8265145,238.79202996,392.487421921,695.377727265,1123.73892721,0.483547575835,21.3410558504,108.718659966,218.797785845,1359500,8628200,9987700,RESIDENTIAL,1,2075
31036009,0,0,3836.641441,320.1324054,0,0,0,0,0,5.487386936,4.487233361,2.766883078,1.918663929,2410.79490566,183.30872223,337.352260366,573.865710381,857.36798701,0,1.00524116825,32.5370706371,72.8125177107,936900,5457500,6394400,RESIDENTIAL A,1,2024
31036021,0,0,531.3582039,92.91676122,18.13965872,13.92290408,10.70290329,4.761690509,0,19.7158337,19.67745093,18.97696181,18.30441342,1669.469721,91.6224678449,162.140735515,289.747509897,461.791184638,140.436347892,144.438058079,151.883997936,161.373802454,2709600,6242500,8952100,RESIDENTIAL A,1,2100
31037002,0,0,1692.287418,189.1674509,4.751138641,0.432448367,0,0,0,10.62737666,9.627128811,8.184870395,6.362460231,485.011996831,113.71161928,196.322864978,349.007832389,419.24248483,0,0.0320321382576,7.07271724225,25.5424210773,687600,4974300,5661900,RESIDENTIAL,1,2030
31037004,0,0,6496.352314,499.8651811,1.606843772,0,0,0,0,4.233853546,4.220376863,3.23366364,3.23366347,1576.67775852,187.875371847,359.325633243,675.127271842,1085.1953263,90.083307679,97.6335910543,110.099567482,124.173976292,1280900,5574400,6855300,RESIDENTIAL,1,2030
31037005,0,0,7043.891224,418.2628898,4.633603359,0.653035848,0,0,0,5.832245557,5.509288405,5.316912478,4.545170056,2377.26342121,168.578010587,283.566203023,505.498361288,814.388606818,214.79439823,227.205214469,245.233781731,266.776117733,3477700,7226200,10703900,RESIDENTIAL,1,2030
31037006,0,0,4617.760162,288.6892813,12.69651077,7.976639757,4.255370966,0,0,13.9616929,13.73329378,12.96166606,12.020188,1327.74158183,121.847946617,219.023615485,383.726705188,593.844960779,111.860818997,119.990025764,130.391616124,146.79018492,3984100,5740200,9724300,RESIDENTIAL A,1,2075
31037009,21.25621348,-157.8133875,1837.673641,234.9506645,23.83941177,18.69323305,14.24064146,6.849313216,0,25.41295101,25.28156937,25.18934092,24.42458151,2264.53705074,285.088496682,510.935433982,867.296132423,1312.4021722,140.102670453,155.562166697,168.567694649,187.343362136,5118200,6951000,12069200,RESIDENTIAL A,1,2100
31037010,0,0,2635.067482,206.0021108,10.85927955,7.103674662,4.690867874,0,0,13.17048011,12.3876989,12.18996179,11.40719969,1241.67451451,85.9377216026,142.78908079,253.989689707,410.525718688,54.2405622148,81.9374694875,99.9060126464,110.910800008,2989000,5649300,8638300,RESIDENTIAL,1,2075
31037011,21.25617803,-157.813489,1624.060909,175.5714681,25.127228,20.25888876,16.19455111,9.278864923,0.419596887,27.00813544,26.89850901,26.89850901,26.58193494,1685.73135273,119.440948839,217.49585825,391.598379091,625.80899324,70.494569351,79.0926776775,90.628249467,105.333663696,2733800,6266800,9000600,RESIDENTIAL A,1,2100
31037012,0,0,1430.77206,165.7110092,3.489645666,0,0,0,0,9.88182807,8.881608276,6.881192239,5.880960754,510.740618997,150.401288149,264.426181102,403.410719115,404.268541923,0,0,2.75503295306,34.2657813677,2876800,4986000,7862800,RESIDENTIAL A,1,2030
31037013,0,0,4582.930107,299.8873385,11.13572663,7.057196012,4.206235926,0,0,15.63071645,13.63675344,12.63712586,11.87936692,1322.61029121,119.744046498,207.720928585,362.147705404,562.371872534,57.0698926954,79.2686040792,100.765324811,115.277619864,4910600,5726300,10636900,RESIDENTIAL A,1,2075
31038001,21.25639512,-157.8004562,201.3360634,57.29096653,6.470783266,2.403098562,0,0,0,10.00594274,9.315561394,7.881032296,5.704609046,2419.05154807,104.159177751,181.451635079,321.158832341,511.11390518,25.7758979934,37.7179205047,55.286601994,80.0677206624,788700,5052600,5841300,RESIDENTIAL,2,2050
31038002,21.2564214,-157.8007112,276.550663,66.52062329,13.96785626,10.03072024,7.393226148,2.208597026,0,20.08557618,19.12113733,17.5320829,15.20928009,2329.05114432,143.858952911,241.254352214,431.000893408,689.886683806,0,0,0,14.6513872499,3898200,6339600,10237800,RESIDENTIAL,1,2100
31038006,0,0,5156.814671,574.7384391,10.11845782,6.006485891,3.071268333,0,0,17.70982226,16.80899182,14.80852452,13.59622736,1987.19442106,116.795735683,200.276095408,357.21734519300003,577.791679666,0,0,0,2.73124345822,1880400,6245700,8126100,RESIDENTIAL,1,2075
31038008,0,0,3071.008057,296.2687294,17.03498433,13.13909211,10.40782819,5.062900277,0,24.31489052,23.31462732,21.68204084,20.21752867,1264.30399172,106.450377786,180.914535868,324.868645973,530.903613428,0,0,0,9.87246539898,305100,5824100,6129200,RESIDENTIAL,1,2100
31038009,0,0,5016.397823,334.0705894,13.53696965,9.934647271,7.699309621,3.023261016,0,23.31465384,22.31446287,20.3140096,18.31363156,1890.7602235,15.0192596493,74.6688383283,257.67929181,552.493892864,0,0,0,0,444400,6043800,6488200,RESIDENTIAL A,1,2100
31038010,0,0,4347.88269,283.1871623,7.575507355,4.179789555,2.141816776,0,0,16.91286989,15.9126491,13.91806607,11.9940858,941.092751605,58.7703035563,110.999821214,220.159101547,378.064799363,0,0,0,0,2521400,8602500,11123900,RESIDENTIAL A,1,2075
31038011,0,0,4269.090679,289.2002043,9.998279877,6.49676835,4.404431311,0,0,19.47636433,18.48118881,16.96717179,15.06661892,1049.30902032,107.948312805,173.482635694,312.542840455,519.706944698,0,0,0,0,1191000,5064600,6255600,RESIDENTIAL,1,2075
31038023,0,0,2435.775181,235.748356,14.23469251,10.05084123,7.061527712,1.46038672,0,20.88636775,19.90390786,18.13727323,16.8159959,1375.44725556,111.97682248,191.762771554,341.048090104,549.26684167,0,0,0,19.428459155,731100,7801700,8532800,RESIDENTIAL A,1,2075
31038024,0,0,4163.820351,305.9604577,12.43128525,8.272862638,5.341063211,0,0,18.47499435,17.75000079,15.83773546,14.59014931,3357.30921975,0,0,186.623625559,651.897043308,0,0,0,0,0,6405500,6405500,RESIDENTIAL A,3,2075
31039042,0,0,4188.969177,290.442256,13.11018827,8.770950208,5.471406879,0,0,14.66627395,13.73829511,12.43721844,10.58107545,819.945525461,0,7.20932479869,107.746092916,282.807531958,0,0,0,0,138200,4563000,4701200,RESIDENTIAL A,1,2075
31039043,0,0,3629.072716,271.4927072,8.35784602,3.722601592,0.099974873,0,0,13.7508955,12.85219211,11.16695617,9.609210896,1097.99998218,1.7862401536,91.2142609601,270.23942435,512.30979063,0,0,0,0,262700,4679900,4942600,RESIDENTIAL,1,2050
31039044,0,0,3348.976421,270.3153399,7.252096644,2.547283939,0,0,0,13.48787281,12.57385842,11.49139522,9.730268314,864.080998222,0,72.162343694,230.727421783,431.343179241,0,0,0,0,338900,4702600,5041500,RESIDENTIAL A,1,2050
31039053,0,0,4927.40374,298.570673,8.900591113,4.971736387,2.055104234,0,0,23.9866042,23.09766937,22.03913495,20.47805824,797.204003361,0,0,32.0157935954,209.241472914,0,0,0,0,1126300,5081100,6207400,RESIDENTIAL,1,2075
31039061,0,0,5312.730507,318.5269009,14.80990287,10.02423032,6.196640047,0,0,22.88815242,21.90544416,20.17762484,18.558792,3350.28140779,0,143.823794795,521.711557269,685.568405837,0,0,0,0,0,100,100,RESIDENTIAL,1,2075
31040003,21.25740838,-157.7968428,3949.928391,275.233651,13.13053274,10.03623614,8.340135948,4.324816205,0,18.9343593,18.0292806,16.27498805,11.8695087,806.319119559,71.8018756025,116.132885072,231.115639737,435.440164715,0,0,0,0,1192600,5137900,6330500,RESIDENTIAL A,1,2100
31040004,0,0,4606.009087,399.4851005,20.80808433,17.65430424,15.88968193,11.78855506,5.534147262,27.94678423,26.24033958,24.52563176,22.85740339,2804.8566424,17.84345871,42.1236591261,118.377801261,234.067730953,0,0,0,0,3057900,3018400,6076300,RESIDENTIAL,2,NA
31040005,0,0,3964.630493,294.731574,15.94515971,12.67843593,10.76798578,6.47656866,0.007371203,23.06725236,22.15855151,20.16269559,17.71474992,683.038280052,0,0,50.5639288195,166.299063244,0,0,0,0,613500,4295300,4908800,RESIDENTIAL,1,2100
31040017,0,0,3558.948685,239.642843,26.08007584,22.86659516,20.962736,16.64684083,10.21720006,31.06918767,29.27839299,27.50311326,26.01569651,676.285381982,0,0,0,1.58933561923,0,0,0,0,545200,2584200,3129400,RESIDENTIAL,1,NA
31040027,0,0,4382.004669,332.9310594,27.57070315,27.58420301,27.58420301,27.58420301,27.58420301,5.709340316,5.082655184,5.082655184,4.929870398,777.765452483,0,0,0,0,132.823370554,143.071089392,153.125529963,167.562120535,2437900,4605800,7043700,RESIDENTIAL A,1,NA
31041003,0,0,2225.860798,207.3706265,354.8464672,354.8496526,354.8496526,354.8496526,354.8496526,6.698801804,6.698770029,6.698808743,5.698638241,868.923721702,0,0,0,0,46.2908766389,64.8826113194,84.0126377372,100.008043209,1043700,4922700,5966400,RESIDENTIAL,1,NA
31041004,0,0,5779.088291,340.3895293,233.6789796,233.6939262,233.6939262,233.6939262,233.6939262,7.913952582,6.782229715,5.895906552,5.473272187,936.012826473,0,0,0,0,150.911881785,191.406459314,218.731914698,242.458566616,555800,5173400,5729200,RESIDENTIAL,1,NA
31041021,0,0,3335.447365,231.0480283,364.2565567,364.2591914,364.2591914,364.2591914,364.2591914,2.880218854,2.008483342,1.8219848,0.856665331,1082.20491356,0,0,0,0,41.8182746601,55.3532844236,71.3590771358,85.5207242575,614800,5405400,6020200,RESIDENTIAL A,1,NA
31041027,0,0,4075.002365,279.5628786,351.4126464,351.4276485,351.4276485,351.4276485,351.4276485,16.74269866,16.4752914,15.2052096,14.26966242,875.236843108,0,0,0,0,53.1879139586,73.9713368358,108.404851081,129.34773620000001,181000,5154200,5335200,RESIDENTIAL,1,NA
31041031,0,0,13698.6008,690.8769696,276.7932424,276.8082271,276.8082271,276.8082271,276.8082271,0,0,0,0,3285.25802864,0,0,0,0,439.714519295,478.744572529,528.808373623,581.595262876,7490200,8563100,16053300,RESIDENTIAL A,1,NA
35001007,0,0,6433.680954,507.3902159,186.4173671,186.4272519,186.4272519,186.4272519,186.4272519,8.033660675,7.045008478,6.046727741,5.872812635,2155.91664695,0,0,0,0,0,0,0,4.58707997992,1986900,6215900,8202800,RESIDENTIAL A,1,NA
35002001,0,0,2175.508205,191.4348423,16.42337999,10.07501077,3.767310604,0,0,17.08565884,17.02576955,16.6145631,16.05159707,1824.75521741,111.533622175,221.185530461,388.109951212,588.406079481,110.29827615,116.627685007,128.625842421,142.493531362,2558500,6289700,8848200,RESIDENTIAL,1,2075
35002002,0,0,8640.178177,509.6355832,7.090036564,1.813141762,0,0,0,8.229013948,8.229013948,7.79213,6.892351324,3294.47985783,166.847639476,307.489860115,542.779286651,841.992416789,104.162432499,131.645456826,157.757376098,212.819755731,3894900,9300200,13195100,RESIDENTIAL A,1,2050
35002003,0,0,3857.291126,313.125144,6.957842076,3.591771648,1.338501526,0,0,9.452874721,8.414268465,7.54281881,7.076388923,3532.44267213,182.425591275,310.259612793,543.396324114,851.274418665,0,0,0.047734953407,2.57928487224,1866500,8311500,10178000,RESIDENTIAL A,1,2050
35002004,0,0,5147.724808,383.2103159,12.82612709,9.172021257,6.398260632,1.382418915,0,15.27740975,14.43080382,13.90809689,13.04924024,1641.03209999,92.6430344681,172.50718066,292.629530453,431.722961145,5.20802078835,7.10920762184,11.2278696537,18.7570581449,5705100,6266400,11971500,RESIDENTIAL A,1,2075
35002005,0,0,5155.255772,339.7366474,17.11270356,12.1909986,7.501501068,0.424834898,0,18.32434367,17.87954375,17.44602122,16.97813173,2219.96287197,127.281554723,249.328955581,425.387074857,622.988710063,32.8516988302,40.0049049556,48.1958877868,59.2004102485,4051400,6550000,10601400,RESIDENTIAL,1,2075
35002006,0,0,3343.2827,274.549544,15.45763729,10.20427152,5.234441647,0,0,15.73887212,15.73887212,14.95183509,14.41649673,878.101041758,35.1249409105,105.96126554,260.786615224,520.928712894,0,0,0,0.237508187371,1725600,4383100,6108700,RESIDENTIAL,1,2075
35002050,0,0,1145.672356,144.0054476,1.005784016,0,0,0,0,1.636119097,1.367693331,1.367693331,0.658443568,3070.01958577,208.414508484,414.277125701,720.818410563,1060.43992748,72.4283165515,84.2931315736,93.0693538268,109.177270437,4605200,5629500,10234700,RESIDENTIAL,1,2024
35003002,0,0,2783.103168,232.0905057,10.57497346,2.969055982,0,0,0,10.84857076,10.3500162,9.482894001,8.984339422,1518.06552177,66.7862618393,207.141737349,411.465305606,649.138674291,0,0,0,0,0,6273600,6273600,RESIDENTIAL A,1,2050
35003004,0,0,5914.925011,432.2377784,7.928326599,0.143921564,0,0,0,10.08957366,9.607702517,8.423770989,7.54737358,1696.20784539,143.631782519,292.381978402,504.983628545,747.070792383,22.6345949014,35.6672804899,49.6726751053,62.3755192546,4073200,4407500,8480700,RESIDENTIAL,1,2030
35003006,0,0,7880.348694,674.7269652,4.781479569,0,0,0,0,6.428286694,5.897200103,5.579032072,5.302098536,1878.6708984,156.996640041,309.301013871,524.065342683,762.233879595,26.5066147342,34.0870877724,44.091180648,56.1973942855,4690300,6572500,11262800,RESIDENTIAL A,1,2030
35003007,0,0,2694.725746,266.9868101,10.742399,4.070094177,0,0,0,12.11328637,11.9266682,11.40628359,10.55208485,3193.40633572,186.414580757,368.603198724,649.519419417,992.490259373,30.2107568944,39.6372426635,50.6417463276,66.6073731327,0,8497900,8497900,RESIDENTIAL A,1,2050
35003011,0,0,1659.202656,166.0941885,24.5926733,18.53462468,12.20266593,2.861369786,0,25.88384007,25.14061895,24.74401459,23.82161929,1779.99586811,118.678746233,230.008019079,397.77843232,596.222345528,35.7115221939,47.5903844581,59.1188327822,71.5816967971,2203800,6345600,8549400,RESIDENTIAL,1,2100
35003012,0,0,7296.336613,431.3748813,10.38666859,4.265846991,0,0,0,11.01659626,10.67029,10.40889281,10.10143041,3880.95726753,261.084878265,512.986098028,889.919282156,1332.39210763,173.500817648,186.648069189,206.626851647,227.54645032,1338500,8798100,10136600,RESIDENTIAL,1,2050
35003034,0,0,2624.998226,255.4575638,9.687050155,3.637681782,0,0,0,10.99710412,10.51134445,9.928467308,9.151249699,1764.73791532,111.242290808,217.281746649,377.097702113,566.884948465,57.0368597378,71.0175802843,84.5407058657,95.2393862547,0,6393600,6393600,RESIDENTIAL A,1,2050
35003035,0,0,6435.129868,461.7830805,20.20444148,13.23956058,6.379835547,0,0,21.33054613,20.74054415,20.38507284,19.58859903,1737.21425781,129.298950754,257.821600786,448.769910128,674.833400874,20.0620294062,28.58856526,40.8570077709,55.1340906901,4196300,6824700,11021000,RESIDENTIAL A,1,2075
35004001,0,0,5077.605186,310.2983001,32.66856525,24.1186612,15.10895081,1.453649899,0,38.44533722,37.59482866,35.91710042,34.27401596,4248.63615213,335.684523974,691.538640434,1187.14865211,1738.59829552,73.1372093053,110.900228266,172.650167233,242.379910376,1727900,12128600,13856500,RESIDENTIAL A,1,2075
35004003,0,0,3867.184902,261.2463859,20.8834708,11.54997798,1.238842781,0,0,26.20229998,25.23681016,23.53841034,21.8741826,2100.8705942,191.212625916,401.672945717,688.381513352,1000.13248366,49.3590021258,61.6881367085,82.8456246863,107.020220208,1616500,5114000,6730500,RESIDENTIAL A,1,2050
35004004,0,0,1968.293358,191.4015128,83.42884976,67.99612014,49.09968735,23.94010098,0,85.14946256,84.89291383,84.13267887,83.76564368,8287.4950937,1044.69282567,2288.73383119,3932.6133696,5662.26288591,174.016310901,197.751421669,235.355561935,267.369382191,4448300,17653400,22101700,RESIDENTIAL A,1,2100
35004006,0,0,9807.023247,493.3608318,25.10708785,9.803060656,0,0,0,25.66224212,25.66224212,24.95353864,24.95353864,4389.50618302,535.941172009,1184.71949164,2064.23718149,3014.57855412,20.653436575,31.1665355237,52.9900372272,75.4581008984,682700,11206100,11888800,RESIDENTIAL A,2,2050
35004007,0,0,5465.614582,341.1963533,9.210457243,0,0,0,0,10.91840003,10.47349532,9.892522039,9.370978944,4011.23443932,407.887283106,877.976372304,1515.10042906,2205.18377738,65.5943498069,81.6777165616,107.744514718,136.821140031,1017200,11177000,12194200,RESIDENTIAL A,1,2030
35004008,0,0,8011.431408,469.0477806,16.21055837,5.464888801,0,0,0,16.64947537,16.0314693,15.242003,14.47868953,4156.94715255,403.020264902,859.509940765,1479.83424837,2152.05203201,200.210668821,212.138716622,227.194056091,251.619897545,1697100,11877800,13574900,RESIDENTIAL A,4,2050
35004009,0,0,6085.556358,460.7984565,44.16082806,35.25129602,25.75357691,11.24107546,0,44.64280616,44.36022573,43.39868604,25.17797854,6141.96919228,531.435511408,1102.00656757,1894.02976915,2774.10656164,256.668563333,275.676307969,302.63980036,462.029018758,2893800,10620100,13513900,RESIDENTIAL A,1,2100
35004011,0,0,21977.05561,761.2713075,15.49268134,8.621455367,1.688191541,0,0,16.604121460000002,15.67322009,14.67979687,11.5985013,5100.37866628,388.765152286,786.199042945,1354.54455303,2002.38080293,149.075995794,176.608678027,202.585220825,242.403273969,3922600,11462700,15385300,RESIDENTIAL A,1,2075
35005001,0,0,4628.728451,266.8888372,20.46806028,14.4774228,8.691144581,0.015693627,0,28.47877331,27.66320148,26.01471801,24.16581214,3624.87911375,283.581726205,559.133101152,972.364144894,1454.96785485,0,0,0.0157805453974,16.3222713875,559300,12025200,12584500,RESIDENTIAL,1,2075
35005002,0,0,5432.79702,396.0084369,20.60701894,13.68049455,6.569288141,0,0,29.01720693,27.94066821,26.5421511,24.39273399,2843.13113152,252.021878502,510.813630876,888.859282849,1323.27444133,0,0,5.91915870516,67.3430465787,4082000,10648900,14730900,RESIDENTIAL A,1,2075
35005005,0,0,6948.403831,638.3032682,17.45307526,10.8113299,4.05340109,0,0,20.4344749,19.62922804,18.21476203,16.10337302,2866.72632526,244.794052745,496.781396534,865.386626785,1289.31596517,0.28693956502,16.0477827281,59.7326866099,122.452407585,3204600,9327900,12532500,RESIDENTIAL A,1,2075
35005006,0,0,11574.09725,685.1939968,17.86729407,11.23318616,4.505270095,0,0,20.84921782,19.98363151,18.66546598,15.95605476,5189.40481653,208.609872705,410.071344638,714.827964298,1074.46904144,5.12798982483,35.6867078314,92.836265761,180.133922121,0,12846400,12846400,RESIDENTIAL A,1,2075
35005009,0,0,6155.545097,458.4972894,17.57117356,12.89043005,8.375459879,0.961802478,0,22.0932951,21.00599538,19.31225971,16.53600424,3421.5159574,190.965787005,354.731684546,620.214854769,951.145824196,71.5599097885,114.542952954,175.271431887,258.651784934,0,11849400,11849400,RESIDENTIAL A,1,2075
35005010,0,0,9273.31781,470.7204667,22.13044693,17.68199115,14.08600681,8.092407492,0.437537982,24.84798266,23.94086163,22.51551427,20.31968502,3261.47593203,181.198265446,328.788732258,575.509708966,891.373950435,157.262658451,196.081920435,257.902768211,321.771764881,5250800,11085800,16336600,RESIDENTIAL A,1,2100
35005012,0,0,1597.56139,162.972112,116.3071181,111.4797423,107.0096947,99.06122935,89.4497716,120.762621,119.7398937,118.2267384,114.7985008,2430.95696371,0,0,0,0,0,0,0,0,0,6006000,6006000,RESIDENTIAL A,1,NA
35005013,0,0,13857.03789,561.5146391,14.08861748,8.667031321,3.894246003,0,0,17.81821317,16.82243147,15.46882178,14.12714769,3095.25577805,240.820833703,450.877009655,772.407863947,1156.34208456,22.4208089537,64.1872364008,128.613814706,183.728760236,0,10928600,10928600,RESIDENTIAL A,1,2075
35005014,0,0,15084.10734,639.0640914,16.47849006,9.707055209,3.149400017,0,0,20.31569724,19.84171466,18.08789703,16.85499123,3966.89828767,203.749377197,400.177270699,689.266010974,1027.81232782,237.238449647,260.478053908,303.540743477,348.689108616,8160600,8511400,16672000,RESIDENTIAL A,1,2075
35005015,0,0,10710.21547,455.3410158,22.03456574,14.45359232,6.726506143,0,0,25.71992684,25.08915896,23.60591223,22.73647226,3754.00625326,226.486428554,456.161948604,787.534508136,1168.04622123,220.242547462,247.619520288,286.013299002,322.401958251,1024900,8273700,9298600,RESIDENTIAL A,1,2075
35006020,0,0,11259.34465,587.0567258,37.2394165,32.04589936,27.28551114,19.77605761,10.64431446,44.95868656,43.66761476,42.16293508,40.04703652,2893.8625341,6.55073428928,146.579275477,418.826051808,752.269616773,0,0,0,0,4239200,9551500,13790700,RESIDENTIAL,1,NA
35008002,0,0,4815.671413,382.151571,154.6468131,151.4986569,148.0341302,140.073238,129.118666,1.695645021,1.695645021,1.695645021,0.246827679,940.50279998,0,0,0,0,0,0,0,0,3172500,2325200,5497700,RESIDENTIAL,1,NA
35008031,0,0,2707.546227,217.1497095,191.5532023,185.1128343,178.5919168,168.9731663,157.8564599,32.49322448,32.49322448,32.49322448,0,1799.70745799,0,0,0,0,149.081849472,149.081849406,149.081849414,179.093928397,439000,2588500,3027500,RESIDENTIAL,1,NA
35008034,0,0,7818.71431,465.4836751,264.5109466,257.9574673,251.2643006,241.3653175,229.8785554,1.501989231,0.503728023,0,0,1517.39821549,0,0,0,0,0,0,0,9.80150382645,3148400,2452700,5601100,RESIDENTIAL,1,NA
35008041,0,0,2864.995628,215.5765437,154.8654104,148.3440765,141.7370795,131.9829193,120.6964718,0,0,0,0,1432.9499835,0,0,0,0,451.060395874,451.060395903,451.060396014,1094.63343919,815200,1824800,2640000,RESIDENTIAL A,1,NA
35022001,0,0,1580.732594,164.471045,6.163015491,3.57432397,2.524646934,0,0,9.772854909,8.733025905,7.621560953,0.920826081,560.965445807,81.326181268,118.154225027,213.355664257,335.10728323,43.5905952836,62.7739894088,100.789296395,235.036294138,202800,2038900,2241700,RESIDENTIAL,1,2075
35022003,0,0,2190.022671,187.7929383,0,0,0,0,0,0,0,0,0,572.549700495,109.586939906,181.733561252,267.489247925,267.489248015,237.175553991,262.691360985,306.110603646,370.89948804,390000,2067200,2457200,RESIDENTIAL A,1,2024
35022005,0,0,3289.126175,265.361008,8.130623108,5.541773845,4.533528422,1.451684356,0,10.82774404,9.896071976,8.340263806,6.179943126,689.888054432,76.9224404307,105.035896221,187.514670759,325.809706705,18.894002209,55.4112528447,102.623286651,167.560231469,1892900,2366400,4259300,RESIDENTIAL A,1,2075
35022006,0,0,2830.05695,215.7632235,8.507019329,6.148737171,5.446272991,3.060914318,0,10.89830336,9.46474031,7.287868004,4.367804417,843.338127477,66.1993564593,78.1861721374,140.303101606,258.343036312,2.82962596577,28.24954418,61.1576585652,105.787317489,234200,2563700,2797900,RESIDENTIAL,1,2100
35022007,0,0,4639.818497,295.4274538,8.069754688,6.118645824,5.987580878,4.319611404,0.758601533,11.24748645,9.838051779,7.665404642,5.146784749,973.667142427,57.4821514979,55.5415438015,101.186087116,204.542499808,0,2.81748239126,40.9433873957,114.875257428,320100,3206300,3526400,RESIDENTIAL,1,2100
35022008,0,0,5263.04369,424.3966773,19.43340415,17.98414473,18.50559734,17.66736208,15.05830912,22.93555148,21.41609046,19.49783081,17.57541117,954.358571587,29.5523342609,19.2819214136,41.0900239906,105.510648607,0,0,0.0631128330857,16.0902256968,686300,3214100,3900400,RESIDENTIAL A,1,NA
35022009,0,0,2379.968491,222.4244753,20.13203146,18.82214697,19.54617269,18.96220813,16.61269206,23.82839536,22.63909319,20.91778392,17.37154162,929.41810686,21.8009753401,7.55447731471,21.5005713557,76.9985236297,0,0,0,5.76988065543,364700,3168000,3532700,RESIDENTIAL A,1,NA
35022011,0,0,8601.4114,401.2274728,13.51933344,12.25923562,13.04377732,12.52802405,10.25395246,16.95704813,15.43523102,14.50164617,13.21099956,1144.29703292,0.27572955663,0,0,34.8945340471,0,0,0,0,1350000,3370600,4720600,RESIDENTIAL,1,NA
35022012,0,0,4232.768692,301.4288971,21.95368713,20.75145446,21.59800738,21.15530114,18.96883794,26.16033004,24.71606407,23.23139559,20.53889983,1757.09121308,1.13132204675,0,0,43.3737868149,0,0,0,0.183380658126,126200,3505400,3631600,RESIDENTIAL,1,NA
35022013,0,0,5398.072113,331.9047162,17.64972085,16.48111119,17.35817052,16.95294239,14.81391589,19.27897201,18.30771238,17.92238972,14.82307799,1987.16019708,0.436658723172,0,0,32.1420289547,0,0,0,7.66511269412,374800,3666500,4041300,RESIDENTIAL A,2,NA
35022014,0,0,2797.22147,215.0281679,16.50693576,15.21900851,15.95079355,15.37418855,13.05053042,20.51382806,19.4485538,17.63215664,15.85297113,2279.39449525,4.83504941389,0,2.55598058123,48.0501236777,0,0,0,0.101437517354,42400,4315100,4357500,RESIDENTIAL A,1,NA
35022015,0,0,1558.908401,174.5055332,12.23786052,10.86321652,11.48994086,10.77258055,8.236951943,16.8880508,15.70872098,13.94586369,11.71523922,2180.71571376,0,0,0,0,0,0,0,0,965600,4196400,5162000,RESIDENTIAL A,1,NA
35022016,0,0,8379.463547,417.5728977,15.97956493,14.53913925,15.09341162,14.30042671,11.73888311,20.91308774,19.30278801,17.96341441,15.91195361,2388.81271927,0,0,0,0,0,0,0,0,723100,4351100,5074200,RESIDENTIAL A,1,NA
35022017,0,0,4725.769066,275.0093555,12.8231833,11.29293172,11.70967186,10.74999424,8.034378258,15.92108118,14.5734506,13.23972914,11.08572014,2335.08038625,0,0,0,0.525485975052,0,0,0,0.340457836284,706300,5474800,6181100,RESIDENTIAL A,1,NA
35022018,0,0,4596.232956,315.2777127,12.21213541,10.76207653,11.28401549,10.46063712,7.892830736,14.57581377,13.25987675,11.62248022,0,3030.94814771,0,0,0,0,0,0,0,338.793319401,458500,4553000,5011500,RESIDENTIAL,1,NA
35022019,0,0,4943.682766,317.1305479,23.23812956,22.05683261,22.94371824,22.57021463,20.42761884,28.61489026,27.2004779,25.78600491,5.935293304,1158.44166274,12.9684503468,11.8580860293,27.0465615691,82.2823988857,0,0,0,7.73879424197,2481400,3107700,5589100,RESIDENTIAL,1,NA
35022021,21.27521401,-157.7655742,3810.78009,402.2290258,41.50926885,40.33179542,41.22247845,40.85172435,38.70976421,45.83688667,44.55686797,43.14693667,5.909502773,1717.88371861,0,0,0,0,0,0,0,0,715500,1887500,2603000,RESIDENTIAL,1,NA
35058008,0,0,6741.209587,357.2556515,15.15888634,13.96143552,14.68966125,14.12919494,11.88938659,22.9230975,21.79541684,20.16483125,17.71902039,1707.21474828,49.6066825356,25.9490463187,54.0189041456,147.772948387,0,0,1.15699846069,28.563906291,3694300,3872300,7566600,RESIDENTIAL A,1,NA
35058011,0,0,8929.202744,567.2425183,13.49332915,10.54963933,9.054905772,5.673423075,0.570802857,16.49161017,14.90612234,13.54169941,9.924684729,2496.26942626,166.923037981,245.180218151,425.364601309,687.169238704,147.816405215,202.746792711,258.89790962,409.870649906,4070200,4603700,8673900,RESIDENTIAL A,1,2100
36001020,0,0,648.5016212,103.47040200000001,248.0596223,248.0576824,248.0576824,248.0576824,248.0576824,3.704466013,3.097411675,3.062020783,2.290506116,1613.36704506,0,0,0,0,0,0,0,0.0153833487107,166800,3904900,4071700,RESIDENTIAL,1,NA
36001021,0,0,5350.108078,323.397136,277.7336881,277.7302325,277.7302325,277.7302325,277.7302325,33.12653002,33.12653002,32.64736481,32.25883957,1478.68682127,0,0,0,0,17.4772314542,24.7843947019,37.8940253098,53.0437125968,1164600,3595700,4760300,RESIDENTIAL A,1,NA
36001022,0,0,6600.95583,437.7865687,289.1020004,289.0981412,289.0981412,289.0981412,289.0981412,10.79563407,10.79563407,10.15411857,10.02836404,1722.15937524,0,0,0,0,240.541165279,252.546780283,269.350302806,288.592025651,2303500,4001000,6304500,RESIDENTIAL,1,NA
36001023,0,0,7681.777355,473.8804139,305.4783898,305.4740187,305.4740187,305.4740187,305.4740187,11.51998187,11.29519704,11.09907653,10.31451246,1527.4754908,0,0,0,0,178.47199178,190.461794899,198.464898132,216.37770501399999,539700,3831400,4371100,RESIDENTIAL,1,NA
36001024,0,0,1425.571156,152.4875855,366.8843953,366.8797687,366.8797687,366.8797687,366.8797687,14.82443406,14.64200035,14.34011962,13.40845891,1566.42339238,0,0,0,0,159.640899699,167.657997043,177.661881266,197.863647378,1528300,3865900,5394200,RESIDENTIAL,1,NA
36001025,0,0,4167.132511,269.5047402,361.252574,361.2473578,361.2473578,361.2473578,361.2473578,29.79935263,29.50928168,29.17957504,28.28135041,1663.46257127,0,0,0,0,174.977154678,183.98064902,194.9849224,212.50959829,660400,3952200,4612600,RESIDENTIAL A,1,NA
36001026,0,0,9148.369129,465.3894816,399.9329968,399.9281276,399.9281276,399.9281276,399.9281276,7.431165593,7.13327637,6.760903737,5.817753956,1729.85766213,0,0,0,0,202.554579595,208.55691049,218.560795403,236.796402873,581700,4010700,4592400,RESIDENTIAL,1,NA
36001027,0,0,6780.229359,439.7058138,420.6839466,420.6783749,420.6783749,420.6783749,420.6783749,20.52327361,20.35087742,19.78629475,19.14432348,1846.7882373100001,0,0,0,0,227.583149663,233.874090571,245.878753177,264.373080749,677900,3913200,4591100,RESIDENTIAL,1,NA
36001029,0,0,6259.429485,405.9168898,385.301742,385.3167532,385.3167532,385.3167532,385.3167532,19.21082344,18.88278151,18.23326624,17.47330467,1666.14970886,0,0,0,0,216.862237382,224.607352459,237.8293296,258.380785296,683500,3957500,4641000,RESIDENTIAL,1,NA
36001032,0,0,4247.55748,341.2229553,318.5578578,318.5722618,318.5722618,318.5722618,318.5722618,12.31622891,11.9256387,11.7951683,11.3365599,1465.35250692,0,0,0,0,205.43887711,218.259790749,230.553670896,240.940205301,454100,3776300,4230400,RESIDENTIAL,2,NA
36001033,0,0,5099.831654,366.4457143,304.8996822,304.9133406,304.9133406,304.9133406,304.9133406,5.640844641,5.640844641,4.687147778,3.960532783,1433.92860899,0,0,0,0,360.997369296,378.010249723,407.611038791,430.237372404,778300,3744200,4522500,RESIDENTIAL,1,NA
36001034,0,0,4136.396149,325.9975042,285.152397,285.1655888,285.1655888,285.1655888,285.1655888,9.288669721,9.069086278,8.941631863,8.084726938,1738.807954,0,0,0,0,418.657052875,430.655479926,448.831646709,475.409505477,452800,4012000,4464800,RESIDENTIAL,1,NA
36001035,0,0,3943.997997,272.6871989,257.549547,257.5628632,257.5628632,257.5628632,257.5628632,18.12436719,17.51841586,17.24362948,16.68728476,1204.7626246,0,0,0,0,183.013838838,192.01735075,201.973798708,213.414657405,367400,3547400,3914800,RESIDENTIAL,1,NA
36001036,0,0,5854.556202,481.9712426,242.7179478,242.730954,242.730954,242.730954,242.730954,11.7520808,11.7520808,11.0706427,11.0706427,1130.30052517,0,0,0,0,132.409633814,137.411585335,146.938333839,161.905353253,461400,3478500,3939900,RESIDENTIAL,1,NA
36001037,21.27437472,-157.7587632,3446.712845,255.4802286,206.5253787,206.5382861,206.5382861,206.5382861,206.5382861,5.86373578,5.469696911,4.987501274,4.505258314,1286.81963323,0,0,0,0,149.16231204299999,157.046841268,171.05230663,187.607671567,526000,3615700,4141700,RESIDENTIAL,1,NA
36001045,0,0,6339.012127,383.4302765,34.96783633,34.98289193,34.98289193,34.98289193,34.98289193,8.873035678,8.873035678,8.873035678,8.873035678,1318.68051322,0,0,0,0,115.257714809,117.258496384,121.992394344,127.328409706,17400,3098200,3115600,RESIDENTIAL,1,NA
36001126,0,0,4799.911724,344.282274,33.5405542,32.91460926,32.69975815,32.64558207,32.64555598,10.27468559,10.27468559,10.27468559,10.27468559,1945.35444384,0,0,0,0,278.926492113,278.926492117,278.926492116,281.927665003,861400,2711400,3572800,RESIDENTIAL,1,NA
36002002,0,0,3735.370232,300.3870968,49.12877128,44.3130578,40.25683769,33.65899254,25.36091561,14.51690069,14.15243096,13.82872601,3.732223816,4964.55895009,172.640641742,325.617310902,586.159676975,924.423327614,380.472557695,404.529244008,429.52872135,1078.78015953,1936900,1270000,3206900,RESIDENTIAL,3,NA
36002003,0,0,4185.888634,296.0344345,10.82357974,6.034992105,1.9989674,0,0,12.13334064,11.51010787,11.19258773,3.477279633,3110.37556475,192.501362551,352.874331613,610.728016917,933.476227706,428.852373662,461.277868807,493.571874577,1093.9052472,76000,1045200,1121200,RESIDENTIAL A,3,2075
36002004,21.27793208,-157.7516513,468.5204391,86.720673,84.7150596,79.79244709,75.51482506,68.64136707,60.11576743,85.30235771,85.30235771,84.79670143,12.64842893,8523.78646257,367.892349391,683.89607041,1193.9274052,1829.423121,700.22783918,724.237078458,771.984074275,1538.14257835,78000,9947600,10025600,RESIDENTIAL A,1,NA
36002005,0,0,4830.523445,300.0829304,13.23331089,9.617758731,7.027644519,2.277411241,0,11.2024541,10.92507132,10.37019085,9.537999065,980.907991471,74.8680013399,129.093457976,223.951833562,349.514119447,134.84306832,151.989462289,184.798681144,214.36847713,527700,2807000,3334700,RESIDENTIAL A,1,2100
36002007,0,0,1477.402382,169.974439,54.5511983,50.81319891,48.12360658,43.43892094,37.37964901,53.29468635,52.85340214,52.0899897,11.56553525,3219.06349015,0,0,0,0,243.633151367,254.637417038,273.59556599,313.912357025,227400,5916300,6143700,RESIDENTIAL A,1,NA
36002010,0,0,2998.08268,331.8967637,123.9347108,123.4934069,123.219407,122.8701356,122.7357057,7.855876814,7.507456604,6.893435556,2.887160403,2030.22326179,0,0,0,0,202.195952472,216.318122254,241.624670954,399.712573985,1016200,3653800,4670000,RESIDENTIAL A,1,NA
36002011,21.27653888,-157.754792,341.5997772,75.54652298,143.375272,141.9148121,140.9216418,139.2976154,137.4014422,50.7898395,50.37675484,49.8843922,1.982202591,860.446843583,0,0,0,0,0,0,0,254.000955904,41300,1496400,1537700,RESIDENTIAL A,1,NA
36002012,0,0,3384.376755,306.8013909,140.2153961,137.6882072,135.9001561,132.8357586,128.9520981,74.69697306,74.4096545,73.74145093,0,428.887796435,0,0,0,0,0,0,0,159.643102316,194900,1154300,1349200,RESIDENTIAL,1,NA
36002013,0,0,2432.737305,225.61230749999999,145.434103,142.6838419,140.7262617,137.3474307,133.0136758,98.68853001,98.22664222,97.78303521,0,418.344627668,0,0,0,0,0,0,0,0,12100,1096800,1108900,RESIDENTIAL A,1,NA
36002015,0,0,1908.58387,184.786499,154.4424258,151.3870888,149.1972189,145.3866297,140.4323133,116.1343411,115.5904216,115.0613201,0.612513008,406.875022655,0,0,0,0,0,0,0,70.2013631237,28200,1146500,1174700,RESIDENTIAL,1,NA
36002017,0,0,1882.090874,179.7659449,155.6120778,151.9620681,149.3207381,144.6749266,138.5275185,141.808904,141.808904,141.7786448,0,431.85507422,0,0,0,0,0,0,0,10.2127097412,495500,1154600,1650100,RESIDENTIAL,1,NA
36002018,0,0,1697.68544,170.530258,144.7413613,141.193929,138.6319246,134.1360298,128.2101036,128.2640994,128.2640994,127.547074,0,407.884295326,0,0,0,0,0,0,0,284.835300918,97500,1144400,1241900,RESIDENTIAL,1,NA
36002019,0,0,1199.919655,139.3155556,124.3771558,121.1474666,118.8317815,114.8032707,109.5716258,100.8166705,100.6684863,99.86583489,0,418.480985162,0,0,0,0,0,0,0,318.742419167,19000,1095300,1114300,RESIDENTIAL,1,NA
36002020,0,0,1406.288124,151.8420011,107.8927672,104.7687753,102.5391883,98.68371564,93.73104914,84.63853671,84.63853671,84.59147807,0,426.688001452,0,0,0,0,0,0,0,316.819949381,258100,1152800,1410900,RESIDENTIAL A,1,NA
36002025,0,0,665.5379639,103.2494936,87.57867122,84.57538161,82.44907208,78.81253884,74.23857773,66.81329449,66.81329449,66.81329449,0,422.764694563,0,0,0,0,0,0,0,129.624882307,394000,1155600,1549600,RESIDENTIAL,1,NA
36002026,0,0,824.0740814,116.5337557,98.09355144,94.76555082,92.38226875,88.24566628,82.90093045,82.64052346,82.58122885,82.58122885,0,442.691857214,0,0,0,0,0,0,0,71.4378848953,156500,1152800,1309300,RESIDENTIAL,1,NA
36002027,0,0,718.1924591,107.2704489,108.6023716,105.0722134,102.5292343,98.08256582,92.2604282,96.62532057,96.179994,96.179994,5.058165177,414.492506598,0,0,0,0,0,0,0,64.2558730356,59800,1150000,1209800,RESIDENTIAL A,1,NA
36002028,0,0,2273.568123,192.6679945,114.3322039,110.5846207,107.8721133,103.101885,96.79411068,107.2578367,106.9118922,106.6787839,2.848057992,404.0012685,0,0,0,0,0,0,0,49.5669844795,30300,1147200,1177500,RESIDENTIAL A,1,NA
36002032,0,0,427.5803909,83.22101272,56.70071127,52.68959096,49.77045988,44.60703534,37.71130978,57.77875792,57.35423959,56.87820247,29.6220236,936.196114614,0,0,0,0,9.65692785843,10.1760431043,11.36703079,12.4604954253,525600,1275200,1800800,RESIDENTIAL A,1,NA
36002034,0,0,3396.265457,273.2380974,86.07936962,83.75990594,82.16051655,79.51551587,76.38546083,50.9645149,50.9645149,50.9645149,0,731.648028223,0,0,0,0,0,0,0,8.05005452704,1568100,1314700,2882800,RESIDENTIAL A,1,NA
36002035,0,0,1709.87661,180.1374338,4.710870831,0.088070157,0,0,0,6.135427279,6.135427279,5.156205743,4.186792948,3516.44970133,117.061355873,211.58841667,369.050930918,570.995225758,132.236831083,144.241460408,162.248404839,187.795166213,493100,5437000,5930100,RESIDENTIAL,1,2030
36002036,0,0,3653.088654,278.7804001,47.9685993,44.1979273,41.63531586,36.94569098,30.50012702,48.3525564,48.28757641,47.48116646,35.84555089,943.499352189,0,0,0,0,0,0,0,0,68600,1143000,1211600,RESIDENTIAL A,1,NA
36002037,0,0,1352.836998,147.3544826,167.6996038,164.5382977,162.2661946,158.2993419,153.112776,130.6535577,130.138918,129.6376692,0,558.13964088,0,0,0,0,0,0,0,11.8701463626,43600,1199100,1242700,RESIDENTIAL,1,NA
36002038,0,0,3367.552055,268.369681,139.9182511,135.9967507,133.1479017,128.1165831,121.4145132,137.6378919,137.3646755,136.892644,4.497670619,790.253009098,0,0,0,0,0,0,0,45.8937453672,10300,1285900,1296200,RESIDENTIAL,1,NA
36002040,0,0,6101.555672,367.2239988,5.441296392,1.668296208,0,0,0,6.977486082,6.243353358,5.570112276,4.717211267,1849.67029998,110.632397578,188.511575014,326.775646492,513.02610793,217.073905876,238.425261053,254.987036076,276.423382872,286800,3674200,3961000,RESIDENTIAL,1,2050
36002041,0,0,5353.057922,337.4713948,15.05042687,11.37103011,8.854674313,4.256174659,0,15.82629804,15.22151998,14.68924931,14.14322093,4630.46377275,105.327798789,176.339810015,305.377396562,482.959129017,257.500314189,275.747629241,292.903374326,311.246630903,2081600,5884500,7966100,RESIDENTIAL,1,2100
36002042,0,0,4370.700516,280.9672103,5.86993191,2.274971527,0,0,0,7.055860503,6.888818055,5.894118804,4.112421851,1393.90307786,100.780371998,165.760543796,287.325371652,457.181718923,242.114460898,257.436983675,280.531630124,305.711911833,263100,3337800,3600900,RESIDENTIAL,1,2050
36002043,0,0,3299.878746,263.937863,129.8254501,125.8183286,122.902627,117.7456895,110.8595436,130.9958659,130.5655798,130.0952493,28.09447185,929.203382918,0,0,0,0,0,0,0,0,277600,1270000,1547600,RESIDENTIAL,1,NA
36002044,0,0,2477.902489,200.8942272,99.58942949,99.40052625,99.2723716,99.04588947,98.7443296,3.441911122,3.140607436,2.704257547,2.053553139,1141.71619657,0,0,0,0,163.211845752,166.51747474,175.012149586,185.06416181,1142400,3153800,4296200,RESIDENTIAL,1,NA
36002046,0,0,2773.945778,214.6484273,83.5156378,79.54993491,76.72202125,71.68641582,64.84512173,84.60976485,84.29941893,83.66136261,36.8574491,928.658171894,0,0,0,0,0,0,0,0,251600,1155500,1407100,RESIDENTIAL,1,NA
36002055,0,0,495.0453644,89.38536952,64.56208992,59.75754283,55.655843,49.00479726,40.7080352,57.9815235,57.65069188,57.5055762,0,1322.36203024,0,0,0,0,0,0,0,181.932922722,44500,1567800,1612300,RESIDENTIAL A,1,NA
36002064,0,0,2728.979889,214.3165128,71.66467769,67.80972226,65.12553321,60.29170229,53.66479273,73.63461954,72.81774877,72.08463873,65.37154051,873.007465631,0,0,0,0,0,0,0,0,14900,1189300,1204200,RESIDENTIAL A,1,NA
36002066,0,0,2741.47522,243.325046,121.3223036,117.3725025,114.5689789,109.5695376,102.802074,122.8341974,122.2640955,121.8772265,43.47523675,697.744533306,0,0,0,0,0,0,0,0,138600,1132200,1270800,RESIDENTIAL A,1,NA
36002067,0,0,4161.723267,302.0427559,98.3040649,94.34974675,91.47644292,86.40163622,79.64196825,98.97646881,98.5527915,97.88103763,1.614658154,984.17204159999994,0,0,0,0,0,0,0,76.5076504355,378000,1240200,1618200,RESIDENTIAL,1,NA
36002069,0,0,2646.605095,228.4455907,97.07447819,94.29173982,92.3292877,88.98682024,84.80807428,68.22101661,68.22101661,67.62712008,0,415.1832694,0,0,0,0,0,0,0,390.519058266,703900,1155600,1859500,RESIDENTIAL A,1,NA
36003005,21.27823901,-157.7468762,943.4652176,123.1045401,4.697383771,2.958131489,2.813185094,1.123097345,0,7.39089773,5.976400895,4.3873843,3.086199973,5763.98327631,51.5136620457,51.1617833378,121.348859438,271.310990746,0,0.22569850829,24.2043272852,89.6023101422,732800,7909400,8642200,RESIDENTIAL,1,2075
36003006,0,0,994.8148422,135.8896169,57.23841756,55.48839117,55.31943683,53.61275531,50.32637539,59.88240272,58.50098848,56.82284487,50.81525699,6013.65293909,0,0,0,0,0,0,0,0,4454900,7617600,12072500,RESIDENTIAL,2,NA
36003008,0,0,3740.154602,336.6506617,36.54454783,35.08472028,35.57125369,34.66443294,32.02118927,42.2600956,41.19206451,39.10118536,7.906940315,2151.15091158,44.2210111236,38.2595423008,82.6071419229,211.100133674,0,0,0,125.246238677,493200,2705200,3198400,RESIDENTIAL A,2,NA
36003009,0,0,2966.072105,240.9854417,14.10508559,12.3303084,12.35367726,10.87574328,7.709774206,19.05065191,17.84333687,16.3693774,0,3016.03555032,41.9421825695,46.1878571431,84.4614979368,159.285158682,0,0,0.560926290412,23.3013482224,425800,3376300,3802100,RESIDENTIAL A,2,NA
36003010,0,0,848.816658,130.9572133,65.23296538,63.29372969,63.07134106,61.26932133,57.77796322,69.88224539,68.38405455,66.8450779,22.83474922,3267.44213539,63.1186233563,80.0954443452,148.904388244,269.954804829,0,0,0,17.0690748545,2333500,4795100,7128600,RESIDENTIAL A,1,NA
36003012,0,0,2599.120605,209.8379775,17.82491619,14.34773237,11.98845652,7.53896398,1.540743028,26.73507094,25.35559166,23.62670698,21.32579245,3048.79674714,72.4593865237,120.804412018,213.605445429,341.280447571,0,0,5.13772396383,54.7464487728,73600,4621000,4694600,RESIDENTIAL A,1,NA
36003013,0,0,2757.659218,291.1732181,7.720367942,3.686766477,0.607236799,0,0,10.98833776,9.988122491,8.9879085,7.987723238,1948.43226921,85.8968821037,151.436118141,266.065808741,416.094308402,55.9447441719,72.9239705027,102.04086796,131.80312819,325700,2948800,3274500,RESIDENTIAL,1,2050
36003014,0,0,4492.876709,370.5835199,7.847476857,3.574155556,0.188382297,0,0,8.122330178,8.122297081,7.122154404,4.687003294,1073.98071755,87.1875911909,155.905293538,272.996159402,424.379198168,155.038759526,162.041447912,176.023801018,195.788633431,27100,2886100,2913200,RESIDENTIAL,1,2050
36003015,0,0,1713.78038,165.6519566,11.14630175,6.854135653,3.501490273,0,0,10.42642985,9.813277001,8.901069114,8.009884454,843.067710061,73.5846929552,130.371069261,228.977222845,359.426614728,135.074260205,139.075797964,148.831645648,184.554982895,34700,2622200,2656900,RESIDENTIAL,1,2075
36003016,0,0,1100.448196,139.3041164,8.929942883,4.63999788,1.255796362,0,0,1.899349295,1.637108246,0.934112344,0,1270.19445138,95.9626894055,172.675141026,306.947846912,488.562237433,378.648159253,405.169417947,444.629558029,631.49170983,206900,2717100,2924000,RESIDENTIAL,1,2050
36003017,0,0,633.4182663,107.3209291,41.12762656,36.77086653,33.27309152,27.3909392,19.79734743,5.662113257,5.252711586,4.568573276,0,460.069688276,0,0,0,0,53.5792169645,62.0714202914,71.4840715548,320.831013919,32600,997900,1030500,RESIDENTIAL,1,NA
36003018,0,0,1163.637695,151.4009352,51.77534081,47.54480292,44.23984967,38.61462543,31.313967,19.84397796,19.49469097,18.84083307,0,484.48917492099997,0,0,0,0,54.1434170109,62.1464949517,74.2993917318,419.833848697,106300,1096400,1202700,RESIDENTIAL,1,NA
36003019,0,0,1428.771767,152.1064796,72.64609558,68.25597937,64.69680868,58.71195949,50.96950121,13.98982423,13.72494888,12.8905821,0,481.347284113,0,0,0,0,35.4076482776,44.4111113771,61.602359098,478.153147135,47000,954200,1001200,RESIDENTIAL,1,NA
36003020,0,0,3436.407997,234.676072,98.37063164,93.84269063,90.06161607,83.75836186,75.68749876,11.32462649,10.35714354,10.10339801,0,933.170135881,0,0,0,0,80.1491512239,95.9196736494,113.680268473,554.964669659,248500,1270000,1518500,RESIDENTIAL,1,NA
36003021,0,0,2128.017097,195.2444638,122.6181874,118.3395527,114.9688861,109.2242226,101.7966353,48.21931423,47.46799109,46.95710731,2.582918327,436.776944343,0,0,0,0,0,0,0,132.02528541,433600,1048800,1482400,RESIDENTIAL,1,NA
36003022,0,0,2383.110329,218.0241825,121.559742,117.4169058,114.0944862,108.3337934,100.8998795,63.17629035,62.2805716,61.83880798,0,467.374026707,0,0,0,0,0,0,0,68.9133100849,374400,1057400,1431800,RESIDENTIAL,1,NA
36003024,0,0,2140.122192,187.878253,99.87128129,95.597566080000007,92.22036667,86.46620841,79.03496597,48.90912258,48.09925417,47.72063651,0,823.326169613,0,0,0,0,0,0,0,235.626048957,69200,1167700,1236900,RESIDENTIAL,1,NA
36003025,0,0,2418.77581,225.1287382,76.35059962,72.07900014,68.69899531,62.94082024,55.50805109,40.60010256,40.27877504,39.46075655,0,772.5250588,0,0,0,0,0,0,0,225.462298949,290100,1156000,1446100,RESIDENTIAL,1,NA
36003026,0,0,509.7387924,90.62752656,54.08730943,49.80355666,46.43971427,40.70537563,33.28189492,40.55592412,40.03957086,39.54181028,0,730.405519342,0,0,0,0,0,0,0,181.719369093,28800,1142400,1171200,RESIDENTIAL,1,NA
36003030,0,0,3029.146385,269.1888364,113.1192779,109.1458484,106.0656318,100.5715932,93.31796876,82.11271425,81.1602078,80.85885287,0,1141.94959479,0,0,0,0,0,0,0,141.372024338,459300,1344600,1803900,RESIDENTIAL A,1,NA
36003031,0,0,3067.73101,252.1370881,58.11698893,56.64945172,57.12261673,56.19487953,53.52725272,63.80584302,62.77318992,60.65235961,3.940872977,909.924537643,0,0,0,0,0,0,0,79.3405845621,126300,1587500,1713800,RESIDENTIAL,1,NA
36003042,0,0,5117.128426,286.137313,12.2681412,9.525384522,8.077323859,4.880595591,0.262847684,17.37319874,16.26259537,14.86145978,11.19418591,5852.03516579,79.9883522444,122.124358661,225.016089097,382.314646025,0,0,0.348531752034,37.5693064358,674400,7376900,8051300,RESIDENTIAL,1,2100
36003043,0,0,2646.982155,217.4826795,80.99804613,79.60662945,80.19589521,79.42115208,76.90159755,85.93126801,84.62876092,82.87507817,0,928.741625381,0,0,0,0,0,0,0,17.9156778751,300,1587500,1587800,RESIDENTIAL,1,NA
36003045,0,0,2028.44381,186.5268004,119.9930658,115.144418,111.0610892,104.4341559,96.09694679,10.87532552,10.87532552,9.893761713,0,798.438241022,0,0,0,0,49.0660428993,55.0683524242,72.4247447313,495.352116969,3800,1207600,1211400,RESIDENTIAL,1,NA
36005005,0,0,5290.667725,310.0226863,170.6658493,165.8813421,161.8464004,155.2737463,147.010864,4.608433631,4.410158032,3.437170143,2.715565433,1297.86239134,0,0,0,0,207.104775595,219.071071103,236.077617689,259.085574273,58300,1404100,1462400,RESIDENTIAL,1,NA
37001001,0,0,3773.559532,298.2941443,16.43327686,12.66800961,9.793082724,4.653452174,0,37.16604009,37.04073943,34.59581352,18.73524879,1816.08548065,94.5748518224,162.182782292,288.236084687,458.361458338,0,0,0,1.27365076291,2218000,3598600,5816600,RESIDENTIAL A,1,2100
37001002,0,0,3969.402199,385.2016905,17.1591202,15.1599142,14.73948382,12.61391283,8.319016672,98.59946894,89.477108,30.06904066,12.99060969,2251.13889634,20.0093885017,26.778868143,69.4328679537,173.03131734,0,0,0,0,348200,3206800,3555000,RESIDENTIAL,1,NA
37001003,0,0,2706.351929,210.7872302,30.67658304,29.38580979,29.96297787,29.09097897,26.50276469,80.00016268,71.00474743,63.58477802,36.63747998,1406.32077772,0,0,0,0,0,0,0,0,2190800,2843600,5034400,RESIDENTIAL,1,NA
37001008,0,0,6063.912102,412.450369,2.637656965,1.169376662,1.541407951,0.481623153,0,7.393530426,5.960948157,4.528310848,2.256235908,1331.61104319,57.4285696895,46.9623221351,89.719558272,194.567534354,106.934761563,123.925215843,144.44493866,174.480595108,1877000,3054000,4931000,RESIDENTIAL A,1,2030
37001009,0,0,1694.283401,165.0260156,4.2936578,2.665976361,2.699091505,1.247246168,0,11.09428328,9.815427599,8.059825306,5.174359583,680.096517901,35.5767009467,30.6753205302,59.7322407536,127.18575188,23.7915447057,57.067238446,98.4354899231,154.712874415,66700,2282600,2349300,RESIDENTIAL,1,2075
37001010,0,0,3049.283531,279.4866484,5.38569483,3.620030308,3.415174046,1.553950186,0,11.14855582,9.641068503,8.322728022,7.06358699,680.660339373,40.397546474,44.8239904604,84.6958848426,161.991811846,38.802128442,69.4845730042,99.6420251209,126.855807109,28400,2282000,2310400,RESIDENTIAL,1,2100
37001011,0,0,2001.132858,183.6490256,9.889171476,7.8262085,7.282694605,5.138036052,1.412930671,13.90151326,12.52861856,10.9887407,9.394534977,672.715169439,45.9829359003,56.4579229342,104.741308193,192.352039002,19.4449829415,51.4810617958,87.5103780243,120.790374552,513000,2280600,2793600,RESIDENTIAL,1,2100
37001012,0,0,3535.917641,237.8843192,6.900372029,4.750578667,4.167173373,1.910236936,0,10.81830609,9.676905849,7.923351228,6.66619031,595.858861367,43.7497655661,55.2486716168,101.456448776,183.334185929,19.393006517,43.0919805513,74.5685788295,104.897695346,602100,2254200,2856300,RESIDENTIAL,1,2100
37001014,0,0,2533.331848,203.123489,11.94030495,10.17896049,10.15160861,8.589280634,5.329623143,16.22886924,14.24696086,12.24958855,10.23140595,768.376181353,40.7273305294,41.6288289932,77.9930582888,153.563809448,55.7196023313,85.1497418264,133.21333828,174.499525945,466800,2424700,2891500,RESIDENTIAL A,1,NA
37001015,0,0,4388.44735,266.7456779,10.74039859,9.172054471,9.429724967,8.223283699,5.331894663,15.40685408,14.35675558,11.68735388,0,881.373892218,38.3980078069,30.0464981635,58.5685934297,130.55144498,6.24753758881,34.0739975013,81.4585362058,124.988098881,50000,2677800,2727800,RESIDENTIAL,1,NA
37001016,0,0,3422.414459,313.7693267,4.793760891,3.490710219,4.125963148,3.393289494,0.957809436,9.99705835,8.576781827,6.130847805,0,925.543699735,32.8237975335,17.8692950279,37.2030946324,99.1483799677,0,0.615938297997,35.9766375041,206.903511882,604900,2800000,3404900,RESIDENTIAL,1,2100
37001017,0,0,3015.058334,219.790626,12.00099456,10.76873369,11.50336947,10.89601254,8.582292033,15.8094815,14.80921911,12.80891801,11.60772845,1467.00524776,34.0710002543,11.5156512858,26.9433987802,91.9383296848,139.288898537,168.031476226,201.330230971,229.658924484,506400,3176800,3683200,RESIDENTIAL,1,NA
37001022,0,0,5851.691589,440.8013627,12.78320449,9.436897424,7.076233558,2.579220549,0,62.29619914,62.05385762,17.38533489,7.100877309,1318.83585183,61.993885028,102.023432524,183.552430609,298.986155815,0,0,0,24.919175639,840400,3209900,4050300,RESIDENTIAL A,1,2100
37001023,21.28038076,-157.7394654,1263.891006,145.8196625,42.49039545,40.33934825,39.52343631,36.90027376,32.55974054,118.6624532,110.9706887,48.8983534,4.173886858,256.230010456,3.54035756859,6.66152231168,16.9579072104,34.1292327499,0,0,0,0.044336224894,0,173500,173500,RESIDENTIAL,1,NA
37001025,0,0,2443.810669,216.1460326,15.44374592,12.51096885,10.86845894,7.304017593,2.145503549,85.79705287,85.68096499,15.37051748,1.437921759,1900.1949553,28.9116319438,68.0755513172,163.541765637,309.210274184,0,0,0,426.764511764,444200,2651700,3095900,RESIDENTIAL A,1,NA
37001029,0,0,1355.197868,165.5567941,36.16676778,30.79890474,25.36217198,17.06943563,7.310964629,1.680642343,1.680642343,1.680642343,0.240332549,2446.40619854,66.0776618137,154.599250162,296.737755819,474.777387697,9.05962744154,18.7713201937,31.9190269611,60.8233005797,0,3916200,3916200,RESIDENTIAL A,1,NA
37002001,0,0,6959.083176,397.3907686,16.00778605,58.16976689,72.30471506,71.59399313,68.1116897,19.87444472,18.89393881,17.50328344,1.71010863,3081.64334109,0,0,0,0,5.74652121194,43.9527176012,110.447223808,867.94315591,959500,4541000,5500500,RESIDENTIAL,1,NA
37002002,0,0,2917.081238,217.5317342,8.312010445,4.613716931,2.078362488,0,0,13.59185581,12.01018856,2.565937051,0,902.516485255,75.2112820242,126.961933402,220.033732011,343.173912249,113.816028366,139.660536783,178.296417799,429.600494221,183100,2164600,2347700,RESIDENTIAL A,1,2075
37002003,0,0,2816.176659,261.8172057,11.11464923,5.353852205,0.0648414,0,0,11.33200509,10.33301817,10.33178346,9.331553909,897.558172568,116.255031995,224.30315038,392.283706341,599.031170968,258.628078948,270.649682447,275.651536371,293.717114965,67100,2116800,2183900,RESIDENTIAL,1,2050
37002004,0,0,1939.518265,195.3144999,12.89387289,6.943985185,1.407548074,0,0,13.09558091,12.73438793,12.47295756,11.5700895,829.023985715,111.29722435,216.974353997,381.322736863,582.282416381,230.934604432,239.087822365,245.136923513,262.384237551,116400,2091500,2207900,RESIDENTIAL,1,2050
37002005,0,0,2443.452126,198.1989387,9.498135214,3.652985939,0,0,0,9.06017793,8.790784995,8.070211671,7.083008819,1002.55662747,127.350943179,246.314019971,430.351069367,654.700160077,263.563006589,268.660966575,292.62305547,318.335240179,148700,2243400,2392100,RESIDENTIAL A,1,2050
37002009,21.28087727,-157.7374276,577.5701065,132.4870978,67.37914764,63.10341106,58.78685368,51.9088991,43.59047706,41.3744688,41.3744688,41.3744688,41.3744688,1539.4984315,61.7411118315,144.409490019,274.747802907,431.629645787,0,0,0.855213172842,16.3335365588,132000,2593800,2725800,RESIDENTIAL A,1,NA
37002010,0,0,1892.758736,188.3311591,37.12701979,32.06804512,26.94617822,19.0608956,9.733682936,37.28002358,37.02237234,36.31807496,35.6559782,2690.71134353,126.446114578,345.396817442,673.966392729,1048.52871878,0,0,0,0.15668624474,1045800,3510300,4556100,RESIDENTIAL,1,NA
37002012,21.28098429,-157.7373004,2295.984558,195.4645675,66.62182816,62.48431559,58.3240203,51.61439552,43.48269477,35.05946704,35.05946704,35.05946704,29.97141368,1542.19226938,73.1119935837,146.445409794,265.382656131,411.259875175,1.5916620156,2.82219372683,8.99930555156,20.5951790441,101400,2429100,2530500,RESIDENTIAL A,1,NA
37002016,0,0,4854.548271,339.5877886,6.39930233,2.116135762,0,0,0,6.44548693,6.44548693,5.805801781,4.889300978,1384.29645803,87.515683379,156.530570635,268.942063152,405.015478936,227.610163884,252.242353513,288.315736294,336.227018245,383200,2471000,2854200,RESIDENTIAL,1,2050
37002019,0,0,2856.380493,216.4770599,34.42067164,32.92926039,32.06296022,31.14985957,31.0108287,35.50889804,34.12371144,32.09711658,13.0479929,1089.95312117,0,0,0,0,0,0,0,0,1083900,1292800,2376700,RESIDENTIAL A,1,NA
37002020,0,0,5611.624649,387.6875384,18.57136281,14.96290252,11.57965534,5.925802473,0,19.24947098,19.03520233,18.12069289,16.81546586,1512.91524179,65.1574599907,126.576777536,230.05477308,359.856986709,0.709047201631,2.60792458634,13.9790783501,31.9568990776,855700,2424000,3279700,RESIDENTIAL,1,2100
37002021,0,0,3174.340714,254.4301313,20.68992976,18.6011866,16.67192601,12.11733087,7.551636088,23.83517974,22.95074023,20.82220004,6.033066888,1230.56374556,0,0,0,0,0.490653376829,6.58608169577,17.1520268697,117.911723806,793100,2967500,3760600,RESIDENTIAL A,1,NA
37002022,0,0,3140.333641,273.2785733,89.97711717,87.35939329,85.03106727,81.12620751,76.41211082,74.58488005,74.3533898,73.59318424,2.354618907,883.023545851,0,0,0,0,0,0,0,296.307629777,84100,1521800,1605900,RESIDENTIAL,1,NA
37002036,0,0,3784.199966,247.4247572,40.81385463,40.80947137,40.80947137,40.80947137,40.80947137,19.64393641,18.98743762,17.72436902,12.72674155,1283.36476525,0,0,0,0,0,0,0,0,24000,2900100,2924100,RESIDENTIAL A,1,NA
37002037,0,0,4618.183594,275.2311676,43.22564259,43.22956369,43.22956369,43.22956369,43.22956369,7.096310798,6.75905943,5.484579838,3.879697779,1164.35709826,0,0,0,0,0,0,0,0,4600,2975000,2979600,RESIDENTIAL,1,NA
37002038,0,0,2092.49987,223.7409795,69.87140848,69.87764447,69.87764447,69.87764447,69.87764447,19.13791505,18.38217737,17.21969964,11.98718689,1038.46960404,0,0,0,0,0,0,0,5.39133396872,24900,2727200,2752100,RESIDENTIAL,1,NA
37002040,0,0,3100.613045,287.0741144,123.4818871,123.4854795,123.4854795,123.4854795,123.4854795,9.148391146,9.116561813,8.836694074,8.11689477,918.411103,0,0,0,0,0,0,0,0.964144266721,32500,2809800,2842300,RESIDENTIAL,1,NA
37002041,0,0,4941.536263,284.1520391,146.287302,146.291286,146.291286,146.291286,146.291286,11.86532285,11.24672951,10.7029743,9.73634111,957.371030268,0,0,0,0,0.276414793831,1.60531158888,5.08526670507,11.8335998976,1873500,2809800,4683300,RESIDENTIAL A,1,NA
37002042,0,0,1045.650513,129.5585402,171.2133136,171.218315,171.218315,171.218315,171.218315,3.876136516,3.684005383,2.725080816,2.465596825,925.072421243,0,0,0,0,6.68648533727,9.30178167665,17.2967285575,33.2536083773,92800,2805600,2898400,RESIDENTIAL,1,NA
37002043,0,0,993.9849472,127.9853498,186.4155267,186.420375,186.420375,186.420375,186.420375,4.805987866,4.386880757,3.630942175,2.995777204,1207.15315104,0,0,0,0,34.9089829287,46.3053624237,66.8233598698,87.91717452,950900,3002300,3953200,RESIDENTIAL A,1,NA
37002044,0,0,3849.53035,390.0370206,226.912417,226.9145637,226.9145637,226.9145637,226.9145637,5.30070655,4.313851655,3.935903462,3.340760318,1268.10523977,0,0,0,0,310.363261627,324.368494876,345.511299398,368.501616844,1026500,3045000,4071500,RESIDENTIAL A,1,NA
37002047,21.27972578,-157.7344862,1424.498657,158.6846797,247.7248744,247.7419412,247.7419412,247.7419412,247.7419412,0,0,0,0,959.265176824,0,0,0,0,200.459329604,209.429659422,229.451748102,249.219210773,606900,2821000,3427900,RESIDENTIAL A,1,NA
37002049,0,0,3213.069885,312.8286807,199.3690492,199.3861473,199.3861473,199.3861473,199.3861473,7.481727927,7.481727927,7.326792616,7.27806718,981.661540726,0,0,0,0,238.319104514,250.234746317,289.24935666,316.033959681,60300,2842000,2902300,RESIDENTIAL A,1,NA
37002050,0,0,4043.174339,262.9118229,161.5043654,161.5214606,161.5214606,161.5214606,161.5214606,11.96305482,11.78894982,11.15339387,10.52530015,993.890590318,0,0,0,0,251.41474095,261.418488832,274.267177652,292.395392958,2315700,2849000,5164700,RESIDENTIAL A,1,NA
37002051,0,0,4034.809242,298.5452603,130.1544771,130.1715717,130.1715717,130.1715717,130.1715717,12.07642016,11.85604561,11.14052048,10.99955374,1067.61676297,0,0,0,0,276.487020601,285.49039492000003,297.722144621,317.587685027,557200,2908500,3465700,RESIDENTIAL A,1,NA
37002052,0,0,3063.414009,260.4750483,103.4503355,103.467425,103.467425,103.467425,103.467425,5.654506603,4.999580148,4.975898618,4.240060743,1044.21515268,0,0,0,0,255.751386766,268.756262776,281.273539171,300.422264813,22700,2877000,2899700,RESIDENTIAL A,1,NA
37002053,0,0,3608.010895,248.728363,79.77804833,79.79502263,79.79502263,79.79502263,79.79502263,7.508253601,7.265892596,6.690298835,5.872287381,1168.67345079,0,0,0,0,234.818416151,241.821042454,262.244877109,286.675443809,1100,2975000,2976100,RESIDENTIAL,1,NA
37002055,0,0,1263.232147,145.8594815,85.19666775,85.21245471,85.21245471,85.21245471,85.21245471,26.97634179,26.02542322,25.98311404,25.02726239,1100.08961834,0,0,0,0,153.535955857,159.103426628,171.107929993,190.989457,126000,2888100,3014100,RESIDENTIAL,1,NA
37002056,0,0,1943.906471,176.4982465,77.58336258,77.59730883,77.59730883,77.59730883,77.59730883,20.83250357,19.97147424,19.47059794,18.6002197,1067.92686598,0,0,0,0,130.976709109,141.415243315,152.481229735,176.220440942,1541700,2467800,4009500,RESIDENTIAL,1,NA
37002057,0,0,2827.11869,216.7577324,66.84620996,66.41739005,66.16316999,65.989864,65.8235677,22.97461901,22.51774178,21.62367728,8.171688831,941.855452418,0,0,0,0,0,0,0,109.952773279,951900,1644100,2596000,RESIDENTIAL,1,NA
37002058,0,0,4998.81839,342.5657592,92.92646713,91.15653839,89.62527703,87.1707911,84.42900348,62.62647079,62.48442925,61.49346315,0,928.418932384,0,0,0,0,0,0,0,129.172921124,1561200,1398700,2959900,RESIDENTIAL,1,NA
37002075,0,0,3041.094002,255.872315,9.005343439,3.663656058,0,0,0,4.450836809,3.856126666,2.901105857,1.288562249,948.075852706,103.358808987,195.335055252,341.841313581,523.587520734,273.744683422,284.652695298,303.798592377,338.059250104,1348300,2253800,3602100,RESIDENTIAL A,1,2050
37002076,0,0,2764.965858,241.7831482,15.56824594,15.58996793,17.21118175,16.95802037,15.39894997,17.82621657,16.61454438,10.5415569,9.633947024,897.902405135,4.70573777066,0,0,2.08048745556,6.5976825627,19.4448775166,40.7269565628,78.4563689757,159800,2151500,2311300,RESIDENTIAL,1,NA
37002078,0,0,2029.829216,189.7780385,9.635035222,4.663067677,0.460427987,0,0,10.68374879,9.809999619,8.710373202,0,887.711544178,98.5954659931,184.435948512,322.72178135,497.226653925,199.550540703,217.339997111,245.077573053,291.651319031,3700,1849400,1853100,RESIDENTIAL,1,2050
37002079,0,0,7654.781494,371.0402531,17.28561392,21.68170392,33.70721,33.04209429,29.83518012,20.31279373,19.41379943,17.73376406,4.892667184,1038.13360542,0,0,0,0,0,0,0.00339168930696,159.211995469,20000,2235300,2255300,RESIDENTIAL,1,NA
37010055,0,0,4329.809486,315.767056,299.6694836,296.8707167,294.3446715,290.0106126,284.5653276,6.541844244,6.541844244,6.541844244,6.541844244,776.446138293,0,0,0,0,5.37835053427,7.19253506415,10.1744675278,12.5500008963,52200,1276000,1328200,RESIDENTIAL,1,NA
38001002,0,0,1925.34893,181.1606126,4.0806501,0,0,0,0,4.398670189,4.398642221,3.398505569,0,1106.48979782,124.907846462,219.604357366,377.672554464,463.99988783,583.888722465,604.038414814,635.126112952,724.298433857,17900,2804400,2822300,RESIDENTIAL,1,2030
38001003,0,0,3311.993454,306.2714236,8.962539067,7.816098108,8.606469059,8.07224976,5.872112227,14.33286203,13.37289585,0,0,572.590227951,19.4518302856,2.59073484178,9.23281400272,46.5652135293,22.9505525819,42.5628989667,63.1405533387,128.865943455,579700,2867100,3446800,RESIDENTIAL A,1,NA
38001004,0,0,1346.235458,147.0491533,20.81228073,19.79081708,20.81030443,20.5596428,18.59810607,27.17016986,25.96194089,0,0,667.732258936,19.0563804998,0,0.879719392117,35.7844578027,0,4.36242842831,34.9199975718,366.41850104,74200,2968700,3042900,RESIDENTIAL,1,NA
38001005,0,0,6771.514954,464.2034972,20.23138812,19.73198408,44.1427293,36.60681414,20.87240316,24.66266572,23.74367595,1.293836595,0,708.48965742,13.0947420783,0,0,2.91222582493,6.86799412598,26.9229096785,54.6109465818,357.496700559,416200,3012600,3428800,RESIDENTIAL,1,NA
38001008,0,0,3568.120461,252.9151145,21.77902881,29.25206052,119.1456585,109.7553609,71.51125699,25.37618978,24.42127767,6.74655741,2.466989941,774.22513581,0,0,0,0,0,0,2.83915507538,112.346783328,636300,3078000,3714300,RESIDENTIAL,1,NA
38001009,0,0,2077.606453,198.6894517,21.87533497,44.20953684,137.8873727,128.4456181,89.77402167,26.40964092,25.45177077,22.59057023,10.65115107,885.967800436,0,0,0,0,25.1357409641,42.6819626303,66.3130456549,127.675398482,627800,3203100,3830900,RESIDENTIAL,1,NA
38001010,0,0,2049.364853,189.3897998,37.847658,81.18004402,174.4498009,165.1898205,126.9295668,42.15193948,40.83193638,26.9911879,0,944.556926654,0,0,0,0,5.76688935884,25.4928585789,50.7335535815,282.46080068,949900,3265000,4214900,RESIDENTIAL,1,NA
38001011,0,0,3793.831154,277.3732295,29.65731283,89.50414952,185.5674144,176.0751191,137.0105167,33.64409738,32.34066788,30.23746867,0,824.430332211,0,0,0,0,0,0,0,371.496770869,499300,3138800,3638100,RESIDENTIAL,1,NA
38001012,0,0,2283.923462,191.9381177,31.29940129,110.9471642,176.339725,175.593137,158.9591222,35.00778896,33.52988741,32.31431655,0,851.814471327,0,0,0,0,0,0,0,649.416443781,475200,3158500,3633700,RESIDENTIAL,1,NA
38001013,0,0,2709.359482,224.6742038,26.5784263,134.3953482,149.5668744,148.8205153,145.1492482,29.40155329,28.40630957,27.32516144,0,685.860526548,0,0,0,0,3.90838487933,16.1248081624,29.607753691,145.430863721,468300,2988300,3456600,RESIDENTIAL,1,NA
38001015,0,0,4989.338913,338.3899108,34.9567309,109.8702928,124.3798602,123.6594031,120.1206737,38.65830754,37.21937154,36.15231346,5.647312149,2354.1848572,0,0,0,0,3.16880081969,19.8242855465,50.1971472262,143.200705122,821200,4644400,5465600,RESIDENTIAL,1,NA
38001016,0,0,917.485405,122.3986587,76.412994,149.1784933,161.8691562,161.229402,158.0962389,79.31958747,78.32072128,77.15614846,0,524.00961988,0,0,0,0,0,0,0,154.714227401,223700,862900,1086600,RESIDENTIAL A,1,NA
38001017,21.28251247,-157.7301505,668.2555542,103.4881077,75.33072044,150.7893867,176.5520007,175.8699056,172.5223219,78.85742521,77.87087457,76.23245247,0,758.450240518,0,0,0,0,0,0,0,495.190579232,1108900,1354900,2463800,RESIDENTIAL,1,NA
38001018,0,0,1651.855011,164.2584832,78.40577269,121.8443563,208.1128649,199.6468846,163.7097792,82.06220912,80.4945596,52.20579851,0,555.478616017,0,0,0,0,0,0,0,521.298421925,104100,926700,1030800,RESIDENTIAL A,1,NA
38001023,0,0,2686.840355,214.7295553,3.470714201,1.645417471,1.487409694,0,0,6.829961898,5.590655318,4.618148608,0,680.228954108,35.2518855027,31.6051427681,61.1785071921,127.628956245,114.088555571,136.903135088,160.714971662,210.644624791,683700,2982200,3665900,RESIDENTIAL A,1,2050
38001024,0,0,3741.890556,346.8250732,10.47657349,9.054884493,9.411276301,8.341348575,5.655009443,15.23563691,14.235488,2.782547536,0,894.04440762,31.0123417065,14.9681914364,33.1681316636,93.0874116026,164.552834457,188.365536497,222.146540268,391.088015032,651800,3212300,3864100,RESIDENTIAL,1,NA
38001025,0,0,2254.775818,193.195408,17.70117853,16.78409543,25.72999629,20.03889701,16.17796765,24.39600498,23.43281688,2.628215085,0,616.327780381,15.2282416172,0,0,18.7304735029,0.0880504819417,2.33856030192,19.9513315865,84.479463502,584300,2913400,3497700,RESIDENTIAL,1,NA
38001026,0,0,2396.193169,210.6725966,24.97122067,25.32577843,100.8288975,91.62190278,54.88964633,28.96355034,27.66732988,3.416262441,0,792.519880548,0,0,0,0,0,0,4.85746638389,169.008908719,1239700,3099600,4339300,RESIDENTIAL,1,NA
38001027,0,0,3179.040733,278.6047825,22.73317866,60.12256105,154.5236679,145.4339862,107.1967411,26.28953783,25.31473413,15.85690088,0,930.749934686,0,0,0,0,20.3353872501,36.3944045967,54.534297013,121.961616285,1878900,3253500,5132400,RESIDENTIAL A,1,NA
38001032,0,0,2641.655037,225.0285366,87.39453182,149.8289955,162.2530803,161.6336744,158.5850355,90.18335157,89.39717808,88.02474089,10.90503237,399.083628089,0,0,0,0,0,0,0,0,456800,772500,1229300,RESIDENTIAL,1,NA
38001035,0,0,6589.97596,405.5080867,69.70383843,77.05480154,146.867546,138.6846571,106.9454769,73.76194332,72.52942048,0,0,576.180466955,0,0,0,0,0,0,0,363.403057215,365000,941800,1306800,RESIDENTIAL,1,NA
38001037,0,0,1340.0110319999999,149.5760339,65.3290766,67.05771421,129.2411618,121.2420356,91.02536382,68.89260337,67.94772163,0,0,446.161767066,0,0,0,0,0,0,216.177070148,428.395896217,77700,845600,923300,RESIDENTIAL,1,NA
38001038,0,0,729.0111542,109.6036893,66.39847498,66.77604585,120.4958688,112.8160289,84.76334753,70.17862971,68.92622205,5.796331143,2.202092969,483.340010911,0,0,0,0,0,0,149.756681808,295.830829985,165400,536600,702000,RESIDENTIAL,3,NA
38001041,0,0,4980.034851,432.5474944,58.40528619,57.59844846,68.6772398,64.32651553,57.52370528,33.26876465,18.24862456,2.426110815,0,683.310764906,0,0,0,0,0,0,153.076143583,678.364424809,57100,759800,816900,RESIDENTIAL,1,NA
38001042,0,0,2203.958374,251.6962519,65.18795533,64.27789268,67.91441263,66.06596174,63.68211042,15.24337019,9.358230017,5.098950067,0,708.204070093,0,0,0,0,0,0,140.808050807,587.054334702,103800,1326400,1430200,RESIDENTIAL,1,NA
38001043,0,0,2171.884178,200.5642666,65.63051966,64.56618851,65.51023328,65.10396483,62.98681568,9.448738126,9.157983362,0.577310723,0,717.794594324,0,0,0,0,0,0,263.470448711,602.316174083,526300,1324900,1851200,RESIDENTIAL,1,NA
38001044,0,0,2555.164459,202.8846402,56.3377889,55.12701958,55.79934853,55.05305294,52.6492173,14.25901808,14.25902,7.127510031,0,711.303009145,0,0,0,0,0,0,199.47973141,590.790010481,325000,1323800,1648800,RESIDENTIAL,1,NA
38001047,0,0,7236.073639,427.9949673,6.955055635,3.516725869,1.345199568,0,0,9.982571854,9.019610421,7.9807946340000004,0,1107.49813619,70.7002110513,108.896703858,194.389913269,325.020285285,236.055266794,251.628045116,271.233285093,878.438436325,279600,2765800,3045400,RESIDENTIAL,1,2050
38001048,0,0,2561.821625,248.8291526,99.3323623,162.8819072,196.7327566,196.0922817,192.9526794,103.0299385,101.763514,92.43597781,20.67115175,1047.6698809,0,0,0,0,0,0,0,116.88465935,170800,1242800,1413600,RESIDENTIAL A,1,NA
38001050,0,0,1428.487244,159.9439913,103.0060023,131.9896798,206.6905087,198.7884351,167.5438837,107.1025502,105.93080139999999,54.20757663,0,998.079092095,0,0,0,0,0,0,0.209688880927,591.960569965,449600,1082700,1532300,RESIDENTIAL,1,NA
38001051,0,0,1390.671387,160.6529888,70.37224023,70.73008127,114.3845972,107.2254065,82.41968101,66.69516892,59.68596726,3.840373065,0,9876.1719995,0,0,0,0,0,0,0,1613.30292843,1256800,3927600,5184400,RESIDENTIAL,1,NA
38001058,0,0,5394.822304,316.6064053,153.5850705,152.7609591,157.8134293,156.1001484,152.5090521,8.772532561,8.772532561,0.022505792,0,4995.16117866,0,0,0,0,88.4475077655,89.1695850819,140.854511112,1702.22580706,359300,4130000,4489300,RESIDENTIAL,2,NA
38001060,0,0,3396.259598,247.93377950000001,207.4319676,206.68203690000001,212.3176949,210.6581956,206.7223919,57.20874003,55.93813653,41.00754195,0,919.740853344,0,0,0,0,0,0,0,456.687384213,1562100,1328400,2890500,RESIDENTIAL,1,NA
38001065,0,0,2583.415947,229.4360424,30.07571886,126.406979,164.7637789,164.0181422,160.3503212,33.84534813,32.55946568,31.1824925,0,689.493427438,0,0,0,0,0.241775179647,11.0000257208,30.0357678321,277.100976908,152100,2842600,2994700,RESIDENTIAL A,1,NA
38001066,0,0,2788.284912,260.54148729999997,5.936498394,1.905783176,0,0,0,8.540487218,7.550335514,6.521103382,0,1057.8739837,92.781082731,156.059090794,276.482500802,446.706831394,366.709475965,382.573003651,405.408194293,725.088982288,45500,2740600,2786100,RESIDENTIAL,1,2050
38001074,0,0,1474.254158,158.4996655,119.2462893,153.1657478,227.3065985,219.5447506,188.7712334,123.3309829,122.0080105,75.51200356,8.228159796,1076.99663385,0,0,0,0,0,0,0,305.030480203,39600,1282600,1322200,RESIDENTIAL,1,NA
38002001,0,0,5305.859573,366.0593423,272.5996777,272.5851728,272.5851728,272.5851728,272.5851728,27.35766736,27.35766736,8.223643042,0,2892.38596225,0,0,0,0,184.90215728,194.905829837,350.701424248,2796.59270442,2754900,2987500,5742400,RESIDENTIAL,1,NA
38002002,0,0,12396.92393,789.6256886,301.1215945,296.5851633,292.8216978,286.509599,278.3683794,8.245471566,5.814540377,3.076996204,0,4235.38370628,0,0,0,0,0,1.24429166212,25.9842734657,1347.33524664,2481100,3458300,5939400,RESIDENTIAL A,1,NA
38002003,0,0,5299.22834,410.0698957,301.6219115,301.6076691,301.6076691,297.9912871,289.9257882,20.92754681,20.92754681,0.563371293,0,2497.18907217,0,0,0,0,248.698726106,265.152096951,1187.66662384,2483.64993372,68700,2634800,2703500,RESIDENTIAL,1,NA
38002005,21.28445346,-157.7249207,825.493103,117.2304593,363.2736011,358.5730463,354.3301979,346.9369105,337.5497479,53.66679519,52.90582221,0,0,1928.19560324,0,0,0,0,0,0,1175.20540658,1928.19560312,483500,2207300,2690800,RESIDENTIAL,1,NA
38002006,0,0,4517.461319,304.3400538,331.9969386,326.5124536,321.3867377,313.446706,303.8695489,26.49724365,26.1026272,0,0,1862.25847204,0,0,0,0,0,0,312.539159397,1841.32938143,977600,2179500,3157100,RESIDENTIAL,2,NA
38002007,0,0,3249.440826,234.7122031,356.6281634,351.6085553,346.9915002,339.1907149,329.6211263,57.99368069,56.05474559,33.51744954,0,2462.67316872,0,0,0,0,31.8241049714,44.4846441492,225.752090064,2342.18332874,2355700,3137300,5493000,RESIDENTIAL,1,NA
38002008,0,0,4245.312637,328.8838513,397.8432497,397.5664521,397.4076553,394.3128738,384.7153211,104.5469663,103.9019623,28.56108801,0,997.212203217,0,0,0,0,0,0,0,888.829548966,47700,1123800,1171500,RESIDENTIAL,2,NA
38002009,0,0,3579.164711,244.2940043,398.7272916,393.7225558,389.1539028,381.3708568,371.7851933,73.97580899,73.51423256,35.35660781,0,1016.11594358,0,0,0,0,0,0,0,1015.11570145,633900,1318600,1952500,RESIDENTIAL,1,NA
38002010,0,0,4098.364868,340.8282877,385.437813,380.7821128,376.7153759,369.814671,361.0014374,43.53223965,43.1348268,42.27984637,0,984.557094066,0,0,0,0,0,0,0,757.864979343,208300,1306800,1515100,RESIDENTIAL,1,NA
38002012,0,0,2327.111847,216.9462658,428.9459853,423.9582326,419.4978823,411.9217566,402.3806517,86.86320637,86.86320637,66.74417764,0,1014.62827311,0,0,0,0,0,0,0,338.357978226,205000,1237800,1442800,RESIDENTIAL,1,NA
38002013,0,0,3972.523827,335.8202107,412.2561844,411.8775783,411.6477999,405.956604,396.3122775,100.616881,100.616881,45.72170249,0,827.458492953,0,0,0,0,0,0,0,575.176617258,1744400,1110000,2854400,RESIDENTIAL,1,NA
38002014,0,0,3173.177338,273.3665127,303.7085684,302.8879426,302.3601625,301.4597241,300.3568014,108.2742152,107.7589654,42.63985205,0,1034.44286128,0,0,0,0,0,0,0,917.972576028,784500,1383500,2168000,RESIDENTIAL,1,NA
38002015,0,0,3867.578529,288.5549093,326.1640647,325.4944137,325.0691531,324.3515925,323.4900135,108.5327277,108.4502615,24.78205237,0,1009.9268362,0,0,0,0,0,0,0,950.265758141,419600,1318600,1738200,RESIDENTIAL A,1,NA
38002016,0,0,3413.89846,269.9713766,360.7510341,360.3437836,360.0972406,359.6997546,359.2634141,100.8339882,100.0347537,15.66103291,0,987.929318925,0,0,0,0,0,0,0,974.924540426,1727700,1169900,2897600,RESIDENTIAL A,2,NA
38002017,21.28516777,-157.7247532,4334.048355,275.2861532,368.775729,368.1153839,367.6935362,366.9758459,366.100852,124.4552436,123.4731603,40.43103561,0,1091.20540663,0,0,0,0,0,0,0,1087.20393628,1780100,1281800,3061900,RESIDENTIAL,1,NA
38002018,0,0,1505.099144,157.2144006,348.9386214,347.9893655,347.3689736,346.2920383,344.9320138,140.0778529,139.2099886,55.18291672,0,652.499486982,0,0,0,0,0,0,0,480.316002188,586300,1009400,1595700,RESIDENTIAL,1,NA
38002021,0,0,10382.97023,667.4356402,204.3014258,200.6430482,197.6174278,192.2868738,185.2178203,0.672882497,0.303457522,0,0,4534.87465003,0,0,0,0,717.883652597,766.733372697,835.739193914,1457.82245123,2522400,5629400,8151800,RESIDENTIAL A,1,NA
38002022,0,0,2412.69281,221.8294122,185.5305233,184.6087024,186.0623581,185.7493429,183.8349402,20.86574265,19.86711091,8.281084582,0,3244.35727503,0,0,0,0,297.667984202,321.084124347,380.261161347,899.00134616,1218800,2467500,3686300,RESIDENTIAL,1,NA
38002026,0,0,6567.803246,485.1405263,320.9127351,318.4704785,317.1610235,313.4918771,308.0207379,6.910599114,5.109087238,2.938743165,0.915175805,3097.22752236,0,0,0,0,151.685405476,204.520246505,335.576130094,612.963497482,490500,2452200,2942700,RESIDENTIAL A,1,NA
38002031,21.28407124,-157.7255504,686.8396378,114.4432709,319.9871068,314.9831151,310.4889719,303.0197096,293.5643173,28.16101485,26.66626699,22.32077545,0,1991.89055531,0,0,0,0,235.692011029,268.704159547,336.044571632,1039.48811715,199600,1629100,1828700,RESIDENTIAL,1,NA
38002033,0,0,4102.434715,354.5652316,213.8578491,211.2238019,209.8471068,206.2177813,200.749153,17.81863949,17.72040696,16.96454585,15.74406567,1590.02236152,0,0,0,0,289.901262073,307.559959986,321.584761048,453.617534796,296000,1605400,1901400,RESIDENTIAL A,1,NA
38002035,0,0,3027.222389,254.7989926,163.3506397,162.4615162,164.4970273,164.0045066,161.9222428,4.551016758,3.215861238,0,0,1291.26523516,0,0,0,0,112.528476634,126.465692196,206.581221374,982.672469382,1583900,1697800,3281700,RESIDENTIAL,1,NA
38002036,0,0,4363.454628,272.2010707,260.7282438,256.2029204,252.5172658,246.3660877,238.5022159,5.915887904,5.139077936,4.347604218,3.587535293,2401.80555689,0,0,0,0,270.821858094,293.660970495,482.035430306,1218.37498236,3167800,3663600,6831400,RESIDENTIAL A,1,NA
38002037,0,0,3215.747414,280.0640226,320.6361975,319.7656025,321.4435852,318.8171111,313.4166134,13.02888449,11.84938527,10.72695468,9.640043083,840.5888274,0,0,0,0,3.0178357489,5.1535059837,11.824609056,23.5803871375,1009000,1353100,2362100,RESIDENTIAL A,1,NA
38003001,0,0,1094.295692,132.6572474,67.80653832,64.12491787,61.66893314,57.12647918,50.93864508,70.16275122,69.59437935,0,0,643.061423315,0,0,0,0,0,0,125.039461149,643.061423308,126700,1176700,1303400,RESIDENTIAL A,1,NA
38003002,0,0,2608.115479,221.331045,44.14817351,40.04530752,37.04073242,31.78219808,24.82839034,48.11640324,46.7225476,7.354793473,0,823.327488432,0,0,0,0,0,0,0,823.327488399,1743700,1101300,2845000,RESIDENTIAL A,1,NA
38003003,0,0,1312.957039,185.0812552,104.6491537,100.5781178,97.62132433,92.41549223,85.50094285,108.0352367,106.6877029,34.55528554,0,2327.73877076,0,0,0,0,0,0,0,2324.73530764,54100,2200600,2254700,RESIDENTIAL A,1,NA
38003005,0,0,14409.7297,607.3453258,74.58710415,70.97997761,68.58213234,64.02980255,57.75666838,73.59837894,60.59611245,0,0,2311.0835794,0,0,0,0,0,0,307.356853829,1274.47748703,1326200,2420700,3746900,RESIDENTIAL,1,NA
38003007,0,0,1711.201752,187.1256257,89.80904657,86.31071543,84.10584409,79.81431988,73.79369234,84.01678521,83.50415142,1.115109246,0,446.769113207,0,0,0,0,0,0,0,386.335930828,186800,1031500,1218300,RESIDENTIAL,1,NA
38003008,0,0,2690.969635,214.835765,66.95556484,63.18617275,60.59259362,55.88210913,49.48067314,7.21204438,6.599885702,0,0,737.544684614,0,0,0,0,105.855573666,143.725813927,454.066550821,737.54777323,91400,1153400,1244800,RESIDENTIAL,1,NA
38003010,0,0,784.5105591,112.0369406,121.6403068,118.0709478,115.6281924,111.217983,105.2856166,0,0,0,0,365.027918928,0,0,0,0,52.388608287,53.791647445,83.475631113,360.0260922,0,781600,781600,RESIDENTIAL,1,NA
38003011,0,0,2964.630119,248.0870486,99.25900805,95.4979443,92.9101904,88.21028729,81.82608917,3.630842161,1.128916736,0,0,722.913876255,0,0,0,0,105.544774664,160.471741845,395.682870547,722.913876218,210100,1231700,1441800,RESIDENTIAL,1,NA
38003013,0,0,3264.7976,277.7373963,220.6352149,220.5289193,220.5052472,220.5044337,220.5044091,13.74067839,13.04892331,10.22430108,0,1132.24287231,0,0,0,0,14.6989852438,28.3035318517,85.3427384107,1059.98689327,39200,1346400,1385600,RESIDENTIAL A,1,NA
38003019,0,0,4390.907227,333.0708596,179.9455734,176.9222624,174.8660476,171.1746878,166.2529667,40.95146054,40.95146054,40.85483954,0,1134.33077309,0,0,0,0,0,0,0,427.101044554,1958900,1390900,3349800,RESIDENTIAL A,1,NA
38003020,0,0,2041.476936,196.0682347,179.3162263,176.2385586,174.1437023,170.3799509,165.3551349,23.00418847,23.00417897,23.004187430000002,0,837.543592137,0,0,0,0,0,0,0,345.031589756,87900,1190500,1278400,RESIDENTIAL A,1,NA
38003035,0,0,4085.181564,330.9919315,165.1353638,161.6565186,159.2758078,154.9758004,149.1855398,0.227991529,0.227976375,0.227972653,0,796.744363233,0,0,0,0,0,0,0,41.2570667637,155700,1126700,1282400,RESIDENTIAL,1,NA
38003037,0,0,2635.299812,205.5311604,164.3168123,160.4548541,157.7946572,152.9694386,146.4154226,43.93714829,43.93714829,41.10490378,0,1230.46799809,0,0,0,0,0,0,0,474.129724662,191700,1437700,1629400,RESIDENTIAL A,1,NA
38003039,0,0,3081.902969,272.3472335,168.5242817,164.5195965,161.5649846,156.3411288,149.424716,70.91821299,70.91821299,57.50361522,0,811.707578569,0,0,0,0,0,0,0,107.681496036,160800,1180900,1341700,RESIDENTIAL,1,NA
38003040,0,0,631.2603989,100.9585427,183.6653397,179.817235,177.1689119,172.3604317,165.8290888,41.14792825,40.74721529,40.74721529,12.69529236,515.515839485,0,0,0,0,0,0,0,0,774400,813900,1588300,RESIDENTIAL,1,NA
38003041,0,0,2425.288696,231.4752029,151.6592054,147.4668122,144.323585,138.8732541,131.7186381,98.26818266,98.26818266,76.76942053,3.241075703,534.774569477,0,0,0,0,0,0,0,200.340024271,369100,983000,1352100,RESIDENTIAL A,1,NA
38003042,0,0,5879.838493,304.4300119,207.4860397,206.5643214,205.9792732,205.001314,203.849168,38.81487923,38.0927696,12.46618738,0,1124.59482319,0,0,0,0,116.623455555,121.938234443,266.960975329,859.188779737,100,1327800,1327900,RESIDENTIAL,1,NA
38003044,0,0,2406.33062,215.8983967,121.0554903,117.1900744,114.5266847,109.698266,103.140657,36.92776545,36.15604951,4.859443145,0,1333.34212608,0,0,0,0,0,0,82.1538600363,996.796549812,162800,1681400,1844200,RESIDENTIAL,1,NA
38003045,0,0,3389.712021,251.4834563,79.76127317,75.88641705,73.19667349,68.36033368,61.80262882,47.94022108,35.77488508,6.542435398,1.477464381,1316.80122378,0,0,0,0,0,0,460.005350026,577.86735744,542600,1686400,2229000,RESIDENTIAL,1,NA
38003046,0,0,2736.262695,221.8356926,184.3542811,181.8168615,180.1047298,177.0556259,173.0430961,71.52203645,71.52203645,71.49028156,0,802.142703466,0,0,0,0,0,0,0,481.858754623,181800,1167000,1348800,RESIDENTIAL,1,NA
38003047,0,0,1743.308342,183.1985562,200.4929937,198.1439264,196.5623004,193.7507006,190.0609166,90.98642189,90.98642189,77.50937382,0,792.775627437,0,0,0,0,0,0,0,533.259770678,39200,1153400,1192600,RESIDENTIAL A,2,NA
38003048,0,0,1943.212341,202.5755718,221.5069746,219.4336546,218.0428976,215.5785346,212.3606786,101.91763,101.0158475,75.51818982,0,753.622766893,0,0,0,0,0,0,0,636.584611512,291200,1142500,1433700,RESIDENTIAL,1,NA
38003050,0,0,3133.294838,251.0376985,154.0560659,150.3312671,147.7733315,143.1377473,136.8611528,4.010434888,4.010434888,4.010434888,3.609403738,891.834727604,0,0,0,0,100.539138225,101.539503717,101.539503586,114.670217909,143800,1223800,1367600,RESIDENTIAL,1,NA
38003053,0,0,1406.261459,161.1738362,238.1363542,236.5514084,235.4999345,233.656114,231.2893375,90.27407741,89.57009809,64.14083729,0,546.024580129,0,0,0,0,0,0,0,473.302918964,370500,997400,1367900,RESIDENTIAL,1,NA
38003054,0,0,2806.877533,258.525513,250.050996,248.3627781,247.2378006,245.2557003,242.6909753,103.8188496,103.0925229,77.92322262,0,542.075350757,0,0,0,0,0,0,0,6.88945018128,103300,997400,1100700,RESIDENTIAL A,1,NA
38003058,0,0,2459.775764,210.3899397,285.4063379,284.1664082,283.3496583,281.9248743,280.1111462,110.2204124,109.3260921,86.10635703,0,1023.10697127,0,0,0,0,0,0,0,559.398632528,657800,1321600,1979400,RESIDENTIAL A,1,NA
38003059,0,0,4387.303558,340.7078313,258.0772154,256.7126717,255.812234,254.2403745,252.237534,91.56842182,90.83723113,65.43134875,0,993.906087053,0,0,0,0,0,0,0,816.640381647,869800,1290800,2160600,RESIDENTIAL,1,NA
38003060,0,0,2888.590454,238.6958856,68.90066724,64.86871149,61.91327055,56.68789844,49.76937919,72.24936503,71.41358481,6.827080138,0,1006.55840642,0,0,0,0,0,0,25.420494538,1006.55486052,264900,1534800,1799700,RESIDENTIAL A,1,NA
38003061,0,0,4631.418175,299.0613616,241.0370112,241.022573,241.022573,241.022573,241.022573,15.95455478,15.2719062,4.625602335,0,1163.15272764,0,0,0,0,6.47928483051,10.1287170008,179.853251625,1019.8018078,111600,1359700,1471300,RESIDENTIAL A,1,NA
38003062,0,0,645.9556961,101.7075843,265.6192509,265.533497,265.5172803,265.5171938,265.5171704,43.66025723,43.36413168,28.66644981,0,1091.84383252,0,0,0,0,0,0,0,1060.11805487,455400,1363700,1819100,RESIDENTIAL A,1,NA
38003065,0,0,1070.753052,142.3318652,79.15578464,75.64349075,73.4266746,69.13175838,63.12021616,80.34847901,79.8679969,0,0,500.12290398,0,0,0,0,0,0,0,471.523865198,164800,1038500,1203300,RESIDENTIAL,1,NA
38004019,0,0,4042.083046,336.2663792,376.4595441,373.1532303,370.8879046,366.7874536,361.2444733,39.12467128,39.12467128,39.12467128,0,908.873021018,0,0,0,0,0,0,0,512.798267025,624700,1112100,1736800,RESIDENTIAL,1,NA
38004020,0,0,4257.337807,290.5176394,380.8854208,377.7050207,375.5280966,371.5907351,366.2747136,37.16974762,37.16974762,37.16974762,0,907.150454041,0,0,0,0,0,0,0,494.763319766,40500,1183400,1223900,RESIDENTIAL A,1,NA
38004023,0,0,4141.738892,321.1270955,420.9776531,417.7577781,415.5524315,411.5610858,406.1665951,77.36564374,77.36564374,77.36564374,0,864.934731792,0,0,0,0,0,0,0,3.60562104902,567100,1090500,1657600,RESIDENTIAL,1,NA
38004027,0,0,3671.0813669999998,260.3591298,303.3701475,300.1282384,298.2812982,294.1441987,287.6912553,91.50028787,91.50028787,90.5385357,0,918.950116907,0,0,0,0,0,0,0,96.8295275672,303600,1205800,1509400,RESIDENTIAL,1,NA
38004028,0,0,2225.005341,198.6985938,316.0117494,312.1180717,309.2577954,304.1857609,297.4317471,81.07226221,80.91857332,80.60628016,0,1057.80960956,0,0,0,0,0,0,0,579.708467423,454100,1281400,1735500,RESIDENTIAL,1,NA
38004029,0,0,2872.340607,233.2442362,327.8231938,323.7817539,320.8622143,315.7121464,308.8498554,46.13441801,46.13441801,46.13441801,0,1155.12919981,0,0,0,0,0,0,0,707.534007517,228700,1344500,1573200,RESIDENTIAL,1,NA
38004030,0,0,2707.913467,243.836834,319.9619618,315.7770739,312.6393071,307.1984192,300.0560699,14.02756445,14.02756445,14.00257824,0,1450.43835278,0,0,0,0,0,0,0,503.474347895,67500,1242800,1310300,RESIDENTIAL,1,NA
38004032,0,0,1191.649078,139.0031549,390.2139047,386.0971583,383.0414473,377.6646663,370.5571643,3.336354868,2.336132485,1.379940738,0,1312.11781321,0,0,0,0,30.6573770079,35.9608511694,53.1927411619,74.2004095629,138300,1442400,1580700,RESIDENTIAL,1,NA
38004039,0,0,2657.171165,233.5659394,359.1502515,355.3901197,352.8044578,348.1114825,341.7405632,0.92982646,0.92982646,0.92982646,0,1214.82538274,0,0,0,0,42.9356593421,52.9714593176,111.556108489,447.074664176,98200,1197500,1295700,RESIDENTIAL,1,NA
38004040,0,0,2422.110115,212.6895659,360.5258548,356.8106736,354.2569496,349.6231748,343.3352477,21.33927249,21.33927249,21.33927249,0,1045.89026205,0,0,0,0,65.3656784585,76.3696940907,137.09533258,203.717176022,72100,1280700,1352800,RESIDENTIAL A,1,NA
38004041,0,0,1380.314079,148.8818545,371.7545333,368.1060175,365.5994602,361.0529135,354.8868343,43.4903062,43.4903062,43.4903062,0,1032.01097077,0,0,0,0,58.7177381514,61.7188340518,141.581471611,491.395369874,85000,1265800,1350800,RESIDENTIAL,1,NA
38004042,21.28712526,-157.7221383,1108.360023,136.9251995,343.7722968,340.2089997,337.7629832,333.32919,327.3223498,15.75702996,15.75702996,15.75702996,0,1030.63216566,0,0,0,0,61.22659488,61.22659488,98.1329246736,762.305954632,107800,1274700,1382500,RESIDENTIAL A,1,NA
38004043,0,0,2062.348625,181.7317071,368.6465586,365.1304819,362.7175235,358.3443176,352.4209117,39.16316582,39.16316582,37.66834185,0,1018.71415264,0,0,0,0,53.4564285048,53.4564285048,96.5745606628,850.065028975,264900,1260800,1525700,RESIDENTIAL A,1,NA
38004044,0,0,3788.213325,251.3416355,364.6527131,361.2352523,358.8918792,354.647547,348.90457,32.11322615,32.11322615,31.87649233,0,1049.28480798,0,0,0,0,46.4798250918,52.1888319792,60.5831049924,401.424573928,518600,1269100,1787700,RESIDENTIAL,1,NA
38004045,0,0,2750.911675,231.7678829,409.4735681,406.0054482,403.6258273,399.3132535,393.4723305,78.09377195,78.09377195,77.58655817,0,960.836104309,0,0,0,0,0,0,0,449.402563258,177800,1206800,1384600,RESIDENTIAL,1,NA
38004046,0,0,2032.389511,188.5013473,409.6502678,406.1108874,403.6810761,399.2757938,393.3056027,80.42966517,80.42966517,79.08700854,0,926.796706811,0,0,0,0,0,0,0,555.757587222,65400,1200100,1265500,RESIDENTIAL A,1,NA
38004048,0,0,2051.341232,181.2277046,404.4849736,400.820675,398.302739,393.7346654,387.5374615,50.64363947,50.3260009,49.24794852,0,949.816248472,0,0,0,0,0,0,0,663.917015408,42700,1206600,1249300,RESIDENTIAL,1,NA
38004050,0,0,5310.555061,375.9602426,395.6032851,391.8780002,389.3169349,384.6691827,378.360854,21.61414137,21.26042195,20.64001745,0,969.590025744,0,0,0,0,0,0,0,511.495414225,215100,1211600,1426700,RESIDENTIAL,1,NA
38004051,0,0,6300.156586,449.4584534,400.8694893,397.0838012,394.479813,389.75259,383.3330549,0,0,0,0,1011.37803919,0,0,0,0,0.221896896212,0.231381958009,6.5461273949,359.367922529,845000,1152400,1997400,RESIDENTIAL A,1,NA
38004076,0,0,3307.179321,271.1617059,359.8901747,356.6556166,354.44107,350.4351544,345.025587,19.92845571,19.92845571,19.92845571,0,1049.39568755,0,0,0,0,68.78435115,75.0797380899,101.68404801,331.874799965,1029000,1197000,2226000,RESIDENTIAL,1,NA
38004085,21.28653594,-157.7218232,2269.154388,214.2486225,265.712014,262.0970829,259.6155478,255.1181395,249.0270452,5.525540351,5.353461883,5.353461883,0,991.28115736,0,0,0,0,0,0,0,368.168210601,1465600,1151400,2617000,RESIDENTIAL A,1,NA
38007013,0,0,3173.980034,241.5936093,488.3320929,485.6615568,483.8391847,480.5496376,476.121685,87.10310908,87.10310908,83.27866576,0,1076.73683065,0,0,0,0,0,0,0,447.098947618,301400,1252600,1554000,RESIDENTIAL A,1,NA
38007015,0,0,3200.373276,267.5517473,469.1852132,466.4929821,464.655862,461.3400692,456.8776338,74.46090261,74.46090261,70.70012492,0,1088.44610118,0,0,0,0,0,0,0,840.469921006,79100,1083100,1162200,RESIDENTIAL A,1,NA
38007016,0,0,3604.89238,318.8079392,440.274333,437.5453781,435.6832564,432.3228969,427.8017554,48.75037168,48.75037168,44.75636995,0,2038.49502311,0,0,0,0,0,0,0,2036.37942367,266200,2386700,2652900,RESIDENTIAL,1,NA
38007017,0,0,565.1159363,95.82029219,430.1761938,427.4243284,425.5464392,422.1576033,417.5981402,50.84923103,50.84923103,49.85310046,0,932.967256849,0,0,0,0,0,0,0,854.429938912,24800,1200100,1224900,RESIDENTIAL,1,NA
38007020,0,0,4678.2108,381.8948375,466.9112115,464.3567239,462.6157432,459.4765649,455.2583088,45.43381556,45.43381556,44.93740705,0,975.394586279,0,0,0,0,0,0,0,880.446070979,852700,1242800,2095500,RESIDENTIAL,1,NA
38007021,0,0,2046.233215,182.2569778,437.0873799,434.7526018,433.1655594,430.3105595,426.4881208,14.06149022,14.06149022,12.6357099,0,1015.43244921,0,0,0,0,72.0682537195,80.0711909867,96.4956389328,962.56177731,79300,1208200,1287500,RESIDENTIAL,1,NA
38007022,0,0,1905.844147,256.521313,410.2513301,407.8280645,406.1801575,403.2151968,399.2446836,3.855207641,3.855207641,3.855207641,0,1026.59672923,0,0,0,0,89.4448038742,97.4859066197,140.081695546,877.492571976,1049300,1167500,2216800,RESIDENTIAL,1,NA
38007023,0,0,3394.527542,269.1367144,399.6397185,397.0340935,395.2592121,392.061589,387.7707155,8.52975999,8.52975999,7.680454126,0,1049.31791259,0,0,0,0,54.2864024222,72.7822724508,83.9922692706,1033.21625119,199100,1094700,1293800,RESIDENTIAL A,1,NA
38007024,0,0,2785.511749,234.7166487,390.8393458,388.1120417,386.2523706,382.8993055,378.3942368,17.03179046,17.03179046,14.20263332,0,1092.47692916,0,0,0,0,42.6692962578,47.1436126386,101.147022776,939.350930723,44400,1089800,1134200,RESIDENTIAL A,1,NA
38007025,0,0,3966.653404,267.3513459,378.0938959,375.3091464,373.4096637,369.984107,365.3802138,10.4151555,10.0733067,10.0733067,0,1172.64222604,0,0,0,0,52.1029954358,55.1040941749,77.9676991018,801.328962569,1085700,1189800,2275500,RESIDENTIAL,1,NA
38007037,21.2864818,-157.7237905,664.8422089,100.9870133,375.9126665,373.5788663,371.9946212,369.1492867,365.3498534,22.4807899,21.4806286,21.48062106,0,830.544069237,0,0,0,0,0,0,0,207.747362052,379700,935600,1315300,RESIDENTIAL A,1,NA
38007039,0,0,2408.954903,253.7027563,414.4845487,412.4143728,411.012367,408.4983634,405.1495965,15.8143083,15.00274318,14.01987358,0,929.007661787,0,0,0,0,0,0,0,4.15567704256,784500,1068800,1853300,RESIDENTIAL,1,NA
38007041,0,0,2870.127953,256.40486,461.8455444,459.8678568,458.5285901,456.1261369,452.9237498,0.172993877,0.172993877,0,0,990.859477897,0,0,0,0,0,0,0,554.959336311,201100,1240000,1441100,RESIDENTIAL A,1,NA
38007043,0,0,9356.923302,590.35557,469.7476347,467.4367652,465.8654698,463.0374162,459.2480263,36.98180461,36.98180461,36.98180461,0,2413.27603437,0,0,0,0,0,0,0,1241.46127304,1092600,2050700,3143300,RESIDENTIAL,1,NA
38007045,0,0,1687.312553,183.5757791,525.2241211,522.8496222,521.2327649,518.3185069,514.4046406,87.66112959,87.66112959,87.1115518,0,1273.56917336,0,0,0,0,0,0,0,780.408196974,21400,1436500,1457900,RESIDENTIAL,1,NA
38007047,0,0,2012.720947,180.5221973,541.6776998,539.2384403,537.5761959,534.5781156,530.5474228,107.6208171,107.6208171,106.7027077,0,1065.55588634,0,0,0,0,0,0,0,102.879186129,211600,1237600,1449200,RESIDENTIAL,1,NA
38008009,0,0,3780.406937,291.6054426,477.8535026,477.0914058,476.5939957,470.7408568,461.6658427,123.1867113,123.1867113,121.7296357,0,717.160789475,0,0,0,0,0,0,0,257.033131429,20100,986600,1006700,RESIDENTIAL,1,NA
38008010,0,0,1618.833725,188.0586673,497.1870917,492.6413903,488.9167786,482.7191472,474.6747816,126.4110395,126.4110395,125.9230389,0,760.924029357,0,0,0,0,0,0,0,140.366009769,169800,1116500,1286300,RESIDENTIAL,1,NA
38008025,0,0,4493.46891,304.7052767,540.1233812,538.0046872,536.5654112,533.9756367,530.5067083,75.97426795,75.97426795,75.97426795,0,1433.87784227,0,0,0,0,0,0,0,48.834702266,293400,1533400,1826800,RESIDENTIAL,1,NA
38008042,0,0,3322.658829,235.2355061,480.6756042,476.1286939,472.4031402,466.2134875,458.2427581,109.8697348,109.8697348,109.5570914,0,673.806321057,0,0,0,0,0,0,0,101.809617788,731300,977300,1708600,RESIDENTIAL A,1,NA
39002001,0,0,8720.331619,376.7681833,18.43899639,12.43759483,6.726075313,0,0,17.86139997,15.97986263,13.55270521,0,1238.97767575,0,11.8169184171,77.4315135286,224.648352213,0,0,0,258.156095913,2464400,3190600,5655000,RESIDENTIAL A,1,2075
39002002,0,0,7166.706833,449.8210682,21.0838755,14.82397922,8.601920809,0,0,19.61788194,18.35985751,17.40473763,0,1139.65028525,0,76.5421780364,305.775893326,580.172159709,0,0,0,165.786985255,1117700,3112100,4229800,RESIDENTIAL A,1,2075
39002003,0,0,4892.803894,324.7345841,25.27367528,18.31676209,11.21866935,0.816990624,0,32.12466761,25.2808237,24.3080707,2.402126689,1059.02357276,0.32211019821,119.170529572,346.644389957,619.836371316,0,0,0,75.3471198557,2147200,3048000,5195200,RESIDENTIAL,1,2075
39002005,0,0,2842.778938,227.5785455,26.29642034,19.06971841,11.45432243,0.40966141,0,63.20116092,36.84851827,32.14645988,9.893625096,1111.02454197,39.9196081352,208.633722893,461.59978577,761.907894864,0,0,0,0,2748900,3089100,5838000,RESIDENTIAL,1,2075
39002006,0,0,6308.523048,375.7928632,27.31693904,20.44195304,13.49959437,3.34637941,0,87.5791968,58.737397,51.8747174,2.654138038,952.661524138,0.37768220403,120.71103402,321.868457628,566.147525143,0,0,0,0.19764920766,3425200,3865900,7291100,RESIDENTIAL,1,2100
39002007,0,0,4040.204437,288.6990344,36.94294535,30.35875204,23.95392442,14.46479701,3.349000958,110.3279861,80.86080528,73.75826294,7.701693722,1077.98729237,0,76.0980506227,292.968904183,556.782855923,0,0,0,0,3231000,3048000,6279000,RESIDENTIAL,1,NA
39002008,0,0,4447.840836,283.1302769,32.89324969,26.39999058,20.18764835,10.87235636,0,121.1420982,102.9744919,95.45721795,28.95038003,1017.53123286,0,2.82316190904,191.365480053,455.541236862,0,0,0,0,895100,3173900,4069000,RESIDENTIAL A,1,2100
39002009,0,0,5174.224098,292.7172304,35.53803146,28.85161216,22.34074618,12.67142319,1.297411538,118.4275735,118.4275735,103.6552784,24.64084964,921.582590398,0,0,128.794890005,403.103278827,0,0,0,0,2338200,2933800,5272000,RESIDENTIAL,1,2100
39002010,0,0,2827.176506,213.3763921,66.13721096,59.28476325,52.51788129,42.52021443,30.83211198,92.40017992,92.40017992,88.64225582,13.24297504,1530.22154893,0,0,111.460705479,371.641585367,0,0,0,0,774200,3267500,4041700,RESIDENTIAL A,1,NA
39002011,0,0,6268.979691,445.924257,34.4337024,27.75818607,21.11354971,11.26008802,0,86.61926085,86.29633278,50.65872494,0,1627.14450976,0,0,122.541201881,432.941541644,0,0,0,489.183286849,2937700,3131100,6068800,RESIDENTIAL,1,2100
39002012,0,0,6579.193977,391.9604616,40.83159155,34.49362452,28.14224961,18.57295132,7.347515088,58.947458,58.15201032,26.97416126,0,2190.06018505,0,0,86.4340628753,500.697027408,0,0,0,1706.36454633,2060800,4021700,6082500,RESIDENTIAL A,1,NA
39002013,0,0,6741.252075,349.968454,25.61497235,23.05449581,21.451814,17.92800393,12.88425172,34.76209016,33.56573281,5.838514785,0,1936.34761995,14.0941937062,119.972356873,327.859460098,637.646234854,0,0,369.998532833,1701.96945632,108700,3337800,3446500,RESIDENTIAL A,1,NA
39002014,0,0,3495.87101,264.6285693,73.12756583,66.40193674,59.82806177,50.06364639,38.59244521,85.77614293,85.76443991,76.35450067,0,994.099737729,0,0,0,0,0,0,0,0,395300,1337400,1732700,RESIDENTIAL,1,NA
39002015,0,0,7006.409019,346.2439134,70.00957966,63.51110862,57.29198711,48.00785503,37.00616765,79.87384697,77.64087545,67.83025023,4.936211865,1041.87993371,0,0,0,0,0,0,0,0,753600,1611700,2365300,RESIDENTIAL,1,NA
39002016,0,0,3383.416374,270.2819696,78.44602738,71.64863376,64.82699553,54.76295739,43.11294625,91.50220298,91.50220298,90.04019437,1.875793693,1111.68867575,0,0,0,0,0,0,0,37.7896754767,808400,1672100,2480500,RESIDENTIAL,1,NA
39002019,0,0,5534.545364,302.412697,74.64358574,67.54720856,60.09058989,49.27866074,36.91995556,86.30843959,75.7272318,49.6791394,0,1182.36955518,0,0,0,0,0,0,0,612.174555373,1772500,1748500,3521000,RESIDENTIAL A,1,NA
39002020,0,0,3462.17205,277.4949343,81.91960534,74.96924109,67.89226523,57.46360969,45.36860693,84.50767837,81.93923744,20.62302268,0,1171.88688385,0,0,0,0,0,0,0,509.856638461,1236400,1719500,2955900,RESIDENTIAL A,1,NA
39002021,0,0,5870.356331,399.5984086,65.54320335,59.40401083,53.46798127,44.44913512,32.88469158,64.24468559,63.24869764,3.267775703,0,1202.82664918,0,0,0,0,0,0,0,994.2754468,166200,1724400,1890600,RESIDENTIAL,1,NA
39002024,0,0,5363.635574,414.6581749,123.2251598,115.9923581,108.3880194,97.35999261,84.76482356,78.54935229,67.52679364,50.33281166,0,1245.73392288,0,0,0,0,0,0,0,833.956337677,1442800,1311200,2754000,RESIDENTIAL,1,NA
39002025,0,0,2775.701805,244.2514636,160.2872728,153.7870089,147.0649054,136.8260164,124.885672,81.21311569,81.21311569,46.82137645,0,1069.57011805,0,0,0,0,0,0,0,712.98561413,425300,1417200,1842500,RESIDENTIAL,1,NA
39002026,0,0,1317.812286,147.220933,119.7944966,113.2097389,106.542697,96.46623306,84.63365248,112.0429614,112.0429614,10.78704378,0,1410.8840061,0,0,0,0,0,0,0,1275.32890102,42800,1593800,1636600,RESIDENTIAL,1,NA
39002027,0,0,1892.578773,192.7299481,139.5239032,133.1049651,126.4795538,116.4048544,104.5359587,97.20164937,97.20164937,26.44145747,0,1145.08926815,0,0,0,0,0,0,21.2135681016,873.430855443,203200,1707700,1910900,RESIDENTIAL,1,NA
39002028,0,0,6352.787918,408.4973797,118.5561668,112.5646902,106.8648822,98.22218808,87.92124407,111.5152765,110.6426208,6.304705585,0,1534.14281464,0,0,0,0,0,0,34.7607977457,272.424743625,1895600,1944400,3840000,RESIDENTIAL A,1,NA
39002032,0,0,5029.792419,338.5954587,13.57365805,11.54486098,10.66822564,7.541897042,2.623434447,22.10793448,18.53517035,4.670038302,0,1331.90492519,77.9594476975,114.146146731,214.735849493,369.19017353,43.6232600271,151.08379329,496.448960366,1216.87296305,898000,2858500,3756500,RESIDENTIAL,1,NA
39003001,0,0,7136.057224,394.1978035,170.1691808,170.0402519,170.0418883,170.0388756,170.0425419,24.59626711,24.14675684,23.79007685,22.79985739,1241.00216142,0,0,0,0,0,0,0,0,3931700,3356500,7288200,RESIDENTIAL A,1,NA
39003002,0,0,1725.17524,166.6005309,155.4142565,155.3289363,155.3294823,155.3278938,155.3311236,31.88246336,30.88226971,29.88207987,28.88190293,1206.79814032,0,0,0,0,0,0,0,0,806000,3213300,4019300,RESIDENTIAL,1,NA
39003003,0,0,7526.504044,393.6449049,117.8785794,117.768822,117.7699723,117.7675922,117.7710717,16.90594297,16.77743072,15.65696282,13.54463207,1247.17806182,0,0,0,0,0,0,0,0,491900,3197100,3689000,RESIDENTIAL,1,NA
39003007,0,0,3681.672951,249.4628061,36.62474727,31.09574656,25.04457345,16.34253074,11.13792203,72.34826273,68.05665575,36.03541748,19.18258047,1363.9616991,0,0,0,0,0,0,0,0,2429200,3462900,5892100,RESIDENTIAL A,1,NA
39003008,0,0,6907.975143,441.3199832,38.37378115,31.73030637,24.08199781,13.16062824,1.746012472,47.12940637,41.93405532,1.700697,0,1346.25896933,0,0,2.71909322133,157.676219858,0,0,0,0,3534300,3448100,6982400,RESIDENTIAL A,1,NA
39003009,0,0,5156.945633,304.0985286,34.93711009,31.24036972,27.79444354,21.13567508,10.34097911,26.59125023,20.52370593,0,0,1271.474987,0,0,0,28.815777568,0,0,38.5467165787,532.503187094,118200,3385700,3503900,RESIDENTIAL,1,NA
39003010,0,0,1375.158546,153.4903619,95.40012891,90.20056408,85.35152183,78.23289001,70.22275267,91.95343061,86.8499719,0.703551599,0,1254.11886692,0,0,0,0,0,0,140.517590808,1006.38736439,288500,1762500,2051000,RESIDENTIAL,1,NA
39003012,0,0,4771.832542,352.3343962,85.16249705,79.12905991,72.71580121,64.06035402,55.4228543,101.0790292,95.37260607,29.40559554,3.352498075,1254.18854142,0,0,0,0,0,0,0,9.62074031846,700600,1762500,2463100,RESIDENTIAL,1,NA
39003015,0,0,2551.689491,209.7546092,124.9001601,122.5372021,120.416403,118.2254813,117.0420649,80.45504683,80.13683485,75.55306051,18.27287487,1254.20189749,0,0,0,0,0,0,0,0,93000,1762500,1855500,RESIDENTIAL A,1,NA
39003019,0,0,8192.314758,519.53204,123.0961821,117.2601773,111.72527,103.3780321,93.51887058,121.8769413,118.8785876,8.263700553,0,1621.11626946,0,0,0,0,0,0,3.46238168515,357.308559031,2203600,2054000,4257600,RESIDENTIAL,1,NA
39003020,0,0,3871.548843,291.6922443,129.814913,124.5484368,119.600905,109.9319859,98.3614631,126.3990722,121.3436016,12.87362603,0,1559.96631335,0,0,0,0,0,0,0,622.422739012,1679500,2005300,3684800,RESIDENTIAL A,1,NA
39003021,0,0,4282.76754,355.5563605,138.6702507,132.7040521,126.1281946,116.6489155,105.8504226,142.9266641,136.8837445,34.40858453,2.262853432,1538.78917747,0,0,0,0,0,0,0,123.777245361,1295400,1981000,3276400,RESIDENTIAL,1,NA
39003038,0,0,5078.91217,388.8841284,41.78800237,40.44896909,40.26484991,40.26435955,40.26720055,68.57371866,68.57371866,27.19265392,4.671029942,1326.63661981,0,0,0,0,0,0,0,11.6224095007,3304600,3260100,6564700,RESIDENTIAL A,1,NA
39004001,0,0,3625.837494,244.752194,495.1173892,494.8959211,494.9000078,494.8938694,494.8982596,26.5505734,23.73394595,21.64619592,20.64587607,1706.30326779,0,0,0,0,0,0,0,0,961200,3752100,4713300,RESIDENTIAL,1,NA
39004002,0,0,7276.154167,416.9821603,476.4028497,476.1840413,476.1880542,476.1820081,476.1863827,26.31020636,26.24633591,25.45156592,24.20761468,1658.88738664,0,0,0,0,0,0,0,0,1410400,3697400,5107800,RESIDENTIAL,2,NA
39004004,0,0,4724.681248,293.9839948,415.4942225,415.2740157,415.2780672,415.2719728,415.2763557,15.06370571,15.06366158,14.06349888,13.06332113,1640.42987742,0,0,0,0,0,0,0,1.96544708268,2214000,3683000,5897000,RESIDENTIAL A,1,NA
39004007,0,0,2684.607899,251.2503391,317.5546293,317.3437899,317.3475826,317.3418128,317.3461382,19.8842859,19.00091983,18.92204603,18.08575849,1505.78067349,0,0,0,0,0,0,0,2.71918721596,2110100,3561700,5671800,RESIDENTIAL,1,NA
39004008,0,0,4089.072891,255.8435249,293.2339936,293.0347663,293.0382428,293.0328716,293.0371198,22.32930765,21.97415389,21.14638605,20.98335622,1506.79942201,0,0,0,0,0,0,0,0,3190700,3601200,6791900,RESIDENTIAL,1,NA
39006051,0,0,3878.947533,264.9949355,667.8195615,660.6077415,653.0090726,641.9909634,629.407057,7.400910178,6.522593602,3.228747534,2.380963241,701.642222567,0,0,0,0,0,0,4.35910659377,8.6091815584,192800,1876500,2069300,RESIDENTIAL A,1,NA
39006052,0,0,3124.133667,239.6149281,685.2783202,678.0624999,670.4595453,659.435064,646.8496019,13.11124732,12.57971207,1.565258238,1.133801581,707.235492861,0,0,0,0,0,0,56.8146833323,66.6016290318,322800,1879000,2201800,RESIDENTIAL,1,NA
39006053,0,0,3582.933479,318.4234018,706.1462707,698.9069081,691.2789663,680.2171934,667.587534,4.468567316,3.940068201,2.562454186,1.505402544,719.135138452,0,0,0,0,0,0,0,0,740100,1879000,2619100,RESIDENTIAL,1,NA
39006055,0,0,3395.785675,271.5686091,737.7628099,730.518796,722.8859226,711.816763,699.1783079,12.58204471,12.58204471,12.58204471,12.17684068,709.462549534,0,0,0,0,0,0,0,0,167400,1822600,1990000,RESIDENTIAL A,1,NA
39006056,0,0,2939.152237,248.0036368,749.9210024,742.6676241,735.0249064,723.9410905,711.2853167,5.082111151,5.082111151,5.082111151,5.082111151,715.510066026,0,0,0,0,0,0,0,0,153000,1879000,2032000,RESIDENTIAL,1,NA
39006058,0,0,3940.444878,287.84438720000003,780.5989938,773.3376889,765.6867333,754.5906595,741.9204081,3.199456147,3.199456147,0.109194833,0,713.381460347,0,0,0,0,0,0,0,23.79885467,472200,1879000,2351200,RESIDENTIAL,1,NA
39006059,0,0,4709.879745,377.0027879,796.308954,789.0454526,781.3922643,770.292873,757.6187085,1.925777349,1.732614007,0.495106661,0,704.447060192,0,0,0,0,0,0,0,88.8381287997,198900,1879000,2077900,RESIDENTIAL,1,NA
39006060,0,0,2886.186943,245.0307995,816.7073045,809.442732,801.7884853,790.6875225,778.0115049,6.989283998,6.980305495,0.232045562,0,719.914759955,0,0,0,0,0,0,5.53514963564,14.9361071904,731600,1879000,2610600,RESIDENTIAL,1,NA
39006062,0,0,3510.877373,296.4431544,847.8213708,840.5559963,832.9011202,821.7992267,809.122111,3.682489941,3.682489941,3.682489941,1.762840093,708.174146592,0,0,0,0,0,0,0.156931685143,1.62925467201,155500,1822600,1978100,RESIDENTIAL,1,NA
39006063,0,0,2916.713608,220.6621316,867.4834771,860.2181948,852.5634469,841.4617439,828.7848513,9.672018232,9.672018232,1.528416473,0.151281764,717.57377396,0,0,0,0,0,0,24.8014677932,37.8765425216,134900,1879000,2013900,RESIDENTIAL A,2,NA
39006064,0,0,2476.207573,207.8507438,885.8305,878.6282848,870.9751029,859.8757233,847.201556,4.06460372,4.06460372,4.06460372,3.290045024,721.734237433,0,0,0,0,0,0,0,0,272000,1879000,2151000,RESIDENTIAL,1,NA
39006066,0,0,3531.242371,272.2369161,915.986143,908.9874253,901.3955827,890.3012979,877.6331008,4.519888564,3.965554807,3.761506469,3.120263533,741.991172706,0,0,0,0,0,0,0,0,102200,1860600,1962800,RESIDENTIAL,1,NA
39006067,0,0,2742.165283,229.4675881,936.1711169,929.2014385,921.6490032,910.5560824,897.889478,7.74656445,7.050648524,7.050648524,6.333003322,747.115188429,0,0,0,0,0,0,0,0,515400,2067400,2582800,RESIDENTIAL,1,NA
39006069,0,0,3989.299881,257.6616724,1037.192435,1030.015283,1022.362288,1011.263175,998.5893065,4.620255621,4.620255621,4.076443311,1.7434873340000001,758.523820975,0,0,0,0,0,0,0,0,518300,2105500,2623800,RESIDENTIAL,1,NA
39008010,21.28601685,-157.6999763,359.0195847,75.79764384,1289.338024,1286.837263,1284.917356,1278.09078,1266.682278,15.01083834,14.24363687,11.42255686,8.566683518,13028.8854446,0,0,0,0,1101.22309551,1236.24996816,1597.47684787,2228.42865941,0,100,100,RESIDENTIAL,1,NA
39021015,0,0,2555.749855,210.4146196,176.8929668,171.2417845,165.8869832,157.8208932,148.3043372,133.6923468,133.6923468,61.29774978,20.38812954,1197.74519371,0,0,0,0,0,0,0,0,80900,1492900,1573800,RESIDENTIAL,1,NA
39021016,0,0,3160.378372,272.6402744,182.2379406,176.8471319,171.7537944,163.0441577,151.3241068,147.3366496,147.3366496,65.44976017,8.378145899,960.039896429,0,0,0,0,0,0,0,1.35529813003,22700,1442300,1465000,RESIDENTIAL,1,NA
39026001,21.26586769,-157.7100875,5568.360008,366.6081778,1199.981262,1199.723617,1199.72874,1199.721321,1199.725876,22.54292053,21.30871979,20.32211974,19.89865214,1844.43405906,0,0,0,0,0,0,0,0.0410991257495,1753800,3317100,5070900,RESIDENTIAL A,1,NA
39026044,0,0,8845.308704,509.535156,1048.60004,1048.353884,1048.358671,1048.351664,1048.356177,0,0,0,0,3213.03805667,0,0,0,0,280.959810448,293.315802903,315.382338191,348.394123471,3460200,5163400,8623600,RESIDENTIAL A,1,NA
39027001,0,0,4366.778419,311.4865529,1497.86436,1497.59471,1497.600194,1497.592338,1497.59692,14.41864804,13.96244271,13.5518873,12.63948885,1689.20126582,0,0,0,0,106.149979687,115.155222128,128.149453469,150.502536886,1401300,3811900,5213200,RESIDENTIAL A,1,NA
39027003,0,0,8129.82885,365.3691735,1402.355344,1402.088426,1402.093826,1402.08607,1402.090648,10.67534627,10.14753924,9.374716903,8.840555195,1210.95618319,0,0,0,0,0,0,0,0,1506600,3450200,4956800,RESIDENTIAL,1,NA
39027004,0,0,6243.166969,346.2920529,1389.045283,1388.779483,1388.784849,1388.777135,1388.78171,11.05488552,10.2090538,9.332565553,8.429765582,1589.46639234,0,0,0,0,0,0,0,0,866300,3299700,4166000,RESIDENTIAL A,1,NA
39027006,0,0,13322.72218,625.5764669,1322.599054,1322.336547,1322.341814,1322.33422,1322.338787,7.403992034,6.724837443,6.322707906,5.701335759,1650.53215993,0,0,0,0,2.51920636424,4.29854670694,19.2655690896,32.0327495133,3180600,2936500,6117100,RESIDENTIAL,1,NA
39027007,0,0,6937.000393,391.6333723,1287.994678,1287.732701,1287.737952,1287.730377,1287.734943,15.84113012,15.51823671,15.37641225,14.97685053,1604.16003767,0,0,0,0,5.02928015038,7.11452676663,9.6876462773,19.8226821659,4466300,3618000,8084300,RESIDENTIAL A,1,NA
39027008,0,0,3980.3974,302.9106079,1287.041509,1286.779397,1286.784652,1286.777072,1286.781638,19.66056889,19.13363805,19.13363805,18.69904101,1426.77605646,0,0,0,0,6.20525546064,9.63691987182,13.0664813885,21.0954096624,886500,3541700,4428200,RESIDENTIAL,1,NA
39027009,0,0,5359.974857,311.7412059,1242.854677,1242.592594,1242.597849,1242.59027,1242.594836,11.22473303,10.62296788,10.17849628,9.326321849,1236.71782547,0,0,0,0,0,0.0952067835308,1.67658351409,5.62807215036,996800,3114800,4111600,RESIDENTIAL A,1,NA
39027010,0,0,8021.205219,515.9489167,1193.209405,1192.949263,1192.95446,1192.946951,1192.951513,5.532873158,4.870386277,3.474223675,3.474223675,1641.93475699,0,0,0,0,0,0,0,0.78490832822,2000900,3142200,5143100,RESIDENTIAL,1,NA
39028022,0,0,2252.334751,190.7826519,1579.942229,1576.476942,1574.771486,1570.946618,1565.230433,21.43354406,20.09616826,14.46977195,12.48975859,2470.68917009,0,0,0,0,0,0,0.729706010245,7.42186461425,2517000,3892200,6409200,RESIDENTIAL,1,NA
39028024,0,0,4887.490208,339.5835104,1555.492113,1553.841677,1552.133269,1548.301761,1542.575592,17.44489795,16.49858089,15.2347768,14.28210206,1799.19096244,0,0,0,0,172.841321932,184.968521654,194.972104007,208.137538132,1795200,3709600,5504800,RESIDENTIAL A,1,NA
39029001,0,0,2400.665428,196.6102934,775.7293549,773.3398156,772.4209146,769.8709154,765.7377647,1.011413854,1.011413854,0,0,690.597601979,0,0,0,0,241.302035186,289.811818584,338.736187445,393.182505235,378700,1308200,1686900,RESIDENTIAL A,1,NA
39029009,0,0,3229.039207,229.7775017,704.912323,704.8198559,704.7748801,704.6836613,703.4091814,1.177251441,1.177251441,1.115479742,0,714.061752762,0,0,0,0,258.106585169,258.106585169,270.054596492,316.349198126,342800,1277900,1620700,RESIDENTIAL,1,NA
39029014,0,0,1968.338181,179.9790005,667.1378214,667.0465605,667.002426,666.9137505,666.8092313,12.75125387,12.75125387,12.75125387,0,817.864616492,0,0,0,0,180.933360095,181.933720092,196.780698402,248.595841816,1248900,1343800,2592700,RESIDENTIAL,1,NA
39029017,0,0,2594.324028,204.0351092,637.5039331,637.5137129,637.5137129,637.5137129,637.5137129,3.114581781,2.791486433,1.403552729,0,676.772281905,0,0,0,0,245.263267149,248.26434739,269.430332012,319.232010907,605500,1308200,1913700,RESIDENTIAL A,1,NA
39029022,0,0,3131.630836,233.5075899,576.9255724,576.9358821,576.9358821,576.9358821,576.9358821,1.188692008,1.188692008,1.188692008,0,702.035858812,0,0,0,0,160.430730992,160.430731007,169.433973553,209.182616392,109300,1326300,1435600,RESIDENTIAL,1,NA
39029033,0,0,1978.260452,202.3109833,503.1478969,503.158691,503.158691,503.158691,503.158691,4.026499742,4.026499742,2.026163329,1.02592306,677.052886822,0,0,0,0,207.88000227,221.027247412,263.099093187,325.912647758,428400,1308200,1736600,RESIDENTIAL A,1,NA
39029038,0,0,2362.579636,199.0236865,475.179468,475.190887,475.190887,475.190887,475.190887,1.512817427,1.512817427,0.186349287,0,681.323633469,0,0,0,0,108.288923629,108.288923633,149.787510735,183.605319582,138500,1326300,1464800,RESIDENTIAL,1,NA
39029041,0,0,2581.142632,213.3158108,419.5413603,419.5534551,419.5534551,419.5534551,419.5534551,0,0,0,0,758.751272138,0,0,0,0,196.209841744,215.216701357,268.456071024,317.553407187,122300,1404500,1526800,RESIDENTIAL,1,NA
39029046,0,0,2347.117722,213.8348348,395.8291406,395.8414015,395.8414015,395.8414015,395.8414015,2.450622639,1.78395996,1.055859167,0.53356498,851.998135512,0,0,0,0,380.755392411,391.420880362,409.078639678,451.651122231,208100,1519900,1728000,RESIDENTIAL,1,NA
39029058,0,0,1955.450279,188.0989228,496.4664649,496.0178113,495.8023468,495.3272117,494.6396247,2.989945658,2.989945658,1.222038184,0,645.424288999,0,0,0,0,0,0,40.3392910355,68.0115487134,167200,1252300,1419500,RESIDENTIAL,1,NA
39030029,0,0,2790.582367,262.2556876,522.6611311,521.9199253,521.5624714,520.7626391,519.5730738,2.542089118,1.29911637,0,0,654.714910679,0,0,0,0,86.6806291894,100.981052889,145.82881313,170.983951958,632800,1175700,1808500,RESIDENTIAL,1,NA
39030033,0,0,2464.011177,217.2122593,449.6610803,448.8001826,448.3856647,447.4578168,446.0770826,1.665963534,1.665963534,1.665963534,0,889.026030053,0,0,0,0,422.517700538,422.517700538,428.519870917,466.525294056,320500,1221900,1542400,RESIDENTIAL A,1,NA
39030045,0,0,3075.510132,252.45569,644.2259208,643.1135998,642.5753297,641.3601207,639.5232167,1.939188121,1.19225857,0,0,734.331917854,0,0,0,0,0,0,0,0.19270742488,310600,1080200,1390800,RESIDENTIAL,2,NA
39030047,0,0,2471.907829,240.8358493,672.8229483,671.6800854,671.1268399,669.8769886,667.9854427,3.954768765,3.866542504,1.917847791,0,580.548813836,0,0,0,0,0,0.438966575435,11.1068850623,34.4368044379,98000,1057200,1155200,RESIDENTIAL,1,NA
39032007,0,0,4424.124306,303.4881174,1180.084213,1177.585392,1176.623363,1173.952891,1169.622105,3.188836026,2.289159542,1.03794517,0,840.375594356,0,0,0,0,1.48207578312,7.80709814742,24.080543385,61.7846805461,228600,1501500,1730100,RESIDENTIAL,1,NA
39032017,21.29052885,-157.7113691,370.4285278,77.39716224,997.0324264,994.5433188,993.5851493,990.9254892,986.6125334,1.893073555,1.290601103,0.625056454,0,860.183517853,0,0,0,0,6.44908470868,14.0810126587,36.4749618256,84.6030615308,189400,1501500,1690900,RESIDENTIAL A,1,NA
39032058,0,0,4610.514679,332.0153836,1382.993388,1380.434063,1379.134892,1371.953874,1363.104096,0,0,0,0,875.253200998,0,0,0,0,265.28314679,281.803413403,305.441175545,337.46512822,265100,1526500,1791600,RESIDENTIAL,1,NA
39032062,0,0,3750.831833,255.1597899,1238.593125,1236.038595,1235.054385,1230.729426,1221.881014,1.878030462,1.513517178,0.508706296,0,906.510626882,0,0,0,0,117.464503094,126.51305499,143.715346632,174.718171262,237000,1443300,1680300,RESIDENTIAL,1,NA
39032065,0,0,2636.497841,254.8966211,1167.733677,1165.178732,1164.194358,1160.276933,1151.429813,1.654546444,1.385324919,0.723171998,0,759.032318429,0,0,0,0,95.8223197331,100.248655327,111.839155985,127.865419538,147600,1394800,1542400,RESIDENTIAL,1,NA
39032067,0,0,3571.936745,252.9179912,1128.822482,1126.267088,1125.282534,1121.320633,1112.473904,0,0,0,0,768.501315249,0,0,0,0,95.0211603187,101.306517385,119.252324149,141.790677067,334600,1394800,1729400,RESIDENTIAL A,1,NA
39032068,0,0,3517.347908,253.0220101,1115.464249,1112.908376,1111.923629,1108.119562,1099.209291,0.776682597,0.450108863,0,0,773.305965674,0,0,0,0,110.499351559,117.233699333,130.803444713,151.536196858,641500,1464600,2106100,RESIDENTIAL A,1,NA
39032071,0,0,3237.046776,239.7822393,1063.116496,1060.56142,1059.576995,1056.456572,1047.425794,10.3630514,9.574209284,6.669405151,0,826.568554989,0,0,0,0,14.2020193229,26.2480402965,47.3648266446,96.702962238,155900,1455700,1611600,RESIDENTIAL,1,NA
39032073,0,0,4095.432312,265.0845183,1037.621244,1035.057275,1033.985295,1027.234061,1018.385085,1.550914832,1.133992165,0.138642045,0,911.116637378,0,0,0,0,1.16417336654,1.61587896479,7.29382287097,24.7949095888,947300,1476100,2423400,RESIDENTIAL,1,NA
39032074,0,0,3555.600906,240.406902,1012.418766,1009.853886,1008.738524,1001.578661,992.7293877,3.884857975,3.15875372,2.074939387,1.108008511,905.785858348,0,0,0,0,53.377871124,60.2794588988,79.3626278691,102.43506274,480300,1537900,2018200,RESIDENTIAL,1,NA
39032076,0,0,4859.520966,272.3115544,985.4881532,982.9256975,981.9091175,975.1265341,966.2779478,0,0,0,0,925.584423002,0,0,0,0,337.13991991,356.10809278,383.171518188,461.972707736,818200,1578100,2396300,RESIDENTIAL,1,NA
39032077,0,0,5081.570747,299.4836387,961.0461816,958.4891461,957.503935,954.2918045,945.3750432,0.137068213,0,0,0,945.068877235,0,0,0,0,484.538601655,495.581156758,513.267171214,530.539789577,1233300,1689700,2923000,RESIDENTIAL,1,NA
39032078,0,0,4219.571182,323.3947023,955.9503595,953.3993606,952.4165808,949.5382603,941.7861328,0.934917713,0.014256681,0,0,842.65710903,0,0,0,0,474.927888014,486.932183014,502.067010486,520.594224986,1186700,1565900,2752600,RESIDENTIAL,1,NA
39032079,0,0,5126.36274,358.2986528,954.7053828,952.1604822,951.180149,948.4548246,941.6985939,0.827250144,0.459057076,0,0,758.104106819,0,0,0,0,318.213584515,332.558203899,380.626294778,432.438073812,1368100,1457200,2825300,RESIDENTIAL,1,NA
39033002,0,0,2282.647926,220.2151978,266.0538637,260.0186295,254.053384,243.8066083,231.8497801,6.663712054,6.663712054,5.733964731,4.835104043,761.008561138,0,0,0,0,0,0,0,0,2540100,1866300,4406400,RESIDENTIAL,1,NA
39033005,0,0,2628.246994,245.5538197,255.8113598,248.8898231,241.8178682,231.4412006,219.434591,6.867502995,6.857521777,0.82226577,0,941.011338387,0,0,0,0,0,0,0,66.0582643694,261800,1819900,2081700,RESIDENTIAL,1,NA
39033012,0,0,4927.405586,308.393445,196.8271108,189.5619635,181.9073982,170.8060211,158.1296067,10.56679562,0,0,0,752.140655607,0,0,0,0,0,0,0,0.340524014768,457700,1914100,2371800,RESIDENTIAL,1,NA
39033013,0,0,3420.378685,234.3505084,191.0611541,184.0428027,176.7233496,165.8810272,153.3398529,13.35978762,12.02512533,10.10066468,0,748.159642566,0,0,0,0,0,0,0,1.32317114215,1370600,2296900,3667500,RESIDENTIAL A,1,NA
39033016,0,0,2744.96814,256.9308015,155.4471993,148.7704287,142.138052,132.2175878,120.6091993,40.13451786,40.13451786,39.95498678,10.53322522,921.722572605,0,0,0,0,0,0,0,62.913919858,988700,1949200,2937900,RESIDENTIAL,1,NA
39033017,0,0,4909.312775,319.5399967,185.4880975,178.9205708,172.5322121,163.031851,151.8755323,3.112761802,2.740805997,0.039077037,0,765.786962785,0,0,0,0,0,0,0,0,376100,1914100,2290200,RESIDENTIAL,1,NA
39033020,0,0,4192.693398,273.6641026,167.8400896,161.1908295,154.7152176,145.0576112,133.6599578,12.9813697,11.11313523,0.989745279,0,893.335304725,0,0,0,0,0,0,8.9354549686,117.772598488,461900,1850700,2312600,RESIDENTIAL A,1,NA
39033031,0,0,5179.337364,366.7356495,124.3542724,121.8013625,120.2863557,116.891007,112.0028149,0.873019846,0.548803656,0,0,915.58625388,0,0,0,0,0,0,0,0,713200,1850600,2563800,RESIDENTIAL A,1,NA
39033033,0,0,3931.557678,303.0523428,91.15193215,90.12915844,90.31212708,88.69157769,85.13255265,17.57485555,17.57485555,0,0,712.275089553,0,0,0,0,0,0,29.6872666731,48.2801415309,765900,1880400,2646300,RESIDENTIAL A,1,NA
39033037,0,0,2815.178436,228.0185103,86.44870754,87.38877088,93.63909851,91.07465539,87.4659076,13.47142447,12.7719368,0.851197267,0,783.440152739,0,0,0,0,0,0,0,0.731687867909,1312600,1936400,3249000,RESIDENTIAL,1,NA
39033039,0,0,3247.203323,243.7058973,73.81116534,75.28591286,90.03594851,85.82020091,77.204677040000007,3.707852014,0,0,0,1054.58384353,0,0,0,0,21.6275853325,44.2145968995,86.7418312119,149.201218306,1846600,2289300,4135900,RESIDENTIAL A,1,NA
39034010,0,0,2754.410584,228.0123249,783.9598307,782.4400881,781.7037787,780.0344844,777.4922045,0,0,0,0,557.994640309,0,0,0,0,0,0,0.830268375806,6.18015227398,405200,1096600,1501800,RESIDENTIAL A,1,NA
39034013,0,0,3766.385811,250.9721582,734.1642844,732.7546226,732.0718332,730.5253159,728.173925,1.342175176,0.36202837,0.341932957,0,607.475974375,0,0,0,0,0,0,0,0.25919791507,301300,1108100,1409400,RESIDENTIAL,1,NA
39034035,0,0,3223.380959,238.1164533,674.6098091,672.8481398,671.9951176,670.0602061,667.1107459,0.181031742,0,0,0,688.277682348,0,0,0,0,5.66620703331,9.97578188251,19.3210898252,43.0141364803,695100,1126800,1821900,RESIDENTIAL,1,NA
39034041,21.29087573,-157.7172012,171.9138641,52.44858111,706.8021787,704.7609374,703.7723517,701.527036,698.0965611,1.545051015,0.936796598,0.28679706,0,661.24410219,0,0,0,0,0,0,0,0.00795139272403,228800,1120500,1349300,RESIDENTIAL A,1,NA
39035005,0,0,3410.664124,246.2538417,432.3889443,430.9724798,430.2887755,428.7460139,426.4164463,5.958443639,5.352290711,4.556725881,3.437779317,1010.65230351,0,0,0,0,328.122682981,328.122682986,348.165307721,389.034326021,172900,761800,934700,RESIDENTIAL,3,NA
39048017,0,0,2911.233749,225.6564693,527.0135312,520.0185384,512.74355190000006,502.1400677,490.0107817,3.3242625710000002,3.324263998,2.464932023,0.529702364,905.512842186,0,0,0,0,197.138230224,219.146012156,243.154502489,270.306764918,699900,2342600,3042500,RESIDENTIAL A,1,NA
39048018,0,0,4124.917931,327.2252952,525.7725372,518.7010703,511.2771917,500.525639,488.2558266,0,0,0,0,770.308528939,0,0,0,0,0,0,0,1.07617419706,165900,1917000,2082900,RESIDENTIAL A,1,NA
39048019,0,0,3957.380737,277.8381703,544.9769112,537.8490294,530.3644702,519.5213713,507.1414001,1.905482577,1.905482577,0.524905402,0,797.853494563,0,0,0,0,0,0,0,0,333700,1956800,2290500,RESIDENTIAL A,1,NA
39048020,0,0,4113.155357,321.8221282,573.2082724,566.0316638,558.4947838,547.5727975,535.0979714,3.057649049,3.057649049,1.689031027,0,1146.61831612,0,0,0,0,0,0,0,0,2212800,2183800,4396600,RESIDENTIAL,1,NA
39048034,21.28032266,-157.7038544,5895.71508,307.4829028,614.6181673,607.3975916,599.8136608,588.8208683,576.2611157,3.514781981,0,0,0,835.678963377,0,0,0,0,0,21.0545291844,31.7200664399,47.8268733626,999300,1968800,2968100,RESIDENTIAL,1,NA
39050006,21.29248106,-157.7080498,320.0988007,72.69101007,1315.244647,1310.122792,1305.620843,1298.460115,1289.635646,0.425864636,0,0,0,846.267568913,0,0,0,0,168.919190419,176.300689019,183.303182804,196.821237221,326300,1464900,1791200,RESIDENTIAL,1,NA
39050009,21.29204364,-157.7080252,859.9734116,125.1812845,1267.006421,1261.891523,1257.395522,1250.244351,1241.431823,0,0,0,0,866.37511311,0,0,0,0,121.032832125,130.956561378,147.032848654,181.04006137,145700,1501500,1647200,RESIDENTIAL A,1,NA
39050015,0,0,2420.626625,234.4495447,1177.705457,1172.627051,1168.162602,1161.062145,1152.313012,23.65154787,23.20536721,0,0,863.566989101,0,0,0,0,73.184620053,87.0305468019,122.6721484,168.086596067,446200,1501500,1947700,RESIDENTIAL A,1,NA
39050017,0,0,3110.555405,245.5661223,1141.383484,1136.311685,1131.852993,1124.761812,1116.024318,20.42942176,19.51679322,18.42906992,13.42816646,852.298615868,0,0,0,0,88.0729308824,92.0743557326,105.285342547,132.427387001,290500,1408800,1699300,RESIDENTIAL,1,NA
39050018,0,0,3587.51432,263.006959,1136.991246,1131.923729,1127.468762,1120.383573,1111.653573,23.23771648,22.23749125,21.23728656,16.86207627,909.620819258,0,0,0,0,43.400772355,53.2690351601,95.871892693,159.049594209,905700,1519300,2425000,RESIDENTIAL,1,NA
39050020,0,0,2663.916756,227.3882134,1098.094126,1093.039033,1088.594908,1081.527183,1072.819084,25.85562001,24.98391121,23.18230523,21.50885146,964.044600409,0,0,0,0,20.7972555807,22.4585429778,27.9139672912,33.8910541785,1164700,1613100,2777800,RESIDENTIAL,1,NA
39050022,0,0,2804.571175,225.4878535,1085.119063,1080.053232,1075.599759,1068.517019,1059.790165,4.716610118,4.716615881,4.716613581,4.716616577,827.275356484,0,0,0,0,20.2620606376,20.2620607277,20.2620607253,23.6358683289,525400,1480100,2005500,RESIDENTIAL,1,NA
39052007,0,0,3804.0485,273.1053893,1214.832523,1209.70753,1205.202921,1198.037937,1189.20818,3.807634773,2.891566971,1.993733071,0,674.647877802,0,0,0,0,0,0,0,2.45609646792,311700,1283900,1595600,RESIDENTIAL A,1,NA
39052010,0,0,2782.423965,228.5847396,1161.205078,1156.087098,1151.58847,1144.433103,1135.615378,1.85254099,0.87109963,0.85256522,0.82751327,683.701346975,0,0,0,0,0,0,0,0,319300,1283900,1603200,RESIDENTIAL A,1,NA
39052011,0,0,3155.455971,252.2430293,1144.964665,1139.850825,1135.355746,1128.206088,1119.395503,1.415717247,0.498933865,0,0,673.16487529,0,0,0,0,0,0,0,0,297500,1279600,1577100,RESIDENTIAL,1,NA
39052012,0,0,3830.815941,290.2448863,1133.490253,1128.37831,1123.884864,1116.737832,1107.930537,0.75040269,0.682346595,0,0,668.396288683,0,0,0,0,0,0,0,0,279500,1283900,1563400,RESIDENTIAL,1,NA
39052013,0,0,4319.282295,264.5987415,1101.912033,1096.801704,1092.30965,1085.164869,1076.360405,2.957143896,2.624207515,1.847526215,0,707.762087358,0,0,0,0,0,0,0,0,738400,1343700,2082100,RESIDENTIAL A,1,NA
39052014,0,0,3240.269516,239.650479,1086.495321,1081.390385,1076.902984,1069.765688,1060.970598,3.76749581,2.774973347,0.505264461,0,721.910102009,0,0,0,0,0,0,2.03547514859,9.72669107215,474100,1348000,1822100,RESIDENTIAL,1,NA
39052015,0,0,3677.713921,244.4723406,1063.194327,1058.087575,1053.598612,1046.458815,1037.660614,4.259772388,4.259772388,0,0,737.976019715,0,0,0,0,0.857662906309,1.09992945632,16.007848573,49.42612024,136600,1276200,1412800,RESIDENTIAL,1,NA
39052016,0,0,3385.894707,234.2947603,1055.321747,1050.217256,1045.730247,1038.593596,1029.799337,4.939858271,4.668677351,2.30050819,0.589330185,735.408596489,0,0,0,0,19.5206937149,23.5221198061,95.498083942,143.579168102,186900,1374400,1561300,RESIDENTIAL,1,NA
39052018,0,0,2556.438416,228.9686509,1009.983603,1004.873629,1000.381901,993.2376778,984.4339758,11.30017218,10.47960851,8.067643778,7.429515811,807.549418558,0,0,0,0,60.0549736789,77.7414242587,111.899536097,136.124824888,211200,1347200,1558400,RESIDENTIAL,1,NA
39052019,0,0,2729.461014,210.4544602,996.2088432,991.0940722,986.5982201,979.4473652,970.635367,12.02404743,10.88936908,3.728106858,3.146423827,796.232443813,0,0,0,0,36.4124812578,66.5423156766,159.322436441,190.500814451,149700,1432900,1582600,RESIDENTIAL,1,NA
39052020,0,0,2671.705872,212.7674715,974.4001501,969.2848612,964.7885683,957.637012,948.824149,11.3096634,10.19782515,8.124634008,6.716606668,796.994909291,0,0,0,0,14.212680043,67.8787170726,134.038948808,164.539193505,2018200,1688500,3706700,RESIDENTIAL,1,NA
39052021,0,0,3842.354492,256.8693518,951.2285985,946.1116064,941.6138558,934.4599607,925.6441815,7.334927534,7.173140478,0,0,787.719300704,0,0,0,0,64.2659708607,82.2742700567,185.845854973,228.607565488,411200,1407100,1818300,RESIDENTIAL,1,NA
39052022,0,0,3755.979927,257.4881003,935.4673907,930.3482066,925.8485802,918.691669,909.8721179,7.862454735,7.487846601,5.902305723,4.61342699,787.049931587,0,0,0,0,70.7031342446,88.079722858,126.568940619,148.984609577,463800,1407100,1870900,RESIDENTIAL,1,NA
39052023,0,0,2916.51136,279.6453486,919.3772975,914.2540781,909.7510064,902.5885492,893.7620513,6.149409884,6.149409884,0,0,778.96485374,0,0,0,0,69.1614330567,89.6895279392,146.436364814,188.165624985,291000,1407100,1698100,RESIDENTIAL A,1,NA
39052027,0,0,3167.392639,238.4715191,842.7715416,837.6428187,833.1350876,825.9651361,817.1292613,2.976630614,2.505231491,1.922968312,0.99895547,762.060602746,0,0,0,0,87.1449645302,95.2755665654,107.499061851,117.865839496,305900,1391500,1697400,RESIDENTIAL A,1,NA
39052029,0,0,3303.336357,237.1969197,819.5101559,814.3762415,809.8641873,802.6872626,793.8426304,0.628867609,0.141313238,0,0,695.626078111,0,0,0,0,289.089689285,305.106713997,320.878178962,339.790914471,237900,1374900,1612800,RESIDENTIAL A,1,NA
39052030,0,0,3121.820587,247.1734394,808.7475815,803.6115161,799.0977394,791.9180347,783.0699086,1.131835723,0,0,0,710.42261261,0,0,0,0,317.330965383,345.595701156,372.473559359,387.19995604,921700,1386800,2308500,RESIDENTIAL,1,NA
39052031,0,0,2811.088211,238.5317342,807.4061184,804.6928547,801.2107184,794.0306951,785.1821709,1.999195052,0,0,0,706.906641111,0,0,0,0,321.871046887,444.252849555,484.412631285,531.478097596,362600,1393100,1755700,RESIDENTIAL,1,NA
39052033,0,0,2492.959213,228.2728951,819.701149,817.1336737,815.88422189999994,810.5149174,801.3090446,5.167775955,4.225563544,3.317457906,2.777249448,909.267969516,0,0,0,0,48.0789663654,60.1609480853,87.6096218847,115.028254926,450800,1562500,2013300,RESIDENTIAL A,1,NA
39052035,0,0,2451.779182,229.848745,880.2314484,877.6677621,876.6194268,872.07345,862.8429501,8.4596526,7.460566273,5.463458267,4.466056258,898.1098641,0,0,0,0,0,0,0,0,344900,1535600,1880500,RESIDENTIAL A,1,NA
39052038,0,0,2922.220406,217.0802423,930.378439,926.04917,921.5347446,914.3539914,905.5045457,5.521291499,4.553431594,3.384787659,1.374151599,723.555541795,0,0,0,0,23.2577238242,29.2598688888,37.8659678667,53.0344339819,389400,1351300,1740700,RESIDENTIAL,1,NA
39052039,0,0,3013.877785,238.7093009,932.8148652,928.0823553,923.5680913,916.3875984,907.5384788,3.562468979,2.720830953,1.640167482,0.344648181,725.462745643,0,0,0,0,1.49948040881,3.19495562715,28.9099797234,40.2076002344,370400,1343300,1713700,RESIDENTIAL,1,NA
39052040,0,0,3689.577606,260.586736,952.9359616,949.4088039,944.894241,937.7132661,928.8635425,6.81003943,6.103654415,1.531542216,1.005892411,721.684129967,0,0,0,0,0,0,0.565364720829,16.0900680546,144500,1264800,1409300,RESIDENTIAL,1,NA
39052041,0,0,2681.972321,237.8773403,972.7305137,967.6165532,963.1027494,955.9229971,947.0748047,8.341847648,7.822152512,6.598262518,5.224108835,717.964580539,0,0,0,0,0,0,0.906666144163,11.6004942015,272000,1343300,1615300,RESIDENTIAL A,3,NA
39052042,0,0,3082.484436,239.3002499,986.7497875,981.6148131,977.1018954,969.9235697,961.0771639,2.550116547,1.69187175,0.320010971,0,720.347468663,0,0,0,0,35.6586920537,45.9221473857,61.6249254876,93.148429106,436100,1343300,1779400,RESIDENTIAL,1,NA
39052043,0,0,3413.421127,274.3095702,1005.650977,1000.515816,996.002749,988.824182,979.9774727,6.936838346,5.936708293,5.93665458,4.385467578,702.550845298,0,0,0,0,0,0,0,0.507366853895,140400,1321400,1461800,RESIDENTIAL,1,NA
39052044,0,0,3312.733116,268.3201582,1028.50612,1023.371672,1018.859178,1011.681532,1002.835975,7.792742842,7.313998049,6.065164354,4.920062592,750.566401111,0,0,0,0,0,1.09785945439,5.49927545638,21.2305836741,697400,1371900,2069300,RESIDENTIAL,1,NA
39052045,0,0,3423.410538,280.2327634,1040.141575,1035.008411,1030.496963,1023.321002,1014.477553,7.646305517,6.781951418,6.312096185,5.410127719,751.263404356,0,0,0,0,10.7271883785,20.3528307781,33.0809023154,46.9177454994,529500,1455200,1984700,RESIDENTIAL,1,NA
39052046,0,0,3672.627014,298.5192325,1056.918014,1051.78583,1047.27519,1040.100527,1031.258699,5.666340339,4.827283995,3.080275615,0.005871307,757.420031125,0,0,0,0,49.5886293617,60.2499291225,82.103857744,112.085327359,429900,1394100,1824000,RESIDENTIAL,2,NA
39052047,0,0,3511.565643,281.0426168,1073.875002,1068.741885,1064.230476,1057.054574,1048.211194,7.994320796,7.328808167,5.935529496,4.4155579,768.305771811,0,0,0,0,91.0922858384,101.948871169,117.9564745,132.534476025,566000,1396600,1962600,RESIDENTIAL,1,NA
39052049,0,0,3748.457809,263.4299923,1107.302145,1102.167775,1097.655341,1090.477791,1081.632347,6.192254667,5.966501154,3.980815715,2.983619779,766.25777528,0,0,0,0,145.463922539,150.465707691,179.82452561,197.180454889,360500,1394800,1755300,RESIDENTIAL A,1,NA
39052055,0,0,2048.791862,186.8352561,1232.605797,1230.044083,1228.678499,1221.49727,1212.647229,0.964972391,0.964953026,0,0,1023.34354451,0,0,0,0,210.835064387,232.952174796,285.896420328,375.398001226,332300,1464900,1797200,RESIDENTIAL A,1,NA
39057033,0,0,2991.646019,238.3124342,1990.022921,1985.051804,1979.877146,1972.22947,1963.397958,7.606616565,7.606616565,7.285786167,2.30247697,784.181476625,0,0,0,0,0,0,0,0,625000,1909500,2534500,RESIDENTIAL A,2,NA
39057040,0,0,3362.819168,266.4796885,2047.046623,2042.291287,2037.343515,2030.033603,2021.595793,7.380674845,7.380674845,7.127909548,0,751.213802887,0,0,0,0,0,0,0,0,382200,1910100,2292300,RESIDENTIAL,1,NA
39057041,0,0,2289.513519,211.6120686,2066.514391,2061.786434,2056.867363,2049.600018,2041.211581,12.08180474,12.08180474,11.30324327,10.42364497,707.538892118,0,0,0,0,0,0,0,0,197400,1882300,2079700,RESIDENTIAL,1,NA
39057043,0,0,2995.412521,241.253724,2103.972246,2099.361077,2094.564696,2087.479833,2079.303852,6.300539506,6.300539506,5.585656269,4.396709651,709.136776505,0,0,0,0,0,0,0,0,251800,1884400,2136200,RESIDENTIAL,1,NA
39057044,0,0,3318.136223,265.6902242,2111.606411,2107.0466500000002,2102.30432,2095.299943,2087.217807,7.486153538,7.486153538,0,0,709.137769555,0,0,0,0,0,0,0,0,238400,1884400,2122800,RESIDENTIAL,1,NA
39057045,0,0,1986.96315,179.2458879,2119.705394,2115.198758,2110.512278,2103.591052,2095.605853,12.01796999,11.98674554,9.422624631,8.480735991,709.138615311,0,0,0,0,0,0,0,0,525300,1884400,2409700,RESIDENTIAL,1,NA
39057046,0,0,2410.16153,223.0669536,2126.949995,2122.489736,2117.852003,2111.003346,2103.102735,11.96615678,11.96615678,11.27395491,9.878273447,737.972791857,0,0,0,0,0,0,0,0,639000,1865800,2504800,RESIDENTIAL,1,NA
39057047,0,0,4410.166466,296.2646426,2134.055468,2129.639715,2125.048758,2118.269727,2110.45026,4.231800999,3.443703545,2.21208606,0.882005331,696.872334533,0,0,0,0,0,0,0,0,788600,1875400,2664000,RESIDENTIAL,1,NA
39057049,0,0,3826.891273,290.5223046,2137.107975,2132.839889,2128.404236,2121.8566,2114.30715,3.07573723,3.07573723,3.07573723,1.372428858,701.088257856,0,0,0,0,0,0,0,0,198500,1877600,2076100,RESIDENTIAL A,1,NA
39057050,0,0,1497.619331,156.6356519,2140.100364,2135.85027,2131.433519,2124.91401,2117.397323,10.83851322,10.83851322,10.83851322,10.29594525,701.359692181,0,0,0,0,0,0,0,0,699600,1878100,2577700,RESIDENTIAL,1,NA
39057051,0,0,2591.494804,205.0821658,2148.558262,2144.35825,2139.99411,2133.552877,2126.127363,5.541081008,4.70885114,4.154089301,3.321921498,706.07400098,0,0,0,0,0,0,0,0,206800,1843700,2050500,RESIDENTIAL,1,NA
39057052,0,0,1522.170761,158.4271756,2156.812598,2152.660412,2148.346507,2141.980006,2134.641525,14.04161848,13.85338485,12.41376033,6.376503552,700.582939075,0,0,0,0,0,0,0,0,1758100,1877600,3635700,RESIDENTIAL,1,NA
39057053,0,0,3318.486984,248.5597248,2164.445088,2160.336254,2156.067877,2149.7691,2142.509478,5.517005338,5.386006471,4.588369024,2.558025416,700.13737472,0,0,0,0,0,0,0,0,278200,1877300,2155500,RESIDENTIAL A,1,NA
39057054,0,0,3090.710999,259.3520603,2164.301297,2160.285846,2156.115646,2149.963115,2142.874096,3.15531927,2.614499778,1.77313826,0,696.823974533,0,0,0,0,0,0,0,0,1629400,1876100,3505500,RESIDENTIAL,1,NA
39058025,0,0,2407.251518,215.7071707,2173.66167,2172.940477,2172.425853,2168.993584,2164.045173,10.20946789,10.17984781,0,0,717.940268891,0,0,0,0,0,0,0.628642652617,8.62130734276,587600,1889300,2476900,RESIDENTIAL,1,NA
39058026,0,0,2322.985405,220.6367474,2153.542263,2152.821248,2152.238903,2148.807169,2143.859534,9.546581538,8.54635951,4.232898591,4.092396164,697.124533834,0,0,0,0,0,0,1.43203146179,9.95605834635,721400,1875300,2596700,RESIDENTIAL,1,NA
39058028,0,0,5857.587494,411.4539249,2113.412494,2112.691758,2112.007567,2108.576619,2103.630123,3.76567534,3.093766214,3.024872447,1.818774452,697.122141503,0,0,0,0,0,0,0,0,820800,1875300,2696100,RESIDENTIAL,1,NA
39058029,0,0,2468.185165,222.8627056,2091.739684,2091.019135,2090.266309,2086.835907,2081.835938,11.06726702,10.37364949,10.37364949,8.115344713,697.113951999,0,0,0,0,0,0,0,0,584600,1875300,2459900,RESIDENTIAL,1,NA
39058030,0,0,2628.504364,235.5094886,2073.250452,2072.530086,2071.709463,2068.279615,2063.215218,7.870593896,7.644580397,2.106537953,1.3846768249999999,697.113983904,0,0,0,0,0,0,0,0,698700,1875300,2574000,RESIDENTIAL,1,NA
39058031,0,0,3158.339523,245.4704259,2050.093647,2049.373425,2048.503015,2045.073547,2039.969852,11.62769699,10.95628081,9.722154025,2.118601547,697.11257182,0,0,0,0,0,0,0,0,1096200,1875300,2971500,RESIDENTIAL A,1,NA
39058032,0,0,2810.602165,235.0936697,2030.881154,2030.160992,2029.27343,2025.844059,2020.736293,8.947825943,8.518520888,7.756008431,7.067505759,697.107270236,0,0,0,0,0,0,0,0,578500,1875300,2453800,RESIDENTIAL,1,NA
39058033,0,0,3011.821625,254.5652831,2023.165946,2022.445843,2021.537289,2018.108085,2012.982298,9.17713139,9.17713139,8.485870591,7.072269366,697.313669605,0,0,0,0,0,0,0,0,305200,1875500,2180700,RESIDENTIAL,1,NA
39058034,0,0,2667.377724,245.82897,1996.857508,1996.138092,1994.970867,1991.543962,1986.138637,6.501931666,6.008833561,0.519443189,0,695.353905818,0,0,0,0,0,0,0,0,825600,1875400,2701000,RESIDENTIAL,1,NA
39058035,0,0,3716.492271,294.7730846,1967.232404,1966.513135,1965.299523,1961.872956,1956.439535,7.978060775,7.978060775,7.978060775,6.186494001,697.098489091,0,0,0,0,0,0,0,0,731700,1875600,2607300,RESIDENTIAL,1,NA
39058037,0,0,3202.836021,278.5477897,1927.386651,1926.40956,1924.947451,1921.525676,1915.535792,4.552965245,4.552965245,3.835129481,0,935.14467881,0,0,0,0,0,0,0,4.68572778753,759000,1730700,2489700,RESIDENTIAL,1,NA
39058038,0,0,3321.822479,257.1297897,1907.093147,1906.056429,1904.578491,1901.157402,1895.098227,7.694739582,7.195564242,6.782692992,5.104087389,833.971317754,0,0,0,0,0,0,0,17.1743702734,314100,1785700,2099800,RESIDENTIAL A,1,NA
39058039,0,0,2582.83844,228.3112048,1889.249023,1887.95794,1886.436121,1883.018041,1876.626823,10.96258094,10.49884879,9.815778755,9.084386542,697.157557155,0,0,0,0,0,0,0,0,241500,1875300,2116800,RESIDENTIAL,1,NA
39058040,0,0,2847.450775,255.9788632,1872.829691,1871.361444,1869.838269,1866.422018,1859.837826,3.86965612,3.333163919,0.591830451,0,697.157431715,0,0,0,0,0,0,0.00671896958212,1.10374663047,519000,1875300,2394300,RESIDENTIAL,1,NA
39058041,0,0,2867.352798,269.7626255,1853.492641,1851.922636,1850.399911,1846.984672,1840.301077,0.848946134,0.386578181,0.286512202,0,697.152859026,0,0,0,0,0.10714396478,1.02920147012,3.55955990058,13.092707613,287500,1875300,2162800,RESIDENTIAL,1,NA
39058042,0,0,2226.412491,189.9845613,1826.356763,1824.522665,1823.001172,1819.588706,1812.625021,0,0,0,0,730.230270783,0,0,0,0,0,0,0,0,184500,1897600,2082100,RESIDENTIAL,1,NA
39058043,0,0,3544.760323,262.9109495,1802.944811,1800.782997,1799.263102,1795.854235,1788.533288,0,0,0,0,706.945962302,0,0,0,0,1.60009492863,1.60009492863,1.60009492199,1.6000949227,601400,1881900,2483300,RESIDENTIAL A,1,NA
39058045,0,0,2072.581619,207.4564232,1794.542565,1792.144542,1790.62718,1787.224007,1779.34648,10.00382697,10.00382697,10.00382697,10.00382697,1119.31671062,0,0,0,0,0,43.4327179254,171.686678196,237.918739678,409600,2158100,2567700,RESIDENTIAL,1,NA
39065008,0,0,2376.420944,220.8335033,2056.439694,2051.35614,2046.062651,2038.236948,2029.196214,10.17565925,9.61980005,8.785787187,0,722.367718015,0,0,0,0,262.778720182,275.745863045,302.885961124,374.23053124,171900,1887600,2059500,RESIDENTIAL,1,NA
39065009,0,0,3473.48893,241.7692488,2057.981138,2052.930157,2047.670973,2039.896434,2030.91548,6.326389396,5.809827611,5.186377455,0,713.964337716,0,0,0,0,240.110167147,257.177646065,281.640736659,391.493658966,1001500,1944300,2945800,RESIDENTIAL,1,NA
39065011,0,0,3574.167381,274.5446632,2082.422499,2077.49332,2072.362285,2064.778644,2056.02039,3.414978305,2.994962547,2.085767705,1.179323917,717.360169242,0,0,0,0,264.030989852,282.187998631,309.855125113,334.990398198,210800,1887600,2098400,RESIDENTIAL,2,NA
39065012,0,0,2552.770905,223.2218786,2096.718715,2091.807182,2086.694649,2079.138447,2070.412019,10.58804562,9.6701539,8.752262181,7.342891046,729.911604015,0,0,0,0,289.90976855,305.756253958,330.262812465,359.308008951,204700,1887600,2092300,RESIDENTIAL,1,NA
39065014,0,0,3046.402618,248.5148956,2113.196452,2108.348599,2103.303023,2095.846497,2087.236251,0.010790021,0,0,0,707.805481183,0,0,0,0,314.11516021,324.145838485,362.966288763,409.480260052,621600,1969300,2590900,RESIDENTIAL,1,NA
39065015,0,0,3376.288353,248.2459113,2125.472753,2120.657947,2115.647093,2108.24221,2099.692086,0.342607809,0.342607809,0,0,688.384917391,0,0,0,0,304.890629032,327.844718338,350.291419128,372.45598426,818000,2156800,2974800,RESIDENTIAL,1,NA
39065018,0,0,2817.207947,238.8667134,2163.162114,2158.458976,2153.565446,2146.335072,2137.988134,7.169368799,6.836504237,5.338509989,2.786456485,655.84533883,0,0,0,0,258.423762678,274.960862628,300.148153898,331.274036728,125200,1878800,2004000,RESIDENTIAL A,1,NA
39065024,0,0,3706.867126,284.0484239,2266.303764,2261.786192,2257.087323,2250.145953,2242.134695,5.170945476,4.221481853,3.541481145,1.593118636,791.311371087,0,0,0,0,326.715709377,335.893938661,354.952357136,381.314565933,574900,1927300,2502200,RESIDENTIAL,1,NA
39066126,0,0,3592.160172,249.7527616,2512.431194,2513.161039,2514.449242,2513.828315,2511.753639,3.417788801,2.875371862,1.682050461,0,787.517850364,0,0,0,0,0,0,0,0.174751610842,237700,1937700,2175400,RESIDENTIAL,1,NA
39068011,0,0,3789.46463,283.5983375,835.4819267,830.4302605,825.989329,818.9271412,810.2266709,1.834397861,1.834397861,0,0,811.587658251,0,0,0,0,0,0,0,0,538100,1359500,1897600,RESIDENTIAL,1,NA
39068012,0,0,3717.253838,273.137934,803.8993194,798.8189003,794.3528919,787.2502969,778.4991376,3.325096717,3.325096717,0,0,844.604929843,0,0,0,0,0,0,0,0,610000,1343700,1953700,RESIDENTIAL,1,NA
39068013,0,0,3561.901993,243.4244831,771.0127897,765.9178178,761.4391643,754.3161961,745.5394832,6.905197643,6.905197643,5.348724251,2.196184786,665.917436789,0,0,0,0,0,0,0,0,653500,1336200,1989700,RESIDENTIAL,1,NA
39068014,0,0,2391.260986,196.1020607,755.8243608,750.7229727,746.2387561,739.1068177,730.3188422,3.251212741,3.251212741,1.374447561,0,574.419687397,0,0,0,0,0,0,0,0,1146700,1225600,2372300,RESIDENTIAL,1,NA
39068015,0,0,4318.26738,273.7914017,738.5100662,733.4016851,728.9114175,721.7697171,712.9694753,2.214664068,2.214664068,0.117549157,0,555.549153177,0,0,0,0,0,0,0,0,282600,1210000,1492600,RESIDENTIAL A,1,NA
39068017,0,0,4037.582382,362.4120432,699.1727067,694.0524878,689.5520269,682.3938713,673.5729352,3.335989853,2.335847082,0,0,603.37132835,0,0,0,0,0,0,0,0,166600,1287100,1453700,RESIDENTIAL,1,NA
39068019,0,0,3825.528511,252.0182367,662.8173135,657.7131018,653.2264884,646.090779,637.2982342,3.716095697,3.230588302,2.808454785,1.951182103,556.701086388,0,0,0,0,28.1753077181,39.6372591749,53.6581893658,87.6895852976,0,100,100,RESIDENTIAL,1,NA
39068020,0,0,3666.527725,296.6989537,642.8326457,637.7416749,633.2666016,626.1496154,617.3807832,0,0,0,0,560.302023451,0,0,0,0,26.394822678,45.9163357964,101.674741918,126.194907375,579900,1227800,1807700,RESIDENTIAL A,1,NA
39068021,0,0,3815.034866,282.2702675,633.7111345,628.6346296,624.172205,617.0757336,608.3328721,2.37291211,0.435932716,0,0,517.219348457,0,0,0,0,64.9817913765,82.4227954561,122.769623242,154.205523461,231100,1210000,1441100,RESIDENTIAL,1,NA
39068023,0,0,2844.603447,321.7349167,623.8080259,618.7538873,614.3110795,607.2464303,598.5438647,1.533373564,1.031757739,0.530223031,0,530.344347988,0,0,0,0,116.953879199,124.013114556,159.445350178,190.144845236,312200,1210000,1522200,RESIDENTIAL,1,NA
39068024,0,0,2431.077293,220.0643021,608.2313898,603.224981,598.8241865,591.8277173,583.2115341,2.521939039,1.873125099,1.118425391,0,574.130122182,0,0,0,0,109.18263906,116.342312046,169.170572348,211.598475833,260500,1210100,1470600,RESIDENTIAL,1,NA
39068025,0,0,2447.266098,208.3800904,597.3910187,592.4085934,588.0289771,581.0669202,572.4944148,0,0,0,0,518.526750631,0,0,0,0,127.523369682,134.368698191,155.805322315,193.978093967,2209000,1805100,4014100,RESIDENTIAL A,1,NA
39068027,0,0,3918.817116,274.1486859,588.1901622,586.9893455,582.6601595,575.7799311,567.3110816,2.218705064,1.721308672,1.077866358,0,1023.36388548,0,0,0,0,9.5741802183,17.5772136153,32.7941624887,67.3868787207,798500,2161200,2959700,RESIDENTIAL,1,NA
39068099,0,0,2067.066673,189.2844125,949.9471113,950.5013203,946.1476352,939.225698,930.7005908,3.244392677,2.739711667,1.876200318,1.012688964,585.699226789,0,0,0,0,0,0,0,0,400300,1267400,1667700,RESIDENTIAL,1,NA
39068100,0,0,2539.473907,212.6763729,917.3334973,916.2558204,911.8870806,904.9410161,896.385869,5.530054408,5.530054408,5.530054408,5.530054408,607.438615073,0,0,0,0,0,0,0,0,303700,1196000,1499700,RESIDENTIAL,1,NA
39068101,0,0,3062.107468,245.3427931,900.2983081,898.3141012,893.9372992,886.9783066,878.4070505,4.900198788,4.900198788,4.900198788,4.163365664,580.714587558,0,0,0,0,0,0,0,0,232400,1157300,1389700,RESIDENTIAL,1,NA
39068102,0,0,2776.71904,212.9317162,882.5962062,879.6270242,875.2417067,868.2690531,859.6807644,3.953414536,3.953414536,3.953414536,3.953414536,611.637193821,0,0,0,0,0,0,0,0,530900,1210000,1740900,RESIDENTIAL,1,NA
39068103,0,0,2755.471931,211.4646009,867.2633834,863.4032138,859.0104129,852.0257488,843.4224767,6.872523275,6.872523275,6.872523275,5.687765893,607.810187728,0,0,0,0,0,0,0,0,223800,1210800,1434600,RESIDENTIAL,1,NA
39068106,0,0,2398.505692,219.7337859,837.8508445,832.8378184,828.4307224,821.423102,812.7911672,7.9630575199999996,4.598553909,3.882990512,3.19254302,646.318719529,0,0,0,0,0,0,0,0.0237667667295,1685400,1302100,2987500,RESIDENTIAL,1,NA
39095006,0,0,3919.568001,258.5432708,1486.661055,1485.933834,1486.617033,1485.231602,1480.250371,2.435630976,2.435630976,1.805291323,1.451502214,700.920867688,0,0,0,0,0.0820184057809,0.0820184055242,1.51233135789,3.58585522384,693800,2061800,2755600,RESIDENTIAL,1,NA
39095009,0,0,2978.260803,229.2254293,1498.756167,1498.027742,1498.711872,1498.080275,1493.116843,3.210194301,2.210023598,0,0,1067.13090154,0,0,0,0,29.9196830149,40.8139661402,52.6625800351,90.3930839858,603100,2152600,2755700,RESIDENTIAL,1,NA
39095012,0,0,4007.654457,286.8375241,1533.170484,1532.441155,1533.125962,1532.49374,1528.181028,3.696271373,3.311059368,2.763150789,0,874.348850419,0,0,0,0,134.932234113,138.139249997,152.270316348,188.71121099,715800,2076700,2792500,RESIDENTIAL,1,NA
39095013,0,0,9045.605476,463.8596998,1565.517341,1564.787701,1565.472735,1564.840303,1560.764158,2.595432794,1.59979194,0.587899065,0,890.209898047,0,0,0,0,128.670837836,134.434268856,140.30365297,155.797931916,622300,1997800,2620100,RESIDENTIAL,1,NA
39095036,0,0,3546.788338,246.9692456,1617.682754,1616.952724,1617.638037,1617.005348,1613.243373,3.357975799,2.917899517,2.613826522,1.80095945,699.918765768,0,0,0,0,248.89483813,258.40195005099997,265.332553106,279.553988385,345900,1877700,2223600,RESIDENTIAL,1,NA
39095037,0,0,4096.716316,260.8639273,1635.993484,1635.263476,1635.948774,1635.316098,1631.525336,3.234565707,3.189141915,2.501894854,1.77558404,705.388040414,0,0,0,0,254.430904731,260.905300983,267.907652418,279.181745138,747700,1875200,2622900,RESIDENTIAL A,1,NA
39095038,0,0,3491.402039,260.1284512,1655.93143,1655.201445,1655.886726,1655.254066,1651.432685,3.685534117,3.644484479,3.066777956,2.612896112,704.310017857,0,0,0,0,256.499497016,260.538754514,272.15427219,284.891535406,360400,1877800,2238200,RESIDENTIAL,1,NA
39095039,0,0,3581.972809,248.5826006,1677.89506,1677.165099,1677.850363,1677.217719,1673.363455,3.627660516,3.627660516,3.056594359,2.941798822,683.276635527,0,0,0,0,244.241620589,255.316167296,266.513805286,277.573416997,738400,1877800,2616200,RESIDENTIAL A,1,NA
39095040,0,0,4254.859962,267.7723904,1697.188825,1696.458885,1697.144134,1696.511504,1692.629059,3.629558727,3.629558727,2.93364129,2.216550734,714.795883967,0,0,0,0,247.182834999,255.101177139,263.732878391,277.038179402,331400,1879200,2210600,RESIDENTIAL,1,NA
39095041,0,0,2975.285919,240.2763292,1717.916561,1717.186643,1717.871877,1717.239261,1713.327249,3.91270352,3.158856923,3.158856923,2.511767019,698.18523988,0,0,0,0,208.496741887,218.525147864,230.095339961,243.404146508,341600,1841900,2183500,RESIDENTIAL A,1,NA
39095044,0,0,3838.244011,258.2569266,1776.130525,1775.400078,1776.08568,1775.452724,1772.01767,0.439506633,0,0,0,724.286055018,0,0,0,0,237.041028029,249.566830815,264.65077728,278.401466491,438500,1892900,2331400,RESIDENTIAL,1,NA
39095045,0,0,3986.779053,256.8227563,1795.104189,1794.373764,1795.059351,1794.426409,1790.960697,0,0,0,0,816.840426803,0,0,0,0,279.31584274,292.101922582,307.342069075,324.348010832,503400,1885600,2389000,RESIDENTIAL,2,NA
39095046,0,0,3343.178749,267.399527,1815.508183,1814.777783,1815.463353,1814.830426,1811.332464,3.909542423,3.503173728,3.125660186,2.094759915,700.382496419,0,0,0,0,231.639982212,237.860541894,257.175157582,276.496395936,1244900,1877300,3122200,RESIDENTIAL A,1,NA
39096001,0,0,3606.99646,252.1759455,1836.916401,1836.185996,1836.87157,1836.23864,1832.736628,1.979615453,0.557893234,0,0,695.95883818,0,0,0,0,240.18847034,247.378894514,255.938403881,270.629044521,341400,1875500,2216900,RESIDENTIAL A,1,NA
39096004,0,0,3279.84343,266.4546894,1900.022834,1899.292408,1899.977996,1899.345053,1895.839596,0.577769939,0.077148383,0,0,744.468063031,0,0,0,0,200.335402672,243.395028045,276.919828328,393.752049269,731000,1910400,2641400,RESIDENTIAL,1,NA
39096005,0,0,4662.768791,281.8977809,1914.819401,1914.088553,1914.774421,1914.141219,1911.085502,2.895802747,2.202057217,1.065790455,0,809.55856821,0,0,0,0,238.850403875,258.799334911,276.062482463,290.106913723,819000,1935200,2754200,RESIDENTIAL A,1,NA
39096006,0,0,3201.786667,235.7102824,1940.111145,1939.380378,1940.066193,1939.43304,1936.274856,0,0,0,0,930.639607349,0,0,0,0,251.608580952,267.708143195,303.737829814,342.636707239,1460500,2011800,3472300,RESIDENTIAL,1,NA
39096008,0,0,3967.94899,278.7857507,1979.678319,1978.947241,1979.633254,1978.999919,1976.197641,12.4524757,2.720445324,0.593221263,0,730.423323304,0,0,0,0,0,0,0,0,374900,1920900,2295800,RESIDENTIAL,1,NA
39096049,0,0,2748.708778,237.7377844,2059.572527,2058.840352,2059.526818,2058.893065,2056.811799,2.178522097,1.690713663,1.403288405,0.771679466,784.905095314,0,0,0,0,157.272051533,188.984784826,218.329381973,267.078052411,549400,2018300,2567700,RESIDENTIAL,1,NA
39096050,0,0,3822.088074,253.9727429,2064.049268,2063.317056,2064.003493,2063.369767,2061.288591,5.073509896,5.071734546,4.110297188,0.45011654,746.111621331,0,0,0,0,139.956982401,144.950387339,153.761635957,175.264753032,360400,1886600,2247000,RESIDENTIAL,1,NA
39102058,0,0,3704.096573,247.8013054,2360.78202,2361.082254,2361.962403,2361.329745,2359.252074,2.815140072,2.815126578,1.814937067,0,740.747744336,0,0,0,0,38.2504127682,49.9335055635,56.9359417852,82.7766415457,1039200,1889400,2928600,RESIDENTIAL,1,NA
41001002,21.32410171,-157.6779352,2225.329247,219.1772486,20.27447461,14.13112222,8.566016493,0,0,666.3361072,658.1473673,653.178486,628.4211567,1847.30876387,0,0,0,196.781136857,0,0,0,0,274800,3500100,3774900,RESIDENTIAL,1,2075
41001003,21.32419855,-157.6781019,3890.441307,378.4035885,17.55934491,11.92307631,6.912807266,0,0,645.2097223,637.0140873,632.0452755,607.260275,1549.45933447,0,0,0,100.570719265,0,0,0,0,332700,3242700,3575400,RESIDENTIAL A,1,2075
41001004,21.32421899,-157.6782723,4793.505699,359.1198507,16.21572052,11.41536834,7.462125856,0.181968696,0,628.2405045,620.0431492,615.0743424,590.2968712,1365.12448392,0,0,0,74.4527229751,0,0,0,0,1836100,3099500,4935600,RESIDENTIAL A,1,2075
41001005,21.32429537,-157.6784618,1532.836311,194.6711404,17.6532332,13.60570034,10.48742497,4.643934636,0,611.3264492,603.1123498,598.14431,573.3272676,1542.92901279,0.0111793934449,15.4839861396,115.425401827,259.228579697,0,0,0,0,355500,2840800,3196300,RESIDENTIAL,1,2100
41001006,21.3235155,-157.6772599,4946.835495,379.4997143,10.92501155,4.575405293,0,0,0,756.8001552,748.6433565,743.6755609,718.9807814,1134.57701328,0,0,94.0070416749,355.875406662,0,0,0,0,632000,2983700,3615700,RESIDENTIAL A,1,2050
41001008,21.3237551,-157.6775338,1717.006416,174.3478004,20.39052292,13.13662374,6.072340938,0,0,722.5895018,714.4251765,709.4569391,684.7443786,1912.82702265,0,0,163.273653648,520.432994257,0,0,0,0,622000,2262400,2884400,RESIDENTIAL A,2,2075
41001009,21.32377082,-157.6778427,1710.488464,170.521395,42.70717907,35.46706317,28.36954458,17.50767962,4.281691405,698.1028586,689.9487669,684.9812984,660.3091652,1837.6599756,0,0,52.5116939264,358.62530841,0,0,0,0,720100,3500100,4220200,RESIDENTIAL,1,NA
41001011,21.32316368,-157.6769354,1930.329605,194.9077769,17.86423987,12.3680765,7.597153162,0,0,779.1006652,778.5718017,777.6895744,765.1974208,933.489773095,0,0,2.80452970307,264.50210268,0,0,0,0,506900,2240000,2746900,RESIDENTIAL,1,2075
41001012,21.32327819,-157.6771482,718.1956406,103.0653151,27.097144,21.27960823,16.11643554,7.738173395,0,782.7402832,774.6479456,769.687832,745.1719644,1079.53886737,0,0,56.6790716077,313.905060134,0,0,0,0,192700,2683900,2876600,RESIDENTIAL A,1,2100
41002002,21.32547935,-157.6817597,5418.235161,404.7015184,16.35203589,10.14292299,3.861230573,0,0,240.7703926,232.6975572,227.7419456,203.3440761,1395.28426064,0,6.77814885627,229.476417773,537.039182065,0,0,0,0,3755200,3160000,6915200,RESIDENTIAL A,1,2075
41002003,21.32536021,-157.6816384,1002.832222,131.7110345,39.09549917,33.03576846,26.93029858,17.81517751,7.22757956,263.3916059,255.3149502,250.3584678,225.9401462,1330.0498738,0,0,24.6179512141,242.390194006,0,0,0,0,99400,3100300,3199700,RESIDENTIAL,1,NA
41002004,21.32549591,-157.6812903,2094.849037,222.8643245,15.93257401,12.31477663,9.902350895,5.102711393,0,283.7950784,275.5924457,270.62373,245.8484931,919.507484596,0,0,0,20.9932682017,0,0,0,0,92100,2248400,2340500,RESIDENTIAL,1,2100
41002005,21.32527955,-157.6812798,786.6915894,134.659768,37.60041108,34.04770291,31.73820494,27.0586838,20.30578123,297.3187036,289.2080964,284.2458288,259.7196192,5220.39499887,0,0,0,112.872939274,0,0,0,0,858300,5981600,6839900,RESIDENTIAL A,1,NA
41002009,21.32473516,-157.6791963,1961.756088,191.84638,18.43094109,14.22699967,11.10138006,5.216043718,0,519.9641997,511.7295397,506.7638431,481.9008372,1794.05572053,0,0,0,117.635402141,0,0,0,0,967800,3418800,4386600,RESIDENTIAL A,2,2100
41002016,21.32455832,-157.6790391,2494.037277,237.1257353,19.29876953,15.2509414,12.32109204,6.69270002,0,545.3109465,537.0906844,532.1231558,507.2928217,1744.94065144,0,0,2.94467171474,151.939024271,0,0,0,0,226500,3443900,3670400,RESIDENTIAL,1,2100
41002017,21.32445388,-157.6788501,626.0033951,103.2472183,24.05027172,20.01681741,17.10355764,11.5058492,3.690406082,568.6609404,560.4546219,555.4861093,530.6883035,1869.92869811,0,0,49.8561394788,216.437016425,0,0,0,0,155300,3418900,3574200,RESIDENTIAL,1,NA
41002018,21.32439068,-157.6787493,4115.471115,397.4335258,12.79769416,8.658992036,5.626945908,0,0,577.7140041,569.5127011,564.5439933,539.7580429,1397.63672116,0,0,59.2549505737,174.779665242,0,0,0,0,226600,3099800,3326400,RESIDENTIAL A,3,2075
41002020,21.32442352,-157.6785239,472.653801,95.93191268,10.5044184,6.421764347,3.488594248,0,0,601.2417572,593.0155401,588.0486724,563.2036859,811.17758874,0,0,33.443132229,134.006836753,0,0,0,0,105400,2146000,2251400,RESIDENTIAL,1,2075
41016020,21.3291486,-157.6929404,169.3641586,57.62602467,187.335396,183.7801362,180.820797,175.4037953,168.245225,0.108444678,0,0,0,2104.87615269,0,0,0,0,176.552408019,178.553100587,182.070733823,200.90768385,70100,1351500,1421600,RESIDENTIAL,1,NA
41016081,21.32681196,-157.6863038,3573.177727,282.4554765,39.53655992,34.14607209,28.9256637,20.66586414,10.61023122,240.9322755,229.8376793,218.8550789,114.633614,1481.00634182,0,0,0,0,0,0,0,0,313900,1206900,1520800,RESIDENTIAL,1,NA
41016082,21.32678288,-157.686109,1536.886353,171.1301386,37.8034503,32.25885966,26.91392621,18.49940678,8.286086969,223.2833901,212.1880955,201.1887176,97.55982683,1153.10888987,0,0,0,0,0,0,0,0,63700,1079200,1142900,RESIDENTIAL,1,NA
41016083,21.32669374,-157.685883,4882.951859,308.8007526,30.15560808,24.51496127,19.02824291,10.39787018,0,192.1065733,181.0120297,170.0080068,66.99700436,925.348216221,0,0,0,0,0,0,0,0,747400,983400,1730800,RESIDENTIAL,1,2100
41016085,21.32698107,-157.6867275,4858.84565,388.4231427,30.28824778,25.35812968,20.66583522,13.03685662,3.60296648,282.3017199,271.2529832,260.3832605,155.1624688,1323.72867437,0,0,0,0,0,0,0,0,450100,1143800,1593900,RESIDENTIAL,1,NA
41017014,21.32653871,-157.6855765,1662.544434,168.6019595,36.17087165,30.27508608,24.58231253,15.71916531,5.010662206,166.3895481,155.358837,144.3474359,48.49037842,902.492340522,0,0,0,0,0,0,0,0,61000,977100,1038100,RESIDENTIAL,1,NA
42002003,21.38382843,-157.7369658,372.3435516,78.12718264,1825.459976,1825.191723,1834.495185,1828.818698,1824.897798,2.603051882,0,0,0,321284.250679,0,0,0,0,308910.754555,311023.38226,314301.978721,316195.769069,0,1100,1100,RESIDENTIAL,1,NA
42002050,21.37728189,-157.7379044,211.878685,59.76378581,2536.13043,2528.831873,2520.830779,2508.856727,2494.869453,0,0,0,0,68068.7122787,0,0,0,0,31533.8441426,38895.5326273,49377.0665221,52106.5472317,663000,1050000,1713000,RESIDENTIAL,1,NA
42018054,0,0,2327.790573,285.2537601,305.2226218,298.8967192,292.3229895,282.1262169,269.8962315,0.442749263,0.415857643,0.415857643,0,896.804731734,0,0,0,0,207.959217874,220.964041147,236.555712382,259.55140666,719500,1564900,2284400,RESIDENTIAL,1,NA
42019044,21.39096048,-157.730343,3919.484283,285.7984883,832.2622285,825.015078,817.0734955,805.1907134,791.3135707,10.01387722,9.420667702,8.103550944,0,1017.35629912,0,0,0,0,0,0,0,794.489162577,819700,1520300,2340000,RESIDENTIAL,1,NA
42047052,21.38569675,-157.7272255,4049.188919,372.8960414,1183.01749,1179.699111,1176.824925,1171.316564,1163.542702,8.018597437,7.581586012,7.256881237,0,934.415828988,0,0,0,0,0,0,0,101.289665319,1287500,1630000,2917500,RESIDENTIAL,1,NA
42048043,21.39063191,-157.7291712,3817.074265,291.3208814,809.563002,802.2642509,794.2629808,782.2886724,768.301114,6.586861474,5.188208888,0,0,766.775003944,0,0,0,0,0,0,0,0.0811988339579,527500,1504400,2031900,RESIDENTIAL,1,NA
42049024,21.3801551,-157.7318025,416.3958054,89.92286949,1942.886914,1939.315419,1935.234919,1927.735524,1918.182668,1.13940701,0.603839882,0.549666632,0,920.138819098,0,0,0,0,48.7023394111,62.2083916434,76.2136119008,94.5844801085,290900,1494100,1785000,RESIDENTIAL,1,NA
42049025,21.38001731,-157.7320213,202.3218155,60.47473262,1969.486184,1965.636165,1961.512655,1953.906566,1944.348086,1.593327557,0.761415883,0,0,946.596673698,0,0,0,0,84.1434762093,101.420723004,138.080223616,161.796024308,199900,1494100,1694000,RESIDENTIAL,1,NA
42049031,0,0,1492.991829,162.614181,2046.998809,2042.441505,2037.76704,2026.164684,2012.552884,0.018111032,0,0,0,1886.84137897,0,0,0,0,178.082301534,223.62748636,281.032959798,372.202270159,950300,1957200,2907500,RESIDENTIAL A,1,NA
42050003,21.38054632,-157.7293062,2981.562988,298.1452342,1799.056034,1795.753467,1792.892742,1787.41016,1779.995505,73.91402896,59.73183586,0,0,703.60677016,0,0,0,0,0,0,60.9630086335,95.8035907605,700500,772200,1472700,RESIDENTIAL A,2,NA
42050034,21.37756351,-157.7319357,4531.476845,383.9213294,2199.422311,2196.086606,2193.19762,2186.679753,2177.585159,0,0,0,0,939.450157063,0,0,0,0,0,1.82438361378,57.2161587745,107.322862283,395200,1356400,1751600,RESIDENTIAL,1,NA
42050039,21.37833227,-157.7317918,4252.170403,309.0796772,2136.101228,2132.76334,2129.872508,2123.097172,2113.877444,1.213496387,0.620220749,0.304189186,0,968.962498103,0,0,0,0,136.954220734,161.863640309,179.817140205,202.848587776,417300,1521900,1939200,RESIDENTIAL,1,NA
42052043,21.38621564,-157.7317875,2886.187943,290.8836507,1354.081002,1346.788778,1338.794239,1326.830151,1312.854755,245.1355339,244.3523044,244.0401826,0,806.629945958,0,0,0,0,0,0,0,3.24386605559,168900,1285600,1454500,RESIDENTIAL,1,NA
42058065,21.37861625,-157.7336732,3337.340523,298.0634128,2177.394702,2172.897048,2168.318224,2160.675897,2147.094258,4.799547078,0,0,0,910.128028905,0,0,0,0,0,7.9858367245,17.4658918577,28.2926854077,186000,1473100,1659100,RESIDENTIAL,1,NA
42058069,21.37918684,-157.7344113,3573.123367,328.5249769,2161.23507,2156.103478,2148.392573,2136.766639,2123.126801,0.771593583,0,0,0,941.342678661,0,0,0,0,0,0,0,21.884496335,236100,1485100,1721200,RESIDENTIAL A,1,NA
42058070,21.3792562,-157.7346261,2914.288864,230.461645,2167.814669,2160.79748,2153.080558,2141.445468,2127.794762,0,0,0,0,1044.60984592,0,0,0,0,2.7949216987,4.06287578583,16.1244556795,80.942988438,130600,1419000,1549600,RESIDENTIAL,1,NA
42058071,21.37921299,-157.7348754,3321.13118,263.5364568,2189.698949,2182.578196,2174.854286,2163.208561,2149.545228,0,0,0,0,845.510389586,0,0,0,0,14.5994401163,24.8918309509,44.4904145646,69.3645545461,372900,1472400,1845300,RESIDENTIAL,1,NA
42058073,21.37896699,-157.7352078,3919.958038,308.3917317,2231.874809,2224.750604,2217.023048,2205.371775,2191.701854,8.056976283,7.609948765,6.993443695,0,815.085733896,0,0,0,0,0,0.179260876221,7.02616789816,66.1623738031,690200,1452900,2143100,RESIDENTIAL,1,NA
42061009,21.38015126,-157.73576,4201.092766,380.9570955,2142.639728,2135.343677,2127.345104,2115.374862,2101.392096,6.77251061,5.824430717,4.354222133,0,963.318238471,0,0,0,0,60.8257779346,86.0370462174,134.472891923,246.735205868,726500,1534600,2261100,RESIDENTIAL A,1,NA
42061013,21.38098079,-157.7354401,3882.243454,310.2732572,2052.141895,2044.844612,2036.844779,2024.872634,2010.887619,1.722534586,0.722484991,0.705808875,0,1031.58812237,0,0,0,0,112.723179104,135.664566298,163.96801476,198.63908603,331300,1539200,1870500,RESIDENTIAL,1,NA
42061014,21.38122882,-157.7354297,4028.03833,292.9662592,2015.993904,2008.695016,2000.693616,1988.719102,1974.731286,0,0,0,0,984.835474668,0,0,0,0,103.900776444,125.909032053,148.533935848,178.175888737,441400,1539300,1980700,RESIDENTIAL,1,NA
42061016,21.38160862,-157.7356503,2738.599289,220.1040251,1999.663542,1992.36478,1984.363861,1972.390072,1958.403115,5.554570229,0,0,0,971.667734889,0,0,0,0,0.0438498432856,27.7548112115,60.9133598463,105.992479608,377300,1522600,1899900,RESIDENTIAL,1,NA
42061024,21.38112,-157.7374976,170.28479,57.51806642,2131.300078,2130.902131,2137.41206,2132.875939,2121.368959,3.120007644,1.945929562,0.945944244,0,962.081478249,0,0,0,0,0,0.651949239498,9.043895127,21.4785533567,717300,1522000,2239300,RESIDENTIAL,1,NA
42061025,21.38094031,-157.7376786,305.7906647,69.57368392,2152.880728,2152.516047,2159.247645,2154.609181,2143.885024,0,0,0,0,943.110598632,0,0,0,0,7.64153699108,24.8885505345,51.6068317168,93.5280259259,462600,1522600,1985200,RESIDENTIAL,1,NA
42061030,21.37997137,-157.7378729,4362.949867,352.6559872,2264.361831,2263.968578,2270.423155,2263.218109,2249.254576,2.004327069,2.004327069,0.029932417,0,995.352539267,0,0,0,0,112.232962668,157.79180983,198.356320325,244.656444718,313200,1519600,1832800,RESIDENTIAL,1,NA
42061032,21.37955975,-157.7378962,3716.522232,293.6359953,2306.613173,2306.200298,2312.048457,2300.807876,2286.836865,8.409077657,3.084862588,0.33971093,0,944.926425012,0,0,0,0,125.694685904,167.029104958,203.491435627,246.523376831,569400,1508600,2078000,RESIDENTIAL,1,NA
42075008,21.3888236,-157.7329833,4566.872299,429.6968121,1182.084121,1179.830416,1178.150133,1172.446014,1160.234222,11.07345813,10.41742234,10.07803163,0,976.866470033,0,0,0,0,2.72315242408,14.7922073296,27.4033763494,128.884268296,641500,1597400,2238900,RESIDENTIAL,1,NA
42076004,21.38276883,-157.7341385,4783.626991,312.6031162,1817.923263,1810.624735,1802.62367,1790.649663,1776.662449,2.240977184,1.570257008,0.82828885,0,996.49162139,0,0,0,0,125.126595411,133.741069532,160.988040437,186.796383941,703500,1549600,2253100,RESIDENTIAL,1,NA
42076005,21.38296115,-157.7341278,4320.254799,286.8527993,1800.162301,1792.863767,1784.862697,1772.888682,1758.901459,8.156757982,7.844128454,0,0,984.92055812,0,0,0,0,90.448738128,121.844721791,257.6628869,304.194093838,579400,1554800,2134200,RESIDENTIAL,1,NA
42076006,21.38308391,-157.7342647,319.5097656,81.27247026,1793.315534,1786.016375,1778.014751,1766.039898,1752.05168,0,0,0,0,995.29161952,0,0,0,0,16.7124297945,29.3420308558,59.5095885341,95.8966928605,274800,1508000,1782800,RESIDENTIAL,1,NA
42076009,21.38370648,-157.7341302,4054.531578,327.0887499,1731.576427,1724.277555,1716.276494,1704.302492,1690.315285,3.652246422,0,0,0,1056.64368985,0,0,0,0,25.7482764824,51.0871682531,82.3586261167,135.821205901,220700,1573200,1793900,RESIDENTIAL,1,NA
42076061,21.38176202,-157.7340391,2307.595261,212.2150017,1913.123809,1905.835331,1897.844743,1885.886584,1871.918135,13.14540082,12.62396302,10.46954078,0,887.87872282,0,0,0,0,89.7822953043,105.769441689,137.55022599,380.55947664,554000,1397100,1951100,RESIDENTIAL,1,NA
42077038,21.38566294,-157.7360226,2925.291687,253.1939459,1595.50165,1595.222491,1603.2868,1597.909551,1594.444861,86.20909834,81.92361342,80.92337142,0,747.185071421,0,0,0,0,0,0,0,20.724640298,185400,1259300,1444700,RESIDENTIAL A,1,NA
42077103,21.3851751,-157.7357978,3352.664925,334.941039,1659.648991,1659.234723,1664.90934,1660.666314,1657.082136,12.57823619,10.57786318,10.57787306,0,1009.43856059,0,0,0,0,96.496808806,103.558733552,123.016471267,286.729495301,40200,1531400,1571600,RESIDENTIAL,1,NA
42081006,0,0,685.5046692,152.6625898,1723.571277,1723.279512,1730.972159,1725.79722,1722.461616,10.48294164,2.771882034,1.246486156,0,819.156467244,0,0,0,0,0,1.06954370914,5.91342311108,16.1719514637,1055400,1470800,2526200,RESIDENTIAL,1,NA
42081008,0,0,613.0842056,122.2892616,1797.309881,1797.029111,1805.537125,1800.074197,1796.400892,0.549640185,0.549640185,0.135392433,0,1071.6350145,0,0,0,0,40.2586746696,43.5574931489,73.3344288711,173.668154887,980800,1541800,2522600,RESIDENTIAL,1,NA
42083062,21.37645526,-157.738515,4808.29258,327.9678393,2646.601634,2639.302551,2631.300984,2619.326217,2605.338101,0,0,0,0,631.910136787,0,0,0,0,0,0,0,0.24955094916,429200,1332700,1761900,RESIDENTIAL,1,NA
42083063,21.37619348,-157.7386113,3427.033508,273.3031881,2679.464454,2672.16553,2664.164098,2652.189534,2638.201657,0.894151039,0.74298678,0,0,715.380246081,0,0,0,0,0.412315765784,5.79600926072,11.4153289666,28.1506253113,255700,1286700,1542400,RESIDENTIAL,1,NA
42083072,21.3745265,-157.7378997,548.2023926,101.6798356,2800.922358,2793.79863,2786.071567,2774.421021,2760.751929,17.82656383,1.546350167,0.185623936,0,875.964550539,0,0,0,0,0,23.2575842306,50.4764336411,77.3338928985,234400,1246700,1481100,RESIDENTIAL,1,NA
42089103,21.37781527,-157.7403135,2236.965874,219.4183535,2563.375966,2566.184455,2579.384233,2572.905116,2567.510454,1.580624612,0.96025888,0.266810217,0,569.474438816,0,0,0,0,37.7658339134,61.3820176909,84.7091570993,116.831912621,592000,1022100,1614100,RESIDENTIAL,1,NA
42089120,21.37547845,-157.7398427,1966.17189,194.3228475,2792.764743,2792.44913,2789.915009,2777.940852,2763.953455,10.85112418,9.86367871,0.811158981,0,541.603730008,0,0,0,0,0,0,29.528007162,58.0830619373,622400,1070100,1692500,RESIDENTIAL,1,NA
43001004,21.38109631,-157.7085688,4706.075653,318.3853777,14.86777324,7.743056423,0.031754803,0,0,13.21964569,13.0100019,12.07291896,11.37393733,958.991718835,0.582182324991,60.303548024,307.305323778,581.773691322,0,0,0,0,124800,3123700,3248500,RESIDENTIAL,2,2050
43001014,21.38126446,-157.7085106,1368.775047,153.1180412,7.763650727,0.663181734,0,0,0,5.30320272,5.30320272,4.740606375,3.988764736,890.978697219,45.0225408301,209.215335633,440.893823506,696.921908118,0,0,0,0,143400,4941300,5084700,RESIDENTIAL A,1,2030
43001016,21.38062779,-157.7080912,4829.922173,333.8706072,20.9903544,18.11678726,16.31547912,12.8144868,8.158937117,18.83153334,18.83153334,18.77008507,17.83491943,1253.89277796,0,0,0,0,0,0,0,0,3998400,1632700,5631100,RESIDENTIAL,2,NA
43001018,21.38077633,-157.7085555,12818.312,614.3261512,22.60577718,19.46024466,16.05088637,10.30726258,1.541600096,15.9095652,15.9095652,15.0480256,14.5106286,2067.24741555,0,0,1.67785488383,10.7507911164,0,0,0,0,3384900,5555300,8940200,RESIDENTIAL,2,NA
43003061,0,0,4597.013611,329.3668459,46.39187588,36.03048973,23.13127639,6.011619553,0,42.61716265,41.65703621,40.69872109,39.10457617,1074.56302727,28.488336634,64.0294628075,142.462263258,492.081813621,58.8302195796,58.8302195796,61.0682930268,61.3853986207,1412600,2574800,3987400,RESIDENTIAL,1,2100
43003063,21.38369784,-157.7095937,5215.984108,404.0034271,10.17444433,0,0,0,0,9.679207821,9.679207821,9.022382284,2.382202023,3812.31747776,342.187352388,766.601434698,1333.45199214,1934.31986556,1099.53727501,1122.55408278,1159.59467113,1365.97630891,118800,4335900,4454700,RESIDENTIAL A,1,2030
43003064,21.38320308,-157.7093931,7475.615364,410.366237,13.20033743,4.190166738,0,0,0,12.93946506,12.93946506,12.00206444,10.71587046,1794.98198731,17.3866741348,223.454592415,510.883165197,826.907311378,0,0,0,0,2519700,8582200,11101900,RESIDENTIAL,1,2050
43003065,21.38293039,-157.7092715,3636.561493,331.1238663,20.75173728,13.93868993,6.051484433,0,0,20.52440025,20.11426777,19.21633687,18.40175017,1946.3548163,148.093658199,317.893754948,557.606065819,822.891000192,1.38766115136,7.52900568544,24.3978446646,45.6389643633,3697700,7081900,10779600,RESIDENTIAL A,1,2075
43003066,21.38282298,-157.709192,3655.120941,316.4000692,16.67961087,10.33058559,3.130962078,0,0,17.04748141,16.34820348,15.46728069,14.59831246,2226.63492832,150.919366323,320.809365411,559.123262596,821.097214995,289.648009435,297.705718737,314.444340944,334.086230342,164100,6138000,6302100,RESIDENTIAL,1,2075
43003067,21.38213107,-157.7089322,438.9783478,86.07360225,23.72619449,16.15846228,7.810768606,0,0,24.32810165,23.62382009,22.84321257,21.86969341,1316.3461115,36.4838367113,182.093084526,386.572802712,612.024429148,0,0,0,0,497000,5330000,5827000,RESIDENTIAL A,1,2075
43003069,21.3818567,-157.7088549,3925.100563,312.6962586,11.32218752,3.642285697,0,0,0,12.23276827,11.60892938,10.56748392,9.617237153,1800.23329583,155.049629285,354.413031474,630.38033944,929.459427657,0,0,3.27778167801,10.2143351449,7500,5778000,5785500,RESIDENTIAL A,1,2050
43003070,21.38163256,-157.7088159,4075.356323,360.8980139,14.53011187,7.00160729,0,0,0,13.19329097,12.59670596,11.91078892,10.97124697,1748.81880508,91.628542463,269.938835817,518.331858643,789.448447177,0,0.12461095698,3.51412858464,14.7166418674,265000,6595900,6860900,RESIDENTIAL,1,2050
43003074,21.38322429,-157.7097861,1515.966576,164.7463433,55.67086344,45.47664803,32.95652657,16.27487388,0,51.20423935,49.68661882,46.76045801,20.04230641,2454.92813786,206.69825077,460.394068353,807.833227283,1184.7028919,508.461025101,515.47963486,527.34391321,543.195381705,610800,6129800,6740600,RESIDENTIAL A,1,2100
43003076,21.38379808,-157.7099042,4692.096787,345.3605651,38.91355774,28.59828626,15.77371488,0,0,33.52604187,32.58746123,31.64875921,26.53488509,2552.54992893,238.699724954,534.936148516,929.041597095,1345.71993399,574.966113588,578.887274387,585.15905496,598.186627419,36400,6167600,6204000,RESIDENTIAL,1,2075
43003091,21.38241559,-157.7089574,4436.629417,347.3236393,9.129406089,1.792000593,0,0,0,9.709090346,8.975954636,8.609351046,7.678787253,1861.85263219,31.9989500073,230.048826852,507.848429589,813.705084758,0,0,0,0,421100,6596900,7018000,RESIDENTIAL A,1,2050
43003105,21.38252666,-157.7092425,771.534462,109.5004094,40.7787444,33.83062447,25.93204264,14.86372456,2.715421056,38.46923217,38.10409122,37.5381093,37.17293271,1093.89922101,6.7855520268,194.577030147,458.259986932,748.232808493,0,0,0,0,57600,3707000,3764600,RESIDENTIAL,2,NA
43004074,21.38653537,-157.7111987,2967.718491,224.7311812,3.237281548,0,0,0,0,2.903557716,2.903557716,2.807206478,2.585999227,1823.05170501,173.465736563,362.769292678,627.951505379,919.666917356,48.0793117936,52.0807474858,55.0785544394,61.0807078365,287500,6345400,6632900,RESIDENTIAL,1,2030
43004075,21.38640833,-157.7114492,1957.72995,196.0630219,31.9536825,24.16641619,15.62172172,3.763734978,0,31.18159478,30.55459011,30.35744968,30.19217079,905.790537193,0,0,0,112.54804205,0,0,0,0,809700,1927600,2737300,RESIDENTIAL A,2,2100
43004076,21.38614818,-157.7110585,2837.565048,215.6338756,4.200703563,0,0,0,0,4.717938853,4.717938853,2.955431135,1.997073619,1925.86292939,182.942660693,386.876097807,670.183569898,979.419999572,114.966657863,120.981276818,133.177419504,147.587338917,0,5624500,5624500,RESIDENTIAL A,1,2030
43004078,0,0,1272.830933,161.5173329,22.86902319,15.03958124,6.317621816,0,0,24.16338123,24.16338123,22.12453243,21.34531146,1924.77635142,149.534728637,319.915847244,566.508457193,847.840389908,2.21337946009,9.30668339216,26.4337728773,45.8413044085,349200,4107500,4456700,RESIDENTIAL,2,2075
43004079,21.38568431,-157.7109695,4474.004944,297.7063475,15.04328086,8.912458963,1.998875111,0,0,15.89414531,15.63462034,14.93933294,14.35027369,2079.50293152,138.673145589,294.128676032,515.910791467,764.365380563,182.67145265,190.674421319,205.806051828,224.814780179,4673400,6356900,11030300,RESIDENTIAL A,1,2075
43004080,21.38513092,-157.7108895,538.9792328,93.01006782,44.42051187,38.13218096,31.00750624,20.96587497,9.930404569,45.51702205,45.22227586,44.41177615,43.52329783,929.803630063,0,0,0,40.5203991518,0,0,0,0,565500,1902500,2468000,RESIDENTIAL A,1,NA
43004082,21.38457775,-157.7104017,1535.90976,162.6057695,41.61555685,32.50396868,21.81158886,2.489223756,0,38.99167998,38.4481798,36.37955462,35.02311114,1567.69455234,129.191576662,278.788191311,448.800067824,587.644975326,551.574974948,554.576050085,559.90739691,571.937838149,342400,3630500,3972900,RESIDENTIAL,1,2100
43004083,21.38414911,-157.7101748,3146.054825,247.290342,40.11629193,29.84516873,17.61193146,1.821167017,0,39.57211924,39.5227643,38.83435984,38.10850088,3555.72034247,103.637157185,733.492039255,1585.64499277,2488.66543184,0,0,0.0532387557605,0.533896776184,2573200,10188100,12761300,RESIDENTIAL,1,2100
43004086,21.38474754,-157.7102623,1621.139359,188.5701262,14.94960488,6.38204008,0,0,0,12.45245097,12.1114656,11.16363897,9.89751071,1521.61372749,108.772285293,222.767309016,359.830184784,495.573225907,478.223130025,484.225279027,494.498168411,506.321750628,112000,4589800,4701800,RESIDENTIAL A,1,2050
43004087,21.38460354,-157.7100743,4250.270905,487.4088173,12.16931713,2.213916551,0,0,0,8.530078084,7.811907523,7.16172506,6.398109776,2570.05620752,251.360380071,566.143611821,990.707438339,1390.39580577,536.019770098,550.024781966,567.030867837,582.804668119,177000,6116100,6293100,RESIDENTIAL A,1,2050
43004088,21.38530467,-157.7107503,6539.095474,505.597598,11.47425806,5.26875501,0,0,0,12.04907776,11.64817795,11.35920936,10.2855684,1784.50342741,82.5200569009,241.241053631,464.305045519,709.687384798,0,0,0,0,527800,6702700,7230500,RESIDENTIAL,1,2050
43004098,21.38643331,-157.711307,610.6248932,103.914705,19.95974595,12.17965073,3.647960277,0,0,19.38529392,18.60671251,18.4698987,18.38654991,916.270090989,178.561028711,375.544805656,650.376785706,839.146215892,82.4665393449,87.4683337763,92.4701281033,99.2096879878,52600,3173100,3225700,RESIDENTIAL A,1,2075
43004099,21.38502891,-157.7104028,3447.78334,302.1108218,12.24374712,5.086168425,0,0,0,9.891454261,9.811996549,6.039497005,4.962679582,948.798238736,1.57135487088,169.760140194,445.672048114,729.247650959,0,0,1.36055816623,7.35663451435,97800,3949900,4047700,RESIDENTIAL A,1,2050
43004100,21.38493233,-157.7106782,2462.819382,203.2233099,39.54146633,33.00006472,25.4316111,14.82964311,3.223762824,37.79124845,37.63919688,37.49359927,36.47930928,927.613788656,0,0,0,0.116003108345,0,0,0,0,1087500,1900000,2987500,RESIDENTIAL,1,NA
43005057,21.38831163,-157.7119793,5125.780151,312.6564772,6.457318126,2.446485922,0,0,0,6.262567303,5.534082598,4.855005369,4.120453133,1943.36225149,0,120.979320838,316.559460309,544.433021411,0,0,0,0,2348900,6918200,9267100,RESIDENTIAL A,1,2050
43005058,21.38740185,-157.7120054,2335.762161,249.5805786,50.9348458,46.12599065,41.40885794,34.22059168,25.87927863,49.54076802,49.28167578,49.04161593,48.43834829,819.855974871,0,0,0,0,0,0,0,0,1635300,1788500,3423800,RESIDENTIAL A,1,NA
43005060,21.38692203,-157.7114675,2005.274994,185.3301522,17.22755242,10.07893342,2.473021471,0,0,16.09819415,15.73553159,15.37286902,14.5006587,1218.46040522,91.0585968668,201.888468463,359.433530612,534.74616957600006,0.860800013452,3.10280981609,8.37421784958,15.7942149488,130700,4559900,4690600,RESIDENTIAL,1,2075
43005061,21.38664349,-157.7116795,1826.503616,190.8182315,46.18813232,38.6858212,30.55874168,19.18417172,6.695033978,44.47392419,43.91752478,43.69367532,43.49167961,1825.66539002,158.661517408,338.929034382,592.807090418,873.307865943,7.40537303921,8.98761592106,14.8091844823,22.3028942812,323900,6189800,6513700,RESIDENTIAL,1,NA
43005062,21.38720401,-157.7114646,3350.714493,305.6480158,0,0,0,0,0,0,0,0,0,1219.62136269,65.5530032301,155.09574825,285.986614271,434.518439278,0,0,0,0.679062500812,194100,5163600,5357700,RESIDENTIAL A,1,2024
43005063,21.38707623,-157.7114441,2744.356201,226.880989,7.438101826,0.841885861,0,0,0,6.677650104,5.9066058870000004,4.943421088,3.751608294,1217.87960017,78.4628100454,179.076255246,323.825048269,486.306308762,0,0.33091995159,5.0373932517,16.4210490999,260400,5037500,5297900,RESIDENTIAL A,1,2030
43005094,21.38799522,-157.7118505,5553.320923,344.6355436,13.09686629,8.748810997,4.822517941,0,0,11.269846,10.79278533,10.79278533,9.905057137,2089.62744823,0.0784747125979,101.470523923,378.414606215,708.541500171,0,0,0,2.49446759551,2749800,7405300,10155100,RESIDENTIAL A,1,2075
43007032,21.39355989,-157.7170932,5001.747681,330.1201657,15.88512412,12.13682348,9.379289278,4.591018573,0,20.97081073,19.1758661,16.57202395,11.12293652,1044.66958081,0,0,0,26.5632301965,0,0,0,0,2012700,4882400,6895100,RESIDENTIAL,1,2100
43008036,21.39575581,-157.7201338,2346.376434,213.8516597,5.426212137,0,0,0,0,5.093939696,4.495041663,4.090953874,3.689014581,486.985169881,93.6770618896,257.629926965,471.603918344,483.734445181,0,0,0,0.088555931345,2728500,3505200,6233700,RESIDENTIAL A,1,2030
43008037,21.39559336,-157.7199795,1772.759171,188.0712903,6.587272312,0.738077105,0,0,0,5.208366508,4.861108471,4.327784445,3.902935838,468.396140611,57.4129352592,188.94503982,381.692556291,468.396140649,0,0,0,0,217100,3252100,3469200,RESIDENTIAL,1,2030
43008038,21.39548475,-157.7198163,3363.411987,242.4053035,5.797343118,0.177632705,0,0,0,4.362367795,4.134735658,3.80827407,3.224017796,661.67035957,51.3248159228,172.384398162,351.148755729,552.500612901,0,0,0,0.0223107910981,437000,3347400,3784400,RESIDENTIAL,1,2030
43008040,21.39522816,-157.7195055,2965.387939,265.6689992,11.09961246,5.770021249,0.263819769,0,0,10.51997287,9.909234895,9.344410123,8.937863014,961.058267098,52.598772797,178.318655809,364.962599975,578.842423228,0,0.00125966604451,0.00125966604451,0.789266518396,1468300,4398800,5867100,RESIDENTIAL A,1,2050
43008041,21.39494745,-157.719091,3040.118134,295.568731,6.651631152,1.354808999,0,0,0,5.223526591,5.14596904,4.573386862,4.000723557,1346.81146495,82.6264241725,249.586322263,497.824011161,782.678422082,0,0,0,0.00760483758552,3649000,5070900,8719900,RESIDENTIAL A,1,2030
43008042,21.39483782,-157.7190946,581.1894226,112.5012729,24.00253856,18.75363031,13.40608087,5.444131052,0,22.15970045,22.15970045,21.69767809,21.25138906,680.429692517,23.0796884799,104.214133803,225.490754359,365.215855809,0,0,0,0,336500,3482600,3819100,RESIDENTIAL A,1,2100
43008043,21.394894,-157.7189164,1893.054504,174.161465,8.41377857,3.208039507,0,0,0,6.129666672,5.82711547,5.82711547,5.018963436,1029.4090974,5.48243061322,117.59942372,291.568988602,493.380937799,0,0,0,0,82100,4121100,4203200,RESIDENTIAL,1,2050
43008044,21.3946913,-157.7187448,4369.132797,321.3321936,12.27316882,7.297706861,2.360619222,0,0,9.68844427,9.504153457,9.114461729,8.606974978,1039.968752,0,90.4697030169,252.012845399,441.511005507,0,0,0,0,830600,4874400,5705000,RESIDENTIAL A,1,2075
43008045,21.39464242,-157.7185773,3967.774704,358.9278395,6.398795315,1.834460034,0,0,0,3.993371133,3.809080657,3.809080657,3.200042685,1045.29506914,0,84.764989366,235.700928601,414.640488757,0,0,0,0,0,4301000,4301000,RESIDENTIAL A,1,2050
43008046,21.39450334,-157.7183824,5429.834366,450.9995159,5.409500486,1.023455175,0,0,0,4.237875636,4.026483859,3.432934563,2.839329352,1045.22948843,0,56.5400857096,203.259392492,378.029175462,0,0,0,0,234100,4447600,4681700,RESIDENTIAL A,1,2030
43008047,21.39437376,-157.7181475,4767.574158,310.9205245,2.712964605,0,0,0,0,0.75942185,0.723873652,0.549361411,0,1055.32972552,4.89301544047,108.69407573,269.975622224,459.784437307,0,0,0,0,255800,4447600,4703400,RESIDENTIAL,1,2030
43008048,21.39419408,-157.7180222,6348.393433,535.3104643,7.883717974,2.908052112,0,0,0,7.302340957,6.972684273,6.393617978,6.014348652,1044.04337075,0.84301761442,114.421489389,299.296774075,513.112825984,0,0,0,0,664800,4643100,5307900,RESIDENTIAL A,1,2050
43008050,21.39398723,-157.7176523,6748.366043,375.5718421,3.389647827,0,0,0,0,5.682368617,4.866921015,3.814925184,2.420388281,1044.04473785,47.3506624554,182.981992713,383.311889145,613.856245633,0,0,0,0,61500,4447600,4509100,RESIDENTIAL A,1,2030
43008051,21.39370867,-157.7173244,5339.555176,395.3901654,12.84760298,7.57495523,2.784854765,0,0,16.01586238,15.38658395,13.98984631,11.60347008,976.668657072,0,13.4902630526,121.151141368,276.236542012,0,0,0,0,1968900,4905900,6874800,RESIDENTIAL A,1,2075
43010041,21.3948839,-157.7253366,2507.62912,232.839463,192.9724152,185.9724625,178.3893661,166.982156,153.6472833,46.57649189,45.23588784,44.34001676,0,625.170275892,0,0,0,0,0,0,0,86.7279171022,257900,1243100,1501000,RESIDENTIAL,1,NA
43010042,21.39495822,-157.7251733,2158.165558,205.1160899,183.5481998,176.6559931,169.2012659,157.9716236,144.8216845,59.99379654,58.79361488,57.81826778,0,431.084040556,0,0,0,0,0,0,0,148.282527703,199900,1032800,1232700,RESIDENTIAL,1,NA
43010046,21.39523112,-157.7254618,1374.524445,155.6560072,166.5645945,159.439928,151.7125225,140.0629454,126.3978918,29.89716647,28.96239039,27.67423546,0,445.043590881,0,0,0,0,0,0,0,432.91018559,193600,1160900,1354500,RESIDENTIAL A,1,NA
43010047,21.39503619,-157.7255941,1943.280136,204.8988835,191.1354089,184.014221,176.2906738,164.647366,150.9904061,14.42097675,13.0623916,12.18830563,0,418.65033349,0,0,0,0,0,0,0,267.164116887,720200,1146700,1866900,RESIDENTIAL,1,NA
43010048,21.39496578,-157.7256996,2188.129303,247.2901182,202.5037807,195.3723505,187.6374493,175.9750008,162.2918236,8.734919783,7.348080025,6.527891461,0,406.27712327,0,0,0,0,0,0,0,138.06850309,197800,1146700,1344500,RESIDENTIAL,1,NA
43010060,21.39564912,-157.7258873,1689.922302,170.5634301,153.3470522,146.0568254,138.0653357,126.1080633,112.1451483,39.00550565,17.02472085,3.878669197,0,484.632226793,0,0,0,0,0,0,0,109.923593863,915300,994200,1909500,RESIDENTIAL A,1,NA
43010061,21.39552627,-157.725957,695.4315948,105.8306458,164.0519922,156.7664351,148.7803228,136.8320828,122.8815264,28.64681794,6.637691314,0.313675581,0,465.023128872,0,0,0,0,0,58.5570811756,111.868724015,432.136965986,80300,1162800,1243100,RESIDENTIAL A,1,NA
43010062,21.39526687,-157.7261854,2959.764572,246.9317825,191.9939257,184.7001813,176.7044558,164.7395102,150.764869,4.788283365,4.192013658,1.445844497,0,472.321114209,0,0,0,0,15.7027618498,24.9837812555,59.5843290666,384.976965171,880600,1162800,2043400,RESIDENTIAL A,1,NA
43010067,21.39569427,-157.7262881,1373.894058,152.4541758,167.5669954,160.3135526,152.3690256,140.4917309,126.6407688,51.21893698,37.68309691,0,0,492.102465352,0,0,0,0,0,0,267.160393043,468.093602875,0,1122300,1122300,RESIDENTIAL A,1,NA
43010068,21.39583791,-157.7261787,1677.558853,169.6672218,144.7019008,137.4698846,129.5529058,117.7261149,103.9538219,63.2720622,43.88571404,3.22937517,0,433.410668015,0,0,0,0,0,0,54.3037970918,433.364800984,901300,981600,1882900,RESIDENTIAL A,1,NA
43010071,21.395453,-157.7263696,798.7068176,125.8050984,193.5502743,186.3065459,178.3730089,166.5122249,152.679829,32.42546664,31.62263519,0,0,520.493470318,0,0,0,0,0,0,244.509823328,517.492362152,40400,1130500,1170900,RESIDENTIAL A,1,NA
43010072,21.39525542,-157.7266631,2103.283218,198.1232623,225.3296794,218.085136,210.1498207,198.284158,184.4413814,47.44829871,46.78441097,0,0,844.326114806,0,0,0,0,0,0,50.4085498168,689.858257833,477200,1271800,1749000,RESIDENTIAL A,1,NA
43010079,21.39586337,-157.7266737,2376.778259,218.1346565,186.2253018,179.5826691,172.2365045,161.0610392,148.1648997,26.68742954,26.13679361,12.79325356,0.347871472,534.012196239,0,0,0,0,0,0,0,217.798255025,290100,1022400,1312500,RESIDENTIAL A,2,NA
43010080,21.39555561,-157.7266667,1268.069122,163.7226008,202.1899995,195.111045,187.3743402,175.8402468,162.4477169,58.29957014,57.99044122,0,0,728.629581692,0,0,0,0,0,0,53.2436223793,334.729635513,1169000,1104500,2273500,RESIDENTIAL A,2,NA
43010081,21.39570162,-157.727042,2034.572067,188.1021227,222.9987274,216.2599779,208.9223294,198.0372345,185.492182,20.28900431,19.90703463,2.319502038,0,947.100032478,0,0,0,0,0,0,186.420947466,469.568232708,1190000,1016800,2206800,RESIDENTIAL A,2,NA
43010082,21.39545542,-157.7270056,1614.754288,176.8609577,236.1979891,229.2335095,221.6284959,210.302171,197.168628,49.06355966,48.22961643,0,0,1153.86371436,0,0,0,0,0,0,370.198293263,997.473577501,155200,1331700,1486900,RESIDENTIAL A,1,NA
43010104,21.39509368,-157.7251741,1911.034805,183.1634788,175.0394624,168.0876204,160.5614033,149.2424383,136.0027564,56.27810143,55.25771296,54.25759384,0.623470751,412.010592884,0,0,0,0,0,0,0,24.5508653409,642500,1147500,1790000,RESIDENTIAL,1,NA
43015006,21.40221793,-157.736884,5591.329117,342.3949195,28.73932502,647.6448828,782.0522323,744.087426,673.5239658,871.3811215,865.5749204,856.8294757,848.4562106,2032.15294126,0,0,0,0,0,0,0,0,1943900,1759700,3703600,RESIDENTIAL,2,NA
43015010,21.40246048,-157.7375056,3835.398407,351.8850589,53.00431627,716.3089775,850.6533762,812.7168673,742.1812192,939.8569021,934.060478,925.3289379,916.9734938,5956.34501907,0,0,0,0,0,0,0,0,232500,1880700,2113200,RESIDENTIAL A,4,NA
43015017,21.40287626,-157.7377828,1350.960861,165.1135236,51.86579833,772.1755981,906.0697535,868.2869115,797.9654852,994.7931609,989.0285552,980.3434293,972.0489541,1320.37373018,0,0,0,0,0,0,0,0,47500,3859800,3907300,RESIDENTIAL,2,NA
43015036,21.40243973,-157.7370818,4296.361267,361.2771659,29.04145449,675.9560066,810.0547402,772.1942254,701.7775768,899.0626009,893.2773976,884.5626233,876.2300744,1148.49831185,0,0,0,0,0,0,0,0,516500,5192700,5709200,RESIDENTIAL A,1,NA
43015042,21.40203512,-157.736643,5462.786484,375.3537869,20.69187399,623.5705039,758.0357416,720.0489971,649.4587729,847.444773,841.6328328,832.8791278,824.4950344,1335.91107462,0,0,0,0,0,0,0,0,160600,4529900,4690500,RESIDENTIAL,1,NA
43015047,21.40355622,-157.73792890000001,4853.335312,294.8892324,20.02779256,816.3232442,947.996366,910.9197171,841.6830391,1034.714927,1029.078176,1020.581375,1012.5282,1186.20679887,0,0,0,0,0,0,0,0,428800,4401500,4830300,RESIDENTIAL,1,NA
43017016,21.40815831,-157.7411835,3697.300339,297.9535116,20.20998751,1402.602416,1526.23973,1491.688343,1426.45962,1126.094015,1125.891095,1124.930734,1123.889606,1973.67633336,0,0,0,0,0,0,0,0,1523700,4928700,6452400,RESIDENTIAL A,2,NA
43017018,21.40824235,-157.741577,5628.551956,482.3345931,47.56051011,1435.065656,1559.363014,1524.619236,1459.055216,1084.270583,1083.948432,1083.062621,1081.713118,1773.94979289,0,0,0,0,0,0,0,0,1486900,5844000,7330900,RESIDENTIAL A,1,NA
43017019,21.40835945,-157.7419269,2250.99852,225.4341136,80.2728501,1479.744494,1604.665925,1569.740924,1503.859923,1060.326604,1060.008968,1059.06865,1057.726786,2017.53782484,0,0,0,0,0,0,0,0,1048100,5871500,6919600,RESIDENTIAL,2,NA
43017035,21.40677033,-157.7404627,5548.188751,385.3300877,30.32819209,1254.104249,1380.248365,1344.922362,1278.432879,1285.811123,1285.393234,1284.412417,1283.498135,881.108149104,0,0,0,0,0,0,0,0,541800,4959300,5501100,RESIDENTIAL,1,NA
43017059,21.4077501,-157.7414938,7435.479584,511.7181916,67.44349374,1390.17048,1515.919325,1480.732817,1414.437414,1119.244793,1118.821229,1117.846554,1116.953771,1767.21679567,0,0,0,0,0,0,0,0,957400,2388800,3346200,RESIDENTIAL,1,NA
43017060,21.40799085,-157.7410998,3929.083176,287.4255764,23.39586027,1381.857629,1505.864194,1471.199173,1405.784353,1141.18905,1140.865102,1139.983702,1138.636614,1401.35073078,0,0,0,0,0,0,0,0,1648500,4703000,6351500,RESIDENTIAL A,1,NA
43017061,0,0,5212.530685,351.7967959,13.48573755,1338.925766,1463.513076,1428.667461,1362.960603,1178.032039,1177.58759,1176.68419,1175.710727,1062.08013996,0,0,0,0,0,0,0,0,3512800,5034400,8547200,RESIDENTIAL,1,NA
43017062,21.4074987,-157.7414466,4301.777191,362.8801642,71.21634809,1369.676674,1496.250922,1460.812312,1394.101786,1143.43748,1143.229239,1142.266684,1141.198774,1559.48133052,0,0,0,0,0,0,0,0,365800,2504500,2870300,RESIDENTIAL,1,NA
43017074,21.40873189,-157.7418736,4776.781281,346.1898288,53.82107455,1495.503357,1619.216923,1584.656901,1519.385998,1047.664356,1047.389216,1046.5827630000001,1045.56954,986.427177931,0,0,0,0,0,0,0,0,45400,2178100,2223500,RESIDENTIAL,1,NA
43017075,21.4087559,-157.7415341,3706.566116,311.3941483,22.38281987,1474.606189,1597.276264,1563.024961,1498.283487,1058.482811,1058.18944,1057.419678,1056.362279,876.127457099,0,0,0,0,0,0,0,0,607300,4492300,5099600,RESIDENTIAL A,1,NA
43017076,21.4089584,-157.7416027,3019.817291,255.361335,25.15235606,1488.630577,1616.818604,1582.629929,1494.613304,1037.352989,1036.974361,1036.092274,1035.145305,919.851620666,0,0,0,0,0,0,0,0,300600,4851000,5151600,RESIDENTIAL A,1,NA
43018046,0,0,2581.14328,293.6286766,36.38656881,1476.734246,1640.711661,1606.500504,1482.750244,1011.687013,1011.336013,1010.658873,1009.486145,1339.74801018,0,0,0,0,0,0,0,0,1349300,5300100,6649400,RESIDENTIAL A,1,NA
43018047,21.40931154,-157.7418784,3225.367523,245.3148243,33.41116987,1448.219085,1664.626302,1630.583785,1454.245419,995.2699467,994.6750205,993.9850072,992.9540009,1155.04694507,0,0,0,0,0,0,0,0,281300,4593700,4875000,RESIDENTIAL A,1,NA
43018049,21.40970278,-157.7420489,4526.162079,431.4540059,33.98796819,1398.220062,1702.915169,1669.06352,1404.268521,952.4709606,951.8820795,951.2304829,950.2181886,1614.02195372,0,0,0,0,0,0,0,0,1477800,4825600,6303400,RESIDENTIAL A,1,NA
43018050,21.40951532,-157.7423293,2830.815033,222.6425651,73.15568958,1431.621001,1714.124952,1679.844644,1437.737848,960.0974581,959.5642021,958.7995126,957.7840343,1546.8227371,0,0,0,0,0,0,0,0,6400,952300,958700,RESIDENTIAL,3,NA
43018067,0,0,3880.314926,369.0378289,60.79263212,1405.07891,1733.290092,1699.304992,1411.177367,946.8890655,946.3315404,945.6382192,944.7030759,8891.38304542,0,0,0,0,0,0,0,0,6319600,10796700,17116300,RESIDENTIAL A,1,NA
43019035,0,0,3199.640305,319.199313,22.70330215,931.8025323,2133.40561,2101.899103,938.0568984,608.5123714,608.2238092,607.5987013,606.6844852,1310.8174941299999,0,0,0,0,0,0,0,0,1494500,5133100,6627600,RESIDENTIAL,1,NA
43020060,21.4161935,-157.7440962,4277.622665,495.9448991,31.94551362,666.5398498,2381.846176,2351.463361,672.9420491,446.5658647,446.1836386,445.8034535,444.9606884,1086.50653839,0,0,0,0,0,0,0,0,526500,4596900,5123400,RESIDENTIAL A,1,NA
43022010,0,0,4397.852661,351.6245279,190.2271566,190.2308663,3100.937086,3075.469885,190.2308663,25.99297284,25.14624518,23.48924773,21.28219077,3565.70205198,0,0,0,0,384.720274821,416.834131765,461.936590442,514.069665569,1076100,4834600,5910700,RESIDENTIAL,1,NA
43058046,21.39366209,-157.7481903,3665.09082,271.5533803,1527.639603,1858.914036,1969.590205,1936.624845,1879.525636,0,0,0,0,779.721111205,0,0,0,0,7.88023016514,7.88023016514,16.2559528651,66.0414046763,316300,1666000,1982300,RESIDENTIAL,1,NA
43061080,21.39682908,-157.7505832,2018.272675,203.0885569,1524.65453,2028.465774,2152.159936,2115.991095,2051.824399,8.508821924,7.902866305,4.286798882,0,1207.12538471,0,0,0,0,0,0,0,170.930685908,242100,1494400,1736500,RESIDENTIAL,1,NA
43061090,21.39752266,-157.7503773,2268.226181,239.8886467,1452.990757,1991.790539,2117.685579,2080.988026,2015.615166,77.76050005,77.10862431,76.17477473,0,463.797131902,0,0,0,0,0,0,0,130.050103308,25800,1003800,1029600,RESIDENTIAL,1,NA
43061102,21.39650678,-157.7501833,1727.612488,178.8753714,1516.581051,1997.747655,2120.30389,2084.407938,2020.863281,17.41625134,16.72398864,12.59941687,0,690.089577432,0,0,0,0,0,0,0,114.515039707,160200,1092400,1252600,RESIDENTIAL A,1,NA
43064086,21.39976151,-157.7524434,3843.919373,310.2408489,1504.934325,2202.960478,2334.096001,2296.197322,2227.92232,12.7491665,12.63822624,11.76123444,0,757.821764149,0,0,0,0,0,0,0,113.107144592,516800,1127300,1644100,RESIDENTIAL,1,NA
43065016,21.40103931,-157.7516152,3951.640152,309.1963262,1350.67102,2111.177942,2244.422537,2206.069083,2136.603828,169.3249511,168.6684012,167.9136167,0,649.713021104,0,0,0,0,0,0,0,120.046352017,105300,1069500,1174800,RESIDENTIAL,1,NA
43065063,21.40067683,-157.7528997,4802.935913,328.8128572,1487.199235,2249.827361,2382.467988,2344.242941,2275.120922,49.56749901,49.56749901,41.06991371,0,811.104976711,0,0,0,0,0,0,0,183.019167117,53000,1184800,1237800,RESIDENTIAL,1,NA
43067101,21.40375462,-157.7530089,2751.070404,244.8700812,1344.367219,2241.136071,2437.040021,2398.228792,2248.032015,163.2279235,162.2289084,161.1794867,0,560.695433806,0,0,0,0,0,0,0,114.044143789,186000,1031700,1217700,RESIDENTIAL,1,NA
43078086,21.41030622,-157.7528973,311.9220581,71.47614686,1084.828977,1594.130234,2680.196032,2642.420038,1600.821461,16.268448,15.75882859,14.90253645,0,979.707497955,0,0,0,0,0,0,0,81.713584158,144700,1386000,1530700,RESIDENTIAL,1,NA
43081057,21.40675835,-157.7534754,3292.782654,265.628698,1258.441265,1960.733328,2582.749217,2544.048344,1967.547504,192.2498707,191.6683254,190.2075945,0,737.930979811,0,0,0,0,0,0,0,126.048838903,82600,1133300,1215900,RESIDENTIAL,1,NA
43082024,0,0,1236.18013,166.1249843,1248.048129,1805.660758,2716.024287,2677.658665,1812.351514,24.46419736,24.46419736,23.2850875,0,863.06090919,0,0,0,0,0,0,0,128.994357368,344600,1124900,1469500,RESIDENTIAL A,2,NA
43083012,0,0,6692.209656,417.7526704,41.989807,261.2955985,2765.623227,2736.871236,268.1531547,210.5015114,210.3070631,209.5618761,208.6228912,2552.70770707,0,0,0,0,0,0,0,0,1156300,5169000,6325300,RESIDENTIAL,1,NA
44006005,21.42128423,-157.7642648,198.9805756,56.96569096,2050.203573,2068.722669,3962.197934,3954.889387,2071.3576,0,0,0,0,4431.2405726,0,0,0,0,797.32795656,965.437129063,1614.27580822,2153.2322915,367900,2095500,2463400,RESIDENTIAL A,2,NA
44006011,21.41981772,-157.7647964,999.5334625,130.283009,2114.372956,2141.901847,4131.487648,4124.177667,2144.993437,8.618602229,0.860193408,0,0,460.386532534,0,0,0,0,0,3.41271901155,13.066413412,22.1436575236,0,100,100,RESIDENTIAL,1,NA
44006012,21.41969232,-157.7649116,3609.511627,248.405606,2118.757436,2147.016004,4141.210703,4133.901872,2150.139519,6.881080794,2.170210948,1.20895061,0,2550.14578753,0,0,0,0,0,14.7560134202,27.5281414874,93.0642297084,929900,3272300,4202200,RESIDENTIAL,1,NA
44006017,21.42170497,-157.7642176,305.3456879,79.44084436,2044.005046,2060.103671,3915.779748,3908.474835,2062.599936,0,0,0,0,3624.58680285,0,0,0,0,1918.48499442,1987.72448222,2173.24809498,2415.82345769,210700,2000600,2211300,RESIDENTIAL,1,NA
44007029,0,0,5601.06958,300.1696171,2062.331291,2063.42041,3219.328198,3212.506225,2062.347079,0,0,0,0,2374.50046288,0,0,0,0,186.414295541,205.636981033,251.044712817,324.509915519,274800,2201300,2476100,RESIDENTIAL,1,NA
44007040,0,0,6443.493301,368.3305112,2084.090322,2085.179085,3271.310826,3264.353311,2084.520406,8.310696835,7.528996506,0,0,5556.44373405,0,0,0,0,160.624940473,182.331899612,328.619123962,2003.34700223,2821700,1879000,4700700,RESIDENTIAL,2,NA
44014007,21.41229242,-157.7716933,1455.879379,160.3145652,2921.000872,3038.487023,4562.161095,4523.432356,3042.982761,22.34013237,21.43273475,20.10549978,0,1197.08573824,0,0,0,0,0,0,0,617.66449122,151200,1214700,1365900,RESIDENTIAL,1,NA
44014009,21.41213952,-157.7717862,3889.536774,289.4856484,2956.91772,3075.972716,4585.677125,4546.934846,3080.48396,1.580679549,0.580516438,0.580516096,0,703.32710177,0,0,0,0,2.5575319687,6.51311212003,10.7904488853,16.7230937929,234300,1074300,1308600,RESIDENTIAL A,1,NA
44014010,21.41194992,-157.7718046,2973.477005,265.4370894,2949.115987,3071.761523,4564.697126,4525.943275,3076.318348,0,0,0,0,615.026117764,0,0,0,0,32.9134874286,54.1661259391,90.1809555996,142.558572285,307600,1071600,1379200,RESIDENTIAL,1,NA
44014011,21.41254141,-157.7720081,5430.434982,510.5013019,2944.230145,3056.255068,4595.688357,4556.959927,3060.66461,1.128164258,0.870892393,0.161575485,0,1278.61228964,0,0,0,0,2.61819966393,5.65952734907,16.2190450602,695.823456679,450700,1764800,2215500,RESIDENTIAL,1,NA
44014012,21.41179579,-157.7716356,3629.810684,291.4633558,2951.835747,3077.429797,4555.755904,4516.991822,3082.022807,0.992439838,0.99243984,0.864329364,0,891.318158052,0,0,0,0,48.7651875189,52.9758064749,57.5666287246,67.6586300085,500800,1124200,1625000,RESIDENTIAL,1,NA
44014017,21.41136898,-157.7720815,3473.103149,320.0361418,2983.130521,3112.304366,4566.684275,4527.899533,3116.937955,12.92381896,12.92381896,12.72880591,0,925.236075074,0,0,0,0,6.17307583025,6.17307583025,9.11707486083,119.131114046,318900,1146600,1465500,RESIDENTIAL,1,NA
44014019,21.41171075,-157.7722069,3354.307068,282.1372439,2982.14899,3106.131642,4584.534837,4545.764563,3110.701253,0,0,0,0,697.512662306,0,0,0,0,165.019383652,183.046902755,205.360612493,225.946376765,490300,1162100,1652400,RESIDENTIAL A,1,NA
44014020,21.41189323,-157.7722513,3780.887177,280.4014314,2983.210018,3104.636509,4597.769541,4559.009759,3109.174258,7.695314461,7.695314251,6.695149444,0,795.992656493,0,0,0,0,111.488148649,114.660459479,123.571453497,162.750992012,457500,1175800,1633300,RESIDENTIAL,1,NA
44014024,21.41205384,-157.7722425,3432.818649,300.1363234,2975.965389,3095.248024,4598.244702,4559.493087,3099.753671,0,0,0,0,864.967003726,0,0,0,0,160.909022657,167.862287305,185.621206812,244.189925504,528200,1174000,1702200,RESIDENTIAL,1,NA
44014025,21.41225643,-157.7722825,3998.127716,316.653831,2977.564922,3093.278383,4612.627808,4573.888201,3097.743564,0,0,0,0,806.671656455,0,0,0,0,246.391081424,258.420835932,271.426034484,319.759459228,174400,1142000,1316400,RESIDENTIAL,1,NA
44014028,21.4123096,-157.7727658,4633.079208,445.8364405,3034.700754,3146.033166,4679.583373,4640.843664,3150.437902,0,0,0,0,676.147526539,0,0,0,0,0,0,0.0592847399257,7.16132969423,477200,1118300,1595500,RESIDENTIAL,1,NA
44014034,21.41153024,-157.7726503,3578.047012,306.2033432,3050.279736,3174.532166,4638.456663,4599.664605,3179.097565,0,0,0,0,781.394407855,0,0,0,0,52.9691049221,65.8318322181,95.0759488049,139.166979837,626700,1209600,1836300,RESIDENTIAL,1,NA
44014036,21.41122238,-157.7730429,2594.95813,233.4592498,3088.718467,3214.794185,4664.956321,4626.153546,3219.378089,5.652981852,4.834620262,0,0,826.038198732,0,0,0,0,26.0987053516,35.3236474709,62.4547948545,83.0792155054,782300,1075700,1858000,RESIDENTIAL,1,NA
44014052,21.41269008,-157.7717359,5049.227997,308.4721238,2918.830765,3028.991195,4577.599097,4538.893391,3033.39348,2.188245577,1.198522425,0.245078802,0,692.143063593,0,0,0,0,0,0,0,76.0726451315,173200,1455000,1628200,RESIDENTIAL,1,NA
44014053,21.41288008,-157.7715613,2803.888962,231.5402113,2907.274821,3016.255352,4584.844653,4546.166366,3020.643308,0,0,0,0,744.11991751,0,0,0,0,0,0,0,1.82990083066,209900,1465900,1675800,RESIDENTIAL,1,NA
44016011,21.41432337,-157.7707927,2498.130096,221.2267316,2784.518587,2876.458146,4551.53147,4513.024044,2880.632435,12.09544768,12.09544768,10.50450635,0,914.274946339,0,0,0,0,0,0,0,0.315244454679,95900,1182900,1278800,RESIDENTIAL A,1,NA
44016014,21.41406257,-157.7701522,1637.019547,162.640843,2723.687996,2821.371522,4480.524871,4442.018506,2825.6319,1.704091563,0.725475448,0.549369719,0,440.32446665,0,0,0,0,0,0,0.00158047401447,2.37015644326,250100,1044100,1294200,RESIDENTIAL,1,NA
44016015,21.41403362,-157.769981,927.5871124,127.823507,2707.528891,2806.694411,4461.8784669999995,4423.373084,2810.97697,1.850922655,1.762821482,0.762658091,0,323.203180875,0,0,0,0,0,0,2.53118383286,13.1431808349,141000,997900,1138900,RESIDENTIAL,1,NA
44016016,21.41402957,-157.7697713,1600.153763,166.2292669,2685.407577,2785.083719,4440.986477,4402.489351,2789.376254,1.113743926,0.097891241,0,0,360.849325925,0,0,0,0,0,0,1.45540424088,21.19031683,21900,993000,1014900,RESIDENTIAL A,1,NA
44018069,21.41214185,-157.7761303,3650.963638,329.5048827,3378.725245,3481.757703,4998.58213,4959.775644,3486.016644,119.3145621,96.28902099,95.67841528,0,697.350965579,0,0,0,0,0,0,0,146.115985319,356100,1520200,1876300,RESIDENTIAL A,1,NA
44018073,21.41260244,-157.77556,3212.279892,243.3890321,3317.811817,3416.608998,4967.515023,4928.739182,3420.815949,50.28633887,25.94770575,25.22137247,0,754.037791962,0,0,0,0,0,0,0,41.2846969981,309300,1536800,1846100,RESIDENTIAL,1,NA
44018074,21.41255491,-157.7753623,3166.62764,296.4280478,3286.907763,3386.505763,4937.829452,4899.058416,3390.724508,20.75052648,5.133155392,3.888229231,0,655.284237647,0,0,0,0,0,1.04261323213,5.18135695448,172.628979636,245300,1502100,1747400,RESIDENTIAL,1,NA
44018075,21.41283344,-157.7751097,483.4500275,90.28291236,3258.231955,3356.942082,4917.59951,4878.839673,3361.153465,1.612964022,0.571623,0.571623,0,660.22883479,0,0,0,0,0.0693562372457,1.40146287098,10.1708851796,41.8793492677,63900,1504900,1568800,RESIDENTIAL A,2,NA
44018078,21.41273678,-157.7746964,4061.259689,275.4783644,3220.372388,3319.665249,4879.274341,4840.514574,3323.888513,44.00883288,43.00860152,0,0,673.250933759,0,0,0,0,0,0,13.8390047008,39.3629021916,91600,1505500,1597100,RESIDENTIAL,1,NA
44018080,21.41284681,-157.7743004,7675.903473,586.67354,3166.37826,3266.170866,4835.489454,4796.752114,3270.406454,41.05696622,41.02038262,37.80254882,0,1428.01764579,0,0,0,0,0,0,0,104.226457606,479300,1245100,1724400,RESIDENTIAL,2,NA
44018082,21.41287994,-157.7740787,4319.057068,342.2180392,3152.47846,3251.832731,4826.231198,4787.501398,3256.063817,28.68614583,28.68614583,25.62264589,0,674.678975332,0,0,0,0,0,0,0,1.24269279659,109300,1515900,1625200,RESIDENTIAL,1,NA
44018083,21.41282005,-157.7739139,4165.700546,288.261671,3127.510809,3228.921906,4797.079158,4758.34912,3233.183522,3.697678197,3.028218265,0.885900233,0,672.001534813,0,0,0,0,2.29335665687,7.08875987235,14.7701573566,179.160290855,139200,1509700,1648900,RESIDENTIAL,1,NA
44018085,21.41254334,-157.7734558,3983.707428,307.2516993,3088.918284,3196.245461,4740.811727,4702.069977,3200.590892,8.248457057,6.839417754,5.433210832,0,769.496380536,0,0,0,0,9.05041312265,16.0390420198,30.5924670936,64.2319844453,203300,1543600,1746900,RESIDENTIAL,1,NA
44018086,21.41253688,-157.773279,3764.451965,281.6208513,3069.596116,3177.585144,4721.078209,4682.33651,3181.941512,0.152288342,0.152288342,0,0,701.823111996,0,0,0,0,0.42619253218000003,0.436251750365,5.1874155938,129.15504880699999,22300,1441000,1463300,RESIDENTIAL,1,NA
44018087,21.41242124,-157.7731271,3418.072754,301.4485484,3055.813001,3165.924742,4702.026939,4663.285053,3170.310968,2.504763502,0.475113305,0,0,659.48448265,0,0,0,0,71.4517572525,83.259070847,104.666529437,141.015120427,12800,1421200,1434000,RESIDENTIAL,1,NA
44018092,21.41167712,-157.773435,4020.996521,453.8478164,3100.351054,3220.331784,4699.241336,4660.452628,3224.838555,1.34615901,0.901031988,0.900981864,0,807.352775171,0,0,0,0,6.22563855221,9.22226169154,16.1444270105,30.2625369705,497400,1052100,1549500,RESIDENTIAL,1,NA
44018105,21.41275939,-157.7737634,2189.325226,231.9016743,3116.629443,3220.048542,4779.825044,4741.090157,3224.338454,6.29042572,5.016779176,3.842946654,0,662.557838833,0,0,0,0,17.7119266663,29.3078981112,50.8227842713,299.04679842,94100,1499300,1593400,RESIDENTIAL A,1,NA
44021009,0,0,2004.604141,188.1957648,2137.356661,2140.652212,3600.132009,3593.164517,2142.046208,54.29675929,53.34586233,45.39716718,0,1743.12334604,0,0,0,0,0,0,0,864.648812035,565100,2045400,2610500,RESIDENTIAL,1,NA
44021010,0,0,3499.842422,237.1876451,2167.568619,2170.669648,3586.27437,3581.339725,2171.990623,42.24434992,41.52285457,23.41775008,0,1590.21496043,0,0,0,0,0,0,0,922.40125989,682500,2236700,2919200,RESIDENTIAL,1,NA
44021011,0,0,3373.914505,292.707527,2147.789749,2150.755054,3565.826172,3560.683944,2152.025811,51.06584234,51.06584234,3.04941915,0,1046.15317086,0,0,0,0,0,0,0.0289597560383,902.079181959,55600,2231000,2286600,RESIDENTIAL A,1,NA
44021012,0,0,963.9310303,133.6630532,2142.170245,2144.862851,3534.140525,3527.764594,2146.032057,15.6605612,15.6605612,0.80338793,0,762.888897003,0,0,0,0,0,0,195.5321495,659.147383987,228200,2568600,2796800,RESIDENTIAL A,1,NA
44021013,0,0,3613.013,242.4475492,2102.796501,2105.659546,3535.287758,3528.440946,2106.893034,25.16948475,25.16948475,0,0,722.184044972,0,0,0,0,0,0,49.0437589154,332.599155418,118000,1036700,1154700,RESIDENTIAL,1,NA
44021014,0,0,2207.284882,188.3013142,2087.143195,2089.869701,3533.706871,3526.958284,2091.052596,39.41454245,39.019809360000004,7.458191714,0,730.240189152,0,0,0,0,0,0,0,108.933772481,305300,1049500,1354800,RESIDENTIAL,1,NA
44021050,0,0,1619.543518,167.1520854,2131.814983,2134.639055,3544.641697,3537.64729,2135.857466,24.33962488,24.33962488,5.68687608,0,617.431892318,0,0,0,0,0,0,0.983040738439,384.591959012,257700,1913700,2171400,RESIDENTIAL,1,NA
44022032,21.4166195,-157.7661873,1445.276428,186.2093465,2272.228357,2343.655862,4216.46539,4178.638374,2347.618518,2.507064531,2.507064226,0,0,21115.1005463,0,0,0,0,314.814621829,537.628200155,1141.99303668,4493.97921225,211000,5370200,5581200,RESIDENTIAL,1,NA
44024001,0,0,3405.771164,313.0251054,807.1816496,807.1891798,2782.085164,2777.901297,807.1891798,126.7894384,126.7894384,122.2371608,16.99809988,988.425206216,0,0,0,0,0,0,0,143.265886344,674400,1751000,2425400,RESIDENTIAL,1,NA
44024002,0,0,2785.31868,257.8846768,801.9489067,801.9562946,2789.600107,2785.401352,801.9562946,143.6354312,143.6354312,140.3688704,26.63914711,1044.45484119,0,0,0,0,0,0,0,130.533499428,1492900,1751000,3243900,RESIDENTIAL A,1,NA
44024057,0,0,6635.85321,385.7851416,470.1720368,470.1806062,3066.295654,3061.986568,470.1806062,20.84294072,18.93263798,13.19077626,10.04660704,2080.67288651,0,0,0,0,0,0,0,0,162500,2576600,2739100,RESIDENTIAL A,1,NA
44037011,21.41564901,-157.7674351,2459.255951,240.3365917,2415.292964,2498.623219,4285.933403,4247.811784,2502.736999,0,0,0,0,1647.50502732,0,0,0,0,559.004696109,621.587845838,780.573826411,987.914461387,544700,2250500,2795200,RESIDENTIAL,1,NA
44037012,21.41604441,-157.7677467,3403.651505,310.5139926,2436.533363,2512.136045,4330.699557,4292.629863,2516.133977,0,0,0,0,944.791882248,0,0,0,0,187.521900057,209.373387034,249.40790739,349.566824873,396700,2181700,2578400,RESIDENTIAL,1,NA
44037020,21.41577638,-157.7683252,4429.410522,385.7774245,2498.962915,2577.529992,4369.842773,4331.679122,2581.560646,32.49871325,32.03403023,31.14529433,0,1536.93899233,0,0,0,0,0,0,0,154.466566255,120700,2342600,2463300,RESIDENTIAL,1,NA
44037048,21.41589728,-157.7680621,5835.02832,445.5451575,2472.890514,2549.043919,4357.753231,4319.639368,2553.043716,1.954377306,1.412555513,0.571794677,0,2101.06652336,0,0,0,0,82.1846513466,100.505376378,289.863317412,455.579782501,1236700,2340000,3576700,RESIDENTIAL A,1,NA
44039001,0,0,2974.416641,231.3091065,824.0188012,824.0265993,2784.467872,2780.287436,824.0265993,99.77051631,99.77051631,96.35531073,17.92205973,932.055969445,0,0,0,0,0,0,0,119.623607818,409700,1600000,2009700,RESIDENTIAL,1,NA
44039002,0,0,3901.7564389999998,301.6148,830.5570182,830.5651002,2790.920313,2786.757095,830.5651002,70.70108939,70.70108939,66.15258491,20.09260925,932.249991437,0,0,0,0,0,0,0,0,515500,1600300,2115800,RESIDENTIAL,2,NA
44039003,0,0,3681.162109,314.2637817,862.3368413,862.3450173,2780.054691,2775.907725,862.3450173,68.96558606,67.24324603,65.48229134,3.543805388,957.093847866,0,0,0,0,0,0,0,317.649182101,224400,1283800,1508200,RESIDENTIAL A,1,NA
44039004,0,0,2403.219315,196.1706188,881.3045873,881.313019,2781.075885,2776.944791,881.313019,37.81259367,36.87448544,35.87552116,9.475973682,940.33012423,0,0,0,0,0,0,0,27.921545427,325200,1892200,2217400,RESIDENTIAL A,1,NA
44039005,0,0,2667.879486,207.1539028,861.7013649,861.7099363,2799.103693,2794.964703,861.7099363,40.24915624,40.24915624,34.46882648,21.48699397,940.441292054,0,0,0,0,0,0,0,0,348300,1298000,1646300,RESIDENTIAL,1,NA
44039006,0,0,2640.512955,205.8291351,845.4169216,845.4256913,2823.603451,2819.461055,845.4256913,33.52110996,33.52110996,30.80074405,27.85512909,921.333922755,0,0,0,0,0,0,0,0,322800,1575600,1898400,RESIDENTIAL,1,NA
44039007,0,0,3515.469452,238.6101821,822.5462468,822.5551619,2851.049696,2846.898583,822.5551619,33.37665811,33.37665811,29.36814025,25.42547842,1000.19131761,0,0,0,0,0,0,0,0,287100,2114300,2401400,RESIDENTIAL,1,NA
44039008,0,0,3480.523865,252.9520666,810.2518113,810.260888,2862.208278,2858.058519,810.260888,35.65717861,35.65717861,31.66223225,27.61323093,931.777226983,0,0,0,0,0,0,0,0,359700,2100800,2460500,RESIDENTIAL A,1,NA
44039013,0,0,2939.691666,240.9556068,755.7934476,755.803949,2970.553621,2966.404029,755.803949,81.2743106,81.2743106,27.67599044,22.514529,923.851177609,0,0,0,0,0,0,0,0,199000,2100200,2299200,RESIDENTIAL,1,NA
44039020,0,0,1860.57045,172.6996127,651.5091922,651.5210401,3034.870377,3014.671266,651.5210401,19.83329924,18.45581547,17.9554544,16.60294617,943.25869874,0,0,0,0,0,0,0,0,532100,2100600,2632700,RESIDENTIAL A,1,NA
44039022,0,0,3420.220718,283.1522639,620.3492329,620.3612676,3017.133585,2996.6182,620.3612676,17.78145317,17.78145317,16.83668843,15.10646222,946.038855984,0,0,0,0,0,0,0,0,375300,2100500,2475800,RESIDENTIAL,1,NA
44039023,0,0,2954.919724,243.2954536,586.4485836,586.4607376,3003.866766,2982.99818,586.4607376,24.85743325,23.48691457,21.74740385,17.87157565,939.490655794,0,0,0,0,0,0,0,14.8367267362,543800,2101500,2645300,RESIDENTIAL A,1,NA
44039024,0,0,4016.398071,296.1340667,564.0019437,564.014241,2977.847341,2956.805396,564.014241,17.89997215,16.74991142,15.28809533,6.463403634,934.304162677,0,0,0,0,0,0,0,22.7579919531,484300,2100600,2584900,RESIDENTIAL,1,NA
44039026,0,0,4495.316467,332.6721087,535.0812234,535.0931013,3010.882056,2989.458489,535.0931013,14.54213598,14.54213598,13.90322755,13.13102829,980.007101558,0,0,0,0,0,0,0,0,653500,2108600,2762100,RESIDENTIAL,1,NA
44039057,0,0,3883.877258,302.2506821,782.1858359,782.1944776,2857.24665,2853.066101,782.1944776,81.24918203,81.24918203,77.25805907,73.199636280000007,930.052175074,0,0,0,0,0,0,0,0,255800,1568400,1824200,RESIDENTIAL,1,NA
44039058,0,0,4799.695084,335.6967098,789.8584693,789.8668863,2826.339932,2822.158605,789.8668863,79.54047374,79.54047374,75.49848027,60.24712525,915.039838162,0,0,0,0,0,0,0,0,354700,1504100,1858800,RESIDENTIAL,1,NA
45001011,21.42408714,-157.7916949,1571.042694,174.5761225,4902.977202,4913.080032,4923.661196,4921.892307,4915.089692,7.596969565,6.870529388,4.823151464,0,785.764431055,0,0,0,0,53.2730047446,65.4474830456,87.6692788502,220.306791503,465900,1439900,1905800,RESIDENTIAL A,1,NA
45001017,21.42490769,-157.7917957,455.4660797,106.3545622,4847.900025,4860.563019,4861.823885,4860.056145,4856.327562,3.671682448,2.650002981,0.929634843,0,1150.52552279,0,0,0,0,99.0202766556,110.024814733,134.415423456,326.279888913,225500,1448600,1674100,RESIDENTIAL,1,NA
45001018,21.42501881,-157.7919717,1019.971252,140.0604475,4848.392963,4861.255594,4862.615707,4860.848349,4857.12057,13.91009361,13.13317271,11.6818484,0,1000.69191062,0,0,0,0,57.093350035,59.0941753164,67.0275567251,315.743516854,357800,1333500,1691300,RESIDENTIAL,1,NA
45001020,21.42529217,-157.7918755,551.8611908,110.5773894,4819.595948,4832.549932,4833.956777,4832.189609,4828.462231,0.2724027,0,0,0,990.273211433,0,0,0,0,63.4413639898,69.4479717969,91.0338319876,242.830021931,132800,1314200,1447000,RESIDENTIAL,1,NA
45001027,21.42623598,-157.7915967,262.6355133,64.90062862,4719.954926,4733.403984,4735.003269,4733.295876,4729.57085,0.518774338,0,0,0,948.025730225,0,0,0,0,103.465786886,121.049548716,150.663595964,171.283372243,316200,1310700,1626900,RESIDENTIAL,1,NA
45001030,21.42660285,-157.7916891,2215.256622,261.6878768,4688.26684,4702.097743,4703.81059,4702.182515,4698.45951,0,0,0,0,779.494017287,0,0,0,0,91.5559066527,100.5596197,121.917999155,160.015884692,269100,1230100,1499200,RESIDENTIAL,1,NA
45001032,21.42692782,-157.7916055,784.4729767,117.866079,4657.889234,4671.860849,4673.616032,4672.017687,4668.295491,0.185351212,0.185351212,0,0,919.035089415,0,0,0,0,66.2985064548,72.2980053302,83.5151844954,164.082869885,560500,1307200,1867700,RESIDENTIAL,1,NA
45001037,21.42772874,-157.7914225,1847.061203,197.5335718,4574.529201,4589.029081,4590.942642,4589.455514,4585.736589,0,0,0,0,1287.71142298,0,0,0,0,10.7117931206,16.2662275013,46.0203726749,272.702293744,30600,1399100,1429700,RESIDENTIAL A,1,NA
45007013,21.41245672,-157.7852391,2305.601181,207.5242686,4292.788634,4370.249961,5679.151445,5678.074999,4374.084403,15.56461716,14.37867387,8.346573067,0,1140.15325741,0,0,0,0,0,0,22.2934021842,330.763647204,827700,1096300,1924000,RESIDENTIAL,1,NA
45007022,21.41237768,-157.7848217,2054.88858,220.4428655,4250.23919,4329.673998,5668.330466,5667.328125,4333.539161,5.904090475,4.668100962,0,0,478.65557257,0,0,0,0,0,0,244.199722856,464.247472793,57100,1295200,1352300,RESIDENTIAL A,1,NA
45007023,21.41222094,-157.7847729,1787.289063,186.5499512,4249.41562,4330.33135,5683.331417,5682.317681,4334.217587,23.61429492,22.43360675,1.843809756,0,384.611981308,0,0,0,0,0,0,31.0704121358,367.287275314,139700,1236900,1376600,RESIDENTIAL,1,NA
45007025,21.41201301,-157.7846297,3135.297592,263.6220991,4235.64808,4318.845673,5692.551048,5691.5012,4322.765079,17.45901653,17.45901653,0.799981863,0,530.267066876,0,0,0,0,0,0,12.7478685686,404.962972474,296100,1312700,1608800,RESIDENTIAL,1,NA
45007026,21.41173132,-157.7847862,511.0015869,93.98589407,4265.907195,4351.932662,5737.547721,5736.50403,4355.890119,14.00369524,8.871057289,0,0,621.124734863,0,0,0,0,0,0,239.294208891,621.124734776,146600,874800,1021400,RESIDENTIAL A,1,NA
45007028,21.41166694,-157.785108,2141.346466,211.0072179,4295.067715,4381.124746,5754.988606,5753.979803,4385.080883,29.55729314,8.565949558,0,0,669.00984116,0,0,0,0,0,112.926221215,384.143235133,495.762031325,155400,901400,1056800,RESIDENTIAL,1,NA
45007029,21.41155484,-157.7851868,4171.695526,377.0353538,4301.321506,4389.466965,5771.953703,5770.945518,4393.452126,15.69334004,3.059196351,0,0,861.606454743,0,0,0,0,0,7.74036611574,375.780291521,603.691932508,177600,975500,1153100,RESIDENTIAL A,1,NA
45007031,21.41245362,-157.7849807,2929.78566,239.4258415,4265.728457,4343.923083,5667.944739,5666.911892,4347.769643,5.229614155,4.256260237,0,0,1276.6539203,0,0,0,0,37.621028352,54.0236520936,260.223531955,843.278742339,85400,1506800,1592200,RESIDENTIAL A,1,NA
45007055,21.41142762,-157.786354,3163.020248,228.6687073,4430.078442,4516.340019,5846.351864,5845.182809,4520.291166,20.60018224,19.74902702,18.60031824,0,497.04496528,0,0,0,0,0,0,0,68.9526742766,681700,825500,1507200,RESIDENTIAL A,1,NA
45007056,21.41139101,-157.7861722,3262.035141,249.2527827,4410.977262,4497.316989,5825.904881,5824.754407,4501.254731,15.73325495,14.36267027,13.36322305,0,466.716193207,0,0,0,0,0,0,0,201.170294097,357200,803900,1161100,RESIDENTIAL,1,NA
45007057,21.41135612,-157.7859959,2761.131683,228.6926603,4392.901942,4479.643489,5821.761206,5820.649804,4483.603526,14.64451583,13.72644517,4.966773075,0,433.749265356,0,0,0,0,0,0,0,245.37377776,80000,815400,895400,RESIDENTIAL,1,NA
45007058,21.41135048,-157.7858318,1589.966873,170.8727771,4378.249789,4465.339255,5821.235738,5820.164518,4469.30504,17.75974059,17.66071886,0.821092256,0,436.754976251,0,0,0,0,0,0,20.7834886576,172.98114279200001,110700,814200,924900,RESIDENTIAL,1,NA
45007059,21.41122877,-157.7854178,376.1095428,78.27093352,4341.937582,4430.992025,5816.00903,5815.00727,4434.987563,11.84344083,11.84344083,2.270894877,0,429.338235596,0,0,0,0,0,0,0,164.805070559,237800,740300,978100,RESIDENTIAL,1,NA
45007060,21.41128703,-157.7852946,2847.055191,246.8735578,4321.299687,4410.560233,5796.999487,5795.995659,4414.559876,9.005502139,8.077051163,0,0,428.481546804,0,0,0,0,0,0,150.261657005,377.492124492,57000,808200,865200,RESIDENTIAL,1,NA
45007061,21.41143923,-157.785437,1849.534683,183.4176024,4335.111355,4422.889987,5793.157812,5792.149926,4426.867989,32.325828,31.99882447,3.055903928,0,475.799205774,0,0,0,0,0,0,78.7080524147,246.944717937,100700,726100,826800,RESIDENTIAL,1,NA
45007075,21.41217114,-157.7846645,1939.967316,225.3274191,4236.595633,4318.208716,5682.240235,5681.197847,4322.105637,25.06198096,25.06198913,0,0,980.711729628,0,0,0,0,32.7226089564,39.6759698005,141.555196334,859.891448774,143900,1444500,1588400,RESIDENTIAL A,1,NA
45047012,21.4239068,-157.7916742,3918.0327,379.352232,4894.399567,4905.199818,4942.344536,4940.575374,4907.255087,21.17786628,20.21100814,18.87537154,0,970.918330777,0,0,0,0,0.0638634702441,0.584875537833,2.03931413238,227.42972645,238700,915500,1154200,RESIDENTIAL,1,NA
45047013,21.42400928,-157.7913993,3138.762222,286.9293817,4863.068254,4873.511441,4908.199147,4906.429781,4875.5439,0,0,0,0,916.747590835,0,0,0,0,18.673472818,29.3423375559,69.8403439006,634.575143358,215200,1256100,1471300,RESIDENTIAL A,1,NA
45047014,21.42375759,-157.7912045,3357.549622,286.719774,4841.937194,4853.000758,4917.613755,4915.844035,4855.073965,29.80427531,28.8255843,23.72573684,0,989.655714518,0,0,0,0,0,0,0,681.298611368,73700,920100,993800,RESIDENTIAL,1,NA
45047015,21.42359238,-157.7911195,3309.547394,353.84242,4835.614284,4846.742946,4925.431606,4923.640022,4848.820487,51.99509495,51.08212688,46.05685749,0,1031.69778512,0,0,0,0,0,0,0,382.063042953,59500,928100,987600,RESIDENTIAL,1,NA
45047016,21.42342956,-157.7910926,1753.634064,178.7063884,4839.63968,4851.251733,4947.367069,4945.535932,4853.360674,73.22722658,72.25649444,67.16257396,0,1002.40608392,0,0,0,0,0,0,0,71.7476349416,0,928100,928100,RESIDENTIAL,1,NA
45047028,21.4235183,-157.7906969,3040.183868,249.3269603,4791.260306,4802.58896,4909.020125,4907.058424,4804.680198,77.71540392,76.51097099,70.55601587,0,950.330471935,0,0,0,0,0,0,0,102.330871701,657700,921400,1579100,RESIDENTIAL A,1,NA
45047029,21.42371801,-157.7906517,471.1383362,96.66695035,4791.561592,4802.552724,4895.082293,4893.175759,4804.621982,60.82290952,59.49570714,57.26067203,0,952.104269896,0,0,0,0,0,0,0,387.048867831,9900,928900,938800,RESIDENTIAL,1,NA
45047031,21.42354527,-157.7901088,2679.708267,258.0109678,4725.704145,4737.118002,4872.140874,4870.019546,4739.21581,97.04904606,94.56732289,93.33935019,0,1170.39219701,0,0,0,0,0,0,0,567.086921047,31900,944300,976200,RESIDENTIAL,1,NA
45047032,21.42388705,-157.7900035,2654.17308,307.4170624,4720.855851,4731.570761,4832.887873,4830.806879,4733.623132,63.04854732,62.81238812,60.86666177,0,1128.66865436,0,0,0,0,0,0,0,545.861595776,29600,942800,972400,RESIDENTIAL,1,NA
45047034,21.42402761,-157.7895997,3210.90921,250.6476745,4680.084559,4690.147814,4797.868419,4795.659889,4692.158346,57.65605033,57.45090092,55.0492281,0,1022.46137267,0,0,0,0,0,0,0,175.497236368,207000,932700,1139700,RESIDENTIAL,1,NA
45047035,21.42406315,-157.7893401,4635.893677,349.7145349,4644.340087,4654.485089,4778.411528,4776.175545,4656.50154,48.93299314,47.94061406,44.96534959,0,946.516821406,0,0,0,0,0,0,0,292.278376294,614100,927100,1541200,RESIDENTIAL A,1,NA
45047036,21.42384965,-157.7891985,3827.403946,345.3677306,4639.690725,4649.932725,4783.443247,4781.20724,4651.95558,62.33060456,61.7497903,59.54722145,0,970.551054769,0,0,0,0,0,0,0,303.698165711,299400,929000,1228400,RESIDENTIAL,1,NA
45047039,21.4233841,-157.7896005,3375.515656,315.8836386,4684.691123,4696.227774,4856.337897,4854.1019,4698.334225,121.4582203,121.0684821,118.9922833,0,1015.13578272,0,0,0,0,0,0,0,217.94115294,56800,929500,986300,RESIDENTIAL,1,NA
45047040,21.42326201,-157.789722,3737.366989,321.3994562,4685.9253,4697.958669,4876.168568,4873.932579,4700.097393,110.3694026,109.9738097,109.3863112,0,1100.37160889,0,0,0,0,0,0,0,541.348107181,181300,938100,1119400,RESIDENTIAL A,1,NA
45047041,21.42314833,-157.7898636,1947.164978,206.5527768,4701.516192,4713.805921,4895.679807,4893.443811,4715.96105,118.7992576,118.4863613,117.7947043,0,1178.68233931,0,0,0,0,0,0,0,721.046022216,24200,946700,970900,RESIDENTIAL,1,NA
45047044,21.4241963,-157.7909563,3513.116241,276.8132025,4819.741701,4829.806267,4866.072829,4864.30323,4831.814683,0,0,0,0,532.373560884,0,0,0,0,7.30166630116,11.3033145469,26.8279700834,367.237964661,344200,1142600,1486800,RESIDENTIAL A,1,NA
45047045,21.42428388,-157.7907439,2503.432556,247.1145866,4799.096393,4808.802975,4843.834424,4842.064518,4810.788337,0,0,0,0,452.372155029,0,0,0,0,0.00382903680336,0.00382903680336,2.75204187418,300.535938114,43200,1194000,1237200,RESIDENTIAL,1,NA
45047046,21.42431656,-157.7905481,2800.355286,242.6193049,4781.304527,4790.741312,4827.540386,4825.748205,4792.709325,9.988440048,9.988440048,0.31129945,0,459.434359451,0,0,0,0,0,0,0.781254943418,68.0782229887,136600,1192400,1329000,RESIDENTIAL,1,NA
45047047,21.42439861,-157.7903485,3512.851532,260.304692,4757.419682,4766.911058,4807.996226,4806.16767,4768.883012,18.22275753,0,0,0,453.071697749,0,0,0,0,0,0.248203564376,3.71207087838,302.036007116,274700,1190700,1465400,RESIDENTIAL,1,NA
45047048,21.42429441,-157.7901078,3856.436172,351.4072387,4740.100158,4749.427713,4801.852035,4799.926453,4751.389236,14.55050347,14.37764428,12.39979105,0,1020.29764262,0,0,0,0,4.00191451029,7.47347432636,18.3386319534,274.837872766,55900,1388700,1444600,RESIDENTIAL A,1,NA
45047049,21.42459367,-157.7898988,261.9728546,68.79595516,4721.342858,4730.24699,4772.791742,4770.854501,4732.181126,5.393909366,5.393909366,0,0,991.975354256,0,0,0,0,0.47020362078,1.23076013198,9.04125668392,188.202300215,253700,1380800,1634500,RESIDENTIAL,1,NA
45047050,21.42448072,-157.789722,2753.912857,261.5686345,4696.394327,4705.6166,4760.605689,4758.587294,4707.571942,5.603789976,5.603743203,4.073970466,0,977.872214019,0,0,0,0,8.17518180752,13.6104348242,39.682327425,551.598014849,179500,1387100,1566600,RESIDENTIAL A,1,NA
45047051,21.42455003,-157.7894914,3108.362122,299.0126948,4675.31212,4684.136301,4741.054279,4738.976629,4686.062451,0.150924512,0,0,0,980.089061027,0,0,0,0,104.279843726,118.236457043,152.095845352,485.403828366,192100,1375900,1568000,RESIDENTIAL A,1,NA
45047053,21.42451665,-157.7889751,3503.056488,307.1639363,4614.94991,4623.788549,4716.375273,4714.139311,4625.720146,0,0,0,0,715.118465775,0,0,0,0,112.985573862,131.930621547,166.750402709,425.185922202,214900,1217100,1432000,RESIDENTIAL A,1,NA
45047056,21.42411893,-157.7887109,4253.809845,386.8045185,4587.942461,4597.536721,4731.982001,4729.746031,4599.518164,4.213751256,3.794562389,3.279178897,0,1137.82927593,0,0,0,0,220.279071719,232.046980102,246.194375175,313.152542629,146900,1406100,1553000,RESIDENTIAL,1,NA
45047063,21.42269556,-157.7895567,1355.247528,175.616317,4668.605753,4681.989639,4921.771748,4919.53583,4684.216269,67.10221516,65.81316158,64.16484806,0,937.976847408,0,0,0,0,0,0,0,198.815838021,305400,922200,1227600,RESIDENTIAL,1,NA
45047064,0,0,2431.530411,235.1981568,4684.050406,4697.339897,4925.061208,4922.825231,4699.560163,80.29508533,79.21874132,77.72539848,0,932.15699712,0,0,0,0,0,0,0,332.234235484,449600,915900,1365500,RESIDENTIAL A,1,NA
45047080,21.42368352,-157.7885383,2508.378433,237.2643746,4567.795483,4578.500312,4765.070003,4762.834246,4580.554543,1.464178185,1.464139376,0.46962427,0,746.868940725,0,0,0,0,155.40547317,159.407114551,167.909677561,302.260426693,185700,1292100,1477800,RESIDENTIAL,1,NA
45047081,21.4239216,-157.7885936,3728.8255,299.2310882,4575.164981,4585.343325,4744.88781,4742.651925,4587.363109,3.024131734,3.024131734,2.428003986,0,1116.55991319,0,0,0,0,219.809066067,225.811528838,239.6665051,334.247124414,215200,1444100,1659300,RESIDENTIAL,1,NA
45047083,21.42435575,-157.7888212,4581.654236,279.8205142,4596.274606,4605.581759,4720.428014,4718.192008,4607.544305,2.215212671,2.215212671,1.33304356,0,694.52636442,0,0,0,0,171.802335314,179.042227932,196.279827239,342.85707486,206700,1269300,1476000,RESIDENTIAL A,1,NA
45047087,21.42413553,-157.7904834,2142.958618,227.8425974,4786.299881,4796.292782,4850.261458,4848.431184,4798.297036,23.16611572,23.16611572,21.77227458,0,461.02476822,0,0,0,0,0,0,0,318.107303489,0,873300,873300,RESIDENTIAL,1,NA
45047089,21.42396373,-157.7908714,2099.835388,210.8515124,4809.128635,4819.658442,4882.904423,4881.12737,4821.697368,25.20559813,24.05308689,19.67463169,0,530.817819586,0,0,0,0,0,0,0,475.568078348,61600,867100,928700,RESIDENTIAL,1,NA
45047090,21.42406919,-157.7911811,4362.399109,403.8543999,4838.455742,4848.835069,4889.42447,4887.654905,4850.863735,0,0,0,0,739.8996802,0,0,0,0,0.0590364223179,1.85331793844,28.262840064,517.117742252,450900,1606000,2056900,RESIDENTIAL,1,NA
45047116,21.42203755,-157.7889025,1962.733978,234.6394476,4597.944064,4612.973138,4940.409146,4938.174034,4615.30731,0,0,0,0,911.020820187,0,0,0,0,252.560691549,265.713236462,293.696875449,351.433330967,2060700,1349100,3409800,RESIDENTIAL,1,NA
45057001,21.41987939,-157.7906928,378.8839569,89.10337486,4792.609622,4813.282225,5245.132369,5242.897007,4815.919687,0.436464063,0,0,0,14207.1885363,0,0,0,0,10693.2920015,11170.8046947,12054.0652352,12866.3925171,900000,1943200,2843200,RESIDENTIAL A,1,NA
45058020,21.41785256,-157.7885655,4785.233902,398.7360137,4580.037567,4607.008217,5311.447277,5309.218787,4609.962109,0.710756168,0,0,0,450.802467037,0,0,0,0,0.0302133673809,1.0902339003,3.92844146086,10.776440021200001,509200,1431400,1940600,RESIDENTIAL,1,NA
45058022,21.41788467,-157.7882381,2727.215836,236.9544917,4544.677661,4571.886622,5297.484504,5295.257209,4574.852008,0,0,0,0,433.267224252,0,0,0,0,14.4619370502,23.5969221283,47.2632950146,85.3248859954,66300,1300700,1367000,RESIDENTIAL,1,NA
45058024,21.41768614,-157.7880096,2742.897049,257.0189762,4521.898728,4549.972549,5297.440246,5295.213765,4552.963304,0,0,0,0,491.378965926,0,0,0,0,84.840820278,87.8420505714,99.4052229479,115.888662058,104200,1302100,1406300,RESIDENTIAL A,1,NA
45058025,21.41754257,-157.787903,2784.322525,239.5633411,4509.378047,4538.63107,5307.409042,5305.183618,4541.646888,1.037910123,1.037910123,0.422099713,0,468.922606449,0,0,0,0,100.362498468,103.863752186,110.866522304,121.735548053,129100,1274300,1403400,RESIDENTIAL,1,NA
45058026,21.41744503,-157.7878208,3429.527328,257.0767965,4498.030307,4528.454623,5310.469665,5308.244561,4531.494985,0.599953367,0.599953367,0,0,503.783892309,0,0,0,0,109.634781684,116.350845387,124.937197852,140.13398024400001,43400,1302300,1345700,RESIDENTIAL,1,NA
45058027,21.41733105,-157.7877337,2564.029251,252.1841232,4491.686158,4523.203216,5319.628468,5317.404092,4526.265272,0.979256279,0.854807421,0,0,503.442810987,0,0,0,0,131.293817188,134.295046875,146.368482714,162.242072194,188200,1300300,1488500,RESIDENTIAL,1,NA
45058031,21.41676764,-157.7876254,3734.343063,303.7304446,4479.384299,4515.094491,5368.576798,5366.354624,4518.237133,0,0,0,0,469.845263289,0,0,0,0,83.2485112452,86.2497408337,96.0834908722,131.342200516,160100,1300300,1460400,RESIDENTIAL,1,NA
45058033,21.41649424,-157.7874698,527.9017181,108.4318018,4476.601896,4514.69554,5394.149373,5391.92811,4517.881907,0,0,0,0,485.002172175,0,0,0,0,39.2605686695,45.2630273961,58.4409674772,129.609723134,119600,1311200,1430800,RESIDENTIAL,1,NA
45058034,21.41630936,-157.7875889,3342.032394,308.0986701,4479.57868,4518.740904,5408.484427,5406.263433,4521.947439,0.339700401,0.339700401,0,0,459.869071557,0,0,0,0,24.5811961645,27.5824255571,38.9838223201,68.4491992781,174700,1309000,1483700,RESIDENTIAL,1,NA
45058035,21.4161726,-157.7875798,2536.959702,245.8056518,4484.289176,4524.919215,5427.785055,5425.564384,4528.152111,3.621026942,3.505494895,2.625110805,0,472.97537094,0,0,0,0,53.8590149255,61.8622931825,77.8057576659,119.815088553,62800,1302600,1365400,RESIDENTIAL,1,NA
45058038,21.41572762,-157.7875429,3271.412384,275.5557218,4484.029612,4528.787256,5466.912562,5464.693087,4532.091596,2.873793027,2.675154679,1.89348816,0,460.038006034,0,0,0,0,87.8879487955,90.8891780604,100.893275741,128.585662751,258500,1301200,1559700,RESIDENTIAL A,1,NA
45058039,21.41561262,-157.7874965,1853.674912,179.3399519,4483.295417,4529.279964,5477.703295,5475.484204,4532.605029,4.112090115,3.695714601,3.122814091,0,490.599631391,0,0,0,0,84.8710137586,90.9693204091,109.053165493,190.102367315,74400,1276600,1351000,RESIDENTIAL A,1,NA
45058045,21.41476238,-157.7875764,2206.277023,238.5316431,4503.70263,4557.281877,5577.423886,5575.213911,4560.733184,20.60604014,18.019167,7.20439186,0,528.267509686,0,0,0,0,0,0,0,43.7402452969,325000,1299700,1624700,RESIDENTIAL,2,NA
46001006,21.42505933,-157.7954722,338.9628448,73.77525818,5075.470233,5091.607792,5093.918021,5092.7062,5088.99694,5.103087758,4.755091017,1.083347222,0,1150.79025484,0,0,0,0,0,0,14.6898287974,133.205803913,0,1259200,1259200,RESIDENTIAL A,1,NA
46001007,21.42516053,-157.7951472,1547.930038,182.4057825,5041.427102,5057.336352,5059.597122,5058.350679,5054.640074,0,0,0,0,1805.38860909,0,0,0,0,0,0,90.1851926868,209.953619375,972400,1904600,2877000,RESIDENTIAL,1,NA
46001009,21.42881431,-157.7941325,641.4436188,111.5611496,4672.8946,4691.51943,4694.389994,4693.164544,4689.885981,69.39615386,66.89081266,52.05220129,0,2306.83435409,0,0,0,0,0,0,0,6.01881648968,302800,2080000,2382800,RESIDENTIAL,1,NA
46003036,21.42459626,-157.7970435,5916.784531,373.1830321,5207.064453,5224.368599,5226.93297,5225.845909,5222.198029,0.925518668,0,0,0,2096.25656004,0,0,0,0,22.9321996465,60.8225155082,138.983821475,220.328218266,489500,1623700,2113200,RESIDENTIAL,1,NA
46003078,21.42478975,-157.7994928,8812.015518,552.7910269,5359.848514,5379.858653,5383.017877,5381.663349,5378.726504,0,0,0,0,877.228449418,0,0,0,0,14.9790390071,19.5584047361,37.3642779193,100.052629848,239500,1386500,1626000,RESIDENTIAL,1,NA
46003079,21.42499496,-157.7990748,425.9173126,94.53171975,5331.875829,5351.597483,5354.693457,5353.367361,5350.354514,0,0,0,0,1167.6335713,0,0,0,0,159.912051359,166.191986411,184.535151149,253.751409709,530200,1437900,1968100,RESIDENTIAL,1,NA
46022023,21.42659569,-157.80182,255.2356415,63.94503867,5409.418758,5433.332178,5437.356738,5435.612771,5432.999984,0,0,0,0,1025.95204851,0,0,0,0,262.497922049,283.090327295,320.594119011,376.734464112,303700,1406800,1710500,RESIDENTIAL,1,NA
46022024,21.4267879,-157.8021419,3911.192703,305.2105725,5408.839038,5433.261726,5437.399631,5435.604632,5432.979414,0,0,0,0,918.349850203,0,0,0,0,169.145832973,184.886452666,220.520121271,263.270381565,124900,1389800,1514700,RESIDENTIAL,1,NA
46022025,21.42683985,-157.802428,3250.853638,308.2463707,5435.005561,5459.802932,5464.023709,5462.191421,5459.557191,0,0,0,0,824.553764408,0,0,0,0,99.2664303695,106.269362426,116.358927975,137.529703246,361900,1372400,1734300,RESIDENTIAL A,1,NA
46022026,21.42690268,-157.8026125,153.5339355,49.93006345,5448.668482,5473.581488,5477.827731,5475.983989,5473.347003,0,0,0,0,873.402877303,0,0,0,0,68.9251101992,74.9276273537,88.9497481118,107.920584908,351800,1385300,1737100,RESIDENTIAL,1,NA
46023043,21.42436814,-157.8002067,4395.648224,290.9476655,5453.767368,5473.940524,5477.133777,5475.76403,5472.867623,0.913652484,0.314112968,0.314014385,0,749.897780955,0,0,0,0,123.594030882,130.596956648,138.262007846,158.803329547,427400,1332000,1759400,RESIDENTIAL A,1,NA
46023044,21.42456668,-157.8000863,178.3209076,58.55326805,5439.76338,5460.093541,5463.321885,5461.936333,5459.082362,0,0,0,0,673.309225304,0,0,0,0,140.159383491,148.162727432,159.062957679,200.166593331,525700,1323200,1848900,RESIDENTIAL,1,NA
46023047,21.42499915,-157.8007325,2783.83699,261.28472,5445.4118340000005,5466.82738,5470.296244,5468.802455,5466.235452,0,0,0,0,716.449386182,0,0,0,0,138.00859973,144.011109524,157.123711136,187.618133147,226500,1324000,1550500,RESIDENTIAL,1,NA
46023050,21.42550752,-157.8011552,2729.543961,244.7338835,5434.603233,5456.873279,5460.532034,5458.952765,5456.380917,4.000874769,4.000879622,2.079161896,0,720.645566223,0,0,0,0,85.6292411719,92.2096668424,103.367464,131.461039498,132000,1311200,1443200,RESIDENTIAL,1,NA
47009004,21.45745765,-157.8297566,549.5789185,100.4674015,5666.11632,5727.687994,5727.687994,5727.687994,5727.687994,0,0,0,0,10212.2039988,0,0,0,0,3601.7590859,3821.15035423,4551.54780154,7849.89965892,265800,1151400,1417200,RESIDENTIAL A,2,NA
47009006,21.457356,-157.8309356,1864.815735,178.3630975,5635.39237,5715.763591,5715.763591,5715.763591,5715.763591,5.891566118,5.383124696,0,0,1291.3689383,0,0,0,0,136.937870935,143.811030538,196.834607236,409.068242223,160500,661400,821900,RESIDENTIAL,2,NA
47009009,21.45737141,-157.8311126,1847.795578,192.289812,5629.396953,5711.752744,5711.752744,5711.752744,5711.752744,12.22289318,11.92066859,7.145286369,0,379.156516029,0,0,0,0,51.0283137461,54.0296263547,57.8235221505,117.04564118,261800,508100,769900,RESIDENTIAL,1,NA
47009010,21.4574445,-157.8311537,1912.698303,246.0991534,5617.240853,5699.349009,5699.349009,5699.349009,5699.349009,2.296216751,2.287328171,0.286897094,0,829.338791061,0,0,0,0,120.444954876,123.446267886,136.303064341,166.117725813,533000,637100,1170100,RESIDENTIAL A,2,NA
47009011,21.45818828,-157.8317928,3331.405685,271.4243172,5523.024079,5612.292661,5612.292661,5612.292661,5612.292661,0,0,0,0,2978.26337296,0,0,0,0,1030.2634497,1070.25178392,1156.16437136,1637.13246714,701100,1010000,1711100,RESIDENTIAL A,2,NA
47009012,21.4583844,-157.8320843,2540.707245,213.4006014,5492.932846,5587.485695,5587.485695,5587.485695,5587.485695,26.42383302,25.97513191,25.54186537,0,1101.96614716,0,0,0,0,0,0,0,178.205545032,416100,861800,1277900,RESIDENTIAL,2,NA
47009015,21.4587986,-157.8319917,2271.595764,197.8380051,5452.126822,5543.268873,5543.268873,5543.268873,5543.268873,1.144426128,0.74488089,0,0,411.980001995,0,0,0,0,0,0,0,177.144523192,186400,809900,996300,RESIDENTIAL,1,NA
47009024,21.45767281,-157.8314098,5722.981613,470.4894969,5577.221463,5666.088284,5666.088284,5666.088284,5666.088284,4.248400681,4.199831225,0,0,1325.05327183,0,0,0,0,100.726746404,106.025337159,151.780038359,554.197787315,967100,972300,1939400,RESIDENTIAL,3,NA
47009046,0,0,3496.071747,237.0209548,5692.218036,5755.867742,5755.867742,5755.867742,5755.867742,12.73101715,12.73101415,0,0,1325.9054146,0,0,0,0,0,0,224.559716921,1139.12597194,545300,1090600,1635900,RESIDENTIAL,1,NA
47010002,21.46030317,-157.8324917,1545.262878,166.1003652,5280.399262,5375.106507,5375.106507,5375.106507,5375.106507,5.027456105,4.348734844,3.375173815,0,1037.33560874,0,0,0,0,214.269457484,228.334776811,252.185060855,712.472441766,272600,929000,1201600,RESIDENTIAL A,1,NA
47010014,21.45994868,-157.8324882,2811.216446,221.2253244,5317.306568,5411.758405,5411.758405,5411.758405,5411.758405,10.83731011,10.83731011,9.921658163,0,904.642610054,0,0,0,0,195.238158389,199.243830961,217.201355263,473.1216385,396000,898900,1294900,RESIDENTIAL A,1,NA
47010050,21.46082704,-157.8337888,2238.7733,203.0868221,5188.774271,5290.86904,5296.100045,5296.194154,5294.064314,8.266806134,8.266806134,0,0,1341.20721986,0,0,0,0,0,0,1.89739052202,108.573841317,675900,2724800,3400700,RESIDENTIAL,1,NA
47010062,21.45947479,-157.8336637,2218.873901,206.3046098,5333.938422,5437.875354,5443.617276,5443.713312,5441.200547,0,0,0,0,934.102051547,0,0,0,0,0,0,0.973158405159,39.7199586629,306600,1125800,1432400,RESIDENTIAL,1,NA
47010080,21.46229863,-157.8328655,1383.42865,149.3655521,5057.811543,5150.519012,5150.519012,5150.519012,5150.519012,0,0,0,0,852.264248023,0,0,0,0,452.230243764,486.835549374,549.897243553,637.796814774,0,706300,706300,RESIDENTIAL,1,NA
47010082,21.46012858,-157.8325156,2409.581787,236.8506153,5294.434884,5390.621063,5390.65568,5390.65568,5390.65568,11.45423951,10.70643384,10.48000438,0,961.527171685,0,0,0,0,315.755829816,329.758048311,337.488669561,816.925356828,1357100,872900,2230000,RESIDENTIAL,1,NA
47013024,21.45962613,-157.842909,4423.461227,297.3441548,5138.382213,5307.010821,5335.449476,5335.655403,5315.06244,199.7371397,90.69661576,6.316671993,0,68151.7109331,0,0,0,0,0,112.927680044,9075.41455626,27137.4202821,900700,2192200,3092900,RESIDENTIAL,1,NA
47014004,21.46693421,-157.8426874,1886.502426,174.7668497,4343.767007,4505.6252,4533.242618,4533.44594,4513.460932,11.07613215,9.396018117,8.018326133,0,5659.55058872,0,0,0,0,456.032576098,628.006300215,1094.99689137,2158.29494382,746100,1424100,2170200,RESIDENTIAL,1,NA
47014005,21.46580339,-157.8428602,2489.370193,205.3963114,4464.620244,4629.737837,4657.877988,4658.083568,4637.690371,19.91991339,19.52597071,0,0,1146.76887056,0,0,0,0,182.054002768,212.491261074,360.383025545,714.467102226,239400,700600,940000,RESIDENTIAL,1,NA
47014008,21.46641982,-157.8426556,1751.056549,179.740405,4399.233418,4561.666739,4589.262874,4589.46592,4569.513045,19.52434837,18.37192108,0,0,1576.98784629,0,0,0,0,272.147055362,309.614495622,675.042950665,1193.21781145,595700,780600,1376300,RESIDENTIAL,1,NA
47014009,21.46596792,-157.8427268,308.6354828,70.73615113,4454.690531,4617.684186,4645.566695,4645.77107,4625.582343,16.22558587,14.86694248,6.012961794,0,1988.56650215,0,0,0,0,0,0,13.0182041445,1062.9794184,541000,1044800,1585800,RESIDENTIAL,1,NA
47014010,0,0,2238.107483,206.693047,4421.458076,4583.402326,4610.703901,4610.905571,4591.177371,12.51442041,10.97579811,0,0,2965.63509435,0,0,0,0,362.577702819,422.702556623,1017.44227694,1861.6642965,0,900600,900600,RESIDENTIAL,2,NA
47014015,21.46557529,-157.8428361,2926.185883,279.3208663,4488.780807,4652.649352,4680.718721,4680.923923,4660.588585,2.33407665,1.763596657,0.94199737,0,907.347288864,0,0,0,0,193.285215433,218.872864851,261.987575281,571.125216981,458800,723200,1182000,RESIDENTIAL A,1,NA
47017007,21.46742564,-157.8432323,406.4102631,80.63860054,4287.632799,4455.069607,4484.49932,4484.7113660000005,4463.279097,56.71437251,48.17786244,33.19323691,0,246.360253163,0,0,0,0,0,0,0,91.9310195747,74700,570400,645100,RESIDENTIAL,1,NA
47017009,0,0,1332.836639,158.709759,4257.190809,4421.502892,4450.109125,4450.31732,4429.538774,25.14829038,15.95021025,2.365193358,0,556.007481599,0,0,0,0,0,0,16.3744830444,453.821066574,489800,689400,1179200,RESIDENTIAL,1,NA
47017010,21.46769921,-157.8432518,2636.384949,242.9947105,4250.033038,4416.175593,4445.312917,4445.523649,4424.321617,16.65068841,12.9362767,1.680188905,0,527.024155931,0,0,0,0,0,0,96.3693387708,394.537802895,769900,677600,1447500,RESIDENTIAL,1,NA
47017011,21.46777431,-157.843343,2079.813324,201.2212673,4242.029019,4409.338516,4438.818151,4439.030524,4417.555282,14.16319755,12.33391589,3.137566735,0,488.88330562,0,0,0,0,0.0282349832932,3.30407320118,124.019481333,294.952986539,713200,665100,1378300,RESIDENTIAL,1,NA
47017014,21.46807521,-157.8434832,1304.333679,148.7469742,4208.671239,4377.780911,4407.828908,4408.044046,4386.113707,9.410691805,8.410538537,6.410048361,0,467.044139068,0,0,0,0,96.4545073332,100.456288319,110.76464398,409.379094364,825200,658200,1483400,RESIDENTIAL,1,NA
47017015,21.46817468,-157.8435779,1425.742767,154.9220916,4196.455497,4366.298477,4396.575572,4396.791822,4374.678113,7.102402535,5.220655137,0.191878653,0,378.545689114,0,0,0,0,75.5607521637,80.313378153,124.567804694,322.013058493,357400,678100,1035500,RESIDENTIAL,1,NA
47017017,21.46836114,-157.8436476,2119.61673,207.5106804,4174.38404,4344.73555,4375.197966,4375.415139,4353.152207,4.502151737,3.81132578,2.028917837,0,182.551966858,0,0,0,0,0,0,0,175.887691686,232100,366000,598100,RESIDENTIAL,1,NA
47017018,21.46856581,-157.8437282,1487.454742,161.7312068,4151.060204,4322.450527,4353.249732,4353.46855,4330.935628,0.294709977,0.230843506,0,0,163.239873204,0,0,0,0,8.44704652472,10.5189666553,17.1348427164,144.301836379,257200,379400,636600,RESIDENTIAL,1,NA
47017023,0,0,1675.218353,183.4464277,4279.791053,4442.174811,4470.202567,4470.407968,4450.091705,10.80911804,1.660573591,0,0,800.957151138,0,0,0,0,44.1159523962,94.6363584869,333.984730747,576.994777146,941300,592100,1533400,RESIDENTIAL,1,NA
47017025,21.46717039,-157.8430003,2488.875351,200.4663753,4310.312677,4475.021446,4503.644013,4503.852181,4483.064352,36.38903714,2.650226521,0,0,500.553406141,0,0,0,0,0,63.2097839599,115.363036363,253.257815505,428300,854700,1283000,RESIDENTIAL A,1,NA
47017026,21.46699331,-157.8430737,2631.152832,216.3467205,4333.980798,4499.454558,4528.248209,4528.457144,4507.534688,50.70606908,9.489064557,7.488679123,0,555.820480876,0,0,0,0,0,25.8130699123,49.3453335575,76.1707691795,379700,932400,1312100,RESIDENTIAL A,1,NA
47019024,21.45228627,-157.8151578,1131.446762,151.1537976,5380.657958,5380.365312,5382.546608,5381.458057,5377.652821,0,0,0,0,287.843110531,0,0,0,0,135.576706655,146.543435747,159.499985181,201.212310414,296200,554500,850700,RESIDENTIAL,1,NA
47019033,21.45277087,-157.81534920000001,326.8832703,74.70004926,5395.170641,5394.878077,5396.950876,5395.773691,5391.970046,0,0,0,0,522.897842503,0,0,0,0,267.145785316,272.147924164,288.358797595,306.376894783,564500,726300,1290800,RESIDENTIAL A,1,NA
47019034,21.45303374,-157.8155187,1470.987473,162.6681233,5403.953793,5403.661288,5405.674724,5404.449166,5400.646554,0.398907808,0,0,0,491.700561202,0,0,0,0,251.375457625,259.30601678,270.937395925,293.411921647,503300,725200,1228500,RESIDENTIAL,1,NA
47019041,21.45331942,-157.8156564,2701.551147,247.8007798,5413.188358,5412.895918,5414.850461,5413.576996,5409.775522,2.596628175,1.625837749,0,0,767.612397535,0,0,0,0,258.089981935,271.507710509,299.186760583,349.420468992,642600,809000,1451600,RESIDENTIAL,1,NA
47019042,21.45366451,-157.8157003,152.8580017,52.02248166,5416.267165,5415.974844,5417.838333,5416.491,5412.464376,2.613244266,1.644519435,0.540179878,0,1071.49280263,0,0,0,0,227.265185271,244.949577149,302.210248397,355.994979772,449500,903400,1352900,RESIDENTIAL A,1,NA
47019044,21.45371214,-157.8156874,567.738739,98.92158022,5411.816806,5411.524497,5413.380042,5412.026287,5407.970541,0,0,0,0,145.991993298,0,0,0,0,50.223523082,52.8610478189,58.9626022121,67.5139633142,2500,27200,29700,RESIDENTIAL,1,NA
47019047,21.45382809,-157.8157463,3804.074661,282.9693086,5408.733352,5408.441117,5410.247791,5408.854496,5404.618598,0,0,0,0,1025.55878561,0,0,0,0,199.338420039,221.034477172,245.94618924,274.407187397,530200,867300,1397500,RESIDENTIAL,1,NA
47019055,21.4542607,-157.817059,1506.341995,158.4448232,5545.692033,5545.400017,5547.079142,5545.58251,5540.8709,0.695719784,0.086168209,0,0,93.8279182552,0,0,0,0,5.95425933056,8.07061319168,9.08233240938,12.8694470062,0,13100,13100,RESIDENTIAL,1,NA
47019063,21.45412839,-157.8173415,1568.763687,175.9845457,5582.273781,5581.981732,5583.678436,5582.195869,5577.54728,2.441060089,1.172779858,0.303655621,0,275.323193845,0,0,0,0,5.05294378833,8.31945487186,18.3947282433,31.7265247968,0,35500,35500,RESIDENTIAL,1,NA
47019065,21.45390799,-157.8178287,2208.146133,189.6036385,5628.459039,5628.166924,5629.90023,5628.447056,5623.93112,2.030272547,1.676491497,0.968710696,0,778.653883254,0,0,0,0,36.2568900718,40.9041311785,52.201414782,98.358377266,509900,810400,1320300,RESIDENTIAL A,1,NA
47019069,21.45383879,-157.8179464,1291.909485,165.5837148,5648.660916,5648.368776,5650.116936,5648.675696,5644.213574,14.27360713,12.41679002,11.23999981,0,186.07054485,0,0,0,0,0,0,0,0.886235725689,157100,360600,517700,RESIDENTIAL,1,NA
47019071,21.4537863,-157.818003,1396.650833,181.6507573,5655.370164,5655.078008,5656.834781,5655.400476,5650.96978,22.33349182,20.45160842,10.84531994,0,200.824778339,0,0,0,0,0,0,0,0.860565525492,596400,507500,1103900,RESIDENTIAL,1,NA
47020020,21.456052,-157.8270082,3202.592514,301.6202805,5896.577504,5923.577508,5923.577508,5923.577508,5923.577508,0,0,0,0,742.917669764,0,0,0,0,261.771612521,292.479406701,359.743814522,519.712220023,463300,1110000,1573300,RESIDENTIAL A,1,NA
47024016,21.4737388,-157.8433198,365.5551758,77.64279753,3592.344178,3754.988032,3784.616514,3784.831122,3763.183036,0,0,0,0,1365.21794882,0,0,0,0,235.27617718,245.297719932,269.411546616,354.954591111,456000,789400,1245400,RESIDENTIAL,1,NA
47024018,21.47375125,-157.8434826,3492.126831,289.5163391,3593.917702,3757.368252,3787.216589,3787.432234,3765.609256,1.8048593,0.812204481,0,0,1275.18300265,0,0,0,0,228.651240961,242.827300127,252.801810789,269.955757893,681700,789400,1471100,RESIDENTIAL A,1,NA
47024028,21.473052590000002,-157.843363,1986.387939,222.8766196,3666.685369,3829.147168,3858.509337,3858.722482,3837.293604,0.714840892,0,0,0,930.018877425,0,0,0,0,225.736924912,238.742712329,243.807995643,260.929173415,318000,703100,1021100,RESIDENTIAL A,3,NA
47030003,21.45230664,-157.8224981,2841.56665,286.7475228,6126.895822,6126.603408,6128.535401,6127.241786,6123.439117,3.980918933,3.891716434,0.987774623,0,1001.08318877,0,0,0,0,205.005134551,212.008160618,232.990513162,435.294539222,525100,796400,1321500,RESIDENTIAL,1,NA
47030004,21.45223832,-157.8226588,3011.069855,305.699201,6145.580969,6145.288554,6147.221618,6145.92883,6142.127786,11.95044035,11.66121049,10.26401471,0,464.516470219,0,0,0,0,0,0,0,2.21364374362,34200,927500,961700,RESIDENTIAL,1,NA
47030006,21.45249301,-157.822963,2073.831207,218.3565147,6173.49169,6173.199336,6175.085599,6173.754785,6169.781525,3.727342095,3.657795953,0,0,476.718446173,0,0,0,0,16.5984742055,20.8251369573,39.3429414135,349.54973543,0,76500,76500,RESIDENTIAL,1,NA
47030010,21.45230992,-157.823393,2670.815628,255.9330832,6231.886385,6231.594011,6233.495486,6232.176877,6228.257759,28.29038489,28.00608006,26.00563893,0,668.77045872,0,0,0,0,41.5089584031,63.9832096557,122.19007073,247.914973336,32900,985800,1018700,RESIDENTIAL A,1,NA
47030011,21.45246027,-157.8232847,4284.712997,313.4763836,6199.57796,6199.285595,6201.180006,6199.85574,6195.9116540000005,0,0,0,0,668.872027276,0,0,0,0,70.6293484904,85.3310717736,180.151280614,425.621038541,623300,985800,1609100,RESIDENTIAL,1,NA
47030012,21.45263061,-157.82333,2052.242996,208.0679887,6210.53185,6210.23955,6212.087189,6210.725004,6206.607832,18.21677516,18.06241527,17.05998881,0,668.87202535,0,0,0,0,37.8500244669,50.8001768434,117.773711928,516.841754807,3500,985800,989300,RESIDENTIAL,1,NA
47030013,21.45280917,-157.8232595,2308.929855,284.2946287,6194.279966,6193.987703,6195.810854,6194.428884,6190.221944,4.701591108,3.701333944,1.700913571,0,670.903697669,0,0,0,0,215.772608367,235.480540342,266.634219509,379.421326715,477700,767800,1245500,RESIDENTIAL,1,NA
47030015,21.45315389,-157.8232721,198.7616577,50.30223477,6201.595969,6201.303808,6203.063277,6201.629821,6197.187954,3.269561225,3.269561225,1.44509374,0,692.151246862,0,0,0,0,200.609976355,208.506667207,238.707391273,422.868372902,751100,837600,1588700,RESIDENTIAL,1,NA
47030016,21.45316033,-157.8235299,1998.552979,185.996221,6229.717576,6229.425453,6231.162548,6229.710968,6225.18575,15.08365857,14.20538527,12.66242406,0,652.770531614,0,0,0,0,169.303981822,181.734795321,222.528061611,426.913345579,669600,856800,1526400,RESIDENTIAL,1,NA
47030019,21.45330542,-157.8238368,3725.434967,287.2058101,6269.009899,6268.71778,6270.45232,6268.998593,6264.462612,35.10845685,34.90710533,33.37797797,0,651.852231289,0,0,0,0,25.7920030826,30.0968473372,45.9129585479,113.386936082,664600,832300,1496900,RESIDENTIAL A,2,NA
47030020,21.45351305,-157.8240431,212.7088318,59.04956458,6275.051858,6274.759854,6276.431145,6274.926419,6270.157668,0,0,0,0,730.726694949,0,0,0,0,41.7361760956,58.2475608619,79.4581134785,209.701798233,449300,839700,1289000,RESIDENTIAL A,1,NA
47030021,21.45335181,-157.824225,2540.798523,228.370142,6284.085718,6284.089332,6284.089332,6284.089332,6284.089332,4.968501155,4.968501155,3.993783764,0,736.166557709,0,0,0,0,25.4933758578,31.7617406599,57.0463959106,171.87174973,648800,840300,1489100,RESIDENTIAL,1,NA
47030022,21.4532731,-157.8243817,3181.168945,291.5782713,6284.645837,6285.07641,6285.07641,6285.07641,6285.07641,5.167325296,4.552957188,0,0,697.018512454,0,0,0,0,1.85410934017,3.21607540129,116.732696167,166.275147431,418500,837700,1256200,RESIDENTIAL A,1,NA
47030032,21.45259297,-157.8237723,4185.981995,309.256687,6245.736084,6245.443771,6247.300199,6245.945052,6241.859083,49.28044679,49.08099536,47.54204451,0,786.282061277,0,0,0,0,0,0,0,176.758721558,269900,1019300,1289200,RESIDENTIAL,1,NA
47030034,21.45276698,-157.82369,2364.836136,246.0313186,6245.412623,6245.120386,6246.92669,6245.530982,6241.260134,51.85744445,50.45970165,47.66712772,0,859.489215555,0,0,0,0,0,0,0,693.108069512,109400,1042400,1151800,RESIDENTIAL A,1,NA
47030035,21.45291359,-157.8238427,3570.600357,300.8121731,6254.11346,6253.821255,6255.60726,6254.195124,6249.849163,50.21208873,49.02682571,47.17345745,0,743.724552201,0,0,0,0,0,0,0,635.905117025,169100,1009000,1178100,RESIDENTIAL,1,NA
47030036,21.45274881,-157.823925,804.3616028,118.12984,6271.472924,6271.180666,6273.000464,6271.615614,6267.393616,76.87046311,75.46805086,69.11960775,0,935.498254978,0,0,0,0,0,0,0,723.494348019,469400,1065000,1534400,RESIDENTIAL,1,NA
47030037,21.45286551,-157.8242752,3294.824997,272.1639649,6301.12686,6300.83463,6302.635855,6301.235918,6296.944424,51.67448793,51.12030048,32.41963301,0,786.459942507,0,0,0,0,0,0,0,407.671587172,437500,1020100,1457600,RESIDENTIAL,1,NA
47041005,21.46268673,-157.8423588,2335.811615,216.0173313,4813.998379,4975.979871,5002.997395,5003.197035,4983.718986,11.7608662,10.89247242,9.216731391,0,792.164088781,0,0,0,0,127.998282176,141.008083577,161.436041991,527.098428951,403100,639400,1042500,RESIDENTIAL,1,NA
47041006,21.46305294,-157.8427614,1472.049744,164.6776756,4769.612639,4935.076427,4963.141755,4963.346457,4943.031339,11.70086917,11.12188147,0,0,494.381395189,0,0,0,0,0,0,243.823291753,494.381395278,301600,910000,1211600,RESIDENTIAL A,1,NA
47041007,21.46303654,-157.8426064,2192.200363,204.0886202,4773.210807,4937.719796,4965.510702,4965.714092,4945.617761,0,0,0,0,505.807613545,0,0,0,0,136.634289134,161.75015728,466.554769063,486.023690015,730000,553700,1283700,RESIDENTIAL A,1,NA
47041008,21.4631788,-157.8429199,5563.524292,464.0984276,4753.379126,4919.224972,4947.42266,4947.628018,4927.206543,3.86538337,3.86538337,0,0,639.041679077,0,0,0,0,58.1538145453,94.2350381824,520.087638134,636.499693538,650800,622800,1273600,RESIDENTIAL,1,NA
47041009,21.46332431,-157.842908,3710.676285,369.634775,4739.740356,4905.653375,4933.753203,4933.958117,4913.613833,0.797658851,0.087996859,0,0,586.879546553,0,0,0,0,131.375925755,153.23907895,395.813145761,555.733164641,683100,615500,1298600,RESIDENTIAL,1,NA
47041010,21.46348616,-157.8428398,1110.65303,149.8728121,4723.711437,4889.379478,4917.572695,4917.77808,4897.358453,0,0,0,0,538.773202165,0,0,0,0,119.647544838,151.654664281,216.401009774,348.750290934,564000,610900,1174900,RESIDENTIAL A,1,NA
47041017,21.46286061,-157.8424151,2094.209061,202.3693522,4794.601638,4957.636952,4984.980423,4985.181648,4965.4429040000005,3.241014849,2.471732797,0.966939819,0,557.288325901,0,0,0,0,174.329172787,197.588080683,227.725799813,374.031160361,259200,570800,830000,RESIDENTIAL,1,NA
48009031,21.48460951,-157.84790280000001,433.9568176,84.13383973,2351.697965,2579.67294,2631.73569,2632.059456,2592.369284,69.72697565,68.36669347,43.03179245,0,4030.79687584,0,0,0,0,0,0,0,1000.9267801,172800,300000,472800,RESIDENTIAL,1,NA
48009032,21.48402919,-157.8477534,226.2380371,65.21469488,2417.672804,2642.762058,2693.723455,2694.041855,2655.241561,123.1894162,113.8696109,87.80456575,0,4030.32218248,0,0,0,0,0,0,0,2111.55746014,391500,300000,691500,RESIDENTIAL,1,NA
48009033,21.48405691,-157.8475269,6981.496155,603.7842496,2398.802361,2621.323744,2671.679005,2671.994719,2633.674272,100.4770438,89.14224607,64.72175988,0,11970.7643139,0,0,0,0,0,0,0,655.369632153,66100,348800,414900,RESIDENTIAL,1,NA
48010005,21.48765707,-157.8501607,536.0400238,97.89444098,2024.054471,2299.705804,2366.225974,2366.61676,2315.329115,78.21909369,29.61792926,0,0,4003.82218751,0,0,0,0,0,30.5462530653,1618.43239255,3106.23716712,128200,270000,398200,RESIDENTIAL,1,NA
48010006,21.48713036,-157.8497546,2114.486267,232.7786067,2073.613804,2339.936289,2403.753415,2404.131852,2355.011969,73.51575263,10.38172664,4.565823686,0,4002.14159187,0,0,0,0,0,245.080872507,672.012396896,2163.23032307,248400,300000,548400,RESIDENTIAL,1,NA
48010008,21.48609494,-157.8493459,2709.553391,346.8324866,2182.223184,2439.47412,2500.282557,2500.6469,2453.949374,92.10449401,64.73285652,27.5493415,0,4015.58091982,0,0,0,0,0,0,0,1516.69092683,205500,300000,505500,RESIDENTIAL,1,NA
49001022,21.50059993,-157.8521868,263.3695984,65.44744485,699.5365344,1144.764037,1260.287116,1260.888162,1170.003941,8.731963382,7.911482544,4.412923711,0,7936.17517126,0,0,0,0,1139.25308226,1165.88739258,1212.4554501,1723.52340985,1425400,1950100,3375500,RESIDENTIAL,1,NA
49001026,21.50205457,-157.8525123,4336.014862,473.862177,580.1509126,1060.888105,1183.700051,1184.326476,1087.482724,10.66307049,10.37000606,0,0,8767.85060684,0,0,0,0,841.148574933,876.975041205,1177.42166904,2691.09864758,800,344500,345300,RESIDENTIAL,4,NA
49001027,21.5022634,-157.8528787,572.4141693,105.7669997,602.8545115,1089.808711,1213.715063,1214.344884,1116.601472,48.62207438,47.65897411,22.00350055,0,9523.81538167,0,0,0,0,851.689166838,887.890220344,1141.87490827,2976.87927756,624000,2040100,2664100,RESIDENTIAL,1,NA
49001028,21.50288129,-157.8528048,3792.781372,282.9461394,540.8503677,1037.166595,1163.217159,1163.853487,1064.321933,20.3478459,19.38107799,19.22617443,0,15885.8526868,0,0,0,0,1207.46079912,1260.10323091,1421.52212045,3509.6186047,996700,2095500,3092200,RESIDENTIAL,1,NA
49003002,21.50643608,-157.8515522,2739.091995,305.4412952,289.6496793,777.2399264,908.2382289,908.8783175,804.7752294,16.75413987,16.063711,10.61077073,0,13582.9995209,0,0,0,0,806.188659561,906.284888825,1788.08709407,6868.55791398,1068100,1864800,2932900,RESIDENTIAL,1,NA
49007002,21.52759565,-157.8349718,3313.174698,301.8907985,14.8616194,12.91477567,12.67417672,10.6713941,6.864538679,16.29493999,15.4559523,14.17029306,12.71116983,497.09877231,25.204111529,26.7906271893,52.1836152749,102.611482156,136.776207859,146.669923508,164.522200375,185.241475612,488000,1057400,1545400,RESIDENTIAL A,1,NA
49007004,21.52802186,-157.8350369,840.801651,118.8316075,13.86308844,10.72284979,9.006413047,5.149851471,0,15.81655424,14.94073072,13.58164111,12.45276209,1404.38016394,125.07117383800001,191.709408907,345.49567231,566.308606649,541.117804763,577.001209074,627.849368154,677.397238686,507500,1149800,1657300,RESIDENTIAL,3,2100
49007025,21.5340411,-157.8379494,2222.402252,212.620958,124.2553691,124.2635144,124.2635144,124.2635144,124.2635144,0.591811185,0,0,0,2146.29198852,0,0,0,0,713.823105867,840.384642332,925.113014437,971.446633139,960900,1159800,2120700,RESIDENTIAL,1,NA
49007030,21.53137175,-157.8366052,3525.340698,247.449606,9.265466516,6.886396658,5.983914625,3.129936283,0,7.229258407,6.941763056,5.537212008,4.139356484,891.602058842,31.259192051,42.7486129922,81.3810714246,147.680956255,481.602643482,489.983352583,496.974312905,510.903248976,857900,1194900,2052800,RESIDENTIAL A,1,2100
49008012,21.52665395,-157.8345557,882.6204071,120.9573617,2.293639117,0.600224782,0.737084789,0,0,4.206517303,3.528466111,2.328041823,0.379594124,843.271831308,46.8874894538,40.9378109953,83.144733796,178.863463634,245.024295613,274.520035986,323.566910993,371.011123825,888100,1139200,2027300,RESIDENTIAL,1,2030
49008016,21.52736185,-157.8348462,1577.033295,184.6850202,13.97294286,12.46267458,12.79951869,11.49646249,8.344062497,14.46500597,13.70025758,12.51030277,11.48252877,480.502988283,21.0755815084,16.3432575343,34.73829322,79.6210021472,101.149469612,113.785359609,128.470370956,143.203623374,472400,1053700,1526100,RESIDENTIAL A,1,NA
49009003,21.51825861,-157.8356035,1491.637558,156.4524819,10.98365305,6.751282889,3.487919461,0,0,10.35049671,9.996531438,9.660282319,9.191828728,480.907482522,73.2349655377,152.61626396,295.805307735,448.28894174,0.415839369872,0.97491843259,2.16126237476,5.33057383018,223900,735600,959500,RESIDENTIAL,1,2075
49009005,0,0,1409.982468,160.228537,0.980502996,0.991939255,0.991939255,0.991939255,0.991939255,0,0,0,0,794.780469111,70.5097876191,84.9192119954,84.9192120061,84.9192119813,607.523600049,629.212641265,686.919753534,721.61974889,585300,1112300,1697600,RESIDENTIAL A,1,2024
49009008,0,0,1235.415436,188.4735653,6.217085179,6.228555548,6.228555548,6.228555548,6.228555548,0,0,0,0,469.174005221,0,0,0,0,469.174005266,469.174005266,469.174005266,469.174005271,711800,942200,1654000,RESIDENTIAL A,1,NA
49009016,21.5179989,-157.8357509,2608.337402,241.3587925,22.8757573,18.8894646,15.93753852,11.31167027,8.298739783,10.61788219,9.617703523,9.617687653,8.617430503,429.572619767,0,0,0,0,0,0,0,0.0299724480086,416500,841400,1257900,RESIDENTIAL A,1,NA
49009017,21.51799516,-157.8355936,1775.030212,200.1545536,12.01430273,8.850239227,7.294796122,7.000169046,7.0001928940000004,5.045675202,5.045675202,4.55648215,3.741927644,544.272276275,2.53507468197,3.35274734858,3.36367087088,3.36359016719,8.55119991008,12.553162522,17.2602935153,25.2308195434,426300,851600,1277900,RESIDENTIAL A,1,NA
51001019,21.54303762,-157.8448053,2195.564819,204.3495055,50.03574316,44.07522646,38.29879606,29.35042935,18.58723862,50.81250299,49.92458784,49.11382372,48.31013763,453.963904084,0,0,0,0,0,0,0,0,314400,680700,995100,RESIDENTIAL,1,NA
51001020,21.54319395,-157.8446115,1974.567535,183.0100056,23.73317458,17.76737716,11.97232665,3.003989087,0,24.42462262,23.6567581,22.86093037,22.01532859,442.395920812,0,0,0,167.238748321,0,0,0,0,116600,722600,839200,RESIDENTIAL,1,2100
51001021,21.5430508,-157.8444259,2282.881378,208.5263578,22.68268684,16.58067198,10.6080695,1.432954389,0,23.69221739,23.21322017,22.33100085,21.45927352,531.713371196,0,0,0,151.471586922,0,0,0,0,331200,742200,1073400,RESIDENTIAL,1,2075
51002002,21.55066223,-157.8475351,3294.951004,306.8065138,4.680036817,0,0,0,0,6.296177203,5.507863408,3.940783148,2.526811667,809.944257711,0,146.602342148,450.635691557,774.171359746,0,0,0,0,354800,752700,1107500,RESIDENTIAL A,1,2030
51002003,21.55046806,-157.8473733,1903.199661,187.80153,8.5053786,3.629354807,0,0,0,12.87375607,11.47315613,9.936113016,7.542847602,682.077004757,0,85.7822891496,263.996491078,495.550527225,0,0,0,0,250800,731800,982600,RESIDENTIAL,2,2050
51002004,21.55024429,-157.8471194,2399.294006,229.2827472,4.463172297,0,0,0,0,10.04907988,8.70084399,6.556460422,4.223513381,815.020169968,0,87.2292247669,261.110955623,486.628995998,0,0,0,0,636800,752800,1389600,RESIDENTIAL,1,2030
51002005,21.55004956,-157.8470101,3309.096329,301.4804961,8.846955305,3.974596513,0,0,0,13.48590304,11.84670502,9.564195948,7.49754868,1040.01848359,5.50974940433,125.876063068,330.993796386,586.450875878,0,0,0,0,430200,788700,1218900,RESIDENTIAL,1,2050
51002006,21.55088916,-157.8482069,4527.832565,307.4911476,37.59489012,32.50274016,28.20917189,21.15260459,12.23135364,37.03007604,36.39989147,36.0063673,35.43356692,1472.07354944,0,0,0,0,0,0,0,0,77100,1213000,1290100,RESIDENTIAL A,1,NA
51002007,21.55052206,-157.8479179,2541.102509,235.6124029,40.80489407,35.6659749,31.28086738,24.07733732,14.98265477,41.36518196,40.64598716,39.23147155,38.52431194,1077.90996654,0,0,0,0,0,0,0,0,113600,1095200,1208800,RESIDENTIAL A,1,NA
51002008,21.55039885,-157.8478081,1521.231369,175.1631934,44.07677263,39.05323785,34.84526389,27.86334223,18.97875194,45.82149216,44.76212872,43.34778042,41.93344079,481.942775361,0,0,0,0,0,0,0,0,81200,800000,881200,RESIDENTIAL,1,NA
51002009,21.54981932,-157.847388,2078.976135,184.3637471,60.12816586,55.24112816,51.12601847,44.36048149,35.82569473,64.84408403,63.50572243,61.33661802,29.12343493,464.597334994,0,0,0,0,0,0,0,0,225900,800000,1025900,RESIDENTIAL,1,NA
51002017,21.54875553,-157.8468313,1437.293945,161.4088981,32.88585168,27.48623941,22.72489453,15.04973505,5.502077439,39.37357619,37.85901853,35.63211481,33.67951882,586.310317297,0,0,0,0,0,0,0,0,0,767900,767900,RESIDENTIAL,1,NA
51002020,21.54971472,-157.8472023,1597.196625,167.7744132,46.66912772,41.63777514,37.34027374,30.30185457,21.45823638,52.9017406,51.14218617,48.50147394,14.64211658,324.630738507,0,0,0,0,0,0,0,0,105100,653300,758400,RESIDENTIAL,1,NA
51002022,21.54952256,-157.847074,1380.124527,149.9450664,42.20781473,36.96338159,32.40491376,24.98565163,15.69619697,48.84498424,47.50679063,44.77267146,20.28097352,341.247440872,0,0,0,0,0,0,0,0,231200,584500,815700,RESIDENTIAL,1,NA
51002041,21.55045219,-157.8481796,3005.083603,286.1858695,64.63106003,59.44708748,54.99576406,47.72651656,38.60179588,65.21022704,64.21379384,63.18511204,62.39878786,1024.48308509,0,0,0,0,0,0,0,0,100300,1043800,1144100,RESIDENTIAL,1,NA
51002042,0,0,1534.305145,177.3004676,71.17978208,66.27248091,62.23545869,55.44903451,46.70930232,71.80633957,71.33984719,69.97975998,68.39951739,1016.83954627,0,0,0,0,0,0,0,0,282600,510400,793000,RESIDENTIAL,2,NA
51002056,21.54928024,-157.8470518,4239.185608,368.9837485,35.80926307,30.52509066,25.95818445,18.53097872,9.214036159,45.43562381,43.49232842,40.58770823,37.76483786,895.159163485,0,0,0,0,0,0,0,0,229500,985400,1214900,RESIDENTIAL A,1,NA
51002061,21.54857942,-157.8467611,2207.365921,263.8615687,24.2625408,18.96829159,14.32105287,6.787353994,0,30.43174387,28.86993574,26.52898984,24.58948093,617.057358647,0,0,0,3.40709089663,0,0,0,0,44700,853000,897700,RESIDENTIAL,1,2100
51002065,21.54916775,-157.8469312,520.3155365,91.3792926,39.78082572,34.48127152,29.89631356,22.44692388,13.10666546,49.86142624,47.75974741,44.62462813,41.19436469,688.026361515,0,0,0,0,0,0,0,0,150800,890200,1041000,RESIDENTIAL A,1,NA
51003016,21.55777132,-157.8581849,2366.689194,195.5799173,26.94829517,23.47393841,21.33636959,16.95914959,10.68764865,25.79794744,25.51685954,23.82742311,22.55561298,12719.1307393,0,0,0,0,0,0,0,0,238300,649600,887900,RESIDENTIAL,3,NA
51003031,21.55717561,-157.8562916,2480.491653,255.4753947,23.41264081,18.13253218,13.46914938,5.912728658,0,26.18750825,25.15445242,23.95495577,23.03718471,760.069510432,0,0,0,69.2617195584,0,0,0,0,77600,940000,1017600,RESIDENTIAL A,1,2100
51003050,21.55771049,-157.8579905,2731.62146,263.609417,27.19716518,23.66400669,21.44620369,16.95467294,10.55158815,26.63235145,25.50847082,24.60157985,23.16613454,498.799460576,0,0,0,0,0,0,0,0,301100,801000,1102100,RESIDENTIAL,1,NA
51003051,21.5579389,-157.8587387,3477.009949,239.0553863,21.14239955,17.01111213,13.88210834,8.31424532,0.989880972,21.86907381,21.13651886,20.43033749,19.2722282,470.622067745,0,0,0,0,0,0,0,0,314800,815000,1129800,RESIDENTIAL A,1,2100
51003056,21.55744922,-157.8574896,1932.792892,201.3513695,37.37867723,33.31095572,30.33057021,24.88529433,17.56405788,34.49018922,34.03447648,32.69725639,30.96207001,836.292409452,0,0,0,0,0,0,0,0,80500,968800,1049300,RESIDENTIAL,1,NA
51005016,21.55877624,-157.8611136,1554.112076,170.1983553,20.71875339,16.96426078,14.34571743,9.417952004,2.556455384,21.87851647,21.25878704,19.66013602,17.65412681,505.217325563,0,0,0,0,0,0,0,0,86300,825500,911800,RESIDENTIAL,1,NA
51005031,21.56001367,-157.8638276,1317.732727,158.6691374,17.50059595,11.38718076,5.681962107,0,0,15.7234196,15.6297116,14.73154851,14.59946722,758.945692439,0,0,1.03460807464,244.820518758,0,0,0,0,375900,1134600,1510500,RESIDENTIAL,1,2075
51006001,21.5401703,-157.841711,3999.618622,272.6383514,20.55520953,14.48764203,8.924361549,0.263540891,0,26.73220638,25.79106282,24.51451357,22.6297086,1337.26886296,0,0,0,456.386465596,0,0,0,0,205100,2102300,2307400,RESIDENTIAL A,1,2075
51006003,21.54069674,-157.8419731,1701.964996,165.8443277,30.60905469,24.72284209,19.40121568,11.04435918,0.780494721,35.83656082,35.18274617,33.61330131,31.74225871,586.371138666,0,0,0,146.368644552,0,0,0,0,316400,839900,1156300,RESIDENTIAL,1,2100
51006004,21.54084172,-157.8419854,2594.363663,243.6025636,20.45547524,14.61758833,9.35531146,1.07119692,0,25.75998534,24.76524657,23.22941887,21.60229872,579.461397487,0,0,0,133.476664612,0,0,0,0,245600,841600,1087200,RESIDENTIAL,1,2075
51006005,21.54103261,-157.8420949,881.570755,127.5697585,32.80059266,27.07138791,21.93624119,13.79686921,3.753512644,38.96865759,38.01924949,36.74973278,34.53252476,575.552885492,0,0,0,124.174492058,0,0,0,0,25700,843300,869000,RESIDENTIAL,1,NA
51006006,21.54114327,-157.8421444,1618.58429,165.8791929,31.26634333,25.65266907,20.68260751,12.77146929,2.978788996,37.71184715,36.73808351,34.85428869,32.82079657,450.80115608,0,0,0,83.5601204425,0,0,0,0,343100,777200,1120300,RESIDENTIAL,1,NA
51006008,21.54163032,-157.8423363,3085.735931,262.4853501,29.68295558,24.18960041,19.18605866,11.11845822,1.697624489,29.98044313,29.14528209,28.64508284,27.74390399,881.173988367,0,0,0,103.627591423,0,0,0,0,124900,929300,1054200,RESIDENTIAL,1,NA
51006009,21.54189767,-157.8423827,1491.952652,158.9257802,24.2146708,17.86913942,11.6305348,2.107157022,0,26.31699719,25.43595115,24.36388729,22.96537366,889.661425319,0,0,0,261.935803437,0,0,0,0,267100,978200,1245300,RESIDENTIAL A,1,2100
51006010,21.54220799,-157.8426462,1757.26442,169.024399,19.01253255,12.17613482,5.339422231,0,0,20.66615686,19.41508299,17.43105717,16.043286,539.574508244,0,0,0,235.566696437,0,0,0,0,111900,798000,909900,RESIDENTIAL,1,2075
51006011,21.54209552,-157.8429383,1987.390701,183.5213551,46.99515711,39.99903447,32.85919173,22.1506034,9.622713782,47.8990934,46.94296012,45.50950815,43.47209217,1213.98661608,0,0,34.6992513076,394.447859968,0,0,0,0,367900,1128700,1496600,RESIDENTIAL,1,NA
51006012,21.54234078,-157.8431136,4058.315643,266.9687211,28.99236053,21.71544815,14.01477422,2.688916888,0,28.67242436,27.64528105,26.54179585,25.9899179,1251.32821703,0,0,73.7933784344,427.606687185,0,0,0,0,694600,1140000,1834600,RESIDENTIAL,1,2100
51006014,21.54251022,-157.8435789,2262.822876,225.769259,36.99058032,30.54275586,24.03846632,14.18468149,2.578496935,37.12798195,36.30147565,35.4840518,34.58858007,1271.29341605,0,0,0,290.565067594,0,0,0,0,14500,1129500,1144000,RESIDENTIAL A,1,NA
51006015,21.54258318,-157.8439139,2225.411575,200.0361146,43.93612591,37.56758541,31.27482515,21.68975035,10.3119024,45.18398404,44.35668491,43.25317682,42.07278147,1274.050677,0,0,0,296.815425175,0,0,0,0,174300,1108000,1282300,RESIDENTIAL A,1,NA
51006016,21.54268738,-157.8441235,1865.192627,195.4571685,44.21208843,37.8562698,31.62369879,22.11033915,10.79086025,44.354536,43.47351619,42.75985693,41.64456843,1260.50984871,0,0,0,287.307998696,0,0,0,0,270100,1073100,1343200,RESIDENTIAL A,1,NA
51009012,21.5452304,-157.8468819,365.7554169,77.29651766,82.59255488,77.54663634,73.29203353,66.25385005,57.33721665,86.86837197,84.73919273,81.33559973,12.89813773,1101.75114191,0,0,0,0,0,0,0,0,145600,989600,1135200,RESIDENTIAL,1,NA
51009013,21.54544105,-157.8470272,2298.148453,281.8229764,77.10273027,72.52846252,68.84402,62.49194079,54.31122264,78.90679231,76.96086722,73.49777814,31.45175791,1088.55820874,0,0,0,0,0,0,0,0,358200,1080000,1438200,RESIDENTIAL,1,NA
51009014,21.54578489,-157.8472432,3056.382675,283.4861182,76.56650569,72.52116926,69.48163484,64.10835626,56.93015844,83.23071479,81.32355097,77.66449047,72.26920532,1546.82612168,0,0,0,0,0,0,0,0,55700,1272600,1328300,RESIDENTIAL,2,NA
51009015,21.54606249,-157.8473451,194.1018524,55.72956203,84.73933676,80.47081228,77.24462879,71.49459254,63.86266484,92.35097756,90.1845756,86.27502972,81.86327765,1850.72848868,0,0,0,0,0,0,0,0,270400,1374200,1644600,RESIDENTIAL,1,NA
51009018,21.54693901,-157.8469106,2356.311996,208.701916,29.93616887,25.57630947,22.23048557,16.32938775,8.54452297,35.08075577,33.25332312,30.8851338,29.30842315,1271.9451665,0,0,0,34.2954845822,0,0,0,0,440200,1101700,1541900,RESIDENTIAL,1,NA
51009019,21.54668616,-157.8469847,1530.040482,165.3776746,36.0169252,31.72190568,28.43874697,22.66412883,15.05679547,44.27832075,42.27788398,39.27720717,35.43355334,1443.55318286,0,0,0,0,0,0,0,0,446400,1221600,1668000,RESIDENTIAL,1,NA
51009020,21.54644656,-157.8470165,1323.174042,155.7537936,41.4409176,37.24499625,34.10800939,28.46559898,20.9441627,48.37556489,46.77605156,43.90588266,40.77985606,1359.14741146,0,0,0,0,0,0,0,0,123800,1206800,1330600,RESIDENTIAL,1,NA
51009021,0,0,2004.745789,191.3199828,51.00364717,46.75613294,43.54925574,37.84361788,30.30111429,58.83522883,56.76867124,52.75749337,48.07633513,1361.95413938,0,0,0,0,0,0,0,0,503300,742700,1246000,RESIDENTIAL,2,NA
51009022,21.54593974,-157.8468272,2613.246735,239.9521704,29.5175483,25.5455086,22.47574688,16.97899457,9.646652062,35.0276506,33.15010612,29.74024807,26.23464368,718.802421439,0,0,0,0,0,0,0,0,525000,907600,1432600,RESIDENTIAL,1,NA
51009023,21.54555494,-157.8467936,2075.743805,206.2266893,48.77752163,44.14777124,40.40597705,33.97412364,25.84762429,50.72785303,48.82264332,45.10368773,40.76153987,1098.56389073,0,0,0,0,0,0,0,0,92700,1080000,1172700,RESIDENTIAL A,1,NA
51009024,21.54535512,-157.8467189,2169.476044,245.1934139,55.87249432,50.74621794,46.39794886,39.25833157,30.25553585,60.24606953,58.08849094,54.59926318,16.92581573,1102.32895217,0,0,0,0,0,0,0,0,108400,1080000,1188400,RESIDENTIAL A,2,NA
51009025,21.54519704,-157.8466031,3150.311035,246.0473739,52.77741682,47.43715857,42.82232544,35.34889439,25.98836541,58.02173104,56.48108918,53.37376082,0,1291.86937356,0,0,0,0,0,0,0,116.503296549,401600,711400,1113000,RESIDENTIAL,1,NA
51009033,21.54494403,-157.8465053,1356.316879,164.4900583,71.31163321,65.77757511,60.89722647,53.07609187,43.33873121,76.44959967,75.73628183,72.25222472,11.12571872,426.983136628,0,0,0,0,0,0,0,0,15600,734000,749600,RESIDENTIAL,1,NA
51009038,21.54473502,-157.8472331,2484.841965,221.8653416,144.1268478,138.8848927,134.3581283,126.9507293,117.6320918,117.5448875,117.5448875,116.4279893,37.13339208,490.693655055,0,0,0,0,0,0,0,0,395500,817200,1212700,RESIDENTIAL A,1,NA
51009047,21.54590271,-157.8470238,1931.712952,200.3063414,52.14846583,48.17722757,45.19655919,39.79969464,32.45891955,57.64051538,55.74431273,52.29958048,49.02619008,589.28658854,0,0,0,0,0,0,0,0,357400,811000,1168400,RESIDENTIAL,1,NA
51010002,21.5510856,-157.84897,2022.445297,190.6426091,83.23107571,78.48417036,74.65635277,68.15599097,59.75414073,84.71558225,83.71498681,82.40907756,81.0172293,1099.10614803,0,0,0,0,0,0,0,0,93600,1067900,1161500,RESIDENTIAL A,1,NA
51010003,21.5512871,-157.8491149,2484.023102,210.6153976,81.03796823,76.23656568,72.29515526,65.65215673,57.12985732,82.27797611,81.01704839,79.34399455,77.78278935,1092.45175561,0,0,0,0,0,0,0,0,120300,1068000,1188300,RESIDENTIAL A,1,NA
51010004,21.55150075,-157.8492582,2919.899124,257.8707975,78.24955517,73.42636349,69.44313092,62.74455191,54.17089467,80.84657348,79.74721524,78.09109885,75.17182426,1086.35656351,0,0,0,0,0,0,0,0,130900,854400,985300,RESIDENTIAL,1,NA
51010005,21.55162404,-157.8495292,3780.343765,308.4814789,92.91794329,88.02328177,83.95209379,77.14287465,68.45460696,96.658065,95.26948858,93.08105278,91.40704215,1139.12828861,0,0,0,0,0,0,0,0,162200,961200,1123400,RESIDENTIAL A,1,NA
51010015,21.55392297,-157.8503804,4076.300842,349.8335931,21.61615795,15.46338284,9.63539166,0.640034527,0,21.20503138,20.91151659,20.54143328,19.83563923,1418.62835599,0,0,8.34945954696,289.516515114,0,0,0,0,342800,1212000,1554800,RESIDENTIAL,1,2075
51010016,21.55374872,-157.8502261,2614.29184,211.631204,20.70147258,14.9518184,9.763182607,1.557482261,0,20.13685432,19.59127384,18.73278819,17.91459983,1267.17897076,0,0,0,225.162379588,0,0,0,0,393100,1140000,1533100,RESIDENTIAL,1,2100
51010019,21.55311816,-157.8497561,3366.019073,233.5804999,18.59658676,13.05473536,8.177129497,0.369358773,0,19.51898034,18.38430076,17.28720634,16.43358208,671.051835691,0,0,0,176.935153026,0,0,0,0,432800,889000,1321800,RESIDENTIAL A,1,2075
51010020,21.55275283,-157.8497758,1791.606216,211.2054595,45.735032,40.21706766,35.36257002,27.58144971,17.8973699,45.95773037,45.15904833,44.36853849,43.68837647,1447.39009407,0,0,0,205.636859541,0,0,0,0,73900,1212000,1285900,RESIDENTIAL A,1,NA
51010021,21.55263438,-157.8494827,2680.021225,234.8207681,26.78380316,21.33202938,16.56148324,8.88435778,0,28.04304545,26.94552428,25.96415184,24.33819532,1407.54154794,0,0,0,175.216706169,0,0,0,0,81300,1212000,1293300,RESIDENTIAL A,1,2100
51010022,21.5524891,-157.8492955,1521.328461,159.6688645,22.64268799,17.50601828,13.10269844,5.802618829,0,26.38454504,25.28491579,23.22582679,21.60449098,1395.99915813,0,0,0,129.343269455,0,0,0,0,103000,1212000,1315000,RESIDENTIAL A,1,2100
51010023,21.55227594,-157.849152,2325.580185,216.4770238,22.18290136,17.17392302,12.97535349,6.008904193,0,24.96173901,24.09849329,22.40620541,20.49696178,1368.68282519,0,0,0,106.776877698,0,0,0,0,206000,815400,1021400,RESIDENTIAL,2,2100
51010024,21.5518322,-157.8490831,1496.003082,156.1293225,44.12965604,39.24997729,35.19724952,28.41098518,19.74711095,47.69516538,46.33451948,44.53690351,42.20004986,1270.87398313,0,0,0,113.588063454,0,0,0,0,384400,1140000,1524400,RESIDENTIAL A,1,NA
51010025,0,0,2155.422745,208.4321607,34.82502205,30.01213871,26.05021189,19.37913879,10.82996642,36.52887526,35.34256377,33.69409016,32.51137329,1239.52126602,0,0,0,70.1270641205,0,0,0,0,529500,783000,1312500,RESIDENTIAL A,2,NA
51010026,0,0,2053.125198,207.2804931,52.76422133,47.96298498,44.02203471,37.37973657,28.85811515,54.01452436,52.74242562,51.09243701,49.52533839,1239.84949475,0,0,0,18.4681116215,0,0,0,0,447400,1140000,1587400,RESIDENTIAL,1,NA
51010027,21.55130148,-157.8486322,3370.170654,284.9931555,40.1389368,35.41306589,31.64039324,25.21682203,16.87572059,41.85545074,40.9121585,39.54704704,38.15633449,1246.12365118,0,0,0,0.830442373421,0,0,0,0,262900,1140000,1402900,RESIDENTIAL,1,NA
51010028,21.55113994,-157.848478,2465.768799,227.6194918,37.48821326,32.78139192,29.05677207,22.70137565,14.41944012,41.34950295,39.84788247,38.37926139,36.50601566,1004.5349055,0,0,0,0,0,0,0,0,392000,1045400,1437400,RESIDENTIAL,1,NA
51010045,21.55350676,-157.8501108,2155.234283,188.5727324,28.68666429,23.12923954,18.22786973,10.38932071,0.645015432,28.13043095,27.62912706,26.5676291,25.87154666,759.169146867,0,0,0,170.36142325,0,0,0,0,102700,927000,1029700,RESIDENTIAL,1,2100
51010046,21.55294266,-157.8499387,2175.922913,196.2626257,46.09853279,40.55782036,35.68184476,27.87623182,18.16530702,47.02874521,45.90905841,44.81783431,43.99516426,750.740307196,0,0,0,27.389750718,0,0,0,0,337400,794800,1132200,RESIDENTIAL,1,NA
51011030,21.55414125,-157.8515007,2221.690491,225.6481553,96.4908881,90.95459904,86.06533154,78.30603433,68.73462724,100.9653883,100.317823,99.27205416,97.83701092,1069.89789864,0,0,0,0,0,0,0,0,493900,640400,1134300,RESIDENTIAL,2,NA
51011031,21.55402768,-157.8512375,4630.34726,333.0735099,77.50320693,71.84525333,66.76322301,58.53686472,48.30766832,77.05758658,76.95267151,76.29659221,75.37901633,1055.76795337,0,0,0,0,0,0,0,0,323200,1051600,1374800,RESIDENTIAL,2,NA
51011033,21.55418772,-157.8506361,1934.368561,211.5639427,27.68919816,21.68937842,16.09024742,7.342803388,0,27.62090665,27.52033081,26.81106733,26.10603419,1131.65480504,0,0,19.9945451878,312.478411103,0,0,0,0,120500,1087700,1208200,RESIDENTIAL,1,2100
51011034,21.5542244,-157.8508764,2181.059555,205.4614134,45.32799372,39.4466669,34.02488167,25.48565265,15.02651417,44.75083017,44.75083017,44.30110925,43.7099519,542.5835714,0,0,0,34.4188555981,0,0,0,0,354400,722500,1076900,RESIDENTIAL,1,NA
51011035,21.55454926,-157.8508716,1840.7117,174.0083773,19.27999458,13.85811203,9.058879223,1.184224042,0,21.45161992,20.72004872,20.01173877,18.59738726,551.617743677,0,0,0,159.443256675,0,0,0,0,120800,823400,944200,RESIDENTIAL,1,2075
51011059,21.55434248,-157.850766,2638.823013,217.3673833,28.399328,22.57957013,17.26309168,8.871654297,0,27.97766093,27.937431,27.2505573,26.402697,626.822636562,0,0,0,201.215855583,0,0,0,0,223000,870700,1093700,RESIDENTIAL,1,2100
51011062,21.55441065,-157.8510394,2253.095093,199.4237473,42.41677377,36.98105077,32.17128205,24.51459862,14.83800226,44.69684061,44.09893399,43.29572467,41.89549546,598.859354401,0,0,0,29.9414294018,0,0,0,0,266100,737000,1003100,RESIDENTIAL A,1,NA
51011064,21.55455713,-157.8512359,204.8839264,57.5429688,50.17893278,44.55663659,39.58529764,31.68050974,21.90804649,57.66535921,56.58586065,54.6921655,52.87969673,697.603213532,0,0,0,30.5331347496,0,0,0,0,349900,808800,1158700,RESIDENTIAL A,1,NA
51012002,21.55507936,-157.8510665,2565.297379,218.8452361,3.085344846,0,0,0,0,3.038784478,3.038784478,2.264649817,1.661775671,855.358842694,114.638415785,345.098289162,670.864007074,851.911353786,0,0,0,0.185410175419,216500,744600,961100,RESIDENTIAL,1,2030
51012003,21.5552185,-157.8512241,1845.078751,177.0919653,7.984003967,1.984444238,0,0,0,7.00812571,7.00812571,6.482960198,6.284436521,865.217174789,63.9222135478,215.30840589,450.934656987,737.739858951,0,0,0,0,193800,761800,955600,RESIDENTIAL,1,2050
51012004,21.55544122,-157.8514262,2294.383698,221.0769359,7.821737512,1.780195296,0,0,0,8.435787154,7.631330607,6.570646306,6.196103015,1180.35167819,85.2527241785,242.648263534,487.301050526,784.725634625,0,0,0,0,324000,796100,1120100,RESIDENTIAL,1,2050
51012005,21.55546798,-157.8516188,2529.829224,261.3064036,12.13532228,5.881211698,0,0,0,13.67906454,12.93664246,11.50909967,10.78911973,1413.20896591,154.427642494,320.179652407,575.191218001,882.11938767,0,0,0.101460144577,13.2433541473,233700,816500,1050200,RESIDENTIAL,1,2050
51012006,21.5557175,-157.8518069,3249.65184,281.0893061,13.0315924,6.634188826,0.539319138,0,0,15.64198402,14.54522404,13.13068086,11.02982191,1576.70334294,173.222525364,341.077342951,598.256950775,907.532946172,0,0,1.18319690717,8.46594437598,357300,837700,1195000,RESIDENTIAL A,1,2050
51012007,21.55584071,-157.8520682,2932.821442,221.1951473,21.99829827,15.61699305,9.604288544,0.385615388,0,23.32978559,22.62281513,21.20846013,19.81896532,1689.21254937,151.081436176,312.28084295,559.930177436,858.638673926,0,0,1.18242954075,18.0567106417,766500,864100,1630600,RESIDENTIAL,1,2075
51012008,21.5560324,-157.8521712,2612.378357,241.1182225,11.71197876,5.558175495,0,0,0,13.32685036,12.61064198,11.12013382,9.797370896,1756.84617604,17.9304812594,154.883974212,387.532382423,671.710539717,0,0,0,0,388700,983400,1372100,RESIDENTIAL A,1,2050
51012013,21.55737486,-157.8546544,1523.79393,217.171082,23.72183219,18.81816733,14.76524979,7.964764569,0,35.004229,33.79200291,31.97874506,29.79144396,767.938019661,0,0,0,0,0,0,0,0,63700,931300,995000,RESIDENTIAL,1,2100
51012016,21.55753682,-157.8546458,2141.573074,198.4042204,7.679289462,2.499342384,0,0,0,17.029533700000002,16.1385617,14.70262375,12.73816818,861.252723127,19.9338332677,84.17115253,211.69745815,409.952767596,0,0,0,0,391800,662500,1054300,RESIDENTIAL,1,2050
51012017,21.55751458,-157.8548458,3320.098846,265.6975575,15.86301183,10.62420168,6.329451622,1.895202224,0,26.83051926,25.2029703,23.80355949,10.39868419,1330.03984843,0,0,0,3.47173624059,0,0,0,94.3124607741,1053700,764500,1818200,RESIDENTIAL,1,2100
51013001,21.53746989,-157.8409006,1659.239166,192.4288817,28.0450552,22.15291382,16.82499653,8.458649349,0,33.75433755,32.77415032,30.81771185,29.46213485,5832.28758917,0,0,0,391.952366987,0,0,0,0,474200,1747100,2221300,RESIDENTIAL,1,2100
53001003,21.57433255,-157.8773275,1121.851974,139.1359322,64.83198849,56.59487712,48.05887714,35.37270952,20.47773353,63.66450836,62.95339811,62.25007159,48.54500235,5349.59054461,392.577211602,909.256267795,1668.06730498,2539.29429943,1.2820962346,6.91300512305,32.4637375007,107.232261575,295200,1384700,1679900,RESIDENTIAL A,1,NA
53001004,21.57441406,-157.8768425,2102.924103,183.4861432,20.086191,11.89100424,3.406077118,0,0,18.78198667,18.78198667,18.08032135,17.36755723,2767.75314234,201.333556372,457.832532128,840.267974543,1290.50762693,0,0.00863981568682,1.58945748739,13.4093622285,596900,1016100,1613000,RESIDENTIAL A,1,2075
53001005,21.57417075,-157.8767557,3037.37587,242.7871485,29.78985442,21.79039814,13.58158416,1.348450277,0,29.39552115,28.81612364,28.19135615,26.78761436,2911.70118071,201.83994706,452.520871532,829.702560014,1277.39475393,0,0.0327641079081,2.17379373524,13.9964204364,269800,1031600,1301400,RESIDENTIAL A,1,2075
53001006,21.57402062,-157.8762519,394.0260925,81.67495517,8.276281315,0.912481469,0,0,0,7.773579744,7.422289039,6.734239782,4.59439985,3090.72706942,206.722419413,438.73208408,793.095930009,1219.7083512,0.878341091366,3.51226187268,11.999231945,26.6926425376,1267400,988800,2256200,RESIDENTIAL,1,2030
53001007,21.57377796,-157.8763548,207.521698,60.21253639,34.42316565,27.3201624,20.3973042,9.704421403,0,34.84523085,34.25949593,33.50019601,32.22425395,3121.81126519,210.265338545,413.627467529,730.094141331,1117.73784768,0.251473438104,4.26015062519,19.322211248,52.3669318601,306200,1065600,1371800,RESIDENTIAL,2,2100
53001008,0,0,2022.277069,193.593778,44.31954505,37.71277106,31.45890959,21.59543226,9.432236138,45.70704559,44.64807349,43.04837673,41.48231113,3170.34789326,196.433127158,381.551459866,675.711124042,1041.13709947,0,0.0160860110532,17.3456634638,57.3470379532,639800,1068100,1707900,RESIDENTIAL A,1,NA
53001009,21.57333573,-157.8758885,4412.571411,341.6939914,17.3908629,11.30903186,5.652012823,0,0,21.45076161,20.03671402,17.95100534,16.49385009,3543.91414971,204.842043535,395.9463973,702.441379959,1083.16161945,0,0,14.268385521,76.744700322,606600,1050700,1657300,RESIDENTIAL A,1,2075
53001010,21.57304641,-157.8759035,678.4762726,107.2926694,42.10375846,36.0477402,30.3416083,21.20296048,9.921315118,49.87503987,48.59789539,46.86888845,44.77591929,3242.51268442,206.440217975,417.178243787,745.005496094,1133.48552995,0,0,0,1.07475507323,818400,1013800,1832200,RESIDENTIAL A,1,NA
53001011,21.57281691,-157.8753761,1544.877838,163.4011844,18.5608102,12.68908039,7.106230259,0,0,21.27208028,20.09449885,18.98750818,17.64052299,3405.361717,35.3354978309,233.968930313,571.725859289,977.24923208,0,0,0,0,360000,1095700,1455700,RESIDENTIAL A,1,2075
53001013,21.57237094,-157.8751348,2837.042038,253.08145149999999,14.23861827,9.373637483,4.926010368,0,0,21.4762925,19.99877493,17.79778289,14.93117021,3357.08614432,0,57.1633284562,300.791962128,618.550675051,0,0,0,0,679500,1056400,1735900,RESIDENTIAL A,1,2075
53001015,21.57171493,-157.8752033,2477.305099,225.5496956,16.78821518,10.99033978,5.570000827,0,0,20.09368753,19.09345315,17.09295764,16.09273198,3309.58303314,175.682524095,339.495966904,607.720844856,943.712438345,48.9201071056,73.0900105683,120.318966207,159.772381757,302500,1105800,1408300,RESIDENTIAL A,1,2075
53001016,21.57152122,-157.8752688,675.7780762,123.803487,23.7275287,17.8537087,12.12618844,2.820157705,0,25.5113621,24.74794424,23.40356264,22.46393517,3256.42982272,199.943338982,398.007674351,708.351065098,1084.97125697,0,0.0522255643716,0.156368779049,13.4422727927,558500,1084200,1642700,RESIDENTIAL A,1,2100
53001017,21.57113933,-157.8752884,2472.294876,208.5336812,23.54751231,16.68634456,9.84504992,0,0,24.8262241,24.31550426,23.65751482,23.33703913,3166.21730139,209.343631869,418.848212644,743.338678178,1134.6780264,28.1649431185,43.737190399,57.5133120425,72.7802748519,630400,1071100,1701500,RESIDENTIAL A,1,2075
53001018,21.57078579,-157.8753525,882.3072815,118.8210326,32.39327754,25.06103898,17.33526193,5.654817645,0,33.61227365,32.80915602,32.59501974,31.59482197,3010.13912974,218.298119559,441.571148271,782.334898187,1189.12707708,21.0775609378,31.0956271871,46.946582136400004,73.6118596526,826300,1058100,1884400,RESIDENTIAL A,1,2100
53001019,21.5705847,-157.8753345,2028.568848,188.5796845,29.70877334,22.08994034,14.15833604,2.034418819,0,30.94559886,30.14054971,30.08489177,29.14064854,2954.78632986,218.096163546,460.730557627,824.775133238,1253.12115942,0,0,0,5.45650830483,635800,1051600,1687400,RESIDENTIAL A,1,2100
53001020,21.5703189,-157.8752196,2390.396393,205.0692112,20.26982542,12.52680739,4.428408641,0,0,21.60442326,20.99916635,20.30219433,19.68225805,3067.80527052,179.334988707,431.845816803,809.780342915,1254.02993827,0,0,0,0,634000,1058300,1692300,RESIDENTIAL A,1,2075
53001021,21.57004827,-157.8752498,2466.2509,209.1996468,26.18918511,17.71181726,8.608163448,0,0,26.43908648,26.40817999,26.40625044,25.44017666,3127.24363322,250.118240114,523.858172529,928.483589116,1398.82852352,8.62473457068,14.4256297472,23.3119170648,39.7558249906,630200,1071900,1702100,RESIDENTIAL A,1,2075
53001022,21.56981616,-157.875194,4024.1082,357.6189119,11.21255482,2.330234175,0,0,0,12.62136608,11.84045363,11.6211195,10.63173595,3208.63953724,274.550639225,574.788054651,1011.56548936,1512.19510598,80.1948271821,85.9683845675,108.802996327,124.753951434,355000,1078600,1433600,RESIDENTIAL,1,2050
53001023,0,0,1467.384338,172.2726007,21.56715548,12.67709419,2.848056588,0,0,20.77046915,20.3553355,19.79458257,19.35546714,3396.13545767,278.74686186,586.630602179,1032.98860627,1541.71858727,135.83284195,150.113113224,166.2966294,186.405617507,683400,1033100,1716500,RESIDENTIAL A,1,2075
53001024,21.56924301,-157.8751229,189.9412689,49.17344491,20.13978876,12.49775921,4.093396949,0,0,20.43628724,20.00325275,19.54097409,18.60394354,3329.88128527,216.968217188,447.850530492,794.063379209,1197.7282059,66.5224165975,74.3862266827,92.2092718916,107.117528743,621700,1033100,1654800,RESIDENTIAL A,1,2075
53001025,21.56894195,-157.8750733,879.1258392,119.4704444,13.24346679,7.202491498,1.029590829,0,0,14.62322542,14.62321604,14.39347769,13.45070467,3177.54599271,168.126105834,336.151650098,603.596280465,929.486766062,76.2488509059,93.3966609948,104.5158196,135.783305736,443300,1078600,1521900,RESIDENTIAL A,1,2050
53001026,21.56858314,-157.8751018,4005.548233,323.9690226,8.10180537,2.646959994,0,0,0,9.77103596,9.771053538,8.770786482,7.77060539,3132.85301104,166.434564398,330.516224,594.939376546,919.855227728,52.2245814192,65.3974942368,89.5856368455,115.773293753,524900,1075100,1600000,RESIDENTIAL A,1,2050
53001027,21.56840678,-157.8753241,238.5063324,55.10244747,45.42792504,39.82954346,34.25245316,25.2836978,14.27661276,46.32211954,46.18086666,45.33375739,44.34581937,3035.73718541,176.541600281,354.476631025,636.80736636,980.705210686,0.547428865272,3.59466895039,12.5354417677,35.6594430951,635700,1052000,1687700,RESIDENTIAL A,1,NA
53001029,0,0,2197.544662,206.976998,17.39632009,11.37087296,5.182392641,0,0,19.88594387,19.07742023,17.21078844,15.3779479,2254.33584395,187.582743995,380.489609244,681.897555708,1044.90337305,0,2.63322260338,10.1584071382,34.5832883743,687500,817400,1504900,RESIDENTIAL A,1,2075
53001030,21.56749332,-157.875052,4070.730637,296.6471401,8.558752792,2.579770333,0,0,0,11.8517521,11.19813943,11.19813943,10.84287219,1765.61123813,184.897375524,375.705537551,672.985082547,1029.63711775,0,0,0,0,395400,871900,1267300,RESIDENTIAL A,1,2050
53001031,21.56723306,-157.8751559,1517.969925,176.2462968,18.02240011,11.88099767,5.505055599,0,0,21.94952739,21.94928915,21.56256319,20.94900672,1426.99583739,185.256208314,378.93901406,680.771627285,1044.44886431,0,0,0,0,690800,873600,1564400,RESIDENTIAL A,1,2075
53001032,21.56697911,-157.8751155,4025.914658,312.7487003,7.970351198,1.29216861,0,0,0,12.40111748,12.40107953,11.40089722,11.40085085,1171.95410015,207.886884612,427.327211116,760.798320001,1109.87282555,0,0,0,0,407600,921300,1328900,RESIDENTIAL,1,2030
53001033,21.56665858,-157.8750997,3919.339981,295.4062559,3.307570095,0,0,0,0,7.850831942,7.85084222,7.850876587,6.850599787,985.286701821,209.773267519,432.657186741,769.338284967,931.394699476,0,0,0,1.32939307867,872100,947300,1819400,RESIDENTIAL A,1,2030
53001034,21.56646219,-157.8751761,749.2313385,110.0803918,15.94186671,9.056752407,1.775215009,0,0,16.90785314,16.20743469,15.90762966,14.90740676,864.909689819,187.469663312,407.283652857,742.765885935,855.733666248,0.033049245296,1.83700392114,6.58985757459,20.8256128033,268400,922800,1191200,RESIDENTIAL A,1,2075
53001035,21.56605896,-157.8751377,2334.937607,222.9835179,6.934302227,0.198647069,0,0,0,8.470661086,7.691187473,6.723877996,5.767840525,746.769377509,147.664045176,365.133268315,696.028451697,746.769377557,0,0,0,0.00540707610639,583500,902500,1486000,RESIDENTIAL,1,2030
53001036,21.565859,-157.8751608,1582.038239,172.8144064,11.17756971,4.526521859,0,0,0,12.81158531,11.8448072,11.00606558,10.00664698,1717.01820398,169.943097378,748.413789286,1499.17469116,1499.32401775,0.00555945657142,0.402888411486,3.731925133,13.3901784231,169500,883400,1052900,RESIDENTIAL A,1,2050
53002010,21.57496063,-157.8793894,967.2882538,124.9525538,77.67510442,69.94105826,61.17675699,48.24962841,33.30974229,78.96187915,77.88998966,76.17549276,43.19506529,4744.16540005,0,0,0,0,0,0,0,0,0,1783500,1783500,RESIDENTIAL A,1,NA
53002011,21.57497777,-157.8790395,2934.823364,293.7572844,50.45445022,41.86396923,32.04382502,17.7382742,1.475878342,48.69709297,47.80032721,46.46065538,45.61928629,468.253755172,0,0,0,0,0,0,0,0,486000,642600,1128600,RESIDENTIAL,1,2100
53002012,21.57493291,-157.8788573,2259.707108,202.7332566,54.7808719,45.93973131,35.67573,20.62731876,3.390451461,52.97892781,52.3628091,51.46954956,50.7064414,521.43127975,0,0,0,0,0,0,0,0,410300,642600,1052900,RESIDENTIAL,1,NA
53002015,21.57388493,-157.8784896,1493.874435,177.0125211,156.087054,146.1964571,134.9213817,119.0688115,101.578883,156.6330532,155.0771187,134.9959799,0,4764.35076572,0,0,0,0,0,0,0,438.491522078,608800,1698400,2307200,RESIDENTIAL,1,NA
53002020,21.57657224,-157.883802,1379.62764,156.1852956,132.3720639,129.0165029,126.8691368,122.2820732,115.64729,29.00706901,27.77372924,24.24979594,10.31496299,10179.6141248,0,0,0,0,711.981963014,1129.17705707,2403.48763793,4192.25189487,179800,1144500,1324300,RESIDENTIAL,1,NA
53002021,21.5782757,-157.8844621,1252.603775,145.9247094,77.22426382,76.60321593,76.34588122,75.76446887,75.20605197,20.18345883,19.75528965,18.90337059,17.03048362,508.773637416,0,0,0,0,0,0,0,5.1537240981,0,575100,575100,RESIDENTIAL,1,NA
53002022,21.57811683,-157.8844602,2705.561951,214.6305082,70.92218781,69.73542701,69.20573973,67.88082328,66.1470602,24.92760162,17.625441,2.016396102,1.231639994,564.28058967,0,0,0,0,0,0,2.31658459173,14.2679895022,535800,661500,1197300,RESIDENTIAL,1,NA
53002023,21.57802743,-157.8843446,3199.536331,236.1924567,58.05280007,56.48480397,55.7740485,53.96533467,51.50823013,39.76043088,31.96519948,3.230827735,0.994315065,583.152453489,0,0,0,0,0,0,1.31160607329,19.0716091821,525100,661500,1186600,RESIDENTIAL,1,NA
53002025,21.57795365,-157.8841901,1759.888275,189.2999159,47.32393699,45.3421584,44.43044491,42.07105277,38.75448442,49.13553661,35.10685331,15.56067397,10.11162226,569.619976337,0,0,0,0,0,0,0,17.4092281764,130800,661500,792300,RESIDENTIAL,1,NA
53002026,21.57778716,-157.8841963,1602.553299,203.39033,59.40438133,56.81906742,55.59325564,52.28984854,47.16132699,31.63892155,17.45258072,4.338438659,2.636343818,561.691227742,0,0,0,0,0,0,0,7.12822350625,92400,661500,753900,RESIDENTIAL,1,NA
53002027,0,0,1723.183807,178.2561289,44.57532686,41.86120073,40.55050245,37.05703443,31.58890033,22.19803547,13.41063266,12.67535386,11.26100008,532.103882506,0,0,0,0,0,0,0,0,593900,643300,1237200,RESIDENTIAL,1,NA
53002028,21.57763762,-157.883987,431.3650665,84.97970218,57.00152504,54.17118147,52.70483842,49.01399918,43.34552182,16.7397039,11.96190938,11.05676666,8.470422636,503.950056137,0,0,0,0,0,0,0,0,175400,647200,822600,RESIDENTIAL,1,NA
53002029,21.57755122,-157.8838019,2557.838776,226.8045808,44.97694054,41.90847274,40.22348283,36.14815179,29.95485962,13.65632801,10.04646186,8.014227045,6.403080364,476.998440968,0,0,0,0,0,0,0,0,306100,651100,957200,RESIDENTIAL,1,NA
53002033,21.57554129,-157.8794107,417.6819458,81.80972099,21.79996267,15.36861957,8.361935031,0,0,24.40049902,22.64722587,20.4959652,18.53105026,707.491992281,25.7529204371,203.511044686,496.04399071,707.491992236,0,0,0,0,13000,843500,856500,RESIDENTIAL,1,2075
53002034,0,0,2470.312439,233.023557,12.3737028,4.450776597,0,0,0,13.38132292,12.35022643,10.94121026,9.159290288,1372.73020514,199.070275226,418.990050792,747.57880272,893.400196642,419.400589498,449.438615659,489.993047038,543.936250485,902100,911900,1814000,RESIDENTIAL A,1,2050
53002035,21.57540767,-157.8789498,2180.965012,206.4077439,7.912029598,0,0,0,0,6.486209804,5.59268455,4.66762123,3.541348199,1246.18556017,175.20015698,365.662012249,629.721829025,702.319500102,541.55191001,558.19900921,579.270031735,597.647730618,259800,938900,1198700,RESIDENTIAL,1,2030
53002037,21.57506425,-157.8782046,2391.378738,195.608949,18.97927487,8.828653,0,0,0,19.61898685,18.09856752,15.18150539,12.78556708,1892.25639364,255.529757532,575.426107459,1065.40703377,1418.12779723,422.259629422,452.407257493,493.107458158,537.04209256,752000,875800,1627800,RESIDENTIAL,1,2050
53002039,21.57840405,-157.8845648,1864.266281,189.911086,90.23891348,90.03931548,89.97957172,89.91979657,89.91980364,4.703700723,3.197590682,2.4896135680000002,1.100858366,677.895718903,0,0,0,0,0,1.5149976256,9.14324126653,26.0281414523,0,630900,630900,RESIDENTIAL,1,NA
53002041,21.57576853,-157.8796598,1589.076447,163.2904376,5.519333596,0,0,0,0,7.371369014,6.470986004,5.604716604,4.097386653,1644.96132755,272.249446361,549.428052224,998.180582709,1309.61803459,231.963698493,283.873040211,362.594593057,428.20013325,349800,985400,1335200,RESIDENTIAL A,1,2030
53002043,21.57477967,-157.878567,1877.330276,191.9253552,60.18369752,50.05759126,38.44551036,21.97967235,3.468345358,60.20557421,59.73781052,57.99830633,40.26778636,467.785605272,0,0,0,0,0,0,0,0,113000,630000,743000,RESIDENTIAL,1,NA
53002046,21.5751375,-157.8784371,320.1611023,96.82444262,23.24520268,13.15060623,1.579182622,0,0,23.26346757,22.78224519,21.30211692,17.69648842,2420.57791699,329.435885957,706.451140851,1240.94866341,1506.09225972,904.431720847,920.845315365,939.852024858,971.118468371,555700,999300,1555000,RESIDENTIAL A,1,2075
53002049,21.57500752,-157.8780107,2173.451553,187.4244754,21.40995504,14.37602955,7.260682368,0.725768124,0,17.20402693,15.91447193,1.935776834,0,729.790598856,0,0,13.738284425,85.0253774944,0,0,0,170.980018597,514600,612200,1126800,RESIDENTIAL,1,2075
53002051,21.57530283,-157.8787397,1332.795303,151.9083885,14.85906907,5.885055428,0,0,0,12.87776792,12.19112667,11.63659838,10.73903502,1304.68320093,182.858251702,386.156505276,668.355589357,764.183297359,570.219506847,579.223711851,594.12433932,609.134268152,219500,892900,1112400,RESIDENTIAL A,1,2050
53004001,21.57835616,-157.8855648,1161.794968,179.1833919,147.374378,145.9221321,145.4844077,143.7122659,140.7053426,40.75464369,40.75464369,27.17658685,12.91485065,5610.44944163,0,0,0,0,326.105531495,372.319610241,471.637430024,1282.83668872,416400,1875500,2291900,RESIDENTIAL,1,NA
53004002,21.57895334,-157.8855852,1648.385315,182.1569426,79.53819314,77.73262766,77.18875308,74.98702944,71.22157626,70.50217909,67.16059763,22.66118661,19.71025992,40040.7422625,0,0,0,0,92.4454546305,94.4463976965,563.770607774,3738.6226468,431100,2046900,2478000,RESIDENTIAL,1,NA
53004026,21.57963014,-157.8856288,4748.503922,359.6634698,21.32233752,19.1768845,18.54500637,15.86671093,11.16513469,27.51738732,26.81225658,24.68840362,22.14721002,1240.70834014,0,0,0,0,0,0,0,0,227600,733000,960600,RESIDENTIAL,1,NA
53004040,21.5792846,-157.8857796,1602.663498,167.0145793,62.73280079,60.55817585,59.89567848,57.18739992,52.46087903,67.45501255,66.09058758,40.88078929,27.37876668,3436.6228424,0,0,0,0,0,0,0,451.209155898,765500,1474300,2239800,RESIDENTIAL,1,NA
53005002,21.58013066,-157.8867588,1935.336761,197.7549805,97.47286788,95.33456139,94.83224954,92.23903748,87.54477135,102.2863829,100.3074584,97.72826489,0,1732.78007446,0,0,0,0,0,0,0,216.572867475,428600,741800,1170400,RESIDENTIAL,2,NA
53005031,21.58228667,-157.8870806,1690.262787,174.1451937,22.95935309,21.7557854,22.43962007,21.50151747,18.62410295,9.89955858,9.89955858,9.89955858,9.89955858,226.001722207,0,0,0,0,0,0,0,0,205600,409400,615000,RESIDENTIAL,1,NA
53005053,0,0,1763.943481,182.6914524,44.74625445,43.40357456,43.99708586,42.95791887,39.92517458,53.37927301,50.97283875,38.55653179,0,556.621009139,0,0,0,0,0,0,0,51.9228716089,438700,664800,1103500,RESIDENTIAL A,1,NA
53005066,21.58008633,-157.886359,2639.461716,269.2901056,71.22454459,69.03146062,68.46840992,65.78641747,60.98720177,75.96404189,74.32507079,71.65738443,10.05044224,783.473043504,0,0,0,0,0,0,0,0,255600,539200,794800,RESIDENTIAL,2,NA
53006001,21.58529527,-157.8876574,2290.444077,202.7789224,33.98739455,29.6757678,26.16877004,20.00965589,12.01265807,34.81592049,34.44436816,33.4606572,32.55379844,890.437327857,0,0,0,177.800499362,0,0,0,0,481200,750900,1232100,RESIDENTIAL A,1,NA
53006018,21.58667683,-157.8878231,1411.385071,158.3318043,4.35660341,0.04452978,0,0,0,13.00465258,11.49154762,9.256205104,7.472736537,574.166692272,90.5824288997,176.358624561,323.543477047,505.503993072,0,0,0,0.490181151416,199000,802300,1001300,RESIDENTIAL A,1,2030
53006019,21.58683168,-157.8878845,1860.265121,187.5784597,6.798062538,2.192534218,0,0,0,11.17529512,9.887237135,7.449967817,5.350518754,432.660134373,48.0709604403,109.51039232,213.158442414,344.69566082,0,0,0,0.0936639776323,394400,839500,1233900,RESIDENTIAL,1,2050
53006020,21.58709482,-157.8880144,4989.817932,307.1287391,0,0,0,0,0,2.209644606,0.881169261,0,0,519.778014783,53.7029332632,124.466078746,241.087849888,387.004413576,0,0,0,2.31067402766,271600,863400,1135000,RESIDENTIAL A,1,2024
53006021,21.58717558,-157.8881743,783.3742981,128.0359317,19.98479351,14.99781471,10.70781025,3.61404211,0,21.45418028,20.55459691,19.24979428,17.92216875,795.422210044,103.794767719,203.29258631,366.884339164,572.465565305,0,0,3.61600320111,16.1321108184,210000,907600,1117600,RESIDENTIAL A,1,2100
53006024,21.58768597,-157.8883663,2674.588913,237.4746129,5.793347139,0.884372632,0,0,0,10.40443216,8.856256814,6.65499734,4.515121778,445.277507413,22.3610619154,80.4772229218,175.178114415,291.884434303,0,0,0,0,220200,868900,1089100,RESIDENTIAL A,1,2030
53006026,21.58847917,-157.8886656,2648.672028,206.6919937,12.1071122,7.413595178,3.403361183,0,0,14.62171767,13.64449189,11.70169782,9.521855469,1036.10980672,132.884702672,247.835634062,443.373381193,695.426823573,89.9862536978,124.441570876,161.166285268,195.809031038,597600,723700,1321300,RESIDENTIAL A,1,2075
53006027,21.58857272,-157.8888338,1533.151154,185.6994011,24.73710565,20.28297201,16.5401568,10.1820288,2.098629669,28.78006442,27.59259935,25.17104994,23.04522599,5836.21804902,283.352814136,517.847722566,926.219511935,1456.27286949,272.901309107,337.700298957,485.173220794,644.398213246,11700,1873500,1885200,RESIDENTIAL,1,NA
53006029,21.58674694,-157.8883893,4188.025406,361.0989108,51.05530713,46.29428532,42.30127749,35.57684224,27.01128814,54.29424403,53.28987727,51.55303162,17.43072117,529.916360555,0,0,0,0,0,0,0,0,397800,655000,1052800,RESIDENTIAL A,1,NA
53006030,21.58654256,-157.8882592,6075.318588,482.2176875,41.94469181,37.6809349,34.26054872,28.23758804,20.35653569,51.52349562,50.0560462,47.66233823,33.453729,553.829351461,0,0,0,0,0,0,0,0,247900,650900,898800,RESIDENTIAL,1,NA
53006040,21.58819636,-157.8885707,442.0055542,100.6388431,13.95089665,9.159385015,5.049617167,0,0,19.97194994,18.24976418,16.53182372,14.61578431,1064.96252945,93.6915486189,173.694087966,305.52821908,469.280900835,19.9071184971,47.9788779277,86.1347894439,124.063379723,0,720900,720900,RESIDENTIAL,1,2075
53006041,21.58802745,-157.8886598,1518.032593,169.3247128,23.57827561,18.77389656,14.66700081,7.844292521,0,28.68913211,27.23770021,25.32761823,23.2640193,1244.14420927,113.84719196,211.624794187,374.388037427,580.011732701,37.1232790825,72.3390255912,118.871844401,162.174703968,172100,946800,1118900,RESIDENTIAL A,1,2100
53006042,21.58774546,-157.8885336,1591.659698,162.3775558,22.25381126,17.35073168,13.16697334,6.235671304,0,27.4918713,25.90396283,23.77376812,22.10764808,1100.98741348,113.624363126,210.751739106,372.035110622,575.574455243,51.364838674,84.2421014649,133.691777045,176.185100615,202300,869400,1071700,RESIDENTIAL A,1,2100
53006043,21.58755068,-157.8883276,1434.282745,156.4313953,14.16780235,9.230389842,4.98135797,0,0,16.44038399,15.17891556,13.12718658,11.41464871,562.141585585,64.9835367928,122.270854848,219.082634234,344.992533892,4.66241426312,20.1122155511,43.2263468076,66.135128434,175500,870000,1045500,RESIDENTIAL A,2,2075
53006044,21.5874068,-157.8882499,2418.606339,272.1702854,11.72307213,6.789140413,2.481295556,0,0,12.85441628,11.9557874,11.18778732,10.61877973,808.833843819,101.386593258,195.576254361,349.950636174,543.041001577,0,0,0.81767637756,9.3212723528,392800,892600,1285400,RESIDENTIAL,2,2075
53006048,21.58510586,-157.8876233,1592.450394,167.8652626,33.75605348,29.60130051,26.32887653,20.42628313,12.63166173,35.44279977,34.65157023,33.68188438,32.47215402,890.123560942,0,0,0,173.500831837,0,0,0,0,281900,600200,882100,RESIDENTIAL,2,NA
53006073,21.58695535,-157.887979,2021.703125,193.5249354,9.016536243,4.27023616,0.30007562,0,0,12.55747474,11.67281844,9.536159038,7.814781162,424.863507928,43.115741713,101.675499082,199.998704446,325.241846303,0,0,0,0,550100,856400,1406500,RESIDENTIAL A,1,2050
53006079,21.58688793,-157.8884589,709.1880035,129.0393577,59.97880508,55.10738576,50.97314963,44.07551846,35.33849113,62.39908054,61.5019268,59.30306534,18.91675451,519.159869527,0,0,0,0,0,0,0,0,80500,655300,735800,RESIDENTIAL,1,NA
53008003,21.59268506,-157.8930272,3221.850754,261.5633651,2.899162601,0,0,0,0,3.34702007,3.257478998,2.726417983,1.852903093,631.426776063,26.0786298826,124.071700526,285.67592285,485.798013466,0,0,0,0,301400,865500,1166900,RESIDENTIAL A,1,2030
53008010,21.59168146,-157.891531,2720.445709,230.1418441,15.71811932,13.35828935,12.68365552,10.36721305,6.451979721,22.12060752,21.4049131,19.990415,18.57585283,1349.61330242,0,0,0,0,0,0,0,0,206900,1017000,1223900,RESIDENTIAL A,1,NA
53008011,21.59201581,-157.8919106,3340.129807,242.5040476,15.84210245,12.23862605,9.574719976,4.721510074,0,23.59656982,22.30623719,20.7286514,18.79662645,1402.0663516,8.4563124772,50.5284596221,177.296406967,363.057387217,0,0,0,0,463000,1025400,1488400,RESIDENTIAL A,1,2100
53008012,21.59220013,-157.8920821,1443.850876,165.872663,14.901448480000001,10.7906481,7.406607143,1.5968963,0,18.47294471,17.89151376,17.03399868,16.33340078,712.70611041,34.6934963093,80.6938317046,162.182737826,269.910080886,0,0,0,0,479700,901200,1380900,RESIDENTIAL A,1,2100
53008013,21.59246572,-157.8923975,2993.948517,299.0313999,1.875977211,0,0,0,0,3.05533757,3.05533757,2.7093266,1.914232042,485.801852373,30.6282567345,91.4847943563,195.207293872,331.765604388,0,0,0,0,283300,768300,1051600,RESIDENTIAL A,1,2030
53008014,21.59255296,-157.8926787,1955.514709,207.0496151,1.644052326,0,0,0,0,3.719648832,3.38345296,2.719402765,1.719190671,847.505242352,106.543433955,238.907869316,436.614201303,652.790733896,0,0,0,0.141203576619,277100,916700,1193800,RESIDENTIAL A,1,2030
53008017,21.59189052,-157.8917267,2724.112152,244.2060816,10.42840705,7.381315613,5.738306966,2.202576747,0,19.59002926,18.64290336,16.81253727,15.40279389,1356.15541276,0,0,6.45374767257,102.096482632,0,0,0,0,626900,1013900,1640800,RESIDENTIAL,1,2100
53008018,21.59235769,-157.8923125,2327.056732,206.9871955,12.82819344,8.143324833,4.167722548,0,0,14.17083287,13.96353951,13.20233486,12.55478097,770.904260388,61.0393070512,127.22303464,233.294401214,360.033553437,0,0,0,0.0660463610656,689700,903400,1593100,RESIDENTIAL A,1,2075
53008019,21.59261696,-157.8928028,1933.80098,219.0775901,3.945576176,0,0,0,0,5.490550087,5.049602767,4.592652186,3.97719899,519.553640021,46.1787553144,134.207007613,269.52108056,424.711521231,0,0,0,0,338300,868500,1206800,RESIDENTIAL A,1,2030
53008020,21.59272653,-157.8933305,2512.381516,279.8165341,9.731823986,5.332458217,1.559249961,0,0,8.019127662,6.75987594,4.380304478,2.391724744,871.070549025,109.671955124,205.77261645,372.738483742,598.902016677,1.9690617944,3.64967501514,13.5849501637,27.9969066046,276600,926000,1202600,RESIDENTIAL A,1,2075
53008028,21.59221907,-157.8923117,658.5691071,102.7982863,31.21100331,26.56273997,22.6354488,16.2335343,8.295008718,33.36097602,32.97862404,32.37505697,31.44251659,759.907803032,64.2055239803,121.929692612,219.342934614,344.218840396,0,0,0,4.5881138719e-5,800100,901200,1701300,RESIDENTIAL A,1,NA
53009010,0,0,1192.386276,148.0468546,63.06427526,58.53747702,54.6027005,48.1987081,40.30851347,49.13869458,49.13869458,48.64427856,30.32639069,775.369345663,0,0,0,0,0,0,0,0,666600,478100,1144700,RESIDENTIAL,1,NA
53009030,21.59252426,-157.8938462,1545.804947,163.960547,53.19887548,48.9385138,45.35910898,39.43073245,32.05416709,13.4924069,13.4924069,13.4924069,9.343657071,591.324705056,0,0,0,0,0,0,0,0,326900,658500,985400,RESIDENTIAL,1,NA
53009031,21.59292126,-157.893637,4488.090302,336.7208979,2.951529179,0,0,0,0,2.796874715,1.9563169,1.115675779,0.275066939,729.481745919,0,38.0052099352,205.87317109,447.198793754,0,0,0,0,518900,898200,1417100,RESIDENTIAL,1,2030
53009032,21.59308825,-157.8939001,3329.289963,285.3888942,7.407991479,3.639158767,0.700639284,0,0,6.135557137,5.490073486,4.963721235,4.597409264,796.815179703,0,65.5389307016,283.661500578,562.291421663,0,0,0,0,504100,914100,1418200,RESIDENTIAL A,1,2050
53009033,21.59333608,-157.8941212,2988.861877,229.0368924,1.423018077,0,0,0,0,0,0,0,0,585.763107756,0,0.837850270725,185.196118325,477.504573901,0,0,0,0,384700,787000,1171700,RESIDENTIAL A,1,2024
53009034,21.59476129,-157.895395,1214.036392,151.8765131,6.703943069,3.348957701,1.016219734,0,0,5.849935617,4.833953685,3.435288887,2.419382654,509.134691414,1.3234136473,56.9819945573,198.078722465,389.124720375,0,0,0,0.223250043394,170300,776500,946800,RESIDENTIAL,1,2050
53009035,21.59505783,-157.8955873,1333.438446,153.718655,7.707329567,4.364412166,2.036698036,0,0,9.235103358,7.863304342,5.233902812,4.048642317,445.080365544,0,46.7094691226,155.708641467,307.456503017,0,0,0,0,185800,751800,937600,RESIDENTIAL,1,2075
53009036,21.59537387,-157.8956876,2395.521454,217.1418872,1.232091299,0,0,0,0,3.705932002,3.014113279,1.411372202,0.253536196,560.461246322,57.5060190754,178.736019129,384.979263353,537.216216156,0,0,33.9051714116,51.5169475807,230000,865700,1095700,RESIDENTIAL A,1,2024
53009037,21.59673719,-157.8960633,309.7757721,70.80337948,0,0,0,0,0,8.67295207,7.228218578,4.561604838,2.279670001,727.998135417,231.467119651,397.192211695,509.083816807,523.739664081,0,0,4.73313440533,105.56599039,455600,897200,1352800,RESIDENTIAL A,1,2024
53009038,21.59770052,-157.896724,3704.448578,269.533117,61.69031693,60.30903646,59.3916098,57.65184006,55.32615525,5.77355008,5.528528043,5.067332481,4.147741098,698.546294965,0,0,0,0,0,0,0,0,585900,892300,1478200,RESIDENTIAL,1,NA
53009039,21.59262254,-157.8939679,1950.773727,180.8936932,50.30854451,46.24306731,42.91665511,37.31217491,30.28873671,12.51175403,12.51175403,12.51175403,12.303136,560.381695802,0,0,0,0,0,0,0,0,407100,656700,1063800,RESIDENTIAL,1,NA
53009040,21.59747426,-157.8966066,1227.636398,155.8712451,39.21295325,36.93093332,35.49308521,32.97050561,30.11407533,30.55171584,28.0942069,19.94247719,16.35488836,728.884965985,0,0,0,0,0,0,0,0,287700,896100,1183800,RESIDENTIAL A,1,NA
53009041,21.59726777,-157.89643710000001,1889.238144,173.8682185,15.66517945,12.53739567,10.48217892,6.703085979,2.949216987,20.2894611,18.43377728,16.20109661,11.24443127,727.412590769,0,0,0,2.99529476392,0,0,0,0,217200,896300,1113500,RESIDENTIAL A,1,NA
53009042,21.59711332,-157.8963375,2166.277084,223.4006869,10.96031848,7.474059388,4.969038599,0.163408707,0,16.08599666,14.53892931,11.99339224,9.229382429,660.225749556,33.7557279356,82.5674023801,190.902063618,344.220495585,0,0,0,5.88207920107,343700,886100,1229800,RESIDENTIAL A,1,2075
53009043,21.59695261,-157.8961938,1607.19278,171.1337065,2.999161753,0,0,0,0,8.448545032,6.621550948,4.881319842,3.881166259,482.925719086,81.3547671025,150.076632001,268.086170056,404.228742641,0,0,3.38894477841,30.664262706,200700,854300,1055000,RESIDENTIAL A,1,2030
53009052,21.59274077,-157.8940964,2273.19249,200.4364867,48.51125136,44.62677266,41.51769464,36.21917284,29.52788865,14.45633052,14.45633052,13.75469777,11.63095822,565.031348031,0,0,0,0,0,0,0,0,423600,656900,1080500,RESIDENTIAL,1,NA
53009053,21.59285932,-157.8942138,2432.464615,213.3147784,44.35317864,40.60555364,37.69356489,32.61522463,26.1102103,14.77809544,14.44151513,12.78786468,11.38997035,522.34040928700006,0,0,0,0,0,0,0,0,435200,653300,1088500,RESIDENTIAL A,1,NA
53009054,21.59299421,-157.894312,2188.272995,202.8220705,40.14776564,36.48382451,33.71595867,28.8056979,22.45494305,17.80089255,17.80089255,17.80089255,16.52679651,539.496532364,0,0,0,0,0,0,0,0,596700,655100,1251800,RESIDENTIAL A,1,NA
53009055,0,0,1605.714401,171.5032495,52.36229942,48.8332077,46.24266435,41.52674237,35.33940708,9.367587803,9.367587803,9.367587803,6.283047225,580.923999303,0,0,0,0,0,0,0,0,600000,628100,1228100,RESIDENTIAL A,1,NA
53009061,21.59368511,-157.8949075,2746.789932,221.029933,29.14382174,25.65504259,22.93589601,18.11594993,11.94924492,30.07341032,28.58802126,4.900879786,3.795121057,638.782427659,0,0,0,0,0,0,0,0,378300,677100,1055400,RESIDENTIAL,1,NA
53009062,21.59391143,-157.8951154,1566.084366,167.7030724,34.5647486,31.17199303,28.56708346,23.92795061,17.96024468,33.75956953,32.53709294,7.465558649,6.762150508,567.901790962,0,0,0,0,0,0,1.08950303245,13.3596904468,206900,656100,863000,RESIDENTIAL,1,NA
53009063,21.59411779,-157.8952412,1534.884277,170.9157275,35.09932591,31.67447895,29.13610204,24.54465382,18.56722446,33.2675037,33.02465323,31.91714603,30.65909269,604.662875474,0,0,0,0,0,0,0,0,373900,664400,1038300,RESIDENTIAL,1,NA
53009064,21.59412344,-157.8953739,219.3887329,70.97152478,47.1725819,43.75885604,41.25950462,36.72055963,30.79119752,33.58898401,32.12857288,30.72472244,24.48203066,556.938482146,0,0,0,0,0,0,0,0,496200,662800,1159000,RESIDENTIAL,1,NA
53009065,21.59445601,-157.8955761,3037.841187,251.438555,39.67576145,36.31654554,33.95789019,29.5947274,23.8293231,37.61422138,36.89061802,35.4762639,26.11651198,601.636821609,0,0,0,0,0,0,0,0,599400,663800,1263200,RESIDENTIAL A,1,NA
53009068,21.59771902,-157.8974247,3042.96228,219.9167747,103.3055215,99.61256998,96.49092246,91.7154261,86.23685147,0,0,0,0,26231.4181547,0,0,0,365.932518452,1198.6388396,1216.88383012,1260.9798495,1393.77436793,520500,802900,1323400,RESIDENTIAL A,4,NA
53009097,21.59318947,-157.8945985,2080.277252,192.0206186,47.87776976,44.56898933,42.26538515,37.93778412,32.16959794,13.17638915,13.17638915,13.17638915,13.17638915,20344.2823894,0,0,0,0,936.419816405,974.854897797,1395.02408888,2422.21821867,558000,519500,1077500,RESIDENTIAL A,1,NA
53009104,21.59394946,-157.8954208,2232.816452,223.2484703,62.2013966,58.77480237,56.22374622,51.61810276,45.6327897,26.65457444,25.92896163,24.82124728,17.61623592,549.451823892,0,0,0,0,0,0,0,0,306500,550100,856600,RESIDENTIAL,1,NA
53009105,21.59376678,-157.8952577,1648.002197,174.7883038,58.03155393,54.62353581,51.97274832,47.2746889,41.25321692,19.4332007,18.6403376,6.188435054,4.873522765,557.662664505,0,0,0,0,0,0,0,4.9922505525,427700,551300,979000,RESIDENTIAL,1,NA
53009106,21.59343154,-157.8950004,1766.808487,180.2769074,61.40946573,57.98337537,55.32168537,50.59810429,44.53952607,20.02015574,15.00369887,13.66969368,8.130011421,631.412637732,0,0,0,0,0,0,0,0,444300,577000,1021300,RESIDENTIAL,1,NA
53010002,21.59847803,-157.8978767,12109.02336,777.4403985,78.78486804,74.04285413,69.93787821,63.45314323,55.61108398,37.61133148,35.98031676,19.82257108,0,1016.02795118,0,0,0,0,0,0,0,0,169000,734000,903000,RESIDENTIAL,1,NA
53010015,21.59837114,-157.8969284,1319.573303,160.7180571,19.76684485,17.66140184,16.43076681,15.24257854,15.24254233,13.17841755,11.71539134,9.277684852,0,774.19688066,0,0,0,0,0,0,0,240.441014896,228100,907300,1135400,RESIDENTIAL A,1,NA
53010016,21.59883834,-157.8970928,1257.808304,172.3006288,9.100264817,4.395182435,0.327242618,0,0,13.636495,12.20833753,9.9810268,8.006687653,796.275781575,111.711957659,229.457829628,417.550289025,648.245970979,0,0,0,0,170300,907300,1077600,RESIDENTIAL A,1,2050
53010017,21.59908847,-157.8971413,1845.664566,195.8166057,7.277503733,2.788132549,0,0,0,10.41229876,8.642210579,7.757187756,6.786787823,649.51759254,104.516456699,219.061177784,400.363859559,616.292303525,0,0,0,1.25013610481,362500,879200,1241700,RESIDENTIAL A,1,2050
53010018,21.59944592,-157.8971922,4343.356873,369.6061586,0.339089136,0,0,0,0,1.379697996,0.75180651,0.036106324,0,644.641439743,129.588033969,262.380982847,474.29543392,644.641439756,0,0,0,0.558542730602,450800,824500,1275300,RESIDENTIAL,1,2024
53010019,21.60110676,-157.89775,1470.125671,178.2131726,4.946299754,0,0,0,0,6.178979633,5.11195207,4.210384159,3.814156219,426.378219707,158.220626113,295.096725939,383.878163589,383.878163582,0,4.22521879664,28.7932848788,63.1442696216,397500,810100,1207600,RESIDENTIAL A,1,2030
53010020,21.60132043,-157.8977811,2649.113983,229.7540749,1.169992599,0,0,0,0,3.553283312,2.553075931,1.696259864,0.696115458,621.853103835,158.658844989,314.732813579,538.926280683,607.914061852,0,1.76498586229,8.6954766415600009,20.3164206589,209100,860300,1069400,RESIDENTIAL A,1,2024
53010022,21.59972379,-157.8972472,1053.979965,139.9406907,1.035466502,0,0,0,0,0.910019496,0,0,0,423.941058879,77.7584759176,190.784519851,367.389086597,423.941058865,0,0,0.288708321876,21.0789254193,481300,678100,1159400,RESIDENTIAL A,1,2024
53010028,21.59858599,-157.8970193,2025.974838,181.1246613,8.406334322,3.661673652,0,0,0,15.08242117,13.42712103,10.59141276,0,832.719829035,68.3100536441,140.526982665,259.188197276,410.186396634,0,0,0,215.78383404,206100,910800,1116900,RESIDENTIAL,1,2050
53013009,21.60291279,-157.8991296,2908.761276,231.9460508,22.18810007,15.86029661,9.737027712,1.162092136,0,24.51069258,23.41425924,20.9542483,19.53351823,491.054733962,0,0,3.31728468243,145.97945964,0,0,0,0,623500,646000,1269500,RESIDENTIAL,1,2075
53013010,21.60282804,-157.8990527,1064.726532,154.7114235,31.36678903,25.67806743,20.15883212,12.08760096,2.820593893,33.65306443,32.36584704,29.27997687,27.34289036,271.958260421,0,0,0,16.6497875357,0,0,0,0,85200,485000,570200,RESIDENTIAL,1,NA
53013011,21.60277177,-157.8990078,1188.951141,173.0302707,35.98222568,30.32426902,24.81783732,16.19966782,5.96212574,38.16563424,37.03934109,34.68012206,32.681193,256.103230163,0,0,0,11.2299085254,0,0,0,0,90100,440700,530800,RESIDENTIAL,1,NA
53013022,21.60152217,-157.8978273,2192.831345,222.0621574,2.890173656,0,0,0,0,3.833394499,3.051991278,2.830536543,1.835704827,464.892632808,86.0681468533,178.084593516,313.888967784,457.717345504,0,0,0.579807322341,4.71959491171,203400,758700,962100,RESIDENTIAL,1,2030
53013023,21.60164065,-157.8978828,1605.159775,166.7543557,8.988921465,3.230448321,0,0,0,9.57498032,9.175790932,8.665317289,8.570839557,553.404504736,95.8093343572,195.007354048,338.70863069,500.2381524,0,0.114895561483,1.17265276456,7.11324084894,183800,819600,1003400,RESIDENTIAL,1,2050
53013024,21.60176467,-157.8979454,1920.69368,187.6882284,11.02901364,4.633994246,0,0,0,11.87923809,11.53253843,11.53253843,10.60749668,591.134626078,97.6479343941,198.292159502,341.816429584,502.396550003,0,0.597138645251,2.62222045472,5.65397270059,654700,872000,1526700,RESIDENTIAL A,1,2050
53013026,21.60201116,-157.8980612,2079.754715,211.2481321,15.11658489,7.276165048,0,0,0,15.39789555,13.98336053,11.87453692,10.461787319999999,651.589593836,115.02068554,239.286306308,410.648781989,592.866539906,21.855903808,30.8429889349,43.916584897,65.6691554759,419300,878100,1297400,RESIDENTIAL A,1,2050
53013028,21.60230434,-157.8980953,1354.047043,164.947862,2.627205759,0,0,0,0,5.083588701,4.250651716,3.696858184,2.800127292,639.821068402,129.714558909,274.89497731,473.062581844,556.095028949,43.6820247858,53.0830149112,65.418517494,77.7657305486,311600,858600,1170200,RESIDENTIAL,1,2030
53013029,21.60239858,-157.8982292,1893.971283,184.6040035,10.33463285,1.420864546,0,0,0,11.48319555,10.97890556,8.726741665,6.585184496,610.120014759,156.832155061,300.634609772,504.270473871,587.741686646,13.104834293,27.9282925403,60.5086981671,90.3066237407,316100,854300,1170400,RESIDENTIAL A,1,2030
53013030,21.6025206,-157.8983118,2005.976013,186.6279845,9.399578963,2.534244552,0,0,0,7.961917969,6.550312733,5.140237156,4.418783325,545.074192854,123.428465917,234.771104271,391.154173341,545.045215839,4.08667443965,9.19193294626,16.5401878546,30.9744990875,718600,863400,1582000,RESIDENTIAL A,1,2050
53013031,21.60261641,-157.8984263,1484.488861,157.6258758,10.80351422,4.157466811,0,0,0,13.44459372,12.71160949,10.62256871,9.213180865,461.027061269,113.971445517,227.881868385,387.615005226,443.40824357,6.88401891728,23.8126597269,42.1882274646,65.9436763764,809800,791100,1600900,RESIDENTIAL A,1,2050
53013032,21.6027355,-157.8985025,1375.321075,149.1004069,6.667927916,0.206762521,0,0,0,9.525141384,8.114468543,5.96701406,3.899067925,420.88706508,105.252532607,208.955250315,342.274543396,344.249211577,23.9508790692,43.7220755819,70.7542289369,97.2595629679,637500,832300,1469800,RESIDENTIAL A,1,2030
53013033,21.60285214,-157.8985563,2053.640259,184.2846347,0.663370944,0,0,0,0,3.493027288,2.0814636,0,0,331.532671385,103.589899114,205.678456075,287.234221217,287.234221194,1.96631571426,16.0291793937,54.4461591526,91.3630191385,427600,646100,1073700,RESIDENTIAL A,1,2024
53013034,21.60295418,-157.8986747,1153.925964,142.3738166,3.903641522,0,0,0,0,4.940705426,4.162268184,2.0946701,0.041250027,230.288017459,93.7844556115,188.149377505,227.138953274,227.138953255,0,0.0124124130902,12.3756924133,27.0160082546,182100,465500,647600,RESIDENTIAL,2,2030
53013035,21.60306618,-157.8987666,1196.373169,145.7832205,0,0,0,0,0,1.057816081,0.297878142,0,0,291.745174741,141.355471243,254.219095015,274.100609541,274.100609582,0,0.0230025960408,9.29684295657,67.3379141173,214500,509000,723500,RESIDENTIAL,1,2024
53013038,21.60269352,-157.898926,2258.549744,277.6882936,33.12096043,26.90378958,20.77176213,11.79899764,1.518973141,34.43316599,33.534689,31.41883911,29.43590124,516.289114288,0,0,0,5.82507208646,0,0,0,0,302400,640400,942800,RESIDENTIAL,1,NA
53013039,21.60240884,-157.900007,2653.677734,286.2218298,131.7535309,125.6883179,119.9192313,111.4223461,101.5781751,19.4486081,19.4486081,19.4486081,16.39236092,3673.8555898,0,0,0,0,0,0,0,0,421500,1202600,1624100,RESIDENTIAL A,1,NA
53013040,21.60241095,-157.9001873,1582.215866,178.5516834,140.1139067,134.1700928,128.5549609,120.1568792,110.3934817,17.16087358,17.16087358,5.5925292109999996,0.221801328,5885.84024258,0,0,0,0,29.9488570872,29.9488570872,918.014084501,2854.57173186,0,1402500,1402500,RESIDENTIAL A,3,NA
53014003,0,0,3023.14212,256.64252,22.88669694,18.02552839,13.50260748,6.197151211,0,0,0,0,0,1621.52468855,0,0,223.292399248,692.872486258,551.796798841,592.696560339,640.489625635,707.588135729,396800,510200,907000,RESIDENTIAL,2,2100
53014004,21.60427454,-157.9006649,2744.075272,235.7818137,21.75370539,16.94613709,13.01997761,6.85868492,0,19.74608039,19.11098772,18.56044378,17.92535081,473.031561038,0,0,0,70.4589891757,0,0,0,0,345700,630000,975700,RESIDENTIAL,1,2100
53014005,21.60414907,-157.9012893,2146.996872,188.8148619,80.03604537,75.2251416,71.31104383,65.18751985,57.61347851,50.73345706,50.16814498,43.26575257,26.04333798,934.507457043,0,0,0,0,0,0,0,5.32665257664,1216200,748100,1964300,RESIDENTIAL,1,NA
53014006,21.60425639,-157.9014901,2307.909302,213.2906386,82.00736685,77.0769599,73.00057121,66.70469712,58.9455711,78.00931944,77.32022944,70.24940947,38.17705369,1842.93570392,0,0,0,0,0,0,0,0,225000,1047400,1272400,RESIDENTIAL A,1,NA
53014007,21.60422529,-157.9019621,1787.815948,172.3896771,118.8177484,113.9956239,110.0147749,103.8357996,96.17093948,109.6917202,106.4248451,99.90250111,50.3237008,1624.87165394,0,0,0,0,0,0,0,0,340900,983800,1324700,RESIDENTIAL A,1,NA
53014011,21.60454253,-157.9011515,1265.548462,147.0280815,36.77551164,31.87950726,27.81719425,21.51596005,13.76288645,34.27078764,33.89853415,33.26066896,32.99520938,1927.46217548,0,0,0,137.953500037,0,0,0,0,658800,1102500,1761300,RESIDENTIAL,1,NA
53014012,21.60451876,-157.9009053,2062.528015,218.6209929,20.20842827,15.37728816,11.43789562,5.287531393,0,18.46010449,17.92892733,17.28192169,17.0503399,486.628534254,0,0,0,108.285400887,0,0,0,0,276300,630000,906300,RESIDENTIAL,1,2100
53014017,21.60416785,-157.9005917,1646.534302,171.02037,29.07795381,24.25824242,20.30166477,14.09094917,6.452720702,26.77183472,26.71075949,25.02367956,16.48834527,483.0923202,0,0,0,77.546552236,0,0,0,0,414300,629800,1044100,RESIDENTIAL A,1,NA
53014023,21.60317395,-157.8997934,1904.191818,194.3774109,60.29968868,54.87718741,50.01187427,42.84763742,34.6620027,8.321284655,7.371431549,6.125698722,4.328750504,1667.27452781,0,0,0,0,537.141632224,569.918952499,633.186785182,698.404428248,356600,574900,931500,RESIDENTIAL,2,NA
53014025,21.60297335,-157.9000986,2138.622665,289.9754455,93.00952939,87.53972685,82.6174383,75.29900648,66.76228128,4.894867488,3.260053396,1.864783934,0,992.79365715,0,0,0,0,220.677320328,278.111406909,335.407765835,438.319892792,143800,429500,573300,RESIDENTIAL,2,NA
53014026,21.60285658,-157.9002888,586.1838837,98.89743929,122.5620739,117.9337432,113.1805219,106.0049249,97.62693079,2.940926177,1.920301697,0.710094938,0,1044.78485721,0,0,0,0,319.354688583,375.91958259,444.200044773,502.971157904,171700,676900,848600,RESIDENTIAL,1,NA
53014027,21.60287962,-157.900446,2258.469971,210.0731989,131.0624753,126.4712835,122.4681499,115.4184636,107.1891673,10.27645271,9.57285376,8.159709539,0,1057.45879194,0,0,0,0,306.672119561,330.089587112,389.118359874,633.057788007,95600,735600,831200,RESIDENTIAL,1,NA
53014028,0,0,2013.941422,205.738769,157.0773985,152.5817924,148.9077154,141.6407022,133.1128017,0,0,0,0,1398.94728152,0,0,0,0,633.32673507,675.329949562,908.942353937,1365.8589185,730200,733600,1463800,RESIDENTIAL A,1,NA
53014030,21.60229654,-157.9010514,362.2823486,81.75390745,223.5142515,218.9482569,214.0300992,206.6810415,198.0263726,2.399670517,2.399670517,2.399670517,0,962.248254139,0,0,0,0,159.527517404,159.527517404,163.323048891,585.194088632,0,691100,691100,RESIDENTIAL,1,NA
53014031,21.60229364,-157.901295,703.3431702,125.8571884,242.9930253,238.4369766,234.8458825,229.0991863,221.9022081,30.26591156,30.26591156,20.6785232,0,1196.96274468,0,0,0,0,0,0,288.182762937,572.887385246,171200,548700,719900,RESIDENTIAL,2,NA
53014032,21.60246374,-157.9013514,3477.828522,388.551704,245.1357864,240.5593472,236.9398638,231.1610903,223.9440412,34.75273379,34.75273379,24.96350353,0,840.84790315,0,0,0,0,0,0,0,126.601612977,414900,567000,981900,RESIDENTIAL,2,NA
53014037,21.60343018,-157.9013944,1795.884933,200.2855843,146.299364,141.4857977,137.5444749,131.3574776,123.7388182,17.62076591,17.62076591,10.35501596,6.770439731,696.329881599,0,0,0,0,0,0,0,0,127100,708700,835800,RESIDENTIAL,1,NA
53014039,0,0,701.6946259,110.548534,153.5022915,148.7583667,144.8936143,138.7870983,131.2496833,0,0,0,0,789.299033478,0,0,0,0,142.860404018,218.528113426,358.222863522,513.057890951,159400,718700,878100,RESIDENTIAL,1,NA
53014040,21.60299038,-157.9011855,1757.930862,178.6288945,167.3958787,162.6837274,158.8661173,152.8209121,145.3411359,2.453011061,2.453011061,1.973300748,0,782.798693143,0,0,0,0,69.9620525968,98.2850218182,234.933178881,474.177395817,121600,683900,805500,RESIDENTIAL,1,NA
53014041,21.60286057,-157.9010846,1935.616379,211.9545809,170.8739913,166.2458604,162.553167,156.6721351,149.3460547,0.732391592,0.732391592,0.115364216,0,701.513903876,0,0,0,0,68.8607548954,68.8607548954,184.076891874,387.60057489,130300,669500,799800,RESIDENTIAL,1,NA
53014043,21.60342493,-157.9008404,1453.098022,156.820301,111.4637467,106.7173521,102.8503118,96.74337039,89.2083016,7.841007322,2.804249316,0,0,1127.93675227,0,0,0,0,41.8225932888,106.982378069,429.756710211,804.70263043,342500,604200,946700,RESIDENTIAL,1,NA
53014044,21.6035837,-157.900688,2106.052414,189.8461524,83.82950074,79.11415573,75.29456904,69.25190896,61.78003487,0,0,0,0,1118.10833419,0,0,0,0,380.417731961,436.290470431,759.003730694,1024.27533948,151800,599300,751100,RESIDENTIAL,2,NA
53014045,21.60350113,-157.9005064,2563.03804,234.110149,75.88433054,71.27694624,67.61897971,61.79148785,54.52357113,4.077975134,4.05022055,0,0,806.487446624,0,0,0,0,225.115472986,244.411928302,300.295904637,444.856143094,378500,677000,1055500,RESIDENTIAL,1,NA
53014048,21.60343841,-157.9000866,1586.128616,168.2416711,58.56400552,54.07518143,50.58634635,44.98445101,37.93926829,2.74930376,2.74930376,2.74930376,1.749123322,952.59851099,0,0,0,0,307.633564645,312.635963852,333.646039345,375.645836834,0,682500,682500,RESIDENTIAL,1,NA
53014049,21.60372161,-157.8998335,273.909729,65.6285565,21.77671904,17.29282506,13.81093836,8.218101677,1.181791435,10.9219639,9.592870441,8.560457254,7.560277441,863.80815393,0,0,0,106.052000051,206.491789384,217.497065973,238.528907762,300.836799181,625200,656700,1281900,RESIDENTIAL A,1,2100
53014050,21.60380387,-157.9000385,1155.626617,142.0413557,24.33335299,19.76297686,16.16052772,10.41391061,3.233310557,6.146047957,5.268141194,3.909528883,0,645.963435412,0,0,0,59.412733981,153.14411792,160.145663537,194.664835589,307.689053574,166500,617000,783500,RESIDENTIAL,1,NA
53014051,21.60388338,-157.9001208,2100.103958,234.643108,20.81433424,16.22472486,12.59613299,6.800530573,0,4.750565879,3.92919753,2.752672565,0.912310728,793.494750336,0,0,0,71.9041486757,187.310420635,192.314633753,212.800083283,250.7986792,385000,664700,1049700,RESIDENTIAL,1,2100
53014052,21.60396558,-157.9003253,2233.476776,235.7832822,25.60035138,20.8621037,17.01015684,10.92841262,3.423027881,6.630582579,6.630582579,6.318182244,4.020937702,828.967502437,0,0,0,78.8972458382,143.982580687,143.982580687,151.898745478,182.946785502,512300,703800,1216100,RESIDENTIAL,1,NA
53014054,21.60300557,-157.9007851,1751.919754,175.2093845,140.6548047,136.0656312,132.4373489,126.6542054,119.4287473,15.07419231,15.07419231,8.940400381,0,505.844937512,0,0,0,0,0,0,0.0286671117516,305.170470774,168200,566400,734600,RESIDENTIAL,1,NA
53014056,21.60378831,-157.9022491,2578.687912,233.1326738,171.5090199,166.6020336,162.5345148,156.2615993,148.5276912,111.0719067,111.0719067,103.8552841,59.95187536,984.954870623,0,0,0,0,0,0,0,0,134800,550200,685000,RESIDENTIAL,2,NA
53014058,21.60442895,-157.9010268,1991.240402,221.8072646,39.04887421,34.22663894,30.29850105,24.07919655,16.40640257,37.04452782,36.76365925,36.12028356,35.93608799,475.298108384,0,0,0,14.2571989688,0,0,0,0,366500,533100,899600,RESIDENTIAL,1,NA
53014059,21.60424776,-157.9011417,3037.242447,251.2027664,62.67460009,57.88919764,53.94042871,47.71655391,40.04193615,44.76378124,44.00637159,38.81936283,25.02276153,934.683618487,0,0,0,15.5116350701,0,0,0,0,409600,664100,1073700,RESIDENTIAL,1,NA
53015001,21.60567438,-157.9058706,2915.193176,215.9816769,163.7247599,159.7614965,156.5703903,151.2518647,144.6302163,117.7721527,86.55637319,0.910091128,0,4098.13125206,0,0,0,0,0,0,296.768012604,1095.38280284,441200,564700,1005900,RESIDENTIAL,1,NA
53015006,21.60395921,-157.9045146,4191.596237,371.2203799,254.1339736,250.6501708,248.5016318,244.5949998,239.2310591,39.07524701,21.85183859,18.98516852,0,4079.43198509,0,0,0,0,0,325.604039028,741.190993864,2092.76748001,406000,561800,967800,RESIDENTIAL,1,NA
53015028,21.60408292,-157.9062788,445.9901276,75.35004854,341.1500745,337.7281116,335.2983315,330.5289097,323.9591968,41.86792539,2.024819083,0.61023189,0,4066.74280801,0,0,0,0,76.3860776786,383.756978642,615.380758192,858.274903209,1107800,565200,1673000,RESIDENTIAL,1,NA
53016003,21.60649217,-157.904583,1582.459229,179.7092209,23.2836234,19.80062697,17.45924729,13.22004113,7.611087897,22.91229054,22.51062572,18.22639428,16.22593966,1545.71798937,0,0,0,0,0,0,4.28681969574,96.9843579078,348000,1003600,1351600,RESIDENTIAL,1,NA
53016010,21.60560605,-157.9027171,2805.015015,237.3979451,17.67938984,14.30416111,12.30260031,8.572682447,3.394558828,21.39550906,20.49732732,18.69069,16.92776322,469.33132155,0,0,0,0,0,0,0,0,471700,568000,1039700,RESIDENTIAL A,1,NA
53016012,21.605328,-157.9026413,1498.817749,164.4824502,47.39257717,43.91209937,41.76625795,37.84610443,32.47622719,50.25255979,49.36234993,48.01604439,46.23858204,558.293218305,0,0,0,0,0,0,0,0,269600,560100,829700,RESIDENTIAL,1,NA
53016013,21.60522918,-157.9024355,1108.887512,138.200838,48.20859101,44.57369208,42.22235575,38.03338888,32.37044292,50.14472633,49.25039654,47.90813651,46.2042354,580.681231444,0,0,0,0,0,0,0,0,150300,567100,717400,RESIDENTIAL,1,NA
53016014,21.60527626,-157.9021005,1718.439774,240.1297559,25.22733037,21.41808679,18.83267733,14.36597948,8.450536195,25.96963001,25.02241472,23.39257947,21.8931072,1001.91000238,0,0,0,0,0,0,0,0,102000,737700,839700,RESIDENTIAL,1,NA
53016015,21.60508486,-157.9020465,1352.381012,170.2897448,42.40984436,38.57274574,35.94974077,31.43677848,25.47357379,42.28773778,41.1832726,40.25497651,38.96933504,1059.75151252,0,0,0,0,0,0,0,0,209200,750100,959300,RESIDENTIAL,1,NA
53016016,21.60504454,-157.9017903,4464.55426,297.0463609,28.68796827,24.56139771,21.52299453,16.43868571,9.850791922,27.65268189,27.04953235,26.32558041,25.31373728,1057.76613142,0,0,0,0,0,0,0,0,564100,833200,1397300,RESIDENTIAL A,1,NA
53016017,21.60490074,-157.9017158,684.3125763,105.1085478,44.50663974,40.26474275,36.95698077,31.57985624,24.70843248,42.66217406,42.073794,41.26478207,41.06425205,1033.56558441,0,0,0,13.4847738102,0,0,0,0,373800,744400,1118200,RESIDENTIAL A,1,NA
53016018,21.60471849,-157.9017895,1339.827148,150.635261,63.72304865,59.42698207,55.9237907,50.30131684,43.17942365,61.74754025,61.23985778,60.43938614,60.0354898,874.706200585,0,0,0,0,0,0,0,0,13600,718400,732000,RESIDENTIAL,1,NA
53016021,0,0,2833.909454,325.4594297,71.19968024,67.51595589,65.09810804,60.83587374,55.12240893,72.90954433,72.06784544,70.35063944,68.77301191,833.555079547,0,0,0,0,0,0,0,0,303100,516300,819400,RESIDENTIAL,2,NA
53016022,21.60508695,-157.902505,780.5774994,126.8343721,64.42636097,60.80844683,58.47878661,54.32743642,48.72550567,66.42667771,65.54199772,64.27129532,62.84179695,862.345404351,0,0,0,0,0,0,0,0,263200,721000,984200,RESIDENTIAL,1,NA
53016034,21.60551499,-157.9025347,2795.901108,208.8198785,19.16714133,15.72263796,13.62702326,9.773454129,4.473911078,22.18080685,21.2456447,19.91786297,18.1108727,484.094614113,0,0,0,0,0,0,0,0,315400,569100,884500,RESIDENTIAL,1,NA
53016035,21.60542489,-157.9023536,2304.658173,218.4347078,19.33807541,15.74948143,13.46164952,9.366954936,3.826496276,21.4320228,20.54218345,19.66291239,17.94242251,433.935188666,0,0,0,0,0,0,0,0,504200,568000,1072200,RESIDENTIAL A,1,NA
54001018,21.6082226,-157.909746,1779.629852,168.960226,91.76247023,88.29891629,86.11852255,82.11384837,76.68366773,110.3599154,109.7295456,108.6056847,43.73640963,1540.35693603,0,0,0,0,0,0,0,0,448900,521800,970700,RESIDENTIAL,2,NA
54001019,21.6082246,-157.9094694,517.0725555,91.76647334,69.4250438,65.98932093,63.85733389,59.91282112,54.55358808,88.80199982,87.86761595,86.57702339,20.68280359,1710.36404633,0,0,0,0,0,0,0,0,189800,1004100,1193900,RESIDENTIAL A,1,NA
54001020,21.60875036,-157.9092925,1158.199783,141.5252814,27.59159602,24.29379997,22.23023437,18.60895253,14.11300499,40.99998616,40.4269791,38.63894575,37.23227588,750.281529826,0,0,0,0,0,0,0,0,227100,686500,913600,RESIDENTIAL,1,NA
54001023,21.6095225,-157.9098598,3406.790405,279.7535588,41.32319854,37.57760222,35.07647051,30.71249636,24.91225492,43.87183506,42.90482582,41.4548388,24.66048175,785.915019307,0,0,0,0,0,0,0,0,369100,714200,1083300,RESIDENTIAL A,1,NA
54001048,21.6089059,-157.9094392,1683.840302,196.3659609,41.13205888,38.36862309,36.57714692,32.85839211,27.17920918,43.15033459,42.03520127,41.19754933,39.79773576,456.458161823,0,0,0,0,0,0,0,0,97600,601900,699500,RESIDENTIAL,1,NA
54001053,21.60968597,-157.9099272,1857.787613,172.4116436,49.42864035,45.65929409,43.12835114,38.71670036,32.86591714,51.99673563,50.82700443,49.59431775,8.424780193,808.418872948,0,0,0,0,0,0,0,9.80867111134,194900,708100,903000,RESIDENTIAL,1,NA
54001065,21.60832271,-157.9103931,1951.410995,185.1134311,147.8094451,144.4033825,142.2343265,138.3119751,133.0436377,157.3245188,156.2394794,155.3790105,115.1822956,490.127051345,0,0,0,0,0,0,0,0,199800,493200,693000,RESIDENTIAL,1,NA
54001066,21.60815237,-157.9102723,1956.45079,196.0682058,141.5220443,138.0016307,135.7564415,131.6900111,126.2140486,156.4705811,155.8843892,154.1783532,91.31286378,576.219739397,0,0,0,0,0,0,0,0,128800,568400,697200,RESIDENTIAL,1,NA
54001067,21.60860076,-157.9094194,1754.643417,167.5541899,43.99218506,40.51357166,38.29453034,34.27407521,28.85691298,58.22457505,57.3337357,56.17599966,42.55552219,970.847519396,0,0,0,0,0,0,0,0,195300,532300,727600,RESIDENTIAL,2,NA
54001068,21.60799377,-157.9098345,1726.388962,174.3427379,111.9599469,108.5240074,106.3916758,102.4466947,97.0870106,130.1351379,129.1960299,127.9125537,44.79616237,1287.549855,0,0,0,0,0,0,0,0,406500,573100,979600,RESIDENTIAL,2,NA
54001069,21.60830965,-157.9100186,1434.312881,161.6735475,115.0364995,111.5424213,109.3134704,105.2750584,99.833705,128.7556534,128.0560849,126.2982291,74.6229742,1367.15826889,0,0,0,0,0,0,0,0,182400,856300,1038700,RESIDENTIAL,1,NA
54002037,21.61136808,-157.9115387,1854.717011,180.7902431,81.52698364,75.15846748,69.03624645,60.17367337,50.07660147,84.16080595,83.26753593,81.92433546,80.57904125,479.011432898,0,0,0,0,0,0,0,0,189200,608200,797400,RESIDENTIAL,1,NA
54002038,21.61153792,-157.9115594,2150.350204,226.270774,78.62394405,72.36281808,66.39926648,57.74853614,47.85082067,81.05238376,80.16239025,78.90783939,77.59104074,732.628837426,0,0,0,0,0,0,0,0,260800,603500,864300,RESIDENTIAL,1,NA
54003010,21.62281847,-157.9165116,1500.959808,159.1578729,6.246281537,2.544545289,0.121026993,0,0,49.83599284,39.9736181,36.4588229,9.707576844,707.463007211,66.5094364401,109.26848095,192.071643358,302.107076674,0,0,0,0.370136889275,418400,936900,1355300,RESIDENTIAL A,1,2050
54003017,21.62236493,-157.9159436,3390.604248,313.7575158,1.890631114,0,0,0,0,59.76650223,18.53113453,12.0928564,3.260121694,552.251978788,67.4768174667,109.465368426,188.820859669,297.961828131,0,0,0,1.11505776369,219200,988800,1208000,RESIDENTIAL,1,2030
54003055,21.62252156,-157.9160541,1993.405151,179.975049,5.63916269,2.362781123,0.486085233,0,0,77.98414904,36.74648526,30.30240309,6.827754387,591.172940109,64.5245774544,102.007465734,175.594570862,279.064936116,0,0,0,0,427100,1015900,1443000,RESIDENTIAL,1,2050
54009002,21.60659215,-157.9067011,401.2262878,80.12481267,70.56669907,66.96528662,64.62062419,60.43078939,54.81974689,23.29899007,23.29899007,23.29899007,0,4056.32616942,0,0,0,0,22.9578904321,22.9578904321,22.9578904321,622.00852868,387400,1769900,2157300,RESIDENTIAL,3,NA
54009019,21.60755629,-157.9085634,2247.136642,207.9723599,46.74517788,43.40102518,41.37429743,37.60123048,32.37582881,50.46358537,49.67430793,48.59709008,30.57820281,615.770481402,0,0,0,0,0,0,0,0,41700,653300,695000,RESIDENTIAL,1,NA
54009021,21.60729128,-157.9073362,1893.627396,203.3087233,8.312521081,4.884544977,2.764451767,0,0,11.73169531,10.84420854,9.096637312,6.874589161,688.62375418,84.1093059581,136.337586843,233.45326606,369.492870558,0,0,0,19.7856456577,453300,741800,1195100,RESIDENTIAL A,1,2075
54009022,21.60740978,-157.9075622,1893.0215,209.6499992,5.069672064,1.69922779,0,0,0,9.894580439,8.98272406,7.159062923,5.336148527,460.148156796,55.786632172,89.6579868135,153.622976474,244.261081677,0,0,0,7.97070795172,346400,726600,1073000,RESIDENTIAL,1,2050
54009024,21.60756633,-157.9078423,1654.569855,183.4630324,4.922000397,1.676719446,0,0,0,9.08947134,8.328230081,6.868254601,5.016375068,422.199279527,53.7064759173,84.828292845000007,144.59877093,229.632665689,0,0,0,4.18978855793,336000,647000,983000,RESIDENTIAL,1,2050
54009025,21.60763561,-157.9079884,1807.298004,192.5977255,5.222805762,2.008735676,0.202235781,0,0,10.64604214,9.864433283,8.23368467,6.468351596,431.746438768,59.6018765401,93.16213536,157.743812998,249.13022744,0,0,0,4.27210466801,475000,653400,1128400,RESIDENTIAL A,1,2050
54009026,21.60775288,-157.9081188,2046.955322,226.057765,1.054330797,0,0,0,0,6.571048347,5.761212503,4.078759659,2.172556244,384.787876703,58.6674479735,91.7078578145,155.124962778,244.654745494,0,0,0,0.0865894911353,270500,550500,821000,RESIDENTIAL,1,2024
54009027,21.60786079,-157.9082392,1532.244629,166.7786485,2.200535739,0,0,0,0,6.860704955,6.082701038,4.707321605,2.97072132,337.161005128,50.2157116274,85.1977778598,151.316699403,244.200902099,0,0,0,0,207800,555000,762800,RESIDENTIAL,1,2030
54009028,21.60797389,-157.9083843,1633.172058,187.1557371,1.062033675,0,0,0,0,4.463234285,3.760924506,2.931886362,0.984785228,315.081876346,47.247475496,86.768161928,161.240114865,267.328254886,0,0,0,0,215700,585600,801300,RESIDENTIAL,1,2024
54009029,21.60813506,-157.9085402,1016.379074,140.5504961,6.278205822,2.980590906,0.870942252,0,0,8.238204372,7.184302847,5.960019981,4.038059652,326.486762506,58.8790707463,105.911357981,191.028696828,306.156270556,0,0,0,12.2877369397,240500,543900,784400,RESIDENTIAL,1,2050
54009030,21.6083107,-157.908649,867.1698456,124.8237573,1.197214687,0,0,0,0,7.196555203,6.353523556,4.972223227,3.132790171,288.584291363,47.3217950997,96.5685282888,188.624060369,286.027493946,0,0,0,5.23742158386,219200,504000,723200,RESIDENTIAL,1,2024
54009031,21.60745098,-157.9084075,2080.175842,201.174382,47.95283336,44.75921549,42.93502285,39.43502292,34.48553343,52.86376513,52.24145571,50.83766082,47.0784204,621.574332168,0,0,0,0,0,0,0,0,369500,653300,1022800,RESIDENTIAL,1,NA
54009039,21.60606912,-157.9069715,1744.520401,176.1243723,129.1930079,125.6690413,123.4048508,119.3380358,113.8722248,5.111598579,5.111598579,5.111598579,0,576.490512806,0,0,0,0,0.175363335807,0.175363335807,0.41418716208,33.5781343549,156600,631300,787900,RESIDENTIAL,1,NA
54009040,21.60621138,-157.9069406,1660.206955,174.8557206,119.1242276,115.6039012,113.3423526,109.280892,103.823723,4.693609239,4.693609239,4.693609239,0,592.827753247,0,0,0,0,8.75387217629,8.75387217629,8.75387217629,106.177705861,100900,625800,726700,RESIDENTIAL,1,NA
54009041,21.60641178,-157.9068878,3221.426361,272.6782012,87.54480637,84.0281811,81.76995946,77.71666336,72.27604754,2.838745077,2.838745077,2.838745077,0,586.193422761,0,0,0,0,0.00605522881817,0.00605522881817,0.00605522881817,23.1339084037,169000,551300,720300,RESIDENTIAL,1,NA
54009047,21.60666339,-157.9057535,486.7685699,91.52299212,59.57889048,56.16488676,53.96494501,49.89467558,44.38889486,36.61990962,36.60963277,35.60946087,14.59511195,493.204555269,0,0,0,0,0,0,0,0,286700,608300,895000,RESIDENTIAL,1,NA
54009048,21.60677827,-157.9055661,1378.493958,152.0094947,41.02648806,37.23839654,34.2054901,29.2264533,23.04510034,15.22366905,14.54796496,12.76448707,0,500.430306024,0,0,0,0,0,0,0,47.167016946,27700,587800,615500,RESIDENTIAL,1,NA
54009049,21.6064598,-157.9059615,223.3422241,63.24258534,82.59542978,79.1512963,76.96516075,72.93703046,67.50543406,62.75110296,62.42832929,35.62645442,23.105895,479.707722191,0,0,0,0,0,0,0,0,216800,600200,817000,RESIDENTIAL,1,NA
54009050,21.60655037,-157.9057846,1980.205154,193.4448304,67.04871961,63.58375729,61.35237013,57.26926302,51.79676336,37.09502076,36.96657528,30.75666537,15.07140503,437.170978484,0,0,0,0,0,0,0,0,165200,591400,756600,RESIDENTIAL,1,NA
54009051,21.60629612,-157.9060593,2922.300507,236.018042,91.32092474,87.89092971,85.73821426,81.75780716,76.36653437,71.38831092,70.97073302,28.45017469,2.44585541,647.819626821,0,0,0,0,0,0,0,0,332700,607500,940200,RESIDENTIAL,1,NA
54009052,21.60723565,-157.9071473,1664.795136,179.3307867,8.619365623,5.254432306,3.140367713,0,0,13.31543613,12.17851955,10.3716983,8.409311065,735.471728429,86.8568738841,155.771244162,281.628327808,454.630853755,0,0,0,5.70712486596,447800,750700,1198500,RESIDENTIAL,1,2075
54010001,21.60711588,-157.9055302,2774.87944,233.9547365,3.647997767,0,0,0,0,8.705690588,7.213867344,5.990961248,3.990477543,575.412718181,0,21.897130363,158.367133038,388.066459242,0,0,0,0.0215898280424,193600,817500,1011100,RESIDENTIAL A,1,2030
54010002,21.60716599,-157.9056794,1238.047089,142.5685567,1.322263871,0,0,0,0,6.731429691,5.731242943,3.73074866,1.73028593,176.522988867,0,1.26498541051,48.501174234,107.931225135,0,0,0,0,174000,439600,613600,RESIDENTIAL,1,2024
54010004,21.60713531,-157.9057756,1226.11203,167.198,1.393932829,0,0,0,0,7.712122283,6.509226941,4.409845447,2.382172789,142.813678315,0,6.75615498332,44.9176094719,95.8105831661,0,0,0,0,47400,339700,387100,RESIDENTIAL,1,2024
54010006,21.60708925,-157.9058594,351.3162842,79.0154,10.45651228,6.990641229,4.765066047,0.68612015,0,16.63557057,15.09980632,13.63783676,11.61320241,343.21146612,0,2.38829100477,84.0313488195,215.787835637,0,0,0,0,183900,626400,810300,RESIDENTIAL,1,2075
54010009,21.6071266,-157.9061195,976.9179688,134.1295735,5.168342058,1.712428299,0,0,0,8.878660636,7.878412797,5.877879577,3.87747031,115.716727982,0,0,15.4697611266,64.8774419019,0,0,0,0,173600,369700,543300,RESIDENTIAL,1,2050
54010010,21.60712736,-157.9062147,1174.580276,138.8309203,5.076055156,1.572682509,0,0,0,8.446613985,7.446369457,5.445816119,3.50785696,139.40830956,0,0,17.481138133399998,75.1162008835,0,0,0,0,302600,414600,717200,RESIDENTIAL,1,2050
54010011,21.60714439,-157.906305,1467.005142,173.0377594,0.755006834,0,0,0,0,4.182743762,2.724628495,1.075147855,0,128.500942002,0,0,24.49224329,77.0254319932,0,0,0,0,170400,383100,553500,RESIDENTIAL,1,2024
54010012,21.60713663,-157.9063977,1229.050003,143.8342145,4.535560537,0.922175737,0,0,0,7.792463254,6.535801276,4.944751032,3.05342043,126.644723983,0,0,32.1327985459,85.0382570762,0,0,0,0,180200,382000,562200,RESIDENTIAL,1,2030
54010013,21.60712041,-157.9065149,804.0357208,121.3059064,9.415512226,5.796417976,3.429475423,0,0,13.1299155,12.24886342,10.26630364,8.551611288,257.394808111,0,3.65086873314,73.3434817382,168.55496658,0,0,0,0,303000,500500,803500,RESIDENTIAL,1,2075
54010014,21.60716179,-157.9066886,1435.99646,152.5363291,5.16370599,1.585846076,0,0,0,2.06084736,2.06084736,2.06084736,2.06084736,269.305002225,2.62080547392,21.7896189148,93.4383795186,191.455402063,8.67961805255,8.67961810029,8.67961816278,8.6796182005,274200,500500,774700,RESIDENTIAL,3,2050
54011001,21.61524419,-157.9130815,2179.663361,210.4546955,9.976042819,3.56711438,0,0,0,14.35694614,12.83844135,10.84613842,9.793155832,830.068277396,123.019468649,237.687415179,400.421418879,531.421828727,206.135186954,226.461665287,254.861030709,287.503802565,458200,825700,1283900,RESIDENTIAL A,1,2050
54011003,21.61589131,-157.9130105,2021.453613,196.9308779,5.815878037,0,0,0,0,8.325461664,7.584165631,6.381982016,5.410242212,1263.42232035,129.803914415,263.481698153,463.963911859,704.552683663,290.610386136,304.076218616,325.410043712,341.194475133,454400,882700,1337100,RESIDENTIAL A,1,2030
54011004,21.61693896,-157.9133401,2136.395401,185.1740237,47.02562007,41.19686256,35.80071537,27.97148303,19.06753396,0,0,0,0,1805.55976132,0,0,0,0,755.267019125,771.274883938,884.329973223,970.270192053,217000,593000,810000,RESIDENTIAL,2,NA
54011014,21.61779752,-157.9129065,932.786911,128.9830349,3.939050387,0,0,0,0,7.750727508,7.018262614,5.330368758,4.120911195,591.312600424,83.5593949707,153.701978973,243.659004388,245.583890763,283.407202931,295.035578294,313.462018659,330.202945719,173600,498300,671900,RESIDENTIAL,1,2030
54011016,21.61751929,-157.9130832,2156.809738,215.1857054,28.96950872,24.47637178,20.64020777,14.9030062,7.254484263,25.08359703,23.83039178,19.39496612,0,848.93008787,0,0,7.88055791985,69.9328454907,49.5841916368,67.4155474988,135.089267208,387.279668758,150500,698300,848800,RESIDENTIAL,1,NA
54011017,21.61745927,-157.913186,2998.298798,260.8444934,41.41913209,36.90502614,32.96821118,26.79181278,19.25750212,20.41528201,19.17480277,16.78312813,0,849.61147853,0,0,0,0,6.41364921588,15.6265283041,59.6581984361,356.343093798,498100,683400,1181500,RESIDENTIAL,1,NA
54011023,21.61540519,-157.9130752,1470.949997,156.7298515,10.88487342,4.245781493,0,0,0,15.63601275,14.68812246,13.74774198,11.86778265,788.72285608,109.950266015,215.396580102,365.131255788,524.273501623,173.406003027,186.879083921,212.290858288,239.252479081,173800,816100,989900,RESIDENTIAL,1,2050
54011024,21.61556538,-157.9131085,1363.437698,151.9950567,16.18496003,9.369323651,2.686263292,0,0,21.24455379,20.51676809,18.84647259,17.41155234,841.473103083,108.204720782,214.554728859,366.686273186,538.521598656,187.931196997,203.357667597,223.789533991,244.750161605,194300,821500,1015800,RESIDENTIAL,1,2075
54011025,21.61571056,-157.9129854,1948.127747,192.2037626,2.834639611,0,0,0,0,7.627734716,6.627490876,4.524836401,2.656457506,936.639603549,109.052688149,217.160999764,373.594568316,553.797120823,212.356246852,229.496970714,252.653874879,274.897991837,641100,791900,1433000,RESIDENTIAL A,1,2030
54011027,21.61755041,-157.9128577,1257.980286,151.0312144,5.810337141,1.278588738,0,0,0,9.051183838,8.103252172,6.844650434,5.205384493,551.424720475,62.9609253414,116.564773242,201.554870262,295.508487414,187.723316285,200.195706153,220.670869365,237.285198739,203600,476100,679700,RESIDENTIAL,1,2030
54011028,21.61735093,-157.9128303,1604.325485,177.4828168,15.04012585,10.88456041,7.398351704,1.980105295,0,7.361964242,6.314613231,3.843732768,1.044302288,479.462815255,53.3154601168,113.78733578,227.834833996,349.666244981,72.7779800998,78.9316513582,88.2752816712,104.488491336,347300,478800,826100,RESIDENTIAL,1,2100
54011029,21.61635194,-157.9132383,1636.607452,164.7216188,29.83929999,23.40608425,17.24540509,8.240404334,0,30.31147859,30.31141252,28.37154398,0,448.620796662,0,0,0,105.562103646,0,0,0,33.7055929781,160800,600800,761600,RESIDENTIAL,1,2100
54011030,21.61599554,-157.913159,1245.948181,142.9270851,23.49582071,16.47219928,9.542837153,0,0,24.60768462,24.57995653,23.58034195,9.346818517,431.2463722,0,0,74.2577296531,238.172875764,0,0,0,0,178400,600000,778400,RESIDENTIAL,1,2075
54011031,21.61622478,-157.9129808,2187.514832,194.798727,5.836590584,0,0,0,0,5.974317224,5.002841895,5.002841895,0.457110403,786.565417565,116.085490799,232.84036631,409.694211355,482.99984104,189.947497425,200.003318782,206.208049336,236.936923387,342600,663500,1006100,RESIDENTIAL A,1,2030
54011033,21.61638347,-157.913026,2377.358704,209.3737976,6.384692921,0,0,0,0,6.977551837,6.952267032,4.951803048,0,862.551179242,107.425397465,213.44811009,374.098619537,465.367814121,263.412425048,272.747035428,290.17649065,323.864870031,341400,730200,1071600,RESIDENTIAL A,1,2030
54011034,21.61656428,-157.9130362,2247.209488,212.3760147,5.9943157,0,0,0,0,9.289839628,8.289607301,7.28938439,6.289124154,1066.10238022,116.036459245,226.182370188,387.327806685,533.219688329,382.72123183,396.070054122,411.243304855,433.858455539,569300,792600,1361900,RESIDENTIAL,1,2030
54011035,21.61654067,-157.9133426,2293.136536,213.9955119,36.5728459,30.22013212,24.2035345,15.41324813,5.178569378,39.0203547,38.17104957,37.7067669,21.78962243,478.599389415,0,0,0,44.2128280711,0,0,0,0,502400,608900,1111300,RESIDENTIAL,1,NA
54011037,21.61605795,-157.9129834,1728.071167,184.6975085,5.254121824,0,0,0,0,6.277083258,6.277051207,5.281692813,5.27680252,763.966825263,127.292754918,252.582198873,358.518016537,400.339940088,291.387781094,294.32961705500003,303.333905121,312.272780306,182000,640000,822000,RESIDENTIAL,1,2030
54011039,21.61766988,-157.9129074,1115.186249,152.5665134,5.017800639,0,0,0,0,7.809140673,6.866923177,5.604590336,4.204301261,639.763399257,74.7237142549,137.866881889,230.951685001,306.834106837,273.119456287,287.519335163,307.818714181,332.331296433,184100,505700,689800,RESIDENTIAL,1,2030
54011040,21.61672907,-157.9129899,2565.542801,202.6148595,5.60865318,0,0,0,0,8.18867906,7.645854755,6.559628559,4.75116591,1260.49156253,118.295187767,229.4728513,391.479000232,578.121573237,382.458440576,397.4951833,424.579639261,457.234229463,408400,661000,1069400,RESIDENTIAL A,1,2030
54011042,21.61694612,-157.913103,3076.414291,296.2014868,23.38361854,18.09756344,13.33650086,6.331328348,0,0,0,0,0,3434.14559084,235.307089777,450.083655623,777.233912929,1166.53566311,1575.14808055,1766.18065556,1915.25122996,2030.95011532,539000,881900,1420900,RESIDENTIAL,1,2100
54012038,21.61980975,-157.9127031,3136.19104,247.4066722,0,0,0,0,0,0,0,0,0,944.457764806,126.918832643,251.115673958,427.939167377,629.687502396,138.421441707,148.426313413,160.746155411,177.412601507,431500,810000,1241500,RESIDENTIAL,1,2024
54012040,21.61945302,-157.9126844,3336.327591,319.3273956,8.444799063,2.261577067,0,0,0,8.452336997,8.021855423,7.389932167,6.706603781,931.453618004,115.407158606,222.889885828,377.798698274,557.084232913,169.536945412,175.410676347,186.416034392,194.349862181,730300,831500,1561800,RESIDENTIAL,1,2050
54012041,21.61929088,-157.9126149,2296.82074,233.0576863,6.529297989,0.836377216,0,0,0,10.79337644,9.793998888,8.784588668,7.784342685,838.7239939,115.913065461,222.809567775,404.542161515,598.953203442,76.5734152579,80.1352912234,91.4531981936,99.3542060114,279400,793500,1072900,RESIDENTIAL,1,2030
54012043,21.61911453,-157.9125829,1760.476532,169.7094161,1.592688354,0,0,0,0,5.977820817,5.36956364,3.994505664,3.159473277,723.035352734,141.472398205,248.398141379,370.096251105,429.581231432,113.195009664,141.467666063,188.064273412,233.318047661,326000,728400,1054400,RESIDENTIAL,1,2030
54012044,21.61897502,-157.9126359,1405.767868,159.879179,3.901252552,0,0,0,0,6.194749601,5.577076421,5.082735146,4.196030321,742.097653067,164.378399457,287.082482139,414.285870596,460.739528719,185.261289547,201.797124933,224.217589022,244.143000674,196600,685500,882100,RESIDENTIAL,1,2030
54012045,21.61880705,-157.9127638,2787.526794,239.0213733,3.548752441,0,0,0,0,6.685093481,6.256366967,5.966055996,4.993445156,592.364514273,110.99418266,214.666227824,375.260382306,532.764951173,0.899002217937,1.92531829136,4.15359725436,5.19791252501,196700,570200,766900,RESIDENTIAL,1,2030
54015010,21.61270271,-157.9126829,1543.897812,175.6408167,101.8650519,97.63152703,94.48930382,89.34089609,82.74076619,104.8423015,103.6626229,75.33953842,64.54657212,368.06454424,0,0,0,0,0,0,0,0,113000,517900,630900,RESIDENTIAL,1,NA
54015011,21.61284723,-157.9126539,2070.084595,212.5444456,83.61635829,79.36165073,76.19123208,71.01258167,64.38093007,86.22127138,85.51307716,54.60430537,43.7174807,328.056627117,0,0,0,0,0,0,0,0,157600,485600,643200,RESIDENTIAL,1,NA
54015012,21.6128994,-157.9125774,1291.485672,168.5657167,76.41494598,72.16453346,68.99990635,63.82756406,57.20259491,79.01571589,78.27327283,50.42837965,38.30461297,477.117306373,0,0,0,0,0,0,0,0,377200,610200,987400,RESIDENTIAL,1,NA
54015013,21.61306674,-157.912592,792.0375214,118.2125652,62.82294405,58.55831975,55.37478515,50.1821744,43.53609291,65.69142729,64.86705972,36.07117771,23.19945838,347.712424989,0,0,0,0,0,0,0,0,160800,541500,702300,RESIDENTIAL,1,NA
54015014,21.61299336,-157.912784,1204.704559,206.3549753,75.32941364,71.07638815,67.90179507,62.7245105,56.0975112,78.65486333,77.70135513,41.60717966,32.2391943,348.541889182,0,0,0,0,0,0,0,0,572200,570000,1142200,RESIDENTIAL,1,NA
54015015,21.61320007,-157.9126782,1176.302368,162.2240006,56.34291414,52.08138455,48.89045031,43.70165684,37.06021978,59.65033915,58.71753159,20.49896402,11.73041475,243.722415031,0,0,0,0,0,0,0,0,4700,369800,374500,RESIDENTIAL,1,NA
54015016,21.61327164,-157.9127373,907.1645355,127.0214179,58.33313078,54.05849489,50.8412722,45.62397353,38.94372598,62.47720254,61.25288094,16.67731557,14.48827604,240.999974787,0,0,0,0,0,0,0,0,0,369800,369800,RESIDENTIAL,1,NA
54015017,21.61310112,-157.9129,2449.090332,268.5948118,79.06800536,74.79669889,71.59017622,66.38515593,59.71665296,82.96518164,81.97530974,37.5064945,34.89802509,481.174050233,0,0,0,0,0,0,0,0,68000,570000,638000,RESIDENTIAL,1,NA
54015042,21.61327664,-157.9132394,1932.589752,202.8036661,98.54505707,94.05840644,90.52276762,84.86244512,77.74822337,102.2209197,99.66318012,59.68642183,57.77412245,551.236683858,0,0,0,0,0,0,0,0,512800,628700,1141500,RESIDENTIAL,1,NA
54015044,21.61345568,-157.9131937,1463.968445,184.0431517,79.5807295,75.14971025,71.6203926,66.04719731,59.04635131,83.78515499,80.77708272,42.83173654,41.44006455,736.410298185,0,0,0,0,0,0,0,0,42300,675100,717400,RESIDENTIAL,1,NA
54015045,21.61373059,-157.9130747,2800.884506,219.7679181,47.21715162,42.92630214,39.46749715,34.01365673,27.16869471,50.8456198,48.16161708,13.98416704,12.67031503,539.591820053,0,0,0,0,0,0,0,0,606000,636600,1242600,RESIDENTIAL A,1,NA
54015046,21.6136566,-157.9132908,1556.069199,162.9412207,70.50700461,66.28618246,62.86312788,57.46781924,50.69572703,74.8594481,59.94708607,38.82892211,37.93539528,715.973346622,0,0,0,0,0,0,0,0,128700,679900,808600,RESIDENTIAL,1,NA
54015047,21.61364193,-157.9135126,1908.250259,225.6523059,90.77733592,86.46883498,83.02944542,77.66899351,70.94149386,95.33994987,75.78678025,60.37936319,58.96901367,553.965632927,0,0,0,0,0,0,0,0,58200,629700,687900,RESIDENTIAL,1,NA
54017001,21.61407209,-157.913236,1806.925034,203.1149834,42.59813404,38.01866681,34.32489629,28.55366462,21.39696179,47.63073172,17.90872858,13.37516888,12.25677661,1188.64166427,0,0,0,0,0,0,0,3.18734432338,170700,835700,1006400,RESIDENTIAL A,1,NA
55001007,21.62589948,-157.9211652,5207.291046,515.2804022,42.41498712,149.3055363,190.7885699,188.8927144,177.2819658,56.45964839,55.11755125,6.141162536,5.325706287,10613.6818439,0,0,0,0,183.308410987,282.767177677,444.44371706,1092.89824616,2422700,4582200,7004900,RESIDENTIAL,1,NA
55001055,21.62636895,-157.9213546,2457.538422,227.5556353,30.31738349,141.7881506,189.4957734,189.1721416,181.0473103,48.60188576,47.50604817,5.68993737,5.428612754,4121.37595611,0,0,0,0,0,0,197.097558941,351.920278699,1071100,2318000,3389100,RESIDENTIAL A,1,NA
55001056,21.62670033,-157.9216082,8520.477753,859.6387118,36.26282287,87.43021823,132.0841023,131.7633639,123.7162749,57.76994171,57.13485537,35.82283756,34.50085188,1710.9358174,0,0,0,0,0,0,0,0,888500,1742400,2630900,RESIDENTIAL A,3,NA
55002002,21.63484571,-157.9188927,1657.497559,196.0785027,8.050210051,0,0,0,0,20.38713285,19.38682554,17.57586837,16.36468863,2011.47432873,275.968501921,577.433545728,994.955018076,1451.46876781,0,0,0,0,161900,1121300,1283200,RESIDENTIAL A,1,2030
55002006,21.6407019,-157.9186505,1894.281006,184.9341135,12.77218857,7.601870294,3.036053085,0,0,18.6948056,17.53939102,16.27454085,14.34425,553.905567648,78.1176392974,147.221310401,248.920017086,366.989315512,0,0,0.448266084546,21.4430218516,386100,1181800,1567900,RESIDENTIAL,1,2075
55002007,21.64083416,-157.918672,1769.486969,179.9677827,13.53056573,8.313094081,3.698541647,0,0,19.09977967,18.13064141,16.45537306,14.00685819,793.854442672,77.5600645346,146.432549503,247.884328272,366.435876968,22.4069368766,35.9340375947,60.29390149,90.5685541121,384400,1359800,1744200,RESIDENTIAL,1,2075
55002008,21.6410569,-157.9188529,2380.424774,211.0009318,19.60600845,15.25734704,11.40988558,5.766452293,0,27.62504534,26.66067868,24.90979402,23.43234734,828.445562194,73.9787740439,140.520414949,239.575474956,357.864123097,21.664917446,36.6248054211,63.5211040232,85.6960173289,462500,1360600,1823100,RESIDENTIAL A,1,2100
55002019,21.63434771,-157.919341,960.5666199,124.0508208,42.64749663,34.76426973,26.04420221,14.00263767,0.90716741,10.94257454,10.94257454,10.94257454,10.45293471,5418.51098442,403.683889906,789.81713519,1293.80431688,1703.09017817,523.903223715,566.957247955,623.525328683,700.576684987,1021700,2144800,3166500,RESIDENTIAL,1,2100
55002020,21.64349157,-157.9192382,3373.074249,352.8487536,10.04970471,6.013051966,2.923621618,0,0,17.63225485,16.69466838,15.40393289,13.45627896,5288.7108708,225.739100838,398.897072731,679.26169265,1027.97291189,0,0,2.01395345945,86.2721152844,341500,2263600,2605100,RESIDENTIAL A,1,2075
55002023,21.64034464,-157.9187237,1362.150085,169.9358238,30.59006634,25.5393033,21.09413677,14.46941286,6.747751178,37.71780333,36.35536079,34.93901033,33.09093355,408.72564024,0,0,0,0,0,0,0,0,276000,742900,1018900,RESIDENTIAL A,2,NA
55002024,21.64007254,-157.9186382,2608.553375,210.7339234,24.14350306,19.22753838,14.85965263,8.303912938,0.640612499,32.72641975,31.58427565,29.84854016,27.74684493,1907.19229113,163.426236969,306.458395467,517.227401207,757.468311638,40.2856848,81.1944146069,132.693807825,192.793145523,1107900,1639500,2747400,RESIDENTIAL A,2,2100
55002025,21.63973455,-157.9184051,1682.084991,176.953391,4.143531359,0,0,0,0,12.60266594,11.60241415,9.609776004,8.601672793,2024.08550175,155.858107122,295.641116348,504.973223538,748.187888765,40.5735384971,72.7382195323,121.044947449,173.263478416,461800,726600,1188400,RESIDENTIAL A,2,2030
55002027,21.63921261,-157.9185252,1965.596649,194.5569067,20.06414071,14.99420856,10.49937168,3.77341387,0,21.80007577,21.39505067,20.40285965,19.53769008,2199.78621273,152.227427059,287.632271811,490.207564,726.424115358,9.66564789799,33.5087279099,63.2994068004,81.3090847016,806900,1796900,2603800,RESIDENTIAL,1,2100
55002028,21.6390123,-157.9185121,2164.34024,186.9773846,13.80920563,8.493433486,3.674477545,0,0,15.40661396,14.41083933,13.2877595,11.94512532,2434.98751119,162.809251707,310.583652796,529.132669759,781.704067654,2.72570061411,23.8053844857,55.4939648461,73.7847928545,913300,1833200,2746500,RESIDENTIAL,1,2075
55002029,21.63869211,-157.9186187,2188.154419,222.0051759,16.24538938,10.83032767,5.791440924,0,0,17.64393483,16.8179622,16.01195689,14.61114015,2586.18170207,166.06918953,320.294554828,546.590353068,806.227775809,21.4681746384,49.787012641,89.4083175929,115.836621663,738500,1894500,2633000,RESIDENTIAL A,1,2075
55002030,21.63844846,-157.9186869,1748.800049,177.2965096,10.46098605,5.784816857,1.175620218,0,0,13.73484522,13.73484522,13.40529423,12.6472784,745.701049229,0,0,0,0,0,0,0,0,82000,780100,862100,RESIDENTIAL,1,2050
55002031,21.63816417,-157.919247,4316.264648,412.8347628,42.97312595,35.52386387,27.8563768,17.26114347,5.677466116,46.28938269,45.16964333,43.97863432,43.00024983,752.786979338,0,0,0,0,0,0,0,0,266400,797100,1063500,RESIDENTIAL A,1,NA
55002032,21.63795211,-157.9190292,2236.458282,196.9940763,20.1294272,12.64367097,4.795544816,0,0,22.61737746,21.99126792,20.92064883,20.18218638,2993.11548759,231.625722758,472.305476797,805.768586797,1172.02020181,523.317383621,550.851482661,583.387443783,604.917494375,1232600,1806400,3039000,RESIDENTIAL,1,2075
55002033,21.63767155,-157.9190268,1483.036896,152.4264612,11.03614584,2.938617178,0,0,0,14.13443773,12.9512112,11.96767279,11.75067204,1760.19601155,218.934737554,448.350700645,761.902353448,888.061114736,561.30731774,581.878827978,606.383277308,620.036194634,529900,1262800,1792700,RESIDENTIAL A,1,2050
55002036,21.63693347,-157.9197016,1730.417114,181.1341802,56.16750454,43.91551937,29.72774642,11.50189881,0,56.98856096,56.8135195,55.90208177,55.64871401,479.289122405,0,0,0,206.436275445,0,0,0,0,225300,750000,975300,RESIDENTIAL,1,2100
55002037,21.63666651,-157.9194486,245.7169189,63.72810707,34.23909339,22.09272667,7.743240222,0,0,35.72237614,35.69494812,35.09006856,34.09627082,3519.78559681,386.912698288,836.838891382,1430.52193599,2052.90944397,1155.42971627,1173.4385526,1188.47715197,1206.48598924,2025500,1859600,3885100,RESIDENTIAL,1,2075
55002038,21.63635248,-157.9197085,1917.952271,187.7765645,60.68303579,48.20826043,33.83544585,14.6412314,0,62.01688454,61.34123697,60.881713070000004,60.34666904,3704.81112334,382.668767485,828.262033961,1425.76943573,2064.25019473,973.888260954,991.282822499,1008.56728655,1025.57563167,1225700,1893000,3118700,RESIDENTIAL A,1,2100
55002041,21.64244634,-157.9190507,1334.41333,160.1947676,9.68878745,5.517405728,2.290413579,0,0,19.62790427,18.64632204,17.15815131,14.7434688,2356.93163091,124.484256838,219.721144268,371.705930772,561.093593935,0,0,4.04713230787,37.5807372848,559400,1741800,2301200,RESIDENTIAL,1,2075
55002042,21.64229782,-157.9191046,1422.650513,153.750033,17.68526262,13.29237835,9.800155316,4.379771061,0,28.05809946,26.73365657,25.31536797,23.58202775,991.354003663,66.1450594172,119.672116986,203.349154323,306.223706763,0,0,0,0,693400,1434600,2128000,RESIDENTIAL A,1,2100
55002046,21.64568644,-157.9188147,2984.177521,269.8099849,15.78159823,11.60396273,8.370378268,3.274017302,0,21.82472162,20.84878132,19.32976766,17.52257685,3848.62046337,130.806313638,232.324061125,391.604158303,584.101304049,0,0,10.0976046937,73.083784034,1054500,2256800,3311300,RESIDENTIAL A,1,2100
55002047,21.64616705,-157.9193603,1107.80072,201.0952898,88.22650491,84.4393663,81.68283509,77.18514186,71.60902559,94.9462189,93.98496746,92.23008781,1.017866714,3733.1342118,113.941545695,196.247349793,330.152908582,496.231756013,0,0,0,482.901725944,1139500,2208000,3347500,RESIDENTIAL,1,NA
55002050,21.64674621,-157.9185972,3610.734558,296.6505883,38.00906903,34.88294934,32.87702325,29.38140369,24.85866479,44.88853166,43.987692439999996,42.65254777,40.11150811,3481.89243767,98.0910728595,161.495744624,271.985131377,415.50697008,0,0,0,0,0,1919600,1919600,RESIDENTIAL A,1,NA
55002054,21.6409511,-157.918761,1903.365723,174.6214889,21.1212972,15.89020276,11.25924287,4.463622749,0,26.03883793,25.15729421,23.59212325,22.08290907,812.201265985,80.8676465452,152.470668086,257.305610525,379.368759203,22.1008094292,34.0684503829,58.9897227174,77.9462978861,449700,1358700,1808400,RESIDENTIAL,1,2100
55002061,21.64412966,-157.919299,1916.958649,171.4424614,22.8816301,18.82831544,15.62827086,10.52732865,4.287261267,30.21281957,29.29329806,27.09774588,25.14529091,2619.18414241,91.5453134323,164.62173701,284.80947296,437.621044277,0,0,27.587333208,74.7566350059,433000,1807100,2240100,RESIDENTIAL A,1,NA
55002064,21.64187304,-157.919132,1315.329102,147.436827,27.90028552,23.07128868,18.98330558,12.84605466,5.512167468,38.24611634,37.28662143,35.08561602,32.84485182,1008.47273674,74.5940979824,137.815926546,233.153191376,347.574430582,15.0210920768,31.9755992134,62.8002964658,92.8220305391,374600,1428400,1803000,RESIDENTIAL A,1,NA
55002065,21.64037088,-157.9185124,2764.939575,262.6626971,8.020409687,2.971890563,0,0,0,15.24459569,13.82042635,12.21514752,10.24766575,1097.79260067,179.514569793,332.196799504,550.032976286,789.076596925,0,0,0,0.0380564299211,394200,1261200,1655400,RESIDENTIAL A,2,2050
55002069,21.64269157,-157.9192035,1841.042389,180.6393006,17.97756697,14.0555906,11.14217934,6.453523612,0.613434206,27.83636442,26.64354069,24.68780921,22.7397857,1526.63075926,120.425837104,209.336829533,352.935646896,531.876183443,0,0,0,4.1785123538,0,971300,971300,RESIDENTIAL,2,2100
55002076,21.63717055,-157.919498,2254.219177,236.2001802,48.52861669,38.41700398,27.30774175,13.25261947,0,45.77416322,45.77416322,45.02821207,44.36250396,488.278262451,0,0,0,119.618523459,0,0,0,0,468900,750800,1219700,RESIDENTIAL A,1,2100
55002077,21.63700855,-157.9193075,2276.439331,224.6188091,18.32058266,8.457530282,0,0,0,15.10652694,15.10652694,14.30350799,13.71352574,633.122686141,130.575020291,278.388456756,475.11651135,560.606339215,54.0639533534,57.4911297349,66.8196714237,73.8515665373,493500,1212800,1706300,RESIDENTIAL,1,2050
55002078,21.6360604,-157.9196367,2388.33194,216.8037278,60.44101057,49.43945815,36.94306405,20.13814231,2.507885026,62.4498364,61.57504858,60.70426772,60.21493233,544.151773389,0,0,0,11.6162203662,0,0,0,0,604800,763100,1367900,RESIDENTIAL,1,NA
55002079,21.63604369,-157.919452,1917.874023,205.9395,44.08290514,32.89858695,20.20051071,3.691397185,0,44.16010682,43.94547448,43.33147012,42.7293647,467.77142012,0,0,30.4688592871,382.587054884,0,0,0,0,113700,750700,864400,RESIDENTIAL,1,2100
55002080,21.63604824,-157.9193078,735.5762939,110.2106492,33.75060221,22.55057541,9.833248636,0,0,34.03975021,33.69318986,33.00449907,32.4782733,1147.43682164,182.368465785,391.773217885,641.399005642,647.69474504,470.948949104,475.855326349,485.860234845,495.056168343,293300,1287000,1580300,RESIDENTIAL A,2,2075
55002081,21.63588184,-157.9190673,1963.801758,191.1555069,9.981435682,0,0,0,0,9.889905232,9.391472925,9.061643812,8.514774763,992.572642083,174.272582196,372.935618659,509.27447389,509.274473847,453.953562164,460.560665466,471.361218177,475.1716657,380700,1186100,1566800,RESIDENTIAL A,1,2030
55002082,21.6395767,-157.9184723,2753.723419,234.1092471,5.934039928,0.981952585,0,0,0,15.20939302,13.97533322,12.2086495,10.8125896,629.660024981,76.3030661994,144.693252117,247.418088266,366.595663243,0,0,0,0.20960954679,563400,1160400,1723800,RESIDENTIAL A,2,2030
55002084,21.63811089,-157.9190494,1740.014465,167.2851641,27.65002915,20.23829202,12.62297859,2.097612817,0,31.50517744,29.8999483,28.64875441,27.69138328,538.60907074,0,0,6.82883817036,265.923065493,0,0,0,0,182100,697700,879800,RESIDENTIAL,1,2100
55002085,21.63816472,-157.9188507,3358.076141,314.1851832,8.452682406,2.119428326,0,0,0,12.17917691,11.25312446,9.954150542,9.021404388,1093.00758202,217.862612264,439.663951223,742.334720791,824.836070013,12.3090692975,25.5581728966,63.7047573073,102.003174585,603800,1265400,1869200,RESIDENTIAL,1,2050
55002086,21.63712529,-157.9193347,714.5311279,107.0983822,34.99639448,25.20691032,13.90773548,0,0,32.31028926,32.31028926,31.5936445,30.896109,980.51399512,180.696473626,381.111370233,650.094302811,834.754822119,82.6384396016,87.6408936036,96.7481175657,109.726039728,523900,1372500,1896400,RESIDENTIAL,1,2075
55002088,21.63405617,-157.9194045,4420.179016,388.2178279,8.085245226,0.717774257,0,0,0,15.17410166,13.78482495,12.40111684,11.02539255,3503.12582967,355.925381006,734.157356381,1249.51431319,1776.61046773,75.8186765673,91.0242872508,149.401585191,229.51302795,939300,1824200,2763500,RESIDENTIAL A,1,2030
55002089,21.6345128,-157.9189361,2431.749359,219.2872775,15.33871621,8.157819299,0.541777288,0,0,22.8808876,21.59211061,19.72277087,18.35900431,2138.48490375,276.086480864,550.548316815,903.879006774,1247.97516352,0,1.43224196889,32.8144984392,77.8758791909,494300,1141900,1636200,RESIDENTIAL A,1,2050
55002090,21.64057169,-157.918592,1494.737274,176.4897091,13.09363035,7.960537854,3.434548428,0,0,19.03396093,18.06526644,16.45233209,14.47401703,942.273237475,77.1106681223,145.434018555,246.812713441,365.114840051,0,0.310688391565,8.40164105801,28.5305787207,823900,1433700,2257600,RESIDENTIAL A,1,2075
55002091,21.63694333,-157.9195022,150.5477295,49.84813968,42.5043123,30.94707821,18.6615896,4.12795675,0,42.75022155,42.23435794,41.51575931,40.82637843,556.535630841,0,0,299.572363616,535.841108955,0,0,0,0,335400,825000,1160400,RESIDENTIAL,1,2100
55002092,21.63689552,-157.9192671,1877.676453,174.7483085,11.40306203,0.945267048,0,0,0,11.49990942,11.19797871,10.31911303,10.03731541,879.221523154,178.661109038,414.465561779,608.35304446,683.487827407,187.496360469,195.2637743,207.943161771,219.038858028,229500,1000400,1229900,RESIDENTIAL,1,2030
55002093,21.6367433,-157.9192732,1197.897766,142.4769462,12.45101272,0.213061773,0,0,0,13.63736963,13.58805357,12.63774978,12.62526008,721.712476002,191.826035517,383.914708489,455.723767207,531.16484579,135.798181662,137.609973371,141.304582523,148.217724131,241500,934700,1176200,RESIDENTIAL,1,2030
55002097,21.63508216,-157.9191006,2894.800446,217.5742154,18.74333124,9.609062132,0.044305814,0,0,25.03445538,25.03445538,24.82631662,24.82618072,2026.84405111,280.880419891,594.650743758,1022.000488,1482.15059616,0,0,0,0,912600,1510500,2423100,RESIDENTIAL,1,2050
55002099,21.64143718,-157.9189312,2593.861755,207.1757322,17.07939468,12.0775135,7.710469773,1.316235613,0,29.28141994,28.04850308,26.12079586,24.20472145,1402.01620918,137.010595136,257.290768032,434.005590626,641.98456186400006,0,0,0,4.95737868886,838500,1484900,2323400,RESIDENTIAL,1,2075
55003018,21.64863483,-157.9228319,2880.082672,221.0795902,18.97756253,121.7199343,141.1665615,137.8718475,129.8927816,52.91162754,52.6149413,52.33527913,51.60258352,494.341941162,0,0,0,0,0,0,0,0,360500,1057800,1418300,RESIDENTIAL A,1,NA
55003026,21.65052386,-157.9242606,2499.317139,231.47582,13.24778291,10.38445544,9.090088489,5.638096385,0.104590312,309.7713215,309.362376,309.1064587,308.2091993,1036.33521409,0,0.646173244169,104.935278189,279.761612107,0,0,0,0,687100,1529200,2216300,RESIDENTIAL,2,2100
55003028,21.65037055,-157.9241098,2649.933075,244.5048006,13.32476193,10.41951786,9.06973485,5.550801936,0,291.8174771,291.522967,291.239119,290.3296112,1165.66555548,15.7022251187,46.0574839355,125.502337191,251.921735093,0,0,0,0,1091000,1479400,2570400,RESIDENTIAL A,1,2100
55003041,21.65098847,-157.9251568,1846.272888,189.4049749,12.72689497,10.31378014,9.557419232,6.76891682,1.94023157,345.2098095,337.6689394,324.6116761,290.6724081,1082.41770244,0,0,0,78.6643409898,0,0,0,0,758500,1466600,2225100,RESIDENTIAL A,1,NA
55003043,21.65025125,-157.9239841,2240.365448,200.7571746,17.02803403,14.13550635,12.79108923,9.277918173,3.695090317,275.7731077,275.4916239,275.2171736,274.3571399,1212.60947728,14.4284810328,41.9816967485,118.07396021,241.419957024,0,0,0,0,445200,1508800,1954000,RESIDENTIAL,1,NA
55003044,21.650105,-157.9238013,3345.274689,259.0480767,19.01150322,16.26381927,15.08248114,11.7597352,6.376785414,261.8147186,261.5052443,261.2031133,260.47909,1285.99025051,33.7804477026,52.759068709,117.120851501,227.672427552,0,0,0,0,794700,1526700,2321400,RESIDENTIAL,1,NA
55003045,21.64994159,-157.9236874,2191.558685,212.6350261,22.41913145,20.63265931,20.459727,18.36695273,14.2289126,224.5129759,224.2245645,223.9447674,223.1247393,1282.95434033,19.464755446,23.3958088374,56.2480930487,140.573783048,0,0,0,0,424200,1523800,1948000,RESIDENTIAL,2,NA
55003046,21.64976024,-157.9236262,1860.632751,188.7778648,25.87978443,24.77204223,25.46648646,24.37975129,21.21022608,207.9054571,207.6124809,207.3287924,206.5336216,1156.86441955,0,0,0,1.94069203076,0,0,0,0,384300,1486400,1870700,RESIDENTIAL A,2,NA
55003047,21.64962983,-157.9234323,949.6810303,135.1838575,21.34693262,21.72010661,29.61881375,27.49667202,23.44764593,180.9785216,180.6724476,180.3769974,179.6508272,1012.76535463,0,0,0,0,0,0,0,0,417700,1449800,1867500,RESIDENTIAL A,1,NA
55003048,21.64947851,-157.9234009,1139.244141,145.4246659,22.24342217,28.13735921,42.00624424,39.33543443,33.2894164,168.2981428,168.0067408,167.7266702,166.8843722,865.978428447,0,0,0,0,0,0,0,0,368600,1413300,1781900,RESIDENTIAL,1,NA
55003052,21.64879305,-157.9229615,3265.465302,246.3356211,20.25513015,99.56625233,118.8316716,115.5646732,107.6552318,75.013665,74.7394857,74.42786411,73.51221718,525.89271071,0,0,0,0,0,0,0,0,443100,1119600,1562700,RESIDENTIAL A,1,NA
55003201,21.6482929,-157.9226341,3463.860413,350.7624113,16.69065304,162.7053949,182.322412,178.9990012,170.9535666,10.76014009,10.48932918,9.905940272,9.024637689,877.903282775,0,0,0,0,0,0,0,0,520200,1345100,1865300,RESIDENTIAL,1,NA
55003202,21.64844751,-157.9227286,5450.447968,337.9134433,15.94318808,142.1690271,161.667822,158.364945,150.3658124,29.90647791,29.46157479,29.22422838,28.33328882,972.906227825,0,0,0,0,0,0,0,0,768300,1241600,2009900,RESIDENTIAL,2,NA
55010012,21.64872036,-157.9168183,1999.250427,194.9174334,178.7545683,178.7617532,178.7617532,178.7617532,178.7617532,54.76609575,53.81148287,39.5783139,37.69860553,2000.55126108,0,0,0,0,0,0,0,0,157000,667500,824500,RESIDENTIAL,3,NA
55010013,21.64867974,-157.9164931,4995.395172,348.8747939,207.1678407,207.1759042,207.1759042,207.1759042,207.1759042,17.46363183,16.84923548,10.72814439,10.63782352,1968.09632113,0,0,0,0,0,0,0.542215264612,2.07676736545,1283200,1257400,2540600,RESIDENTIAL A,1,NA
55010019,21.64879476,-157.9154246,1634.042053,177.5946114,279.6906044,279.69955,279.69955,279.69955,279.69955,30.81436532,28.02739558,27.10857795,10.05203752,1137.06120188,0,0,0,0,0,0,0,0.0121654701598,604000,1079500,1683500,RESIDENTIAL,1,NA
55010024,21.64870994,-157.9150466,3178.44397,246.4467695,315.6238094,315.6329887,315.6329887,315.6329887,315.6329887,15.14838015,15.14838015,14.0925774,13.87239317,983.779885317,0,0,0,0,2.83771380812,2.86939735013,7.79195623466,11.1978214878,601200,1077100,1678300,RESIDENTIAL A,1,NA
55010028,21.64768283,-157.9171438,4319.225861,280.8301954,58.03728889,58.04672881,58.04672881,58.04672881,58.04672881,12.33997952,11.95105285,11.6168429,11.36111073,1417.43474284,0,0,0,0,4.78871391076,4.78871391076,6.26111662034,8.26209792322,1472600,881900,2354500,RESIDENTIAL,2,NA
55010031,21.64772282,-157.9163092,2837.423492,252.0147609,145.7930683,145.8024918,145.8024918,145.8024918,145.8024918,3.944747481,3.944747481,3.596627129,3.00700594,703.778405063,0,0,0,0,14.414556418,15.4556073083,19.3653559902,24.350956006,658300,848300,1506600,RESIDENTIAL A,1,NA
55010033,21.64794445,-157.9156547,2724.763184,211.5834644,228.1854772,228.19492,228.19492,228.19492,228.19492,13.38885357,12.8852308,12.7442062,12.67705809,820.302449604,0,0,0,0,0,0,0,0,874600,923200,1797800,RESIDENTIAL A,2,NA
55010038,21.64871698,-157.9170791,5587.529297,333.8733435,162.1914104,162.1969155,162.1969155,162.1969155,162.1969155,53.232216,53.232216,50.96106928,12.33707,1534.82735016,0,0,0,0,0,0,0,0.128856652071,1049600,803500,1853100,RESIDENTIAL A,2,NA
55011001,21.64652742,-157.919831,1000.718384,127.3233187,147.4438841,143.9874675,141.6282657,137.6500284,132.6083177,154.7327797,153.6161376,151.940317,4.280289802,1541.15124954,0,0,0,0,0,0,0,245.120374428,162800,927700,1090500,RESIDENTIAL A,1,NA
55011002,21.64678523,-157.9196769,898.1042786,121.3506986,143.3069335,140.0411718,137.918773,134.2461015,129.5091346,151.1101112,149.8999975,148.6174986,11.13743119,1104.42120696,0,0,0,0,0,0,0,0,226700,855000,1081700,RESIDENTIAL,1,NA
55011005,21.64651536,-157.9200085,1300.413818,157.6977094,166.3725151,162.8396136,160.3763353,156.2656995,151.0900764,173.7060238,172.4609347,170.8624537,21.54296392,2228.30524587,0,0,0,0,0,0,0,0,55100,676900,732000,RESIDENTIAL,4,NA
55011006,21.64682905,-157.9202055,4843.89389,321.4836962,189.5704447,186.2710132,184.1046153,180.3761665,175.5819767,197.4251398,196.5025579,194.8111232,40.54902778,2176.0386605,0,0,0,0,0,0,0,0,462700,757400,1220100,RESIDENTIAL,2,NA
55011007,21.64697485,-157.9204596,2350.079376,234.3082378,220.9440025,217.642161,215.4721009,211.7382272,206.9376266,185.671025,184.7475189,183.5089633,71.70416259,3105.57910763,0,0,0,0,0,0,0,0,490200,1301100,1791300,RESIDENTIAL,2,NA
55011018,21.64745601,-157.9188363,2113.776367,207.1762255,93.95589524,90.58369075,88.27197336,84.35849723,79.38097424,100.751117,99.80665709,98.53360628,15.45602591,1044.11680031,0,0,0,0,0,0,0,0,867500,687700,1555200,RESIDENTIAL,1,NA
55011028,21.64872748,-157.9185282,3504.557861,272.1949415,180.6193707,178.7437688,177.4914851,175.3941156,172.8221942,77.89391775,44.44834834,26.28534137,25.55229275,1379.86953156,0,0,0,0,0,0,0,0,899400,982500,1881900,RESIDENTIAL A,1,NA
55011038,21.6482175,-157.921505,2820.320038,304.8668532,68.78108251,235.6848334,254.6404054,251.4087697,243.631517,34.23604935,33.13544458,21.54576364,21.54574683,1210.45517851,0,0,0,0,0,0,0,0,1335300,1072900,2408200,RESIDENTIAL,1,NA
55011055,21.64858883,-157.9199775,4006.41864,319.5839855,230.2527209,267.9562529,265.9195786,262.4645694,258.0904208,58.33860344,57.33840616,56.3382095,33.05147997,1016.78110678,0,0,0,0,0,0,0,0,753300,936500,1689800,RESIDENTIAL A,1,NA
55011062,21.64878646,-157.919185,3408.938995,276.3606534,207.1730794,204.6916485,203.0158503,200.1697192,196.6032348,126.1978983,8.502608401,7.76563738,7.093515843,1082.23463102,0,0,0,0,0,3.61999264289,5.34850431499,10.1948096624,1090600,942900,2033500,RESIDENTIAL A,1,NA
55011064,21.64874097,-157.9194214,1818.220642,180.9400276,234.1186661,231.3253006,229.4310979,226.1979107,222.1152559,115.757761,37.39689715,36.46074007,14.98054124,1073.76692046,0,0,0,0,0,0,0,0,738200,936000,1674200,RESIDENTIAL A,1,NA
55011067,21.64808075,-157.92233,1714.748657,188.961625,26.76247292,199.2777479,218.9197603,215.5914124,207.5362467,4.501447452,3.367109103,1.504717396,0.959277954,853.255208587,0,0,0,0,48.0200019695,65.2296402342,130.894340538,144.80441034,167900,656700,824600,RESIDENTIAL,1,NA
55011068,21.6479681,-157.9224802,1785.150482,193.3632971,45.04865185,204.0247389,223.5158086,220.2150868,212.2196189,3.217839408,3.217839408,2.544616983,1.872894362,750.950987916,0,0,0,0,66.7014337828,78.5362064025,92.0141680078,110.252912229,170800,772300,943100,RESIDENTIAL,1,NA
55011070,21.6483105,-157.9224365,1160.293274,144.6483024,14.19596712,173.7563966,193.4009863,190.0720389,182.0158681,3.789035489,3.5574593,2.876593964,2.472902018,979.523016357,0,0,0,0,16.0448734278,33.4529647935,237.895201963,351.534780521,391800,1331500,1723300,RESIDENTIAL A,1,NA
55011073,21.64877987,-157.9188674,3542.192627,258.6552295,184.2259444,182.0853441,180.6487156,178.2272851,175.2285797,93.43377604,10.75334171,9.070018792,9.070018792,1081.07778037,0,0,0,0,0,0,0.67152233726,0.704156556341,968500,944400,1912900,RESIDENTIAL,1,NA
55011081,21.64861691,-157.9197084,4121.310333,328.4141703,241.2733132,238.3543806,236.3668986,232.9694779,228.6579544,96.59704908,57.57886605,56.63710718,9.391912084,1420.27791118,0,0,0,0,0,0,0,0.0503760185053,994500,1046900,2041400,RESIDENTIAL A,1,NA
56001011,21.66205093,-157.9315296,229.9424438,63.30905518,17.89990492,14.79116614,12.81328246,9.508834982,5.451008045,27.26812128,26.27725153,24.67900893,22.73648985,3833.66654644,97.5439127955,157.375707838,258.597495166,384.176982323,74.2307587584,111.061801699,162.314033437,222.007840854,756300,2621200,3377500,RESIDENTIAL,1,NA
56001026,21.66180589,-157.9310911,3422.692383,246.646309,19.43476067,16.10044483,13.70930042,9.860579244,5.267089803,26.55639779,25.61529575,24.27112079,22.72245234,4677.07472447,100.22740754,171.955845044,287.537554616,425.597899109,294.440147747,324.705608268,365.773169091,413.338653931,843700,1946900,2790600,RESIDENTIAL A,2,NA
56001028,21.66214222,-157.9319475,3948.206146,270.8266893,14.90423288,12.26307103,11.05869181,8.791620019,5.752996754,23.52350015,22.63383732,20.97374955,19.27177417,3812.80587847,85.5555378964,127.316282656,204.02260847,305.059182731,192.320014789,227.214999911,276.161163468,332.062642923,1286800,1920100,3206900,RESIDENTIAL A,2,NA
56001029,21.66223988,-157.9322239,4151.996887,273.2948076,14.33518476,11.75018259,10.63193259,8.507088685,5.608115005,23.82645449,22.93427778,21.58987394,19.81641659,4091.74049795,85.9850724088,123.527280562,194.733262911,291.742055348,205.625309713,240.844080213,292.509783545,348.662218519,1877200,2614900,4492100,RESIDENTIAL A,1,NA
56003025,21.70246894,-157.9691824,802.1747742,120.4770921,585.5452371,582.2755037,580.093747,576.7503413,572.6681862,22.57435459,22.57401965,21.60297505,0,34505.5468531,0,0,0,0,0,0,0,8845.25060449,51700,187500,239200,RESIDENTIAL,1,NA
57003037,21.6955639,-158.0116117,2269.328949,191.2017169,15.66188922,11.85497334,9.39541899,4.008843922,0,24.75414891,21.78953938,19.57882376,17.68906887,592.130095372,56.5656431324,92.1172129694,171.04400796,289.74498278,0,0,0,17.0221141529,870800,1850300,2721100,RESIDENTIAL A,3,2100
57003039,21.69562592,-158.0119744,4158.963989,292.2115953,7.087086365,3.226048207,0.58304364,0,0,11.34872826,10.65234704,9.223290608,7.244306343,929.503157964,101.800988624,171.194657793,319.85966226,544.883120101,62.4518036714,85.7273403301,114.535328734,163.742769734,1658900,2143100,3802000,RESIDENTIAL,1,2050
57003040,21.69565856,-158.0121937,1938.914581,193.3517102,8.048214237,4.027714689,1.217393451,0,0,13.42687839,12.44629971,10.7488139,9.311419772,599.100747681,65.3049719415,113.567384973,221.028797988,397.340352621,71.8196469017,82.0257330155,100.72184984,126.79216035,917400,1830700,2748100,RESIDENTIAL A,1,2050
57003041,21.69570685,-158.0125241,1142.315674,144.3609072,10.56739419,6.131458695,2.826772059,0,0,19.01593256,18.04829396,16.44411747,14.58383896,1116.71290128,133.621163831,227.878236528,408.216375916,609.803844397,267.088884801,293.895872981,338.759193091,394.662843107,1401900,2460600,3862500,RESIDENTIAL,1,2075
57003042,21.69577644,-158.012697,1670.442047,187.4923892,8.886573698,4.151016013,0.457169244,0,0,17.72852843,16.85248223,15.04444866,12.38805195,920.622768866,103.959821767,185.796352831,345.592886265,544.155188611,173.977327284,194.734450317,225.253736436,269.270099067,926500,2283500,3210000,RESIDENTIAL A,1,2050
57003043,21.69586108,-158.012889,2683.391022,211.6158216,10.77411255,5.950076355,2.1165621040000002,0,0,18.95711927,17.65660901,16.30650199,13.68940933,1052.65613875,103.004957064,187.636246014,348.176909194,580.242453542,161.002201485,179.961231641,210.869793966,256.620644311,1163000,2501000,3664000,RESIDENTIAL A,1,2075
57003044,21.69592926,-158.0131044,4847.175995,305.2226768,12.44667955,7.583861268,3.625312009,0,0,19.82359754,18.80055259,17.38254182,14.32898269,1335.81460455,88.7835972051,166.213552822,317.870708615,549.043908059,113.7602326,128.959368535,153.18228048,198.08116279,1591000,2586900,4177900,RESIDENTIAL,1,2075
57003045,21.69613342,-158.0132159,1749.525909,182.5180671,8.991672372,3.852487493,0,0,0,14.40199564,12.79004347,11.25977346,8.907732111,2327.3127069,116.739128543,216.783227301,406.589914343,684.961541546,189.053235328,211.983435784,253.949808775,309.55486331,971200,2860900,3832100,RESIDENTIAL A,1,2050
57003050,21.69753467,-158.0131863,2420.323395,205.4759398,61.76522736,58.03725479,55.49106813,50.31059984,43.03915113,9.364232221,9.364232221,8.638235119,7.854557699,1158.12398553,0,0,0,0,181.595079733,195.406182902,214.65482087,230.897725995,1177900,2319000,3496900,RESIDENTIAL A,1,NA
57003052,21.697376,-158.013848,1437.661377,160.4026028,54.94959359,50.21534825,46.53462859,39.62595723,30.03269446,10.19469988,8.817443967,6.459840908,0,2716.35918701,0,0,0,0,117.577273273,178.932874901,247.953150742,396.984785446,208200,1722200,1930400,RESIDENTIAL A,1,NA
57003054,21.69776737,-158.0133526,3474.960022,266.8879286,34.32294573,30.27236201,27.49773362,21.78643745,13.58222554,17.78099451,17.41234872,16.14016679,11.83352582,1029.0242378,0,0,0,0,68.2862359592,89.0776392155,107.941797404,137.319357458,1513700,2533200,4046900,RESIDENTIAL A,1,NA
57003055,21.69799552,-158.0132474,3151.065521,325.2304429,13.07019043,10.09768484,7.296191673,1.653984385,0,12.51758414,11.83994373,11.33560767,11.20948478,2007.00484472,17.0271439021,27.2475983711,44.4345766391,60.1126631672,521.659858699,567.215540075,616.09231665,673.426026091,1293300,3302600,4595900,RESIDENTIAL A,1,2100
57003056,21.69790153,-158.0136978,1901.076172,207.9815336,15.38129952,11.15080499,5.801684627,0,0,25.09984107,24.3875396,22.51738181,20.46323229,2506.98810924,217.639580407,416.516466603,703.146493033,1071.06708021,191.214119924,267.168047153,426.486142103,556.412305123,1206700,2598800,3805500,RESIDENTIAL A,1,2075
57003057,21.69770855,-158.0139817,975.4686279,135.2176517,19.84807482,15.09606222,11.39716426,4.464946471,0,28.01053836,27.16627384,25.6560441,23.88464798,1779.2896862,160.489211099,287.038773784,521.063913841,843.448203663,148.989031148,180.384834758,228.799983617,276.351201483,551300,2659500,3210800,RESIDENTIAL A,1,2100
57003058,21.6976144,-158.0142583,1792.898865,192.2603484,7.25197701,2.451745185,0,0,0,18.19611046,16.89370919,15.252258,13.35741308,1876.28523305,157.888885305,281.014216439,511.595916309,831.174210872,37.5181640205,68.9830279941,119.177634476,172.610378528,1240000,2333800,3573800,RESIDENTIAL,1,2050
57003059,21.69724274,-158.0143671,1089.121552,164.9403713,30.22781038,25.0540874,20.7456408,13.07367006,2.791823321,41.42987651,40.01541951,38.52765652,36.31399685,1921.21012726,152.460865954,276.17404416,501.283689521,807.166175006,0.5688371855,24.5379914147,70.9688102277,131.195556097,1249300,2659700,3909000,RESIDENTIAL A,1,NA
57003062,21.69689362,-158.0150412,1915.508301,185.9562597,13.85101349,8.769650884,4.608450878,0,0,27.19876117,26.24603872,24.99300679,23.51942572,2052.22638336,94.3910385585,248.16476606,511.396212192,840.990258886,0,0,0,0,1957600,1565200,3522800,RESIDENTIAL,1,2075
57005001,21.69662198,-158.0153169,2147.745514,189.5536412,11.95759404,6.795716188,2.451882851,0,0,59.89200041,59.17817008,58.48118942,57.56943825,1980.87287676,34.0168390487,165.662067737,400.487246876,714.81284174,0,0,0,0,1033200,2413100,3446300,RESIDENTIAL,1,2075
57005002,21.69637985,-158.0154051,2042.068756,214.3575389,14.052863,9.171553785,5.04198128,0,0,91.52375587,90.65053008,89.78482829,88.63116993,3102.8549031,90.8684042083,220.033401198,451.992379306,760.982140375,0,0,0,0,1000,1105000,1106000,RESIDENTIAL A,2,2075
57005003,21.69611041,-158.0155251,2797.044739,236.9581238,24.11635367,19.38709926,15.35310063,8.042606583,0,98.45253558,95.0682872,86.66158047,75.06178783,3760.02903406,48.575291465,174.621996229,403.318057785,709.240686981,0,0,0,0,2018000,2590200,4608200,RESIDENTIAL A,1,2100
57005008,21.69493376,-158.0165624,2084.257843,264.3209525,151.3427276,151.1676872,151.137039,151.137084,151.1370608,16.6261037,14.97851113,13.25719309,12.29001383,1354.43502081,0,0,0,0,0,0,0,4.23557904394,644900,1309600,1954500,RESIDENTIAL A,2,NA
57005009,21.6947792,-158.0167953,2090.132874,201.6897734,167.4953783,167.488849,167.488849,167.488849,167.488849,14.99193072,13.60662407,12.1957812,11.37096239,1274.68113845,0,0,0,0,0,0.0010906016903,9.39083516267,29.2451836398,550100,1140800,1690900,RESIDENTIAL A,2,NA
57005010,21.69461369,-158.0170347,2027.069244,197.6710654,197.4476764,197.4410206,197.4410206,197.4410206,197.4410206,30.25868983,10.49003024,10.05471095,9.587259607,1245.22867536,0,0,0,0,0,31.8473561464,63.3040930266,87.7862576529,1149800,1414200,2564000,RESIDENTIAL,1,NA
57005012,21.69409698,-158.0178858,1350.097351,153.6944232,214.1552132,214.1619998,214.1619998,214.1619998,214.1619998,76.92088736,54.15608653,16.78776133,9.914225118,3741.60200613,0,0,0,0,0,0,2.18844753084,24.2932374544,342800,375000,717800,RESIDENTIAL,1,NA
58001021,21.68737969,-158.0283389,362.0028076,82.93206225,14.61467677,9.648545094,5.579605948,0,0,25.72200949,24.84948512,23.47645752,21.66630684,1861.29905232,212.670218774,485.304541396,979.756489841,1648.93860932,0,0,0,0,0,1573500,1573500,RESIDENTIAL,1,2075
58001034,21.69040458,-158.0227499,1226.448853,182.4998398,19.44894544,12.97524074,6.787232946,0,0,28.36847363,26.97846206,24.81929174,21.98326328,1243.24595114,0,0,79.3693554506,422.873900699,0,0,0,0,49200,657900,707100,RESIDENTIAL,1,2075
58003068,21.68062131,-158.0369515,2027.39566,183.4736167,28.13641302,23.43662725,19.66815885,12.78350761,2.970464363,53.29807106,52.28297814,50.28244333,48.28104882,2924.66491012,149.785337268,270.606141184,474.934649702,730.617268737,359.655124385,380.63038184,412.154429086,452.46149495,762400,2741300,3503700,RESIDENTIAL A,1,NA
58003069,0,0,4718.832123,398.7153127,14.75466078,11.33275341,9.378329567,4.749058351,0,35.57138439,34.57111229,32.6449787,29.74277916,2623.68562281,107.570090085,177.42513561,317.763493086,515.953970059,284.083960068,314.10512983900003,365.595269556,432.39031379,2850000,2855400,5705400,RESIDENTIAL A,1,2100
58003070,21.68070719,-158.036218,2406.604736,226.184341,29.72944205,26.98716496,25.92602263,22.3067454,16.04410308,46.00009067,45.33291169,43.88722402,41.90201494,4902.72610706,168.301019499,242.777260212,461.143487771,822.676560823,144.505716764,185.031322464,271.581779534,423.623634157,1380200,2100300,3480500,RESIDENTIAL A,4,NA
58003072,21.68077974,-158.0358956,3568.830322,249.573997,28.8159932,26.04210428,24.81350625,20.98262157,14.59215254,42.22733006,41.99407031,39.99581984,38.99320127,2401.80270893,81.1627588702,115.359281365,227.329496732,418.03151401,0,0.339256864029,8.72995936657,46.7057491379,571900,1210900,1782800,RESIDENTIAL,2,NA
58003095,21.68066958,-158.0339547,6605.594452,448.7282055,39.90223482,38.45291396,38.88097403,37.05239634,32.58695513,61.00900131,59.30174346,57.42118159,14.2004578,3268.50759949,18.9437906541,18.631378958,46.3913556251,113.9080299,0,0,0,79.9765187567,1878700,2732800,4611500,RESIDENTIAL,1,NA
58006034,21.68313854,-158.0313724,7989.075134,545.1288744,27.47717044,23.16224953,20.03969268,13.76416441,4.662821755,42.87174808,42.05562178,40.79880671,38.67565623,2079.36856717,51.8605343496,123.36373019,262.569022735,467.125805507,0,0,0,0,1903900,3009100,4913000,RESIDENTIAL A,1,NA
58006039,21.68200837,-158.0322279,3753.412231,265.1421508,21.41321567,18.28842539,16.47669333,12.03846512,5.166998802,36.76030108,35.77375609,34.25112407,32.19226868,1680.55559474,76.0011668521,126.868583293,254.559792513,457.207527265,0,0,0,0,1915500,2614200,4529700,RESIDENTIAL,1,NA
58006041,0,0,2392.190704,282.2961278,24.88057849,21.12605713,18.52058209,13.03708636,5.104067753,46.33048801,44.96802488,42.60876662,39.57270685,1216.26195397,67.7900774604,138.106557518,285.977549011,503.021130239,0,0,0,0,1665400,2682200,4347600,RESIDENTIAL A,1,NA
58006043,21.68126015,-158.033075,4959.881195,364.331244,22.98053947,20.28738974,18.79887093,14.07784215,6.844172823,38.62783047,37.61696356,34.7056456,31.96009136,1390.97392925,1.9843372065,30.8180455042,157.833721688,367.722179874,0,0,0,0,1407500,3002300,4409800,RESIDENTIAL A,1,NA
58006044,0,0,479.353302,92.13727109,40.04275037,37.65167475,36.75530842,33.29669799,27.32816854,55.66068458,54.27405191,52.61608335,49.28250749,1457.73411565,1.31857143933,7.13095521715,64.0972435716,211.873994606,0,0,0,0,1481600,2995300,4476900,RESIDENTIAL,2,NA
59001010,21.67657849,-158.0387444,5691.103302,384.7903745,15.74339619,12.13549515,9.411583258,3.730363618,0,38.22865273,36.33612736,32.71846226,28.70957404,937.66421575,0,0,0,53.8592392686,0,0,0,0,2842700,3298300,6141000,RESIDENTIAL A,1,2100
59001012,21.67727501,-158.03862,3634.854767,277.845319,15.16562735,10.92658287,7.613803498,1.222828625,0,38.61353203,37.61786585,36.61294972,34.61241355,754.916429238,0,0,0.0734484572107,185.616831735,0,0,0,0,653800,3180000,3833800,RESIDENTIAL,1,2075
59001015,21.67807973,-158.0384878,3459.000305,265.186014,33.72299465,29.2027096,25.15623512,17.99057495,8.51004188,54.54928717,54.54928717,51.71544113,48.37730632,1583.0165801,0,0,0,0,0,0,0,0,1368000,2988900,4356900,RESIDENTIAL A,3,NA
59001026,21.67932778,-158.0384504,4116.591248,282.9399284,15.56590333,10.59862234,6.242831661,0,0,28.51689702,27.55129125,21.05691893,17.39156806,1575.86532281,0,0,25.179566854,334.19352308,0,0,0,0,1365700,2936100,4301800,RESIDENTIAL A,2,2075
59001027,21.67900223,-158.0386382,1102.411896,146.727686,20.10547264,14.06396062,8.409861509,0,0,30.28974736,29.15677218,28.10214386,26.11527689,2366.37236208,0,0.418157645748,224.812379414,600.002093572,0,0,0,0,1494300,3854800,5349100,RESIDENTIAL,1,2075
59001028,21.67623593,-158.0388555,7173.465271,400.030309,15.40590479,13.16675823,12.09362553,8.512981948,2.694930319,34.62343266,32.66579715,29.72941381,26.58681921,1945.35467112,0,0,0,0.404189029886,0,0,0,0,3123300,4744400,7867700,RESIDENTIAL A,1,NA
59001029,21.67577201,-158.0390612,1536.026581,154.2420459,18.46796331,17.05704854,17.04850261,14.85770172,10.35717235,36.81664495,35.91279289,34.45952927,31.98799855,621.669200533,0,0,0,0,0,0,0,0,596000,3104600,3700600,RESIDENTIAL A,1,NA
59001031,21.67552273,-158.0391755,970.5602112,124.6203273,32.44547706,30.56013051,29.64745062,26.27640719,20.5023341,49.35533597,48.87991288,47.5210338,45.89278561,524.341252996,0,0,0,0,0,0,0,0,991400,3051700,4043100,RESIDENTIAL A,1,NA
59001032,21.67549517,-158.0393342,667.9815674,115.9609442,13.99580483,11.65622472,10.4264097,6.67328888,0.519424719,31.26698845,30.67986846,29.26891071,27.40401678,495.213200137,0,0,0,0,0,0,0,0,313200,3025200,3338400,RESIDENTIAL,1,2100
59001033,21.67500499,-158.0395895,3917.817383,277.5525835,12.43121124,8.611935741,5.69242566,0.069392933,0,47.10203362,46.13878639,45.09229386,42.47777586,709.512407809,0,0,7.01344049316,198.707808346,0,0,0,0,1054500,3165300,4219800,RESIDENTIAL A,1,2075
59001057,21.6768699,-158.0387602,2364.905518,207.026554,17.15328781,13.24680159,10.17879897,4.008363038,0,38.02359174,35.9249301,31.84955727,27.8635379,474.647334121,0,0,0,107.869250581,0,0,0,0,1147600,2875400,4023000,RESIDENTIAL A,1,2100
59001067,21.67589385,-158.0389794,1586.101685,166.2059118,19.48319889,18.28308292,18.57937385,16.78473675,12.71530005,38.27164075,37.49826276,35.62618204,31.43600977,719.118105585,0,0,0,0,0,0,0,0,1207800,3154400,4362200,RESIDENTIAL,1,NA
59001068,21.67602557,-158.0389102,2124.310303,211.6317842,18.72310495,17.61079751,18.05461316,16.42247776,12.51059081,39.05806846,37.31949712,34.8200644,29.09442305,813.526669494,0,0,0,0,0,0,0,0,675200,3225200,3900400,RESIDENTIAL A,1,NA
59001071,21.6776534,-158.038688,2076.380554,184.0553599,13.53882707,9.075645136,5.299464825,0,0,34.71467191,34.61133307,32.95758796,29.47729254,1049.58367653,0,0,2.16966012526,337.458737983,0,0,0,0,365700,3287000,3652700,RESIDENTIAL A,1,2075
59001087,21.67978476,-158.0381894,2740.7229,245.115877,10.26338904,5.677327598,1.826765755,0,0,28.28274411,27.58425229,26.17009795,24.75319836,480.970522191,0,0,52.9845921243,227.757269952,0,0,0,0,1149400,2873100,4022500,RESIDENTIAL A,1,2075
59001088,21.67992637,-158.0380263,1848.64447,207.0872406,17.38291203,12.49573583,8.425303862,1.095301033,0,33.09264243,32.52466784,31.32603504,29.91715331,489.546497857,0,0,25.9811972209,242.138642375,0,0,0,0,840300,2868500,3708800,RESIDENTIAL A,1,2075
59001089,21.68007365,-158.0378978,2897.234161,239.7485838,15.42189625,10.30036714,6.025272377,0,0,30.08032689,29.54926398,28.42087863,27.02856018,500.647423,0,0,0,174.756436869,0,0,0,0,595000,3025100,3620100,RESIDENTIAL,1,2075
59001098,21.67946112,-158.0382762,4030.933136,385.3569777,16.7347152,12.14154343,8.271605172,1.185093677,0,36.5456257,35.28256671,34.03137629,24.54845312,839.734062084,0,0,1.4602834738,128.061435502,0,0,0,0,1266400,3033700,4300100,RESIDENTIAL A,1,2075
59001099,21.67957731,-158.0381418,1513.686279,232.7033701,24.65845916,20.18529203,16.41029926,9.498880794,0.23675168,43.74252677,43.08937952,41.97802786,38.4943704,1074.94923156,0,0,30.0436962136,176.94478572,0,0,0,0,1401200,3238700,4639900,RESIDENTIAL,1,2100
59001103,21.67537035,-158.0392658,1952.410217,198.3647206,22.08112769,19.5320331,18.04176531,13.93391842,7.380397768,39.80881271,39.15110356,37.73822962,36.1862307,868.266419232,0,0,0,55.6847087151,0,0,0,0,1499700,3271200,4770900,RESIDENTIAL A,1,NA
59001110,21.67916315,-158.0386605,1555.290283,165.555208,10.85005203,4.916377192,0,0,0,20.17905,19.26598529,17.94597429,13.12518508,2616.25445063,0,0,97.5678027728,461.870566185,0,0,0,0,540900,936200,1477100,RESIDENTIAL,4,2050
59002001,21.6723354,-158.0424002,1129.866028,140.100914,29.97349207,20.8485491,10.28848784,0,0,41.43034615,40.67735482,38.55871769,37.14413489,473.731467166,0,0,299.290336629,473.73146718,0,0,0,0,294300,1106300,1400600,RESIDENTIAL,1,2075
59002002,21.67243584,-158.0425426,1626.979004,176.6705294,12.92110858,3.203152611,0,0,0,22.36891548,21.37461622,19.27145623,17.82963746,497.197826276,138.61246004,315.509338855,416.322667224,416.322667199,0,0,0.0976742264255,15.1034265244,377300,1210900,1588200,RESIDENTIAL A,1,2050
59002003,21.67236295,-158.0426884,1619.465179,175.0982,10.40601566,0.314268059,0,0,0,18.7737885,17.90403558,16.53908105,14.59337329,467.36049474,151.998470214,324.181437994,363.964065833,363.964065866,0,0,2.94099836992,28.5905945373,427300,1162200,1589500,RESIDENTIAL,1,2030
59002004,21.67229607,-158.0428288,1599.990631,183.3541131,7.776326791,0,0,0,0,16.97176144,16.00800779,14.74581117,13.08816491,567.596286645,171.128515123,367.543608295,446.608394563,446.608394563,0,0,0.42703535028,19.2156371649,354300,1844000,2198300,RESIDENTIAL A,1,2030
59002005,21.67221111,-158.0429802,1538.809479,160.7205263,8.191212952,0,0,0,0,19.45570657,18.74264367,17.1514889,15.37590852,656.282165712,157.224236323,338.761872325,550.773767249,550.773767207,0,0,0,0.216929990493,569500,1844700,2414200,RESIDENTIAL A,1,2030
59002008,21.67209043,-158.0428817,1219.037201,143.9459428,24.36572587,14.5589215,3.433741596,0,0,35.42137462,34.7862725,33.18505215,31.39075535,920.951995457,145.037509747,310.950434071,558.016777436,811.692361438,0,0,0,0,1350200,2512700,3862900,RESIDENTIAL,1,2075
59002011,21.67187194,-158.043054,2863.190521,269.557262,23.30526611,14.38360239,4.482033156,0,0,39.36615728,38.06825699,36.86048872,34.96718039,956.738157537,125.485055113,264.010413074,474.89541513,728.04421812,0,0,0,0,587200,2065900,2653100,RESIDENTIAL A,1,2075
59002012,21.67171887,-158.0432645,2030.218445,217.6726612,28.40597685,20.12943275,11.23127431,0,0,42.37429199,40.95000258,39.59354487,38.83297998,1037.32150523,127.489468944,265.073278633,474.37704816,724.824658597,0,0,0,1.24480380807,1369700,2130000,3499700,RESIDENTIAL A,1,2075
59002017,21.67180045,-158.0435756,1971.5867,193.337604,9.122441693,1.556505196,0,0,0,20.26586497,17.10895273,14.87401964,14.00764051,496.382230776,133.580135119,275.293482209,404.385694703,404.385694701,0,0,2.59492993308,11.2466731827,797400,2100000,2897400,RESIDENTIAL,1,2050
59002018,21.67174835,-158.0437412,2927.691376,245.4030399,5.747010018,0,0,0,0,13.86117466,12.1454018,8.036161324,5.537724796,583.145425997,117.173101117,243.961187177,467.806338847,568.904450068,0,0,0,1.6706363712,894800,2307100,3201900,RESIDENTIAL A,1,2030
59002019,21.67160518,-158.0434999,2271.493805,200.640471,31.13992523,23.49178781,15.44192697,3.375075069,0,42.990327,40.75926334,38.72178632,37.88904971,446.222723189,0,0,18.5677947666,340.581112391,0,0,0,0,287600,1100000,1387600,RESIDENTIAL,1,2100
59002020,21.67157974,-158.0433658,1007.024658,127.2603005,40.82479002,32.75905764,24.24576412,11.75375271,0,53.40631787,51.69409713,49.90849423,49.13130208,447.995618167,0,0,0,22.0970862777,0,0,0,0,226000,1100000,1326000,RESIDENTIAL A,1,2100
59002022,21.67140703,-158.0436506,2177.576141,215.6586798,48.98574531,41.23196424,33.07122893,20.69334728,5.981780842,57.24599332,55.11454483,51.42978779,48.3087313,334.37959272,0,0,0,4.82484383651,0,0,0,0,453800,1017500,1471300,RESIDENTIAL,2,NA
59002023,21.67155592,-158.0436859,905.3426514,132.825152,33.72329328,25.97759687,17.82494105,5.457866109,0,41.70547588,39.47130415,35.85334458,32.71546387,368.163607147,0,0,0.425687428463,283.166021283,0,0,0,0,247200,1017500,1264700,RESIDENTIAL,1,2100
59002025,21.67166893,-158.0438502,2857.413971,241.559652,11.81718224,3.880229398,0,0,0,19.40854961,17.7871003,13.36306235,10.07094525,382.072372728,66.0516320203,181.26252003,355.957643722,382.072372666,0,0,0,0,558000,2305800,2863800,RESIDENTIAL,1,2050
59002026,21.67150274,-158.044074,4228.191864,423.760299,4.712042372,0,0,0,0,17.05192055,15.7299085,13.49911331,10.77471204,596.544752013,62.4545201219,191.352821772,388.320503523,596.544751998,0,0,0,0,817900,2433900,3251800,RESIDENTIAL A,1,2030
59002030,21.67126048,-158.0438979,3068.271301,233.2152068,48.56327996,41.18643726,33.24884878,20.58887727,5.541128931,60.47977626,59.095918760000004,55.97519566,51.21084071,1133.27241807,0,0,0,0,0,0,0,0,191800,1522100,1713900,RESIDENTIAL,1,NA
59002031,21.67089625,-158.044011,2573.615448,219.1042626,69.42773555,62.36790653,54.9338374,43.20946364,28.90124487,87.04007355,85.93725251,84.27205867,81.76753996,464.506229974,0,0,0,0,0,0,0,0,294200,1100000,1394200,RESIDENTIAL A,1,NA
59002033,21.67110839,-158.0442236,1634.108063,175.0803377,38.2618108,31.42725392,24.38094328,12.71834568,0,56.97134239,55.94512804,54.22158156,51.85773788,464.454707804,0,0,0,113.344110868,0,0,0,0,296100,1100000,1396100,RESIDENTIAL,1,2100
59002035,21.67133631,-158.0444248,1929.717285,189.868883,2.263021762,0,0,0,0,21.38851249,20.76176019,18.89037572,16.76437202,454.000874001,81.5543391331,190.146318547,361.73846256,454.000874001,0,0,0,0,1258300,1982400,3240700,RESIDENTIAL A,1,2030
59002036,21.6711989,-158.0444897,1971.118591,205.9959699,7.183341581,0.524532762,0,0,0,31.02789168,29.92867926,27.25339361,24.88960634,453.459368789,85.5988382275,187.403659689,350.500489786,453.459368708,0,0,0,0,689100,1977400,2666500,RESIDENTIAL A,1,2030
59002038,21.670912,-158.0444433,996.881012,136.0465059,37.91967927,31.36654655,24.85178372,14.40200278,1.342160008,62.97925469,61.08365616,58.91282431,55.99980288,429.64848223,0,0,0,43.3460600621,0,0,0,0,920100,952900,1873000,RESIDENTIAL A,1,2100
59002040,21.67067272,-158.0442563,607.2139893,102.3197897,71.53166339,65.04767286,58.60866067,48.24614589,35.34919776,96.91380968,95.12121143,92.93554902,89.98036588,430.284993824,0,0,0,0,0,0,0,0,188400,899900,1088300,RESIDENTIAL A,1,NA
59002041,21.67043553,-158.0444954,714.3003845,107.0976397,73.36618963,67.02836725,60.69482685,50.5905969,38.12054243,102.8696492,101.8304931,99.60007905,96.5140149,429.675414122,0,0,0,0,0,0,0,0,473500,952900,1426400,RESIDENTIAL A,1,NA
59002042,21.67059562,-158.0445538,1911.313477,183.9153309,54.03747431,47.67908867,41.36660862,31.24917382,18.71996349,82.23522668,80.98506021,78.83944943,75.8330547,716.638137613,0,0,0,3.01222702558,0,0,0,0,438800,1069000,1507800,RESIDENTIAL,1,NA
59002045,21.67101496,-158.0446878,2414.714294,252.7160724,4.020078578,0,0,0,0,30.80508834,29.96133738,28.38810362,25.69677968,430.005235787,79.9392974004,171.375602429,318.018679217,430.005235711,0,0,0,0,218700,1540200,1758900,RESIDENTIAL,1,2030
59002046,21.67085273,-158.0447456,1361.832642,164.8491322,19.3982821,13.04838089,6.735561067,0,0,48.06063192,47.03829307,44.80508354,41.70914724,522.033426654,69.2264499517,166.900190951,322.633680266,514.306528201,0,0,0,0,695800,2652000,3347800,RESIDENTIAL,1,2075
59002048,21.67069205,-158.0451023,1626.788849,161.3754505,12.39908443,6.153380174,0,0,0,46.5416721,45.58390286,42.85670476,40.21920542,563.974338992,53.0660156528,163.047247248,338.260507486,548.883643958,0,0,0,0,0,1189100,1189100,RESIDENTIAL A,1,2050
59002050,21.67052395,-158.0448342,1583.660675,165.5167052,42.5476233,36.24541587,29.82045743,19.59603778,7.062262974,74.73664564,73.1940807,70.46597315,67.3624959,497.880974724,0,0,0,0,0,0,0,0,509100,1052500,1561600,RESIDENTIAL A,1,NA
59002051,21.67041561,-158.0447397,2126.303406,194.4269697,57.8071711,51.4876648,45.07214266,34.85158505,22.30426317,89.44637319,88.13711172,85.3675278,82.31016757,527.213686504,0,0,0,0,0,0,0,0,424000,1114900,1538900,RESIDENTIAL A,1,NA
59002052,21.67027054,-158.0447106,1291.645233,155.2320292,73.32947698,67.03476818,60.59359934,50.35301954,37.82218032,105.8861858,104.4294959,101.7225042,98.60343838,441.37530228,0,0,0,0,0,0,0,0,477100,1072500,1549600,RESIDENTIAL A,1,NA
59002056,21.67027357,-158.0451184,1703.804596,173.1148963,49.93731228,43.93374151,37.7192361,27.81879148,15.71359893,87.8762097,86.36083639,83.77733745,80.20171191,394.954182448,0,0,0,0,0,0,0,0,407900,864900,1272800,RESIDENTIAL,1,NA
59002057,21.67038465,-158.0452504,1921.750031,203.4492914,32.0632925,26.11978721,19.96739755,10.15514344,0,71.90639226,70.05714187,66.98300696,63.28513363,466.687575449,0,0,0,211.953760014,0,0,0,0,254300,990300,1244600,RESIDENTIAL,1,2100
59002058,21.67056974,-158.0453274,1370.640289,167.5205751,13.11068456,7.14464753,0.972106329,0,0,52.87287368,51.02876768,48.01232094,44.21499363,714.341494764,64.6053432371,248.981724398,544.802746801,697.251836833,0,0,0,0,763700,2152600,2916300,RESIDENTIAL,1,2050
59002066,21.67025971,-158.0458264,2773.923309,236.9548725,13.08664644,7.869582419,2.502454945,0,0,48.72830051,48.13985753,46.74895189,45.12488097,500.341756811,0,44.0354257555,177.457034561,342.704614846,0,0,0,0,949100,2275000,3224100,RESIDENTIAL,1,2075
59002067,0,0,2621.176544,250.1389976,14.88697467,9.781920171,4.546223245,0,0,49.74524038,49.0908409,47.7067991,46.14651442,656.541572853,0,10.0779812635,146.923330144,321.53534885,0,0,0,0,1649000,2209300,3858300,RESIDENTIAL,1,2075
59002075,21.6701977,-158.0449939,2523.103058,262.1878127,63.53113806,57.4005265,51.05761562,40.97947749,28.68244361,99.8788028,98.59936461,95.95880439,92.84886512,394.846361466,0,0,0,0,0,0,0,0,497500,1017500,1515000,RESIDENTIAL A,1,NA
59003002,21.6595275,-158.056783,2234.61673,212.1896235,21.57413752,14.19009764,6.540674283,0,0,57.13301483,56.42155656,55.00690386,53.59224566,1324.25210575,42.2712223363,278.063357224,639.909801846,1072.27047605,0,0,0,0,1025300,2651400,3676700,RESIDENTIAL A,2,2075
59003003,21.65909987,-158.0571665,1655.156738,170.1604535,25.84330236,18.40119718,10.49010426,0,0,63.6026928,62.08668935,59.4759822,56.54931739,518.227968845,0,21.9447442566,205.124691409,424.955882921,0,0,0,0,33000,3028400,3061400,RESIDENTIAL A,1,2075
59003004,21.65859705,-158.0576456,1850.718536,180.2445008,19.54183597,12.60054267,5.089438722,0,0,83.42903088,80.13173686,77.57689261,73.54347331,1250.80729434,0,0,440.67490184,1068.12875685,0,0,0,0,1228000,2850000,4078000,RESIDENTIAL A,2,2075
59003005,21.65707226,-158.0586987,3512.919464,300.8028311,23.85910337,14.05805684,2.375266013,0,0,265.7745656,261.3595634,258.1236667,252.8358652,501.697972153,0,0,236.433080323,501.697972205,0,0,0,0,1196300,3026300,4222600,RESIDENTIAL,1,2075
59003006,21.65683035,-158.0588578,2205.401459,203.4612311,28.4691449,17.88908648,5.168602722,0,0,297.7141073,293.2964508,290.0602256,284.7743193,1026.40435998,0,0.318120232426,469.623707849,1026.31081449,0,0,0,0,1061900,2587200,3649100,RESIDENTIAL,2,2075
59003007,21.65657271,-158.0589794,4106.787079,371.2284727,22.22458551,11.62027639,0,0,0,327.0834426,322.6606156,319.4246624,314.145248,563.327164126,0,56.7687393851,331.09513483,563.327164116,0,0,0,0,2042600,3072900,5115500,RESIDENTIAL A,1,2050
59003008,21.65637857,-158.0591988,2023.511688,196.040941,17.9671551,7.186111276,0,0,0,358.3221331,298.4229826,296.0492901,290.8806068,683.370759152,0,165.389644512,441.628162444,683.370759114,0,0,0,0,319900,3142500,3462400,RESIDENTIAL A,1,2050
59003009,21.6558677,-158.0592961,2627.103516,215.4669126,45.88230663,34.94951017,21.90461577,3.55454858,0,402.5953077,272.5610631,269.8227923,263.7711138,707.265250943,0,0,59.7551441322,615.916334063,0,0,0,0,245200,722500,967700,RESIDENTIAL,2,2100
59003010,21.6556507,-158.0597601,2031.128693,191.4598833,19.13547219,8.097780511,0,0,0,352.5044289,221.0872173,218.2830532,212.0763048,1079.46443536,160.88155177,360.537270197,641.1252673,953.789161798,0,0,0,0,649800,2934600,3584400,RESIDENTIAL A,2,2050
59003011,21.65532136,-158.0595366,1632.710968,173.8154904,63.3037302,52.36748008,39.11775152,20.5027447,0,345.9469509,244.8694186,241.8395146,235.0649005,924.158802815,0,0,125.10432151,668.995449255,0,0,0,0,535900,951700,1487600,RESIDENTIAL A,2,2100
59003013,21.65468006,-158.0599495,1313.67981,156.4364799,76.35574109,66.33027529,54.32013627,37.66889993,19.41526875,269.0125711,215.2344943,212.0726993,205.0683115,851.002490175,0,0,0,0,0,0,0,0,195900,934400,1130300,RESIDENTIAL A,2,NA
59003014,21.65492628,-158.06023,563.8003235,94.98755239,40.98214085,31.13226724,19.35481639,3.069953977,0,268.9617945,182.5251338,179.367448,172.3516812,410.808065117,0,0,0,134.472213881,0,0,0,0,550500,1064300,1614800,RESIDENTIAL A,1,2100
59003015,21.65479013,-158.0603827,1334.724548,165.0878936,40.4545751,31.08526285,19.91798667,4.515358898,0,245.5869469,167.6679844,164.5054327,157.4970426,408.065542355,0,0,50.4310753287,391.797514944,0,0,0,0,388900,1011000,1399900,RESIDENTIAL,1,2100
59003016,21.65497376,-158.0605883,1237.545197,142.413709,14.17496168,5.022664532,0,0,0,244.7921259,142.8671276,139.7113744,132.6979387,558.147911644,102.676073351,306.760803846,552.911971854,558.147911641,0,0,0,0,498600,2748100,3246700,RESIDENTIAL A,1,2050
59003018,21.65465476,-158.0609112,1377.644196,166.5809615,40.19392478,37.19187003,36.34384619,36.34382432,36.34381988,191.5577925,125.9262898,122.8804416,116.214718,977.733685745,0,0,0,0,0,0,0,0,387400,2275400,2662800,RESIDENTIAL,2,NA
59003028,21.65261597,-158.0611377,2256.243408,240.7883403,266.8363572,261.655277,255.7339769,247.9245684,240.0617176,69.63519108,66.51330325,56.81507589,50.76603227,602.947885074,0,0,0,0,0,0,0,0,819500,2416300,3235800,RESIDENTIAL,1,NA
59003033,21.66054661,-158.0557059,1471.049438,180.1169593,9.803699759,2.882174676,0,0,0,91.19636231,86.06101122,79.99650651,41.21044666,469.708866584,0,74.9945044428,255.947093308,465.978611562,0,0,0,0,1082100,3002800,4084900,RESIDENTIAL A,1,2050
59003034,21.66045882,-158.0555551,757.9432373,111.2333028,27.08619518,20.31533181,12.65646989,0.958187634,0,109.270679,104.3500743,98.53045904,55.59382763,437.777351868,0,83.5851026305,261.855390959,437.777351801,0,0,0,0,1331300,2896200,4227500,RESIDENTIAL A,1,2075
59003035,21.66040345,-158.0557603,2228.727844,197.3973156,17.24834823,10.11762401,2.116016674,0,0,83.50043053,78.81179892,73.29905532,48.39250832,537.691846925,0,75.9582517194,273.071645387,501.645326362,0,0,0,0,447500,3026400,3473900,RESIDENTIAL,1,2075
59003037,21.66019118,-158.0559979,638.894165,101.1089399,28.07526833,20.63409876,12.56159671,0.376265459,0,71.66873791,68.73599385,65.37545436,54.53368034,553.771449756,0,67.0809372665,244.833349738,457.513151624,0,0,0,0,711600,3065400,3777000,RESIDENTIAL A,1,2075
59003038,0,0,384.8005371,79.50093656,38.96723952,31.56330885,23.63380925,11.60630709,0,77.42863235,75.72081794,73.72331087,69.1936243,614.826870648,0,70.5429930738,262.669226555,488.16159431,0,0,0,0,1072800,3072600,4145400,RESIDENTIAL,1,2100
59003040,21.65988038,-158.0562498,1718.634949,168.0143882,34.48558978,27.35806009,19.97781919,8.52834446,0,72.40531831,71.67176284,70.25818807,68.16453114,630.099078043,0,87.4871242157,266.200688386,481.193743739,0,0,0,0,1345200,3087100,4432300,RESIDENTIAL A,1,2100
59003041,21.65982846,-158.0566044,1192.055725,150.379354,11.57379757,4.497155124,0,0,0,50.15700817,48.74253276,46.03861609,43.12799368,647.227756193,0.54509304888,104.045267274,278.840061654,494.537094961,0,0,0,0,1017900,3094400,4112300,RESIDENTIAL A,1,2050
59003044,21.65644957,-158.0590448,2470.710419,230.396315,27.06866895,16.46573999,3.841772648,0,0,343.4029959,316.8993277,314.5302294,309.3690567,607.205847844,0,96.2606498228,372.899697979,607.205847959,0,0,0,0,634300,3099900,3734200,RESIDENTIAL A,1,2075
59003045,21.65576588,-158.0596577,1927.346527,185.230421,22.89982549,11.80673799,0,0,0,368.6453623,235.3139743,232.5685161,226.5053479,500.889064104,124.181821654,319.108105672,500.889064047,500.889064082,0,0,0,0,878200,2644400,3522600,RESIDENTIAL,1,2050
59003048,21.65612257,-158.059119,1970.451355,183.630725,45.06809861,34.27039233,21.45600122,3.386381559,0,379.0126794,298.0330367,295.4314048,289.7108954,498.237190798,0,0,94.6155135121,498.237190755,0,0,0,0,319200,1113800,1433000,RESIDENTIAL A,1,2100
59003055,21.65332448,-158.0614984,1717.787689,183.8140958,204.9913307,201.7616017,198.3859671,194.5816099,191.7763155,48.2786187,46.867135,46.11861767,43.93309795,1656.61337076,0,0,0,0,0,0,0,0,1557100,2444600,4001700,RESIDENTIAL,1,NA
59003063,21.65617895,-158.0594192,2063.496826,204.7338264,13.68134041,2.805858487,0,0,0,388.2015321,270.0095073,267.5468744,262.1694474,522.54950238,20.5417849609,215.254561924,449.503520385,522.549502437,0,0,0,0,467800,2705100,3172900,RESIDENTIAL,1,2050
59003064,21.65629968,-158.0591173,202.4295349,60.1248974,38.13221752,27.46519341,14.96330549,0,0,365.8820567,310.6510107,308.167769,302.7325578,482.907117242,2.52991520971,199.334122691,420.263023075,482.907117051,0,0,0,0,537100,2534000,3071100,RESIDENTIAL A,1,2075
59003068,21.65672233,-158.0589286,1396.164856,154.6050322,28.1348309,17.30203421,4.657786888,0,0,313.0581396,308.6405836,305.404366,300.1183776,544.962039336,0,24.1060162002,295.172431138,544.962039372,0,0,0,0,0,2755100,2755100,RESIDENTIAL A,1,2075
59003070,21.65594721,-158.0595737,2885.857391,253.9497684,15.32601785,4.316706541,0,0,0,385.9770476,245.3015574,242.6957743,236.9750352,533.97778266,73.9267756305,272.666649068,533.977782655,533.977782645,0,0,0,0,672600,2751000,3423600,RESIDENTIAL,1,2050
59003071,21.6560562,-158.0594711,1356.169861,152.93152,21.82018863,10.88221838,0,0,0,402.3845026,262.7836211,260.224591,254.6143403,615.124925964,49.0114660598,261.847225994,520.962727146,613.879571534,0,0,0,0,898900,2712800,3611700,RESIDENTIAL,1,2050
59003072,21.65548566,-158.0598592,4043.822601,267.5485718,19.65170308,8.783023537,0,0,0,328.7646962,207.528354,204.5861176,198.0322857,1275.48324373,277.206687913,688.047144216,1136.92227747,1226.33551274,0,0,0,0,892900,3077100,3970000,RESIDENTIAL,2,2050
59003075,21.65930944,-158.0570842,3818.713104,316.8697442,14.93989284,7.277379567,0,0,0,51.03008081,50.31551376,48.90086871,47.30289866,1287.36507721,13.9579394365,245.272316521,637.058651834,1093.50312383,0,0,0,0,1143300,3872900,5016200,RESIDENTIAL,1,2050
59003077,21.65308643,-158.0613435,2305.475464,215.1740123,231.7784374,227.3125625,222.3387834,216.0525863,210.1695745,55.33204706,54.13025881,49.03847746,47.64985592,744.056985741,0,0,0,0,0,0,0,0,625300,1693300,2318600,RESIDENTIAL,2,NA
59003078,21.6529417,-158.0612029,2443.92865,218.5074358,241.9497975,236.8791919,231.129855,223.6482288,216.2889226,67.03712952,64.96937142,58.00186743,54.78574567,478.322027536,0,0,0,0,0,0,0,0,288100,1078000,1366100,RESIDENTIAL A,1,NA
59003079,21.65280416,-158.0610331,2428.982361,297.8960307,246.7399097,241.4920226,235.5126822,227.6706918,219.856408,73.2653557,71.05464868,63.55262773,60.07063334,432.445034544,0,0,0,0,0,0,0,0,223100,1100300,1323400,RESIDENTIAL A,1,NA
59003081,21.65566384,-158.0594611,2481.117035,218.7846474,43.45580163,32.37408871,19.06631972,0.462594987,0,376.6114253,250.7875616,247.9662829,241.7117571,484.06065955,0,0,89.4723177163,388.040241739,0,0,0,0,714500,1109400,1823900,RESIDENTIAL,1,2075
59004028,21.64496868,-158.0641436,1972.063232,196.5079784,57.61621608,57.61154917,57.61154917,57.61154917,57.61154917,26.26331013,24.53296215,22.8880387,20.31780137,960.925339386,0,0,0,0,0,0,0,0,231000,851700,1082700,RESIDENTIAL A,2,NA
59004032,21.64524294,-158.0642631,4209.078827,280.4864661,47.86531932,47.86010975,47.86010975,47.86010975,47.86010975,14.73034057,14.28314056,13.38146302,11.35376509,1055.89531192,0,0,0,0,0,0,9.09126195168,32.8912515376,1792700,2735300,4528000,RESIDENTIAL A,1,NA
59014003,21.6722963,-158.040451,797.8869019,113.2695372,132.5660565,127.0718662,121.3877667,112.1507888,100.5092656,186.4471,184.8124415,182.4985151,179.9212603,4448.60250793,0,0,0,0,0,0,0,0,379200,1197000,1576200,RESIDENTIAL,1,NA
59014012,21.67257187,-158.0404193,1072.23111,139.3024349,108.2274509,102.4626981,96.75426857,87.44497855,75.80322537,159.3332572,157.567545,155.2828038,152.5883695,4021.6033772,0,0,0,22.772944587,0,0,0,0,626600,1210200,1836800,RESIDENTIAL,1,NA
59014013,21.67280785,-158.0402238,161.4357605,53.14135452,102.0872836,96.25216378,90.5299969,81.20268787,69.55458429,151.306113,149.6304456,147.5808122,144.7721108,4090.23691855,0,0,0,378.330150845,0,0,0,0,704600,1210200,1914800,RESIDENTIAL,1,NA
59014015,21.6734897,-158.0400493,1144.089996,165.431367,56.74669869,50.29395382,43.85817532,33.63789191,21.11096674,101.8874412,100.473899,99.05819517,96.2323555,4108.20181142,0,0,17.6503577073,547.410147193,0,0,0,0,460800,1221000,1681800,RESIDENTIAL,1,NA
59019001,21.6700558,-158.0460279,190.8457947,58.29860468,34.05503689,29.13036533,24.14639,15.87488228,5.49513553,66.07957132,65.40673511,64.43922239,63.09911866,1115.65921486,0,0,192.161729142,508.399659516,0,0,0,0,1329600,2289700,3619300,RESIDENTIAL,1,NA
59019011,21.66987248,-158.0462399,1772.049469,183.9279769,33.13861765,28.96193698,24.86139085,17.49177194,7.530083613,68.29668037,68.10477995,57.56985429,56.59657545,742.896043915,0,0,27.6160402163,178.191089091,0,0,0,0,625400,2498300,3123700,RESIDENTIAL A,1,NA
59019012,0,0,2644.087555,224.8592323,19.52264884,15.42907995,11.16768481,3.731361654,0,60.46906401,59.74533325,41.27303715,40.335234,574.668032871,0,0,0,100.59751182,0,0,0,0,2180900,2411400,4592300,RESIDENTIAL,1,2100
59019013,21.6697011,-158.046494,1525.14679,162.8363791,19.51822403,15.3130504,10.97260917,3.631530924,0,81.44541482,80.50712598,38.18700541,35.77595947,525.241472367,0,0,0,121.194604181,0,0,0,0,605000,2137100,2742100,RESIDENTIAL A,1,2100
59019014,21.66958747,-158.0465756,2658.278931,231.3236445,14.38288473,10.64244252,6.91597887,0.079910662,0,72.66948869,72.65710531,33.22195833,29.66365737,499.332937484,0,0,0,102.39307889,0,0,0,0,602300,2148700,2751000,RESIDENTIAL A,1,2075
59019036,21.66859383,-158.0470461,2733.589905,235.7596281,14.70548876,12.06228424,10.14296963,5.629764075,0,52.03289543,51.21573977,49.53178635,47.48903156,762.52302,0,2.80825673844,70.1350415738,196.9432742,0,0,0,0,1255300,2679700,3935000,RESIDENTIAL,1,2100
59019038,21.66839333,-158.047267,1547.104156,172.3177319,10.53094237,6.544763404,2.899620495,0,0,47.68821483,46.99059149,45.66544185,43.91292814,903.184757987,0,35.2403843622,134.473396525,280.364710205,0,0,0,0,440700,2783400,3224100,RESIDENTIAL A,1,2075
59019041,0,0,891.0905151,121.8396556,18.64806506,13.69311924,8.479975906,0,0,52.80511516,52.33105352,50.99431293,49.65486824,1962.8300681,59.5427879701,291.559946443,688.71086856,1198.90806598,0,0,0,0,1206700,4558700,5765400,RESIDENTIAL A,1,2075
59019042,21.66781169,-158.0476542,2035.593811,190.6505506,14.53724196,8.336913417,1.65236178,0,0,49.75025329,49.0735836,47.57488967,45.53292917,785.573909095,16.4631775306,146.274317013,353.701303645,603.98759836,0,0,0,0,1162400,3199700,4362100,RESIDENTIAL,1,2075
59019045,21.6675199,-158.0477938,1019.895905,134.0241986,22.23079814,15.70610031,8.52961567,0,0,55.66435123,54.84002843,53.20954443,51.16803065,1099.84918917,69.7763387084,280.602512914,604.862472637,991.580023568,0,0,0,0,1643800,3221900,4865700,RESIDENTIAL A,1,2075
59019048,21.66729301,-158.0480434,2136.495728,199.9952547,19.16300903,12.32426136,4.739962327,0,0,50.153043,49.37669976,47.8489581,45.93688703,421.26403459,0,83.1169755109,264.507947132,421.264034613,0,0,0,0,1036800,2414600,3451400,RESIDENTIAL A,1,2075
59019050,21.66719859,-158.0481769,1768.157623,193.2017777,14.36014942,7.179235793,0,0,0,46.15885007,45.45375766,43.43534324,41.27298575,401.579078918,14.6519351727,135.150036575,318.333770282,401.579078884,0,0,0,0,436600,2069600,2506200,RESIDENTIAL,1,2050
59019051,21.66698795,-158.0483969,2835.016296,298.0102163,11.6393247,3.585196738,0,0,0,44.99833937,44.17833393,42.71693227,40.67991458,880.685264048,158.039261318,433.223114095,834.002267223,880.685264038,0,0,0,0,268100,2729500,2997600,RESIDENTIAL,1,2050
59019054,21.66919851,-158.0467748,1165.344086,136.8492806,14.5616537,13.2036183,12.74089771,10.16795496,5.562621026,52.93070601,51.49108478,46.6094289,30.62273071,462.784118544,0,0,0,0,0,0,0,0,604300,2232500,2836800,RESIDENTIAL,1,NA
59020001,21.6667884,-158.0487499,171.8547974,54.16233275,12.04074114,3.482162074,0,0,0,45.0712177,44.21560584,42.80256877,40.84803658,948.762068059,235.652885572,535.717055225,948.762068006,948.762067986,0,0,0,0,1013700,2930000,3943700,RESIDENTIAL,1,2050
59020004,21.6666573,-158.048843,1302.24527,152.2192701,13.26859326,4.410447929,0,0,0,46.82086921,45.7226818,44.05931647,42.37699346,509.942600683,80.9914981485,245.12371142,479.71211509,509.942600755,0,0,0,0,1189800,2546500,3736300,RESIDENTIAL,1,2050
59020006,0,0,2214.968262,217.5484407,15.61139542,6.067769867,0,0,0,53.67478268,52.27751355,50.36963292,48.02554517,509.841853056,52.7177189726,224.321736804,464.177780254,509.841853062,0,0,0,0,995600,2262200,3257800,RESIDENTIAL,1,2050
59020008,21.6662526,-158.0493112,2457.890045,259.4808972,17.26625612,7.134275104,0,0,0,54.34609415,53.63948552,52.22489993,50.25604501,615.503752656,39.1326607169,239.74660612,524.254273619,615.503752608,0,0,0,0,1130800,2746700,3877500,RESIDENTIAL,1,2050
59020009,21.66608428,-158.0495312,1905.312836,190.4142113,20.10534802,9.34943472,0,0,0,54.03677348,53.54817691,51.9197517,50.27657748,591.807407041,29.346338462,225.495859186,494.591519141,591.807407017,0,0,0,0,289500,2603500,2893000,RESIDENTIAL A,1,2050
59020011,21.66584395,-158.0496436,240.9844971,67.52647575,39.10765688,28.12083158,14.7840236,0,0,72.2176021,71.573970310000007,69.89653564,68.42885089,656.010626615,34.3165999726,241.12401698,531.169139308,656.010626568,0,0,0,0,433000,2468000,2901000,RESIDENTIAL A,1,2075
59020012,21.66591575,-158.0497881,1779.748444,191.5886648,18.25978624,7.245241937,0,0,0,51.56122436,50.8850306,49.2678002,47.53301902,641.958272178,40.9462021732,238.212028094,517.0372063,641.95827223,0,0,0,0,371600,2429100,2800700,RESIDENTIAL,1,2050
59020014,21.66564323,-158.050109,2132.834381,205.3025079,18.48181034,7.131385319,0,0,0,52.36639563,51.56042001,50.39197664,48.56573986,721.29571671,48.203072517,264.191326831,568.217434479,721.295716645,0,0,0,0,1278200,2494400,3772600,RESIDENTIAL A,1,2050
59020015,21.66540803,-158.0500921,1445.489044,154.768026,43.70790067,32.25277172,18.35746065,0,0,78.45018865,77.68515492,76.14310825,74.54450872,447.74237657,0,0,133.814705346,447.742376603,0,0,0,0,692200,1100000,1792200,RESIDENTIAL A,1,2075
59020016,21.66516584,-158.0503757,1478.119781,158.5539194,46.23500185,34.5022504,20.29957906,0.510304478,0,84.6725,83.91973551,82.7956834,81.13718244,443.542329304,0,0,84.2508722421,443.542329352,0,0,0,0,487200,1045000,1532200,RESIDENTIAL A,1,2075
59020017,21.66556336,-158.0502375,2886.560211,227.2420262,15.43259868,3.969895193,0,0,0,50.25834348,49.47098253,48.0658776,46.5268245,420.58080412100003,52.0362084997,270.416550791,420.580804098,420.580804107,0,0,0,0,636600,2137000,2773600,RESIDENTIAL A,1,2050
59020019,21.66541148,-158.0503916,3835.555969,294.2508505,20.76263012,9.033010224,0,0,0,58.45578078,57.735407789999996,56.3339348,54.57617403,863.343718605,114.912605786,544.789418361,863.343718539,863.343718586,0,0,0,0,603500,2263500,2867000,RESIDENTIAL A,2,2050
59020020,21.665342,-158.0505952,1521.502869,173.3163597,14.08066004,2.344381656,0,0,0,52.81787027,52.49461942,51.13788291,49.48169371,434.939652151,49.0776835398,255.292911293,434.939652213,434.939652194,0,0,0,0,315800,2028200,2344000,RESIDENTIAL A,1,2050
59020028,21.66449262,-158.0512511,3158.280914,303.5231439,24.61267689,13.63473958,0.163133885,0,0,94.34708744,92.82073722,90.38873417,88.03743354,776.86212486,80.645768541,287.990720777,576.629251073,776.862124846,0,0,0,0,826100,3192100,4018200,RESIDENTIAL,1,2050
59020029,0,0,743.3114319,111.8737081,40.8890973,30.33184758,17.31402058,0,0,122.6373502,120.8956275,118.2065919,115.5676524,734.32824855,57.2259741012,259.590716826,541.440492821,734.328248479,0,0,0,0,1175000,3176500,4351500,RESIDENTIAL,1,2075
59020033,0,0,1112.037476,139.7711577,32.8227854,22.88966816,10.58977172,0,0,150.5365834,148.3190739,145.0799835,88.04641158,301.942426503,0,0,157.273926628,301.942426536,0,0,0,0,838900,816800,1655700,RESIDENTIAL A,1,2075
59020034,21.66392436,-158.0519542,1945.914795,195.9039154,12.42060449,3.442695837,0,0,0,164.8041264,162.2979264,158.6931607,56.31921386,564.41879769,75.3313657402,235.657060288,456.220781711,564.418797707,0,0,0,0,507200,2941200,3448400,RESIDENTIAL A,1,2050
59020035,21.66383306,-158.0520635,1845.329224,186.1917936,12.5253903,3.692141035,0,0,0,177.8635664,175.3055302,171.6366714,44.47127547,607.960671193,93.7206845938,255.710524609,490.390959633,607.960671145,0,0,0,0,887100,3104400,3991500,RESIDENTIAL A,1,2050
59020036,21.66371391,-158.0521498,2080.467011,202.9483682,12.55209141,4.600799376,0,0,0,192.5310368,189.9250366,186.1980809,37.42752683,600.513620145,73.2877953714,223.615139507,437.991623693,600.51362015,0,0,0,0,558200,3076700,3634900,RESIDENTIAL A,1,2050
59020037,21.66360102,-158.0520759,514.5829163,90.74549859,33.30716834,25.61608544,16.47005009,3.364584084,0,206.473654,203.9814164,200.3900171,54.11792819,561.134493335,39.5092079353,167.131452344,355.676748809,558.923940543,0,0,0,0,388700,3061100,3449800,RESIDENTIAL,1,2100
59020038,21.66362172,-158.0522712,1990.767517,187.6477373,10.77664809,4.212822651,0,0,0,207.0907025,204.4412289,200.6628831,28.88934949,559.926267043,26.1547597688,147.602830587,327.278719306,534.700937394,0,0,0,0,870700,3045500,3916200,RESIDENTIAL A,1,2050
59020040,21.6634738,-158.0523389,1670.559235,181.7676186,16.02539964,10.22725147,3.552013066,0,0,225.2509377,222.6062481,218.8327193,34.41008661,472.068575529,29.4146497114,114.912168385,249.332474116,412.154620378,0,0,0,0,1135900,2697000,3832900,RESIDENTIAL,1,2075
59020041,21.66326006,-158.0525315,1933.697815,190.8109412,14.11123911,9.581590515,4.687296112,0,0,253.7222911,251.0365581,247.2155456,36.70923292,449.330976548,21.7967267148,92.6395792699,209.340255768,356.094386518,0,0,0,0,331300,2544900,2876200,RESIDENTIAL A,1,2075
59020043,21.66319628,-158.0526546,1670.719055,176.6722483,11.39497389,7.399583357,2.968681582,0,0,266.2738246,263.5602168,259.7080309,37.86974397,841.347732899,6.28497822735,91.8119767666,280.494839005,528.506060052,0,0,0,0,2002400,3250800,5253200,RESIDENTIAL A,1,2075
59020045,21.66284403,-158.0529694,3189.590454,325.9319273,10.91151443,7.823006539,5.025223266,0,0,310.9285804,308.1678708,304.2647102,69.26870579,739.922843458,0,5.02303083462,161.037389447,388.842916329,0,0,0,0,1542800,3029000,4571800,RESIDENTIAL A,1,2075
59020048,21.66219662,-158.0536516,2712.907928,281.5709115,8.814545799,2.94860563,0,0,0,349.5393418,343.8672001,337.1182164,161.2165451,653.185800442,0,95.0712027542,392.583602859,653.185800494,0,0,0,0,1633000,3108600,4741600,RESIDENTIAL A,1,2050
59020049,21.6620393,-158.0537987,1505.254639,164.59775,9.905873799,3.949850479,0,0,0,334.6712566,328.9942189,322.2376823,189.9614923,605.919810607,0,147.836562623,453.745782702,605.91981054,0,0,0,0,475400,3088500,3563900,RESIDENTIAL A,1,2050
59020050,21.66192722,-158.0539402,735.3263855,116.2233471,9.70751332,3.694341517,0,0,0,319.7479612,314.0666207,307.3027676,184.7309767,640.714505096,0,171.877230817,483.314582737,640.714505029,0,0,0,0,593000,3110700,3703700,RESIDENTIAL A,1,2050
59020051,21.66165945,-158.0542354,2118.844452,189.2789175,10.30892439,4.269290689,0,0,0,273.2283839,267.545048,260.7758508,138.2186956,1033.05652136,0,159.747986867,471.006040249,845.796300189,0,0,0,0,1821500,3372700,5194200,RESIDENTIAL A,1,2050
59020052,0,0,1806.413361,225.2778485,12.73937795,7.22337446,1.315280151,0,0,248.5060346,242.8318592,236.0688115,114.087477,1057.66430505,0,82.7118104241,369.429271452,716.520372088,0,0,0,0,1450100,3395000,4845100,RESIDENTIAL,1,2050
59020056,21.66410248,-158.0518676,1689.718658,173.0983994,10.91484515,1.108185619,0,0,0,143.8089914,141.3532393,137.8135477,71.58137536,363.482555219,54.3343002193,248.230568407,363.4825552,363.482555195,0,0,0,0,1066900,2406200,3473100,RESIDENTIAL A,1,2030
59020057,21.66644365,-158.0490141,2548.998077,222.8602794,18.69118222,9.274679276,0,0,0,55.93440017,54.51565541,52.61571496,50.5199337,484.572769688,45.1336792797,208.971668959,442.69914442,484.572769787,0,0,0,0,739000,2564300,3303300,RESIDENTIAL A,1,2050
59020058,21.66661409,-158.0487336,500.855896,89.52007219,27.02014792,18.32185362,8.089145254,0,0,60.16027368,58.95792762,57.58136357,55.5984693,480.144712521,84.0997029159,242.171133886,469.684398984,480.144712519,0,0,0,0,378200,2636300,3014500,RESIDENTIAL,1,2075
59020062,0,0,2404.867371,200.2767275,16.53585096,6.075741716,0,0,0,125.8020247,123.5337519,120.2359639,93.09115392,686.705990852,55.0455315224,253.611990353,531.14572632,686.705990831,0,0,0,0,1456900,2923400,4380300,RESIDENTIAL A,2,2050
59020063,0,0,2541.448395,207.2441938,19.3411717,8.861916483,0,0,0,113.7299684,111.6136229,108.518252,105.493029,712.168480225,51.0051348585,250.78512933,529.744072272,712.168480297,0,0,0,0,1457500,2938800,4396300,RESIDENTIAL A,2,2050
61003024,0,0,3046.996353,263.4783238,136.1134243,136.1172751,136.1172751,136.1172751,136.1172751,20.71794272,19.79256351,18.48995879,16.65086951,3550.11945463,0,0,0,0,0,0,0,0.466303140319,964700,1747600,2712300,RESIDENTIAL A,2,NA
61003037,21.63227808,-158.0710481,2083.744278,235.5431781,100.1524097,100.1562785,100.1562785,100.1562785,100.1562785,17.61353075,16.71444235,15.16332636,12.99830001,1067.92755337,0,0,0,0,0,0,0.785965069523,7.18053371507,582400,2077600,2660000,RESIDENTIAL A,1,NA
61003040,21.63331461,-158.070208,2807.880646,239.0068175,250.1475477,250.1518068,250.1518068,250.1518068,250.1518068,6.563449422,6.189545101,5.68192628,4.974749288,1118.59016764,0,0,0,0,85.345516831,101.930237244,128.52249898,153.04806084,3183600,2388800,5572400,RESIDENTIAL A,1,NA
61004057,21.61493425,-158.0898917,1727.417297,176.4733631,11.99891982,7.414880552,3.65149574,0,0,242.0294582,218.9927233,198.0659973,27.1305684,1886.32594544,1.7683503881,95.9985796489,294.330630523,555.508352536,0,0,0,0,1154500,2535200,3689700,RESIDENTIAL,2,2075
61004065,21.61395612,-158.091738,4209.507401,325.191065,11.7569789,5.405591754,0,0,0,32.44635907,23.20228006,19.23465288,16.07246342,1689.18944605,113.527516899,315.746260893,633.122159377,1010.07508843,0,0,0,0,1568600,3163800,4732400,RESIDENTIAL,1,2050
61004068,21.61425412,-158.0911978,2744.981033,238.3326104,16.22952794,10.43049031,4.850522072,0,0,88.61447672,65.75877037,45.21011572,17.58880741,1696.28826319,30.6118215686,205.004274317,486.27684967,829.776428136,0,0,0,0,1371600,3166900,4538500,RESIDENTIAL A,1,2075
61004069,21.61437581,-158.090961,3536.69838,275.4694429,17.10877935,12.54977102,8.804450694,1.860145971,0,112.7695612,89.71014694,68.77934121,23.32912125,1599.45121948,1.08891405958,84.4957395102,309.846513767,602.897791832,0,0,0,0,2909300,3098500,6007800,RESIDENTIAL A,1,2100
61004070,21.61453338,-158.0906942,2828.6698,256.6866698,13.19245413,8.770697294,5.271350822,0,0,145.0727814,121.9837677,101.0039998,43.52030596,1520.56379646,6.36862372815,104.627900256,318.162401,606.978437425,0,0,0,0,1396700,3049200,4445900,RESIDENTIAL A,1,2075
61004071,21.6146645,-158.0904455,3302.586365,268.2127248,11.14369128,6.63456249,3.004445521,0,0,175.0977313,152.0235167,131.0593549,22.94099031,1198.63271635,33.6546587891,134.967552933,324.957497373,583.846456733,0,0,0,0,1328500,2688200,4016700,RESIDENTIAL,1,2075
61004073,21.61474624,-158.0900685,5711.530289,442.6467982,11.58069901,6.762323812,2.604294186,0,0,209.4992032,186.4163113,165.4395779,14.65203365,1345.80153353,16.1533057232,151.437536366,416.131031587,770.871973223,0,0,0,0,1380100,2785600,4165700,RESIDENTIAL A,1,2075
61004080,21.61383447,-158.0919597,3813.956467,278.8691758,12.44707733,6.216949345,0.092714247,0,0,26.21467459,23.13068045,20.62303246,17.46428001,1509.9110147,57.4322289501,202.901505394,450.89124081,776.340358417,0,0,0,0,1537100,3035400,4572500,RESIDENTIAL,1,2050
61004081,21.61365571,-158.0921677,5275.313248,482.2709062,11.97743528,6.404426708,1.285388679,0,0,28.69340188,27.41348833,24.85350453,21.76651766,1492.46803902,80.908277641,220.096596827,456.392023357,759.627307093,0,0,0,0,1900500,3023000,4923500,RESIDENTIAL A,1,2050
61004082,21.61365152,-158.0924437,2862.595993,268.9657312,8.506053117,3.24494168,0,0,0,28.60517848,26.99126884,24.22702786,20.10284345,1464.3816878,78.9151247822,204.60848139,423.410546311,708.46833089,0,0,0,0,1137200,3003200,4140400,RESIDENTIAL,1,2050
61004083,21.61353378,-158.0927,2449.443802,204.7889307,12.52562923,7.635844847,3.337754326,0,0,35.97862399,34.31503865,32.08708739,28.5619487,1476.41683173,58.8055059767,180.161027298,393.856009162,672.969283511,0,0,0,0,1419500,3011700,4431200,RESIDENTIAL,1,2075
61004086,21.61336135,-158.0932321,1377.421555,187.9416605,13.37331675,8.811515184,4.699756022,0,0,37.00826937,36.47758272,34.84303578,33.36859412,1677.97763755,18.402721677,144.152335803,366.287464645,653.706639632,0,0,0,0,1047500,3160900,4208400,RESIDENTIAL A,1,2075
61004087,21.61326549,-158.0934495,5926.372955,465.0467929,12.93037325,8.482244903,4.313894785,0,0,40.04106349,36.44071578,34.63232574,33.43357388,1733.4993574,10.208784769,139.722770403,366.1796414,659.795360708,0,0,0,0,1715700,3192900,4908600,RESIDENTIAL A,1,2075
61004088,21.61326471,-158.0938329,2641.937424,241.418906,15.47750296,10.64160629,5.871170579,0,0,58.78108528,51.01370326,46.26817557,42.59848427,2027.6881898,6.66708458754,162.712697177,453.357479679,812.708563321,0,0,0,0,2777100,3396800,6173900,RESIDENTIAL A,1,2075
61004089,21.61315495,-158.0940963,5058.618652,317.757633,19.26715259,13.98233164,8.782481295,0.174294006,0,70.71992003,69.7211691,66.87087632,40.40994597,2217.80754886,0,111.489156941,384.662391508,731.009888789,0,0,0,0,6929200,3531000,10460200,RESIDENTIAL A,1,2075
61004090,21.61302608,-158.0943453,6144.314636,351.0780138,18.34851827,13.21959711,8.231209883,0.057473254,0,46.78604193,45.86190915,43.75447277,24.06183197,2219.4058471,0.963927147455,125.393531649,396.700163087,729.449863945,0,0,0,0,7268000,3368100,10636100,RESIDENTIAL A,1,2075
61004092,21.61248602,-158.0943013,1405.727158,149.9746508,60.13625468,54.90235484,49.79585623,41.43177264,31.03391746,88.07183789,87.52834916,71.30772487,67.83437452,2321.82837864,126.332630317,288.195613248,553.228406063,881.96374952,0,0,0,0,2981800,3432300,6414100,RESIDENTIAL A,1,NA
61004093,21.61250759,-158.0946653,6506.958572,452.4760649,16.42996807,11.1954446,6.087118025,0,0,44.92936287,44.12105175,27.35851982,23.78425918,2378.94441916,87.6110491664,176.982394306,331.775420677,538.68995508,0,0,0,0,2443500,3639200,6082700,RESIDENTIAL,1,2075
61004094,21.61208046,-158.0949376,185.7744598,56.38868189,67.95732467,63.30249107,58.96876717,52.44389696,45.73226203,27.46532982,22.52522668,19.79889332,17.22260531,2072.59192242,0,0,0,0,0,0,0,0,1250000,3422800,4672800,RESIDENTIAL A,1,NA
61004095,21.61193061,-158.0949606,2511.620224,213.1168075,76.14305103,71.64663083,67.46226127,61.04926556,53.30525872,26.26090583,21.85877281,19.12169934,16.41581273,1958.7332266,0,0,0,0,0,0,0,0,1224300,3271900,4496200,RESIDENTIAL A,1,NA
61004096,21.61125477,-158.0949249,154.6856079,55.40889253,158.5571362,153.6762133,148.9823364,141.4542217,132.4257797,73.16528642,72.63986074,71.1252282,54.41450368,1886.63475909,0,0,0,0,0,0,0,0,2575100,3298700,5873800,RESIDENTIAL A,1,NA
61004097,21.61131453,-158.095184,2523.643265,235.2608447,148.6172534,144.5011658,140.6056282,134.5044065,127.4062543,40.67407453,40.12518773,38.66421829,21.29220515,1896.29958213,0,0,0,0,0,0,0,0,2611800,3308600,5920400,RESIDENTIAL A,1,NA
61008005,21.62469989,-158.0774287,3681.837997,382.2856001,10.77938547,5.875898187,1.706137004,0,0,119.1582682,93.65023232,87.39707228,33.44877912,513.472078972,2.34232504138,161.750832087,465.360705957,513.472078979,0,0,0,0,2254900,2474300,4729200,RESIDENTIAL A,1,2075
61008006,21.62443496,-158.0778824,2042.974487,181.0605126,11.95091291,7.96095265,4.844421647,0,0,189.5221687,163.9279084,157.6085381,29.56321622,711.84978848,0,18.272723848,279.098843154,628.267605845,0,0,0,0,1767700,1765000,3532700,RESIDENTIAL A,1,2075
61008008,21.62418104,-158.0783292,2518.433487,200.1638971,14.46183744,11.17468662,8.955399045,4.034324006,0,190.9776929,186.9678737,180.0503932,73.40134378,602.993770834,0,1.23398118166,95.5401167808,261.500224813,0,0,0,0,1313000,1596500,2909500,RESIDENTIAL A,3,2100
61008009,21.62405496,-158.0784848,1775.988602,172.3159888,21.51718556,18.40450392,16.46684424,11.83492896,4.868287468,174.5333433,170.5145088,163.5365562,95.259862,756.401591271,0,0,22.2023013735,191.135665318,0,0,0,0,992300,1734900,2727200,RESIDENTIAL A,1,NA
61008010,21.62400045,-158.0789118,193.8134918,55.68932836,12.83239735,10.17418346,8.983505872,5.277020348,0,136.6718097,132.6535222,125.6682691,120.7389256,870.134271122,0,0,0.0627558411967,139.831916901,0,0,0,0,1715000,2526100,4241100,RESIDENTIAL A,1,2100
61008011,21.62386746,-158.0789699,3127.265793,245.5770812,17.06883513,14.4430329,13.30250007,9.658017064,3.612335083,125.0768455,121.0758642,114.0743503,109.0733053,970.447682222,0,0,10.5416268315,155.336836357,0,0,0,0,7500,2523900,2531400,RESIDENTIAL A,1,NA
61008012,0,0,1472.048752,160.4930419,21.01093931,18.29301646,17.07704111,13.32474714,7.14600328,100.4770135,96.49188991,89.52153133,84.54589582,1119.95279122,0,0,1.48159591485,131.084204917,0,0,0,0,962200,2627200,3589400,RESIDENTIAL,1,NA
61008013,21.62369561,-158.0793929,3405.630814,258.771662,20.32802902,17.53507282,16.21735984,12.33621683,6.029338518,83.82536859,79.89654029,73.04014152,68.16082096,1314.55166137,0,0,0,114.709135287,0,0,0,0,2989200,2714900,5704100,RESIDENTIAL,1,NA
61008014,21.6237109,-158.07966,1617.687027,177.4739355,16.63305548,13.5900691,11.91519857,7.588812686,0.863056215,58.91827708,55.20610326,48.52606418,43.80258012,1500.38107451,0,0,0,146.155618897,0,0,0,0,1848100,2889600,4737700,RESIDENTIAL,1,2100
61008015,0,0,3669.145004,343.923604,22.28410224,19.03817704,17.07361609,12.38555248,5.294873733,37.41099255,35.24125436,32.29745912,30.41692717,2519.05973608,0,5.0011000027,119.684977139,354.335787899,0,0,0,0,4099800,3562200,7662000,RESIDENTIAL,1,NA
61008016,21.62348932,-158.0801671,5233.893402,410.2261618,23.37461189,20.1658432,18.18956386,13.4933666,6.436268813,35.84819356,34.86073744,33.15530728,30.64396318,2722.5603408,0,0.356214214315,69.2760843141,286.580674431,0,0,0,0,3254800,3993600,7248400,RESIDENTIAL A,1,NA
61008020,21.62251391,-158.0811217,2298.786316,204.8007652,28.55450505,25.73169847,24.09690112,19.846373,13.3381855,161.6084012,151.0035498,135.9747858,126.3026408,1609.95757768,22.6370538482,41.065399365,112.124176694,278.129764895,0,0,0,0,1217000,2954100,4171100,RESIDENTIAL A,1,NA
61009006,21.6196645,-158.0852606,256.6808014,67.75131428,96.14998208,96.15151528,96.15151528,96.15151528,96.15151528,13.68433002,12.8735876,11.47686359,10.08027346,3487.57806697,0,0,0,0,4.83120437335,12.5488360723,60.5334714895,139.432824303,1559400,4224200,5783600,RESIDENTIAL A,1,NA
61009010,21.62063014,-158.0837187,2742.925461,284.5582312,210.3888851,210.3838866,210.3838866,210.3838866,210.3838866,17.69054191,16.69547582,15.60319378,11.60202475,1626.45402154,0,0,0,0,0,0,0,0,824300,2743900,3568200,RESIDENTIAL A,1,NA
61009012,0,0,2267.393631,233.098795,106.9013576,106.8963683,106.8963683,106.8963683,106.8963683,45.48182691,19.63529317,17.63631011,15.36834019,1055.5222584,0,0,0,0,0,0,0,0,1131300,2351800,3483100,RESIDENTIAL A,1,NA
61009013,21.62110814,-158.0826831,2373.503281,235.8880286,78.86378316,78.85893764,78.85893764,78.85893764,78.85893764,77.82047645,8.115688764,6.249967679,3.838890089,821.076224719,0,0,0,0,0,0,0,1.84437914906,720900,2222400,2943300,RESIDENTIAL A,1,NA
61009015,21.62055789,-158.0843498,3507.618942,263.7261662,218.4228146,218.4259926,218.4259926,218.4259926,218.4259926,15.05429728,14.13876792,12.00703285,9.859221244,2171.39905714,0,0,0,0,0,0,0,0,1023700,3055200,4078900,RESIDENTIAL,1,NA
61009016,21.62066993,-158.0840741,2381.121353,220.9983595,231.4701815,231.4651394,231.4651394,231.4651394,231.4651394,13.04181635,12.7899101,11.48960537,10.20465017,1532.72219135,0,0,0,0,0,0.39096111977,8.0348251131,62.3591234982,872300,2599800,3472100,RESIDENTIAL,1,NA
61009017,21.62093328,-158.0831652,2700.793472,294.8304528,132.9624436,132.9574596,132.9574596,132.9574596,132.9574596,30.99468755,26.05973196,23.9511746,18.72856609,1136.15247545,0,0,0,0,0,0,0,0,583000,2397300,2980300,RESIDENTIAL A,1,NA
61010001,21.61701159,-158.087127,2913.82431,269.5608371,9.62556563,3.984831214,0,0,0,19.53162317,17.57763289,14.22370707,12.84802597,1129.72309521,164.533325543,452.61832312,913.67438181,1126.05638302,0,0,0,0,1280800,2141800,3422600,RESIDENTIAL A,1,2050
61010002,21.61683014,-158.087379,2849.080643,322.3271713,10.74763142,4.378994782,0,0,0,15.91618793,14.55584994,12.34811292,9.382687908,1020.27530468,131.574096853,337.111897106,662.110001556,1008.46839602,0,0,0,2.56578237355,1031500,2036800,3068300,RESIDENTIAL A,1,2050
61010004,21.61660607,-158.0878643,1501.85553,169.5702491,7.583648478,1.956108988,0,0,0,15.7611974,14.27506055,12.09669236,8.597431396,765.174474162,75.9618617119,159.50793579,303.413798163,489.884104985,0,0,0,0,884200,1899500,2783700,RESIDENTIAL,1,2050
61010005,21.61625136,-158.0878362,171.7242126,52.42701701,49.85341814,44.61363748,39.79680352,31.60398151,21.22655253,60.30445909,59.13895363,56.94859319,50.82088558,840.646507347,49.4140977349,125.078466563,260.028359828,438.407150631,0,0,0,0,1186600,1975400,3162000,RESIDENTIAL,1,NA
61010006,21.61634696,-158.0881285,2292.269409,207.7817327,19.08537547,14.35115172,10.23348105,2.828622207,0,33.88424129,32.94224197,30.72146806,25.56594513,1698.79273773,58.883085633,170.323647268,379.428824445,665.468695562,0,0,0,0,1855800,2397400,4253200,RESIDENTIAL A,1,2100
61010007,21.61626957,-158.0883139,1378.978806,160.5581316,13.71372402,9.513013515,6.087708183,0,0,42.24690943,40.09425921,35.15693019,30.00182583,890.528184927,32.5000324707,81.5951058954,177.554495014,309.961616683,0,0,0,0,1437000,1966000,3403000,RESIDENTIAL A,1,2075
61010008,21.61616693,-158.0884175,3111.963074,251.6118988,10.90573221,6.917985658,3.791833888,0,0,52.07033363,49.46630772,43.21610058,35.39290446,880.118205189,20.7219009194,63.5970677199,150.254274705,272.003723881,0,0,0,0,1353500,1982500,3336000,RESIDENTIAL A,1,2075
61010009,0,0,4490.133942,436.1156766,14.40861044,10.6745617,7.869130807,2.146219712,0,72.2234405,69.51988503,62.72589544,53.57768368,1930.14484376,12.8027606226,96.6212884993,272.49264822599997,520.935464713,0,0,0,0,2433400,2477900,4911300,RESIDENTIAL A,1,2100
61010010,21.61586206,-158.0887087,3331.403519,334.039454,13.64167878,10.03497307,7.391160804,1.906001986,0,95.04611716,92.15086124,84.96250891,75.04858777,974.42515395,0,28.4542222952,114.565060038,236.360987662,0,0,0,0,1015100,2032000,3047100,RESIDENTIAL,1,2100
61010011,21.6157979,-158.0888657,2345.578842,194.6001825,12.36313076,8.750564391,6.101517676,0.666032324,0,110.2603878,107.3350012,100.0562688,89.96659433,924.867129611,0,21.2233216058,103.90531541,220.466006969,0,0,0,0,2054400,2005800,4060200,RESIDENTIAL A,1,2075
61010012,21.61568826,-158.0889583,1399.616302,163.6490783,14.73846744,11.08765651,8.390993493,2.920540565,0,127.4968755,124.5781493,117.3125062,107.228009,957.894258906,0,25.7383983897,113.211596833,235.735270748,0,0,0,0,0,1745400,1745400,RESIDENTIAL A,1,2100
61010013,21.61559048,-158.0890657,1585.295197,182.0444758,11.23966095,7.506488,4.726119384,0,0,142.5548376,139.6146341,132.2877064,122.0945222,890.685086628,0,28.0076634164,111.25581221,227.596225229,0,0,0,0,2144700,1993300,4138000,RESIDENTIAL,2,2075
61010014,21.61545035,-158.0891594,1945.349152,196.9428289,14.57397969,10.7068519,7.788357389,2.045458844,0,159.8947144,156.9722954,149.6902002,111.7060919,1799.68200815,4.82223543433,89.1634327082,266.406468126,511.121001568,0,0,0,0,2010200,2480000,4490200,RESIDENTIAL,1,2100
61010015,21.61523887,-158.0894136,1863.326874,190.1910663,13.50688678,9.407078154,6.255605644,0.119352984,0,194.3122851,191.3353939,183.9052044,80.18112943,1905.38020182,11.2387533839,110.051035743,300.739864463,562.634679137,0,0,0,0,1953200,2533700,4486900,RESIDENTIAL A,1,2075
61010016,21.61505956,-158.0896564,2127.121658,195.4607067,15.62152097,11.31355007,7.92323595,1.475214834,0,223.2809118,220.2906418,212.8238473,48.61849267,1940.90700838,0.0018811602829,74.4049516728,264.48293965,521.77045958,0,0,0,0,1851700,2552100,4403800,RESIDENTIAL A,1,2075
61012001,21.6311866,-158.0715961,3365.086685,245.3529728,4.823518607,0.033630612,0,0,0,6.683243199,5.763427,4.437319425,3.794828118,823.039273241,123.09355891,227.132675962,417.385086033,546.480028696,195.338459481,217.174043361,259.004584014,293.224023055,1091500,1945600,3037100,RESIDENTIAL A,1,2030
61012002,21.63098584,-158.0717596,1579.465286,174.7121293,5.841132901,0.333321715,0,0,0,3.919782895,3.919782895,3.393035814,3.393035814,983.747223422,165.841999487,314.195281203,563.541651701,681.381804838,305.771211283,319.888089501,332.946251459,339.591758877,831900,2036300,2868200,RESIDENTIAL A,1,2030
61012004,21.63047252,-158.0720859,1313.09964,151.7243419,2.797374882,0,0,0,0,8.289632379,7.418702382,5.184853069,3.329863393,528.623006983,92.0226341554,178.822077139,274.693159285,274.693159226,160.392429952,176.352086368,199.236677695,226.24463781,1139500,1784500,2924000,RESIDENTIAL A,1,2030
61012005,21.63033891,-158.0722083,699.8359985,110.4482908,2.047910289,0,0,0,0,8.063575751,7.031997527,5.863866457,4.303202271,526.815483778,89.9586922388,173.100235587,274.466640753,274.46664079,152.586684042,166.0162114,183.447657177,209.24344199,849400,1387400,2236800,RESIDENTIAL A,1,2030
61012006,21.63020473,-158.0721837,1472.893356,160.8350437,12.636024280000001,6.778734213,1.428119554,0,0,18.62167086,17.96124935,16.74184861,15.35124471,535.241332375,88.8504818292,169.567235552,289.217668871,289.21766888,130.917090342,145.268352828,168.625141573,192.055979418,1207800,1498500,2706300,RESIDENTIAL A,1,2050
61012007,21.63003826,-158.0723832,4352.813522,426.4830354,5.411928934,0,0,0,0,13.00074385,12.19083429,10.4329373,9.066580372,1358.02054728,177.65091326,335.570518751,606.671945519,759.062878635,243.516082288,273.64116669,317.63406736,376.964530328,1209000,1731800,2940800,RESIDENTIAL A,3,2030
61012008,21.62952475,-158.0727136,2253.545578,205.9724639,18.85110405,13.74370109,9.38924373,1.728707502,0,29.79327416,29.14845147,25.84169748,21.95078865,608.80252202,81.3984827273,150.817679495,272.426794272,433.089305916,0,0,1.17326582438,18.2076293734,966900,1713400,2680300,RESIDENTIAL A,1,2100
61012009,21.62913734,-158.0731756,1972.600311,182.6641929,7.509347779,2.793180118,0,0,0,19.78210676,19.05495903,16.82255012,14.31372627,743.97959199700006,70.0361886458,125.595677101,228.293655169,368.965649343,5.03576361351,11.4790561889,40.6447247292,77.6170854733,1140900,1912800,3053700,RESIDENTIAL A,1,2050
61012010,21.62888827,-158.0733053,2558.779022,231.4127879,7.772291044,2.934854481,0,0,0,19.63853178,16.6391775,13.25197597,10.82201647,634.107245785,75.9075497027,137.818141423,249.1057627,398.4204009,0,0,0.312428835055,7.55658803472,885400,1716600,2602000,RESIDENTIAL,1,2050
61012011,21.62864286,-158.0734423,2395.201019,203.4554485,17.37213469,13.90572295,11.9415713,10.87181267,10.43158362,18.08014207,17.28402593,15.04293659,12.28467657,663.301578874,0,0,0,0,0,0.0702183869787,5.58008102905,31.1721239265,1441700,1857000,3298700,RESIDENTIAL A,1,NA
61012012,21.6257659,-158.0759774,3378.304581,319.411383,4.941440237,0.516737408,0,0,0,11.97820686,11.2497519,9.525196129,7.554078385,560.10044114,161.61405388,291.919308945,503.140832365,511.072078909,0,0,0,0.00445555278787,1377500,1575900,2953400,RESIDENTIAL A,1,2030
61012015,21.62621338,-158.0755808,1316.884949,152.0595973,7.653282738,2.914735875,0,0,0,14.49584673,13.61280322,11.90254815,10.02269084,630.443110817,147.006501114,272.424048272,461.812696211,467.182683601,0,0.809432934728,24.0973319099,83.4476024401,888500,1609100,2497600,RESIDENTIAL A,2,2050
61012017,21.62660132,-158.0754329,1506.149414,157.1111754,3.205914588,0,0,0,0,9.750846185,8.440049993,6.893007801,5.080348093,1027.84303899,185.135261444,347.91211867,620.125295146,791.425372006,0.780576737118,16.8017641124,73.8118305222,137.712586714,2147600,1796400,3944000,RESIDENTIAL,2,2030
61012019,21.62676069,-158.0752434,2344.264084,266.7112171,12.60980713,6.468085713,0.685359564,0,0,23.625115,22.96070189,21.69796146,20.62757196,1190.02911198,179.119002382,347.254109442,623.044154727,960.920411631,0,0,3.19448256571,10.9663796655,1192700,2675600,3868300,RESIDENTIAL A,1,2050
61012021,21.62696786,-158.0750038,2426.016983,222.5359506,14.19638169,9.409249144,5.456838591,0,0,30.17910396,29.17881487,27.40498635,20.69646991,1356.36784041,170.7718338,342.42582368,604.483017595,943.427574673,0,0,0,0,2173800,2786900,4960700,RESIDENTIAL A,1,2075
61012023,21.62712066,-158.0747788,5474.583771,392.0745792,6.967033694,2.026066428,0,0,0,13.87721038,12.58713952,11.15181631,8.915765462,1004.24002741,158.916978403,290.521014515,529.194076588,833.243941643,0,0,0,1.04117675208,1546200,2551300,4097500,RESIDENTIAL,1,2050
61012025,21.62729899,-158.0745194,1030.060974,128.8724442,7.063483484,2.188016556,0,0,0,16.26320813,15.13256905,12.90499939,9.8609066,1125.82980948,200.179688368,356.994916915,564.110461396,626.051401877,0,0,4.06471613094,88.2379062326,1450000,2237500,3687500,RESIDENTIAL,1,2050
61012032,21.62942516,-158.0729434,4033.586639,313.2808309,8.683660067,3.454957083,0,0,0,15.31097276,14.47652121,12.09981676,9.540963265,1629.60052984,158.281210836,291.384606195,527.318179662,841.891618816,175.094899189,209.286664429,266.013444096,332.363232921,1294500,2959900,4254400,RESIDENTIAL A,1,2050
61012033,21.62876181,-158.073358,2071.29837,195.3980114,14.10658447,9.09255946,4.921489801,0,0,19.57214643,18.57961492,16.30822609,14.505030379999999,664.156772105,20.2411225521,39.1784344705,77.3562894423,137.188836655,0.478631197341,5.11735243894,30.2345184031,60.6590762808,1471600,1857500,3329100,RESIDENTIAL A,1,2075
61012034,21.62921853,-158.073001,3013.659836,252.0383974,13.91717948,8.956667473,4.913989038,0,0,23.85786283,22.64575336,20.66052172,19.04784206,791.622544522,76.1220660438,137.903304221,250.624690977,403.890995524,0.971926923245,5.23938601906,19.3243131181,48.0907998042,1121200,1871600,2992800,RESIDENTIAL,1,2075
61012035,0,0,2302.086014,258.184073,2.010807431,0,0,0,0,16.56395003,14.6942614,11.81402966,9.705348172,638.321245208,72.9084204405,130.976874088,237.540645092,382.688968548,0,0,0,0,2371600,1839000,4210600,RESIDENTIAL,1,2030
61012036,21.62963248,-158.0725752,1635.27034,168.5012363,28.45239444,23.28564251,18.89821715,11.22116129,1.124157686,38.69455919,37.96226087,35.35476123,32.97429098,470.570264587,0,0,81.7702133708,364.466382561,0,0,0,0,301800,853100,1154900,RESIDENTIAL A,1,2100
61012037,21.62976916,-158.0727705,1005.233032,147.0792243,2.941355516,0,0,0,0,13.64463208,12.83973148,10.38919188,8.260305591,738.669947492,162.453360404,301.58155423,463.663315467,502.839556023,0,0,0.204590060174,27.2984655421,934200,1863100,2797300,RESIDENTIAL A,1,2030
61012038,21.62987769,-158.0724644,2150.124466,223.5918938,12.59399673,7.203536614,2.504805553,0,0,22.98431823,22.1168279,20.75032019,18.51697073,581.128563318,82.7355340028,154.670900309,279.053101138,436.294711656,0,0,0,4.60965342923,872700,1701900,2574600,RESIDENTIAL A,1,2075
61012039,21.63057856,-158.0720121,1692.084991,174.7776063,2.412923569,0,0,0,0,7.47208089,6.542394354,4.657851747,2.476425985,528.623008632,93.8042305274,183.374483547,273.46593418,273.465934197,164.869231993,181.310457405,210.135901181,246.818861855,1065400,1673000,2738400,RESIDENTIAL,1,2030
61013006,21.63646006,-158.0685031,3389.465424,261.5728062,384.7251171,384.7199683,384.7199683,384.7199683,384.7199683,91.77976628,67.35089682,65.83560256,31.26433866,1009.3234948,0,0,0,0,0,0,0,0,843000,2060900,2903900,RESIDENTIAL,1,NA
61013007,21.63666464,-158.0684891,5598.206055,347.3130818,361.5853408,361.5801765,361.5801765,361.5801765,361.5801765,103.5098394,55.73207328,54.11536291,25.9405202,809.920003615,0,0,0,0,0,0,0,0,1574800,2234400,3809200,RESIDENTIAL,1,NA
62003004,21.59345582,-158.1013294,2228.315277,214.2733498,351.8864843,344.3722465,335.6252825,324.0403388,312.0514762,18.45030957,17.53931207,16.6386733,16.2165956,1094.11326444,0,0,0,0,2.32638088732,4.08589083461,7.98698553813,16.0756732173,534400,800400,1334800,RESIDENTIAL,1,NA
62003005,21.5934791,-158.1015005,3736.543777,264.2835213,338.8199328,331.6033551,323.2374403,312.2245084,300.9274839,13.45996443,12.76701083,11.82864023,11.49827289,1938.03014631,0,0,0,0,3.14216633273,6.11599919679,10.0262107518,19.7334811161,392600,706000,1098600,RESIDENTIAL A,2,NA
62003006,21.59408322,-158.1029656,163.2663269,51.284303,238.7107057,235.5336401,232.3169401,228.9569981,226.7403513,37.58299685,35.9006847,8.569780413,0,7514.45231489,0,0,0,0,40.9865948454,184.926329281,787.412226023,2780.32420854,0,969100,969100,RESIDENTIAL,2,NA
62003010,21.59449695,-158.1035694,860.2109528,120.4384739,192.4059306,192.2985249,192.2985105,192.2985174,192.298519,29.06422718,28.59347956,27.70751844,18.87837545,10302.9598148,0,0,0,0,4136.46105418,4395.21569386,4784.71063719,5453.5847378,0,6000,6000,RESIDENTIAL,1,NA
62003036,21.59428376,-158.1031122,2641.413605,220.0856609,209.2659985,206.7889132,204.5101532,202.6153215,202.005963,43.69293815,42.50054913,0,0,2395.26515025,0,0,0,0,33.4876617199,50.1711902224,254.104997497,736.598016854,70800,924300,995100,RESIDENTIAL,1,NA
62012031,21.5927096,-158.10258,1382.042206,228.4384289,390.5473888,386.4497627,381.8888546,376.228186,370.8912544,34.56044265,34.0654275,32.06478736,28.06361149,5633.79455003,0,0,0,0,61.8282567744,94.2120504381,183.939128123,374.512724131,909400,1227400,2136800,RESIDENTIAL,1,NA
66003010,21.59045644,-158.1079431,2248.025848,202.7873415,260.8718931,257.9275462,256.46954,253.0883389,247.9781425,263.1183833,262.5991708,260.7103343,228.0557673,946.215138803,0,0,0,0,0,0,0,0,515800,724000,1239800,RESIDENTIAL A,2,NA
66003011,21.59059119,-158.1081991,605.7470245,98.53550074,232.8202242,229.8607595,228.3904609,224.9967137,219.869749,234.2680844,233.7697071,231.9111639,230.7406855,1021.9066682,0,0,0,0,0,0,0,0,125600,954400,1080000,RESIDENTIAL,1,NA
66003012,21.59076714,-158.1081124,2404.568375,232.4231932,229.2552308,226.2651694,224.76988,221.3505212,216.1891568,229.1129562,229.1129562,227.5066246,226.6003759,987.650124241,0,0,0,0,0,0,0,0,168800,994400,1163200,RESIDENTIAL A,1,NA
66003014,21.59099494,-158.1087192,4136.786148,370.5632396,157.5613569,154.5624451,153.0600759,149.6336006,144.4628997,157.3801464,157.3801464,155.8503738,154.9316542,1402.59819821,0,0,0,0,0,0,0,0,291900,1020000,1311900,RESIDENTIAL A,1,NA
66003015,21.59164395,-158.1086152,2175.999649,242.3059725,139.0508811,136.1917704,134.91680590000001,131.7455025,126.812283,145.3004587,144.5556001,143.2593083,140.9727277,939.178593944,0,0,0,0,0,0,0,0,307900,951600,1259500,RESIDENTIAL A,1,NA
66003016,21.59110787,-158.1084986,490.353363,88.6079408,181.2150785,178.1900735,176.6663356,173.2179081,168.017639,181.1063742,181.1063742,180.1779742,178.8774929,4641.65872701,0,0,0,0,0,0,0,0,66100,1494900,1561000,RESIDENTIAL,1,NA
66003018,21.5911062,-158.1072444,3489.377457,253.2137618,281.9801401,279.108081,277.7343611,274.4116294,269.354849,223.0336553,222.9876711,222.4939229,211.8467915,2739.15337841,0,0,0,0,0,0,0,0,782100,1072200,1854300,RESIDENTIAL,1,NA
66003032,21.59137197,-158.1079331,3216.653961,257.3134909,206.7072267,203.8557904,202.5486707,199.3217471,194.3470469,214.136644,213.4853352,211.6784459,208.6510781,428.785201256,0,0,0,0,0,0,0,0,98200,829200,927400,RESIDENTIAL,1,NA
66003033,21.59154509,-158.1079672,1985.882477,204.5825056,201.1892733,198.3103315,196.9176122,193.5711381,188.4977896,207.5719295,206.9945964,205.7194516,203.529956,425.91933468,0,0,0,0,0,0,0,0,126600,829200,955800,RESIDENTIAL,1,NA
66003034,21.59175794,-158.1080358,1750.768066,176.2298568,178.2500224,175.3695131,173.9645654,170.6049951,165.5253141,184.7150774,183.9908351,182.7720535,180.8610014,430.292414315,0,0,0,0,0,0,0,0,247400,829200,1076600,RESIDENTIAL,1,NA
66003035,21.59190241,-158.1080733,2885.061111,284.3963982,163.080518,160.2065859,158.777927,155.3843129,150.284754,169.6718866,169.1008136,168.2436527,166.7397965,537.182191101,0,0,0,0,0,0,0,0,283400,857100,1140500,RESIDENTIAL A,1,NA
66003038,21.5919348,-158.1077781,922.8779144,127.0919216,191.4367588,188.578169,187.1571853,183.782288,178.7121669,182.6129141,181.9728725,181.2009247,180.2453567,639.295211988,0,0,0,0,0,0,0,0,203000,1210900,1413900,RESIDENTIAL,1,NA
66003040,21.59178014,-158.1077539,1493.537308,164.9354582,200.7513563,197.8780663,196.4497195,193.0568604,187.9584689,192.1637337,191.8688394,191.136789,189.915047,426.27227809,0,0,0,0,0,0,0,0,101000,829200,930200,RESIDENTIAL,1,NA
66003041,21.59156522,-158.1076841,395.9060516,86.83427777,223.9474721,221.0682776,219.6579012,216.2900563,211.2050671,204.5132926,204.5132926,203.7596486,200.4957432,426.449619476,0,0,0,0,0,0,0,0,238800,829200,1068000,RESIDENTIAL,1,NA
66003043,21.5913864,-158.1076467,4202.774185,416.0807612,226.1070498,223.2250752,221.8257315,218.4753381,213.4018505,206.3008725,206.3008725,205.5254779,201.208168,424.707623895,0,0,0,0,0,0,0,0,86100,829200,915300,RESIDENTIAL,1,NA
66003045,0,0,4071.386414,325.1498376,193.904393,191.0758806,189.6700702,186.3321426,181.3201238,167.6988844,166.9053865,166.1141826,165.2986844,892.644848706,0,0,0,0,0,0,0,0,564400,788400,1352800,RESIDENTIAL,2,NA
66003054,21.59015123,-158.1081794,3524.798004,317.5979714,250.8522825,247.9625875,246.5586407,243.2354311,238.1371143,256.6065873,255.8850326,229.4259662,184.2332736,619.752113013,0,0,0,0,0,0,0,0,177600,755200,932800,RESIDENTIAL,1,NA
66003056,21.59005906,-158.1079265,2829.347382,304.8153891,279.5474308,276.67000410000003,275.2844094,271.99721950000003,266.9819126,285.3650563,284.5232022,235.8545408,188.8436894,600.251334098,0,0,0,0,0,0,0,0,162100,876200,1038300,RESIDENTIAL,1,NA
66003058,21.59128137,-158.1074414,565.3576965,97.00631671,262.0043146,259.1249968,257.7305387,254.3810368,249.3075074,214.4987722,213.8621941,213.3284399,204.7726238,1824.66863857,0,0,0,0,0,0,0,0,482200,1090200,1572400,RESIDENTIAL,1,NA
66003059,21.59209389,-158.1075055,3039.634079,244.4590422,202.247521,198.6319241,196.3332926,191.9462316,185.8151674,158.6565147,158.0549191,157.2890316,156.2987664,709.13194411,0,0,0,0,0,0,0,0,768900,894800,1663700,RESIDENTIAL,1,NA
66005001,0,0,2204.800568,222.537753,288.3651966,286.4247814,286.3728761,284.7523994,281.3659272,214.2082734,213.7864687,21.97864062,0,1452.35127887,0,0,0,0,0,0,0,261.153891428,657800,847600,1505400,RESIDENTIAL,3,NA
66005003,21.58910628,-158.1091513,1669.349014,188.9933591,210.0182237,207.9531394,207.7486591,205.9290267,202.3382175,226.1050478,225.3087327,98.17450525,73.43090981,1792.81684377,0,0,0,0,0,0,0,0,203300,1084700,1288000,RESIDENTIAL A,1,NA
66005005,21.58920628,-158.1096445,10096.16417,589.8420896,148.2889029,146.2324955,146.0289039,144.2172953,140.6431121,164.0466061,163.2568814,92.67846664,84.36768978,2877.50471885,0,0,0,0,0,0,0,0,797600,1168400,1966000,RESIDENTIAL A,4,NA
66005006,21.5891935,-158.1102761,1592.030243,174.6847637,122.3360119,120.5594283,120.684052,119.2726923,116.1027976,135.9412804,135.2331355,134.5266513,133.1119566,645.36727423,0,0,0,0,0,0,0,0,127000,886900,1013900,RESIDENTIAL A,1,NA
66005008,21.58976956,-158.1098871,2924.445892,258.6776156,102.9225964,100.849137,100.6437873,98.81641213,95.20991073,119.617239,118.6574048,117.2582723,114.9245984,1274.2582118,0,0,0,0,0,0,0,0,250900,994600,1245500,RESIDENTIAL,2,NA
66005009,21.58997015,-158.1097601,3980.287155,341.5788091,101.2670082,99.23483842,99.03361019,97.24381001,93.71571402,117.6370605,116.2897676,114.6814512,112.2679302,1405.91586522,0,0,0,0,0,0,0,0,478300,1020000,1498300,RESIDENTIAL,1,NA
66005010,21.589524,-158.1090506,1117.788559,147.0394223,197.0935671,195.0323713,194.8282182,193.0116759,189.4271589,213.8451307,212.4745246,144.0970373,114.7627575,3464.06014544,0,0,0,0,0,0,0,0,132500,1257700,1390200,RESIDENTIAL A,1,NA
66005011,21.58942696,-158.1089053,1898.953278,191.5311651,214.1652158,212.0988147,211.8941477,210.0729602,206.4789857,230.9908965,229.6448884,135.3430478,101.555973,605.176179896,0,0,0,0,0,0,0,0,120000,867000,987000,RESIDENTIAL,1,NA
66005013,0,0,2653.024094,229.6332192,171.6130382,168.70806,167.3353276,164.0584015,159.0504848,177.8722908,176.9884251,176.0389312,173.8115803,1529.87230686,0,0,0,0,0,0,0,0,667500,854300,1521800,RESIDENTIAL A,2,NA
66005014,21.590453750000002,-158.1092256,936.723999,127.5090254,140.3805724,137.5118683,136.1416299,132.8779478,127.88881,146.2915395,145.3692552,144.3265718,142.6087205,1593.86161933,0,0,0,0,0,0,0,0,377700,1058300,1436000,RESIDENTIAL,1,NA
66005015,21.59060235,-158.1085998,310.9845886,70.59344892,196.2263213,193.2938258,191.8456388,188.474631,183.3783327,200.1590303,199.6023642,197.6628504,195.7743397,578.738654943,0,0,0,0,0,0,0,0,42800,861800,904600,RESIDENTIAL,1,NA
66005016,21.59018434,-158.1085763,2027.698776,199.0950005,213.4084445,210.538657,209.1827079,205.9453778,200.9825234,219.4195504,218.5068226,217.5185491,183.86330040000001,1042.02677307,0,0,0,0,0,0,0,0,117900,956500,1074400,RESIDENTIAL,1,NA
66005018,21.58955313,-158.1080359,2779.227722,238.9185174,290.0742916,288.1080914,287.9133482,285.6115607,280.5654055,299.2164319,298.6262588,195.69661,147.2809596,1388.40678347,0,0,0,0,0,0,0,0,212100,1025000,1237100,RESIDENTIAL,3,NA
66005026,21.58835307,-158.1091954,1673.005798,192.7460874,264.2398369,262.332331,262.3198136,260.757962,257.4374261,218.8572934,218.4261681,12.65029116,9.525886413,1393.29075142,0,0,0,0,0,0,0,0,145300,1024200,1169500,RESIDENTIAL,1,NA
66005027,21.58943411,-158.1083815,1103.803726,139.6257762,263.7391784,261.7075428,261.50631,259.71599200000003,256.184151,278.819426,277.9774425,157.2193622,111.2884207,1599.92578815,0,0,0,0,0,0,0,0,593800,1057500,1651300,RESIDENTIAL,1,NA
66005030,21.59010892,-158.1092861,2926.378677,294.264267,144.420373,142.505173,142.2914239,140.4935916,136.9313967,154.4032574,153.5945398,152.51121,150.2714503,536.878863393,0,0,0,0,0,0,0,0,479900,860300,1340200,RESIDENTIAL A,1,NA
66005031,21.5903268,-158.1095803,3164.366608,302.4521807,111.4623026,108.5315356,107.1464889,103.8395243,98.78392037,117.4177048,116.9517157,115.6547609,113.5161433,471.743095162,0,0,0,0,0,0,0,0,131900,853000,984900,RESIDENTIAL,1,NA
66005033,21.58986067,-158.1087795,1844.732681,186.8545031,204.432987,202.4785178,202.284978,200.5639664,196.5648079,214.6462131,213.8907309,185.1843651,148.4816417,928.923486,0,0,0,0,0,0,0,0,381200,749900,1131100,RESIDENTIAL,2,NA
66005034,21.58990271,-158.1084582,1778.73233,170.2606155,237.0842941,234.5241055,233.1453576,229.8534289,224.8207059,243.5568181,242.9183972,199.1640373,156.9044587,947.117855301,0,0,0,0,0,0,0,0,441400,766500,1207900,RESIDENTIAL,2,NA
66005035,21.58904451,-158.1083553,3275.371185,296.4643399,282.0230976,279.9600654,279.7557274,277.9374866,274.349362,293.2386732,292.9860297,132.0786961,81.83335119,716.701731043,0,0,0,0,0,0,0,0,188300,890200,1078500,RESIDENTIAL A,2,NA
66005036,21.58892408,-158.1081824,2490.158905,222.5257701,304.8093934,302.7443089,302.5397688,300.7197047,297.127889,286.0533807,285.8021073,133.5961581,82.0432812,676.878923114,0,0,0,0,0,0,0,0,154300,890200,1044500,RESIDENTIAL A,1,NA
66005038,21.58880604,-158.1091223,418.3921356,81.98246551,240.856033,238.8362934,238.6742455,236.9125719,233.3880069,255.7940659,255.0226048,67.50987669,43.80058331,1790.08913561,0,0,0,0,0,0,0,0,298800,1079000,1377800,RESIDENTIAL,1,NA
66005040,21.5889114,-158.1100544,2390.494843,221.7821303,157.3786463,155.6981012,155.9463577,154.6762939,151.6300961,170.8174331,170.0873211,108.9453495,105.4182894,709.647460549,0,0,0,0,0,0,0,0,172000,892600,1064600,RESIDENTIAL A,1,NA
66005042,21.58908193,-158.1099528,2365.685425,239.6853774,153.269616,151.3952212,151.3859281,149.8387054,146.5509725,167.1042948,166.3967925,118.422768,114.7806523,632.352518295,0,0,0,0,0,0,0,0,228600,880100,1108700,RESIDENTIAL A,1,NA
66005043,21.58999426,-158.1082964,1773.536118,185.298846,245.8821993,242.9992638,241.6369315,238.3849523,233.4154279,251.9713468,251.0661299,216.4423628,172.4751627,1053.09966934,0,0,0,0,0,0,0,0,302800,956500,1259300,RESIDENTIAL A,1,NA
66005047,21.58913024,-158.1085495,2915.133987,236.9406913,259.2452928,257.178003,256.9732476,255.1512526,251.5555926,276.0626671,274.7389035,116.9034669,69.53375047,903.812904762,0,0,0,0,0,0,0,0,452500,932700,1385200,RESIDENTIAL,1,NA
66005049,21.59030484,-158.1087564,2619.554276,214.7693995,189.8071126,186.9414986,185.5752723,182.3155014,177.3287388,195.7295797,194.808421,193.7664304,192.0497028,636.332788318,0,0,0,0,0,0,0,0,711900,767700,1479600,RESIDENTIAL,1,NA
66005050,21.59067741,-158.1088644,3889.205338,305.7129606,159.7937157,156.8728316,155.4342083,152.0730762,146.9901609,164.8214913,164.0009324,162.2747645,160.0819674,3607.31988567,0,0,0,0,0,0,0,0,491500,1421900,1913400,RESIDENTIAL A,1,NA
66005051,21.58993762,-158.1086765,1847.356781,192.875077,211.8392654,209.9250371,208.6443787,205.3416571,200.2919396,218.9297768,218.3698076,196.313075,157.5120661,929.503033136,0,0,0,0,0,0,0,0,130000,714000,844000,RESIDENTIAL,2,NA
66005052,21.58960726,-158.1086223,2052.63591,199.5329616,229.5336355,227.5200617,227.3206283,225.5465343,222.0477119,243.5097256,242.6592958,163.0696691,121.8014607,464.438043509,0,0,0,0,0,0,0,0,170200,850000,1020200,RESIDENTIAL,1,NA
66006003,21.59006557,-158.1103075,1722.819,196.6456823,51.0403248,48.97161877,48.76674242,46.9438086,43.34717306,67.8583399,66.65249056,65.2596009,63.04702504,1099.56560709,0,0,0,0,0,0,0,0,84800,966200,1051000,RESIDENTIAL A,1,NA
66006004,21.58973981,-158.1105203,1380.556442,163.5191685,60.98901741,59.06082738,59.02848419,57.43790559,54.08733701,75.02993179,74.50008955,73.44662332,72.63089256,983.264435138,0,0,0,0,0,0,0,0,149600,944900,1094500,RESIDENTIAL A,1,NA
66006010,21.59016688,-158.1109453,1657.745163,184.1474988,0.725980838,0,0,0,0,14.70498007,14.00071764,13.29035562,11.95192108,2430.14564098,114.344211594,116.748177122,212.24865097,411.928110912,0,0,0,0,312400,2168500,2480900,RESIDENTIAL,1,2024
66008011,21.58753962,-158.1101112,4364.254211,303.6950084,271.3465471,269.6577777,269.9705341,268.8145948,265.8827859,184.4930137,184.1559253,70.79516701,51.8797175,4612.36479389,0,0,0,0,0,0,0,0,807300,1611100,2418400,RESIDENTIAL,1,NA
66008013,21.587641,-158.1110857,1240.307892,146.5443626,204.0216257,202.4185822,202.7416843,201.6673056,198.8946765,211.9606711,211.1670267,164.4840854,129.3243661,680.871547729,0,0,0,0,0,0,0,0,349800,880700,1230500,RESIDENTIAL,1,NA
66008014,21.58748998,-158.1109735,2099.012436,275.3973401,222.8174629,221.2115212,221.5352242,220.4588221,217.6806171,225.1598608,224.8095376,158.6502742,123.8459996,1238.76580255,0,0,0,0,0,0,0,0,270200,993600,1263800,RESIDENTIAL,1,NA
66008015,21.58716836,-158.1105405,3096.969177,250.4587572,275.2428002,273.6273754,273.941398,272.8488196,270.0510222,172.8012929,172.442103,133.9989408,80.84958726,1292.54512076,0,0,0,0,0,0,0,0,60700,726800,787500,RESIDENTIAL,2,NA
66008016,21.58772888,-158.1106777,2794.334366,280.3803095,220.2495635,218.5807683,218.8897638,217.7477886,214.8521767,227.7640963,227.7489476,126.3238078,116.7494412,847.291009404,0,0,0,0,0,0,0,0,140600,919700,1060300,RESIDENTIAL A,1,NA
66008017,21.58785781,-158.1111,1497.14006,191.361589,182.3900928,180.7754929,181.0909712,180.0005328,177.2049823,190.73636,189.9776269,168.8671058,152.1940225,1332.65835464,0,0,0,0,0,0,0,0,87700,1009000,1096700,RESIDENTIAL A,1,NA
66008018,21.58812432,-158.1110225,590.5328979,97.2316166,168.3300799,166.6673187,166.9751669,165.8374828,162.9533932,179.5766698,178.8616117,168.6883225,162.0974594,471.770468093,0,0,0,0,0,0,0,0,142800,851700,994500,RESIDENTIAL,1,NA
66008019,21.58814717,-158.1108349,1278.510147,148.9529019,177.7386544,176.0496944,176.3624797,175.2064492,172.2746112,189.9192141,189.1499655,147.1566909,141.2750072,781.944050685,0,0,0,0,0,0,0,0,2600,816000,818600,RESIDENTIAL,1,NA
66008020,21.5883509,-158.1108141,924.2287903,122.2715301,166.5399383,164.8374553,165.1528214,163.9872016,161.030437,179.0829129,178.2894452,152.0650448,147.1270066,605.98376504,0,0,0,0,0,0,0,0,81900,879400,961300,RESIDENTIAL,1,NA
66008021,21.58821638,-158.1105492,1395.23851,158.5616627,194.8064587,193.7826249,194.8142463,193.9851156,191.0281598,209.0128658,208.2067965,119.8244999,114.7623683,519.96668018,0,0,0,0,0,0,0,0,607500,862200,1469700,RESIDENTIAL,1,NA
66008022,21.58805267,-158.1099943,1632.859512,172.0236685,239.1017825,237.8615121,238.5886111,237.8647052,235.3295498,231.2271958,231.2271958,61.58372286,55.71937394,5992.7803973,0,0,0,0,0,0,0,0,1273200,1446300,2719500,RESIDENTIAL,1,NA
66008023,21.58886735,-158.11053,2138.595474,235.7600011,131.2793532,129.885462,130.4214653,129.5392553,126.9362226,144.8292203,143.9940383,143.1610243,142.0601401,480.879521918,0,0,0,0,0,0,0,0,144400,858500,1002900,RESIDENTIAL,1,NA
66008024,21.58880772,-158.1103905,2501.366348,206.0854845,146.9129779,145.4612237,145.910187,144.9077088,142.1980267,160.3279068,159.5071031,130.8838845,128.8326926,489.57989074,0,0,0,0,0,0,0,0,184900,853300,1038200,RESIDENTIAL A,1,NA
66008025,21.58877193,-158.1102198,3111.757263,241.2825707,158.442117,156.8227025,157.1437911,156.0419996,153.2231591,172.0430791,171.2581765,113.8531587,111.7492106,477.681006863,0,0,0,0,0,0,0,0,157800,851800,1009600,RESIDENTIAL,1,NA
66008026,21.58721137,-158.1097687,3011.465439,253.885856,322.785575,321.0949572,321.4080638,320.2508213,317.3155999,138.8097538,138.5699498,76.26947387,10.29054519,3516.71686839,0,0,0,0,0,0,0,1261.54951685,151400,250000,401400,RESIDENTIAL,1,NA
66008029,21.58758556,-158.1104932,2063.144241,194.8408075,246.132091,244.4668847,244.7752109,243.6357085,240.7463533,206.7682975,206.7682975,112.1409409,97.46806941,1118.38580835,0,0,0,0,0,0,0,0,506200,928100,1434300,RESIDENTIAL,2,NA
66008030,21.5881154,-158.110403,2509.24527,255.7577221,210.187687,209.153515,210.1577639,209.4382474,206.4812307,224.4881544,223.6853222,101.4781353,95.09435665,550.861300004,0,0,0,0,0,0,0,0,216800,864100,1080900,RESIDENTIAL,1,NA
66008037,21.58870351,-158.1100794,3275.37413,290.9126594,182.1953258,180.5227652,180.7761306,179.5028944,176.4432657,195.6384573,194.9056765,104.2886008,102.2393293,519.844061069,0,0,0,0,0,0,0,0,181800,764200,946000,RESIDENTIAL,1,NA
66008038,21.58849174,-158.1102297,2942.745712,246.058202,181.0754066,179.7560389,180.3722416,179.55308110000001,176.9717084,194.8167532,193.9806218,97.48456129,94.54287292,463.159067496,0,0,0,0,0,0,0,0,110600,851700,962300,RESIDENTIAL,1,NA
66008039,21.58836333,-158.1103556,2111.441727,205.1926514,187.7214705,186.5447443,187.3548447,186.9158993,184.8343676,202.3163245,201.8058273,101.5136013,97.32086757,456.531284951,0,0,0,0,0,0,0,0,212800,750600,963400,RESIDENTIAL,1,NA
66008040,21.58850395,-158.1104913,3506.848785,279.0280118,166.3126706,165.0952047,165.8877886,165.4379953,163.2660155,180.6297708,180.1276195,124.0369836,121.4870015,464.052722715,0,0,0,0,0,0,0,0,164300,850000,1014300,RESIDENTIAL,1,NA
66008041,21.58852058,-158.1107128,2752.617157,249.4512183,151.5072122,150.4916638,151.5293951,151.4028364,149.6237371,167.8166141,166.5988407,140.5416824,136.9166895,472.168084789,0,0,0,0,0,0,0,0,259000,850000,1109000,RESIDENTIAL A,1,NA
66008042,21.58862335,-158.110634,2519.414658,211.8324869,148.4188334,147.2953168,148.1834472,147.8440075,145.8496446,163.370131,162.8052741,141.0051151,138.4798256,491.731291715,0,0,0,0,0,0,0,0,206600,850000,1056600,RESIDENTIAL,1,NA
66013006,21.58582195,-158.1122074,3371.739838,303.2512416,334.0279184,332.714812,333.4811466,332.9338278,330.6495705,127.2340727,127.2340727,15.92974522,0,1187.94933675,0,0,0,0,0,0,0,371.907373183,152800,766900,919700,RESIDENTIAL,1,NA
66013008,21.58570427,-158.1122624,3044.104385,315.5967377,339.9643504,338.6439949,339.4145457,338.8642164,336.5672803,122.9947174,122.9947174,13.29575454,0,2356.3039261,0,0,0,0,0,0,0,59.0896013106,398100,1203100,1601200,RESIDENTIAL,1,NA
66014013,21.58109124,-158.115874,2212.712402,216.382904,247.4786039,242.0850948,236.602399,228.1573249,218.1475284,68.38300699,68.27833717,13.28283837,0,1567.00064403,0,0,0,0,0,0,0,1101.01436499,566600,393500,960100,RESIDENTIAL,1,NA
66016018,21.57792927,-158.1104538,2142.602859,224.3723512,895.9071503,891.17816560000006,886.6168127,879.3203613,870.379988,2.475111537,1.526870704,0,0,3398.4080952,0,0,0,0,40.2902418081,155.358156345,598.795692731,1444.3523707,0,146900,146900,RESIDENTIAL,1,NA
66016021,21.57997831,-158.1093708,834.3127747,126.8566,836.2675201,831.740012,827.239223,820.1577946,811.6382907,13.13386216,13.0957682,12.13674141,0,8353.53803997,0,0,0,0,163.73668433,184.606744454,226.631526445,581.185997641,487300,1719500,2206800,RESIDENTIAL,2,NA
66020004,21.57777008,-158.1155803,3684.651169,364.5419229,570.2528451,562.496987,553.5366568,540.7272569,526.2104076,38.65864121,37.245155,12.95099912,0,42431.9685817,0,0,0,0,618.04750531,690.524957537,3248.28360351,27379.3304903,547400,250000,797400,RESIDENTIAL,2,NA
66020013,21.57688702,-158.1158749,937.0327148,139.6318341,643.8750212,635.5036958,626.071293,612.7035626,597.7729079,97.46633171,71.81430249,71.0083122,0,6324.5623066,0,0,0,0,0,0,0,3187.76080688,1051800,380200,1432000,RESIDENTIAL,1,NA
66021001,21.57738616,-158.1184009,210.253418,60.9448,520.7503333,513.6011006,505.613668,494.3834419,481.9729206,101.652307,77.18727563,10.5729634,0,38893.5652846,0,0,0,0,2072.16156889,3678.38390786,6454.11925147,22753.3651741,3600,555900,559500,RESIDENTIAL,3,NA
66021003,21.57858858,-158.118698,799.3713074,114.0748677,382.3144678,375.3651468,367.6304405,356.8142395,344.9535374,52.02981749,46.37543637,28.22735469,0,5678.34382109,0,0,0,0,26.5458530194,55.7585379731,98.7106580187,2380.88943007,767400,244900,1012300,RESIDENTIAL,1,NA
66021005,21.57917984,-158.1183198,1462.166519,173.9356926,319.248313,311.8197345,303.5349872,291.9206367,279.1456458,99.36245042,55.37661597,8.663422191,0,8866.37075044,0,0,0,0,0,0,7.16501430287,5387.27603162,767600,462900,1230500,RESIDENTIAL,1,NA
66021007,21.57858846,-158.1168379,1552.28389,188.7574748,442.3397372,433.9856059,424.545887,411.1702211,396.2346775,16.12274723,8.944082196,3.158782031,1.74521588,7888.75439845,0,0,0,0,0,0,0,1110.21526442,310500,461900,772400,RESIDENTIAL,1,NA
66021008,21.57814835,-158.1172959,306.9639282,70.08591102,460.0311445,451.9270377,442.8326637,429.9717846,415.6494013,82.78854438,73.41938602,31.05938428,0,10228.9160851,0,0,0,0,0,0,1590.94194118,6905.48652058,740200,428000,1168200,RESIDENTIAL,1,NA
66021009,21.57665609,-158.1169895,1182.268677,169.4338966,623.0283216,615.0207387,606.0334283,593.3206562,579.1571651,135.3778222,66.39814779,37.44619013,0,30766.9950782,0,0,0,0,0,109.064752531,670.905233331,12653.6197586,709400,1203500,1912900,RESIDENTIAL,1,NA
66021017,21.57588077,-158.1182255,3903.729324,306.6875021,679.259816,671.9943655,663.8485071,652.3639552,639.6239121,148.7788984,145.4227077,82.12498822,0,574.265721136,0,0,0,0,0,0,0,48.4347085357,172100,663300,835400,RESIDENTIAL,1,NA
66030029,21.58895679,-158.1160084,2499.211746,226.4227431,4.750820515,0.542159356,0,0,0,17.8030853,16.85422189,15.58568631,13.69439552,1243.60804598,121.097225289,201.880042384,327.277849076,468.539980213,90.451002135,119.587482891,170.614311918,239.121277975,504100,1556400,2060500,RESIDENTIAL,1,2030
66030031,21.58896987,-158.115818,2272.867477,209.6922844,5.734456407,1.757488662,0,0,0,17.98390186,16.98360523,15.72654175,13.9826879,750.710896325,76.6445230808,126.646224843,212.537997778,321.350519344,3.0367878349,12.6107380223,35.7826574019,77.4450138744,497100,1467900,1965000,RESIDENTIAL,1,2050
66030034,21.58894882,-158.1154761,1954.682739,225.0839552,7.014739531,3.115528134,0.510199604,0,0,16.52955629,15.53128672,14.5289373,12.53296591,660.767790924,62.717321292,104.631357125,181.459870201,286.939848553,33.7641415352,49.6964632325,65.6247730588,92.0895947818,496900,1389500,1886400,RESIDENTIAL A,1,2050
66030035,21.58895154,-158.1153221,2399.608704,208.7501624,9.966029468,6.285657194,3.88463001,0,0,17.91978949,17.13199537,15.71035866,14.22563951,647.492270615,58.984026719,97.6906734828,169.638334869,269.160258954,24.191155741,37.453332346,58.7164949066,82.220280211,429800,1477600,1907400,RESIDENTIAL,1,2075
66030036,21.58894294,-158.1151899,2556.417694,227.2028461,9.494642388,6.157033418,4.256410721,0,0,19.41202265,18.67511673,17.45860432,15.80272873,690.824434556,57.9689188456,93.2036029709,160.827062874,254.662541534,16.8284498665,29.04594344,50.9487950706,80.5284289607,664000,1500100,2164100,RESIDENTIAL,1,2075
66030038,21.58886793,-158.1148868,707.7682343,108.7059192,22.4128044,19.73961355,18.75895386,16.00741114,11.53646728,42.21382111,38.61214677,35.76855651,33.91039649,794.211671925,47.7756930142,66.1003782264,116.222144183,197.860517013,0,0,3.06255689774,33.6890801459,546100,1528000,2074100,RESIDENTIAL A,1,NA
66030039,21.58890329,-158.1147683,2637.295273,269.2100673,8.789559039,6.739426478,6.296186602,4.133065629,0.265804672,37.54371371,31.28637468,20.30705883,19.1087701,766.520732822,35.7399588008,42.0575327615,75.1424037327,138.373232051,0,0,0.278490503652,11.6494207708,476400,1534200,2010600,RESIDENTIAL A,1,2100
66030040,21.5889221,-158.1145839,2077.618179,182.3511763,8.965369026,7.525971826,7.962058373,6.75259691,3.475154073,47.48989442,44.50264926,28.36869776,22.47490318,799.108984834,29.9744446504,27.9966294342,50.9314687242,104.25613789,0,0,0,0,539900,1529500,2069400,RESIDENTIAL A,2,NA
66030041,21.58882951,-158.1144618,2282.143738,192.6004813,12.58715295,11.37152087,12.14717368,11.65455223,9.361492977,37.63191439,34.84842352,29.88345494,26.45885589,705.667236657,21.8858647738,13.9926333718,26.3956358474,65.5111618762,0,0,0,0,496000,1518100,2014100,RESIDENTIAL A,1,NA
66030042,21.58876524,-158.1143203,2457.935486,237.3736192,10.60724317,9.654497378,10.8880072,10.75385075,8.882894828,26.71883984,24.51629569,21.56695182,19.76653185,641.874035385,17.2866822888,4.2304330287,9.34268419413,40.3999749844,0,0,0,0,520000,1515100,2035100,RESIDENTIAL,1,NA
66030043,21.58870005,-158.1141927,2126.594971,187.3353255,15.89912659,14.98561794,18.42150477,17.5408165,14.68067375,28.45277704,27.46594671,26.1923317,24.87645451,598.602706719,13.7144651786,0,0.0484877342607,18.7732512135,0,0,0,0,692700,1503600,2196300,RESIDENTIAL,1,NA
66030044,21.58865443,-158.1140476,1500.642258,191.7268974,14.77481795,13.9845578,29.06671095,27.47019273,14.74988124,28.30254781,27.54570729,26.24163315,25.01268636,617.367364693,10.9182019821,0,0,3.79033623831,0,0,0,0,439800,1510600,1950400,RESIDENTIAL A,1,NA
66031001,21.58861788,-158.1138841,1914.185471,187.4192861,21.39422509,17.28326306,44.24218872,42.49315794,21.394953309999998,32.70696737,31.70670284,29.41362632,26.67717304,629.057487739,9.92787137338,0,0,0,0,0,0,0,453100,1510600,1963700,RESIDENTIAL,1,NA
66031002,21.58865635,-158.1137223,1864.512787,184.614618,11.91464239,11.10004593,26.88821576,24.03280584,11.48140005,25.13057622,24.29313772,22.78743312,19.31877087,630.319629908,10.5211436886,0,0,1.16378842738,0,0,0,0,612800,1515100,2127900,RESIDENTIAL A,1,NA
66031004,21.5886223,-158.1134289,2211.562653,188.2726861,8.814700571,7.704189122,8.797418565,8.626641229,6.684260093,26.97788074,25.97755293,24.97728056,22.97670924,1354.99343599,32.7688065265,3.35985488333,8.54177133453,63.4894473229,0,0,0,0,1045100,1785200,2830300,RESIDENTIAL A,1,NA
66031007,21.58866448,-158.1129696,2587.293655,232.1579794,8.070052024,6.666342984,7.263585859,6.526584836,4.060879781,22.88056838,21.71697062,20.31993856,18.56567754,701.716526558,21.4124384112,12.1236489856,23.2099349092,60.8374396128,0,0,0.250852055111,14.5330066808,457900,1435000,1892900,RESIDENTIAL A,1,NA
66031008,21.58869796,-158.1128357,2866.69429,267.8654069,9.197973359,7.7580568,8.283111717,7.473092465,4.961580251,22.24529631,21.28979243,19.79459965,17.85238075,714.409670708,21.0246719044,13.5326458217,25.4921875698,62.4421058156,9.0679693507e-4,3.96769960731,21.431541881,45.8513345398,474800,1512100,1986900,RESIDENTIAL,1,NA
66031009,21.58876072,-158.1126941,2540.678482,216.1428077,10.59662576,9.039688723,9.476250924,8.514440897,5.810482933,22.97299499,21.71063654,20.44177355,18.54292793,773.182539885,22.4678056338,15.5267288239,29.0484830081,68.7361130554,5.87298215893,20.6189924476,39.1492416921,66.6036587778,979900,1532600,2512500,RESIDENTIAL,1,NA
66031010,21.58874289,-158.1125162,2010.178162,221.6746741,18.00221177,16.50723976,16.90992473,15.98649223,13.48464983,31.08695279,30.15339054,28.28639443,26.43185399,747.022321312,21.0765450764,15.2440101713,28.371255368900002,65.364718596,5.44705728764,18.01409423,40.4448905522,65.2279060356,420400,1377000,1797400,RESIDENTIAL A,1,NA
66031019,21.5887122,-158.1120357,1815.231766,173.4000199,52.69052286,51.10754941,51.42999269,50.37309553,47.64435258,60.54413633,59.73791101,58.5031202,56.67622459,774.752647102,0,0,0,0,0,0,0,0,221600,906700,1128300,RESIDENTIAL A,1,NA
66031020,21.58842461,-158.1122033,954.3674927,132.6643204,69.51197369,68.11825107,68.47929862,67.59359058,65.15176345,80.23312636,79.33550204,77.54779013,75.31111279,553.710848035,0,0,0,0,0,0,0,0,136800,862300,999100,RESIDENTIAL,1,NA
66031021,21.58848771,-158.1123978,2728.785324,215.6972079,48.78714348,47.33086823,47.72431328,46.82051196,44.33288857,61.69335147,60.68373088,58.97546728,56.97730343,506.779088662,0,0,0,0,0,0,0,0,128600,854100,982700,RESIDENTIAL,1,NA
66031040,21.58811189,-158.1118565,1529.924149,184.5548392,116.1573899,114.7044327,115.0532346,114.1125558,111.5761384,124.8081367,123.9387788,122.5744438,120.4816249,535.359427367,0,0,0,0,0,0,0,0,76200,853900,930100,RESIDENTIAL,1,NA
66031045,21.58807672,-158.1115009,2740.906067,223.308301,135.4802644,133.8944938,134.2161062,133.1544564,130.4138152,143.3231761,142.5196365,141.3480887,139.5187313,886.06795136,0,0,0,0,0,0,0,0,361400,923900,1285300,RESIDENTIAL,1,NA
66031046,21.5883975,-158.1115993,2584.181915,220.1456399,104.6062486,102.9879529,103.2974211,102.1990795,99.39614248,113.938684,113.2321333,111.8175738,109.7009839,937.881693249,0,0,0,0,0,0,0,0,1042500,890000,1932500,RESIDENTIAL,1,NA
66031047,21.58828414,-158.1113555,3969.876755,343.0494628,119.133351,117.5116566,117.8155087,116.7096056,113.8994086,129.0191038,128.3125483,126.9003869,124.7752566,669.675605245,0,0,0,0,0,0,0,0,636300,878500,1514800,RESIDENTIAL A,1,NA
66031048,21.5884252,-158.1112599,1905.168228,186.2063735,122.7951935,121.1216915,121.4315439,120.2864532,117.3836136,134.5135873,133.7639224,132.3518048,130.4972953,748.26467896,0,0,0,0,0,0,0,0,393500,900300,1293800,RESIDENTIAL,1,NA
66031052,21.5880513,-158.1117337,1986.437332,198.8123409,129.059531,127.5620294,127.901692,126.9202689,124.3147645,137.164491,136.3335294,134.9454061,133.0053617,407.104949721,0,0,0,0,0,0,0,0,88300,850000,938300,RESIDENTIAL,1,NA
67001054,21.58119432,-158.1267788,1353.34642,156.9972773,157.6139014,157.1729696,158.3566769,157.4883378,154.5991603,165.2963068,164.3839134,163.3874107,0,937.653453027,0,0,0,0,0,0,0,185.103431319,0,623500,623500,RESIDENTIAL,1,NA
67001055,21.58121372,-158.1262414,1780.465042,189.3548292,148.9947116,146.9151922,146.1862665,143.5486039,139.228831,156.0841668,155.2472575,154.249034,1.302317918,903.830574312,0,0,0,0,0,0,0,382.982623996,293700,692000,985700,RESIDENTIAL,1,NA
67007005,21.5801669,-158.1248791,162.9541168,55.98673742,280.6536135,277.044368,274.5497475,269.6882589,262.8541105,270.3700624,98.07308827,97.34862175,96.63392255,661.998386793,0,0,0,0,0,0,0,0,541900,724800,1266700,RESIDENTIAL,1,NA
67007006,21.58027096,-158.125054,1075.330276,134.8033954,261.9654828,258.3847565,256.0257046,251.4547288,244.9309521,266.4345769,114.1558508,113.557343,112.7051634,673.842023132,0,0,0,0,0,0,0,0,134000,724800,858800,RESIDENTIAL,1,NA
67007007,21.5803484,-158.1251254,859.87323,119.3254502,253.2571749,249.7631651,247.4124808,242.8585484,236.47862370000001,257.7206792,124.6296589,124.0407111,123.1773781,646.377356413,0,0,0,0,0,0,0,0,325800,724800,1050600,RESIDENTIAL,1,NA
67007008,21.58040318,-158.1253463,3899.203888,289.9715886,234.3083417,231.1808614,229.2856541,225.1806151,219.0966776,239.2412288,144.1258489,143.3953194,106.3590351,696.744303016,0,0,0,0,0,0,0,0,435500,724800,1160300,RESIDENTIAL,1,NA
67007009,21.58043371,-158.1255762,1932.652496,187.1389985,233.2169828,230.4282806,229.0154751,225.4979131,220.0150876,238.8726461,180.1872841,179.3378792,90.30566484,674.885431955,0,0,0,0,0,0,0,0,664100,724800,1388900,RESIDENTIAL,1,NA
67007010,21.58065512,-158.1257061,1123.763123,158.0151126,209.6086143,206.8257279,205.4185684,202.0374842,196.8675869,215.6494828,194.1619008,193.3272647,66.03360121,685.421502909,0,0,0,0,0,0,0,0,251300,724800,976100,RESIDENTIAL,1,NA
67007011,21.58075365,-158.1258551,894.1628876,121.5961906,200.0577237,197.5823219,196.4193277,193.1905599,188.1067292,207.099919,206.0996029,205.0992572,47.16190932,657.892983307,0,0,0,0,0,0,0,0,158000,724800,882800,RESIDENTIAL,1,NA
67007012,21.58069232,-158.1260586,3913.720367,327.065469,193.576719,191.256812,190.3740187,187.6538572,183.1711249,201.2410222,200.2406749,199.2403994,30.13472091,678.083194013,0,0,0,0,0,0,0,0,220200,724800,945000,RESIDENTIAL,1,NA
67007013,21.58076417,-158.12623,4006.644653,305.9210628,188.2599406,186.2349667,185.5358169,182.897344,178.5732169,195.346237,194.5496873,193.5522456,19.85768375,722.139639606,0,0,0,0,0,0,0,0,157500,724800,882300,RESIDENTIAL,1,NA
67007014,21.58081067,-158.1263945,4529.159287,326.0875856,186.7789017,184.8435552,184.2520858,181.7119189,177.4120559,193.9155105,193.1732562,192.1773132,18.29669719,685.002823121,0,0,0,0,0,0,0,0,436700,724800,1161500,RESIDENTIAL,1,NA
67007015,21.58090766,-158.12662,696.4452972,106.286172,187.3460805,186.7980811,187.1278764,185.3139096,181.8771633,195.0594427,194.3569316,193.2719563,12.0167296,638.755857574,0,0,0,0,0,0,0,0,290700,724800,1015500,RESIDENTIAL A,1,NA
67007016,21.58095595,-158.1267551,2169.682648,255.4559567,181.9113813,181.4595252,182.2143092,180.7669085,177.4007097,189.5365901,188.6413064,187.6462691,2.440991901,646.915991372,0,0,0,0,0,0,0,0,249800,724800,974600,RESIDENTIAL,1,NA
67007017,21.58083715,-158.1269509,2627.296722,225.6442201,195.1405474,195.5905524,197.6675261,197.147598,194.6614909,203.2060499,202.3938761,201.0186389,12.98292793,615.833997732,0,0,0,0,0,0,0,0,190500,724800,915300,RESIDENTIAL,1,NA
67007018,21.58084634,-158.1272498,585.3479767,96.7759233,196.3130692,206.2281973,210.7069841,210.0526252,208.2823343,203.7551303,203.118904,201.9716479,17.68062535,875.675612768,0,0,0,0,0,0,0,0,109400,799000,908400,RESIDENTIAL,1,NA
67007019,21.58087348,-158.1273819,4398.795929,373.2563824,178.1449795,194.707619,200.2782667,199.4780122,197.3011765,183.8020916,183.17582289999999,181.9065196,8.160780901,842.27662526,0,0,0,0,0,0,0,0,181700,801200,982900,RESIDENTIAL,1,NA
67007037,21.58028382,-158.1244521,1954.076996,180.6179579,276.5616269,272.7022297,269.8931998,264.6751783,257.4952587,231.3453424,79.08384339,78.27000652,77.38632629,579.672137166,0,0,0,0,0,0,0,0,373500,679300,1052800,RESIDENTIAL A,1,NA
67007074,21.58046633,-158.1244187,2517.835373,214.6639585,254.1052319,250.1307634,247.1722202,241.7813404,233.75546,215.9474443,91.54405998,90.99264323,90.38353178,517.476567942,0,0,0,0,0,0,0,0,657200,653400,1310600,RESIDENTIAL,1,NA
67007075,21.58063917,-158.1244281,2235.584061,207.6216984,237.2401373,233.2311416,230.2304789,224.1630854,215.8839298,198.313746,101.422537,100.8929139,99.97641156,560.549431123,0,0,0,0,0,0,0,0,532400,660400,1192800,RESIDENTIAL,1,NA
67007076,21.58082638,-158.1244412,1855.766022,175.7987726,216.3778912,211.6944404,207.85650330000001,201.4473296,193.1843788,195.7208587,118.7158331,116.7335073,115.6242746,749.777483916,0,0,0,0,0,0,0,0,343100,716400,1059500,RESIDENTIAL A,1,NA
67007077,21.58105369,-158.1243233,1993.557968,187.8028341,195.093324,190.3535251,186.431732,179.8978606,171.5121702,181.1690187,132.0432899,127.0766763,123.3154276,739.969916459,0,0,0,0,0,0,0,0,383900,645300,1029200,RESIDENTIAL A,1,NA
67007078,21.58103016,-158.124549,2967.243698,245.4904818,187.9459059,183.8477464,180.7216308,174.5997021,166.435094,192.2676541,139.131091,137.9768361,137.0285309,780.333080091,0,0,0,0,0,0,0,0,616100,719700,1335800,RESIDENTIAL A,1,NA
67007079,21.5810961,-158.1247317,1940.180588,180.1232928,177.2734087,173.3989321,170.5916364,165.4132046,158.3150145,181.1356812,155.7409192,155.1660981,141.7823051,737.935751887,0,0,0,0,0,0,0,0,510100,680000,1190100,RESIDENTIAL,1,NA
67007080,21.58112794,-158.1250011,1943.831314,180.6611695,169.978723,166.3297157,163.8204504,158.9959819,152.2472266,174.0655301,173.4416425,171.8641744,115.227834,649.700258641,0,0,0,0,0,0,0,0,341400,672800,1014200,RESIDENTIAL A,1,NA
67007081,21.58113456,-158.125928,2218.80954,214.0719643,155.8738631,153.5427332,152.6552891,149.850308,145.2113848,163.5333596,162.5330219,161.5327247,16.94053311,586.542548491,0,0,0,0,0,0,0,0,540200,652500,1192700,RESIDENTIAL A,1,NA
67007082,21.58113603,-158.1257001,2117.561676,194.0785628,157.233901,154.4491995,153.0411085,149.6577855,144.4620995,163.2432193,162.4624647,161.4638641,44.24822036,593.746295048,0,0,0,0,0,0,0,0,572900,665100,1238000,RESIDENTIAL A,1,NA
67007083,21.58104858,-158.125501,2278.457657,206.0267296,167.3620975,164.3495296,162.586613,158.6435139,152.8446799,172.5239658,171.834575,170.4685927,64.69186011,617.636357518,0,0,0,0,0,0,0,0,436700,673600,1110300,RESIDENTIAL,1,NA
67007084,21.58104941,-158.125301,2394.089828,215.6126068,169.3821553,165.9634434,163.7194078,159.197399,152.8249622,173.8570785,173.1871468,172.2005538,83.80769458,831.131255221,0,0,0,0,0,0,0,0,527000,728900,1255900,RESIDENTIAL,1,NA
67007085,21.58089182,-158.1251986,1497.324905,156.5216562,190.4883374,186.953037,184.5939327,180.0400691,173.6526354,194.9605996,168.7666818,168.0359789,99.00166543,666.929445745,0,0,0,0,0,0,0,0,438800,692500,1131300,RESIDENTIAL,1,NA
67007086,21.58080964,-158.1250268,2190.08934,194.8787197,201.5147816,197.8630848,195.3402494,190.4833165,183.6832641,205.5830801,149.332096,148.5795393,117.742872,582.204295845,0,0,0,0,0,0,0,0,451500,634000,1085500,RESIDENTIAL A,1,NA
67007087,21.58073441,-158.1248961,2197.477844,199.0662187,211.5428057,207.7176724,204.9868904,199.9706531,193.1237269,215.5464034,133.635981,132.8618905,132.0200951,626.646010282,0,0,0,0,0,0,0,0,373400,677500,1050900,RESIDENTIAL A,1,NA
67007088,21.58057329,-158.1247539,1987.540817,182.7367708,233.2980279,229.4278127,226.6940716,221.6838098,214.8454289,236.2386372,109.4503504,108.6477339,107.763076,590.121186678,0,0,0,0,0,0,0,0,458300,675700,1134000,RESIDENTIAL,1,NA
67008002,21.58083854,-158.1279772,1532.906662,170.9398059,165.8220032,223.3258331,249.4039729,247.3100205,237.7590909,180.0669101,177.7839585,175.1204177,72.98541192,676.026787776,0,0,0,0,0,0,0,0,105100,723500,828600,RESIDENTIAL,1,NA
67008003,21.58084867,-158.1281866,2524.352707,210.2312494,153.8036227,203.9703586,230.0079143,227.2120534,217.8841734,168.3321359,166.1339656,164.2834765,88.48321177,678.843645971,0,0,0,0,0,0,0,0,199300,723500,922800,RESIDENTIAL,1,NA
67008004,21.58082793,-158.1283318,2691.533951,234.7055743,152.3823026,193.7777575,218.5153944,215.7953852,206.8503727,165.7726002,164.7175763,161.699054,102.9406704,659.282854719,0,0,0,0,0,0,0,0,169000,723500,892500,RESIDENTIAL,1,NA
67008005,21.58091363,-158.1285138,3909.667618,342.1490754,133.9017644,169.3369964,193.8531419,191.1384569,182.2352748,146.3551697,145.3713056,139.5709318,88.41695201,695.160346384,0,0,0,0,0,0,0,0,283500,723500,1007000,RESIDENTIAL A,1,NA
67008006,21.58088528,-158.1287032,2817.945892,270.2682645,135.115188,160.7264281,183.2466182,180.6528544,172.3399508,130.844627,130.844627,122.6158104,71.42464932,637.378912167,0,0,0,0,0,0,0,0,133900,723500,857400,RESIDENTIAL,1,NA
67008007,21.58089208,-158.1288619,3244.259888,265.1614754,133.2863981,152.2674253,173.0778425,170.5902722,162.7833237,115.9586612,115.9586612,108.0187128,56.9639313,702.190221511,0,0,0,0,0,0,0,0,170600,739900,910500,RESIDENTIAL,1,NA
67008008,21.58095577,-158.1291242,1029.433289,135.1196223,129.9017406,139.9760925,157.2269602,154.971165,148.2327242,90.96237077,90.96237077,83.6765598,33.6655301,751.01780208,0,0,0,0,0,0,0,0,103900,752300,856200,RESIDENTIAL,1,NA
67008009,21.58088818,-158.1292461,5025.166977,370.8522073,123.9544701,130.5689762,145.5212193,143.4167025,137.3657617,75.14089848,75.14089848,67.91504787,19.07018499,777.155763298,0,0,0,0,0,0,0,0,547600,774400,1322000,RESIDENTIAL,1,NA
67008010,21.58078758,-158.1294136,1914.041595,178.5015634,146.5072759,149.0367221,159.6966221,157.9413271,153.3240872,67.12317667,66.41473751,64.79759297,35.09589752,954.767545331,0,0,0,0,0,0,0,0,213500,810600,1024100,RESIDENTIAL,1,NA
67008011,21.58097374,-158.1296938,2403.947372,206.7631252,124.3124641,123.2465415,130.6012524,129.1161241,125.6611589,30.07410944,30.07410944,28.1943851,11.66759125,458.54564927,0,0,0,0,0,0,0,0,314300,650000,964300,RESIDENTIAL,1,NA
67008012,21.58068548,-158.1297537,1485.037659,167.7590106,156.2971466,155.2263052,160.8993911,159.6397095,157.0062384,45.839088,45.67062756,44.25605469,42.84141266,1377.52021047,0,0,0,0,0,0,0,0,330900,934700,1265600,RESIDENTIAL A,1,NA
67008013,21.58062149,-158.1299459,1453.828918,163.8911428,164.1289753,163.5454634,166.2617646,165.3680111,163.2519701,39.2116028,38.8853128,37.73819748,36.76547114,1062.99112037,0,0,0,0,0,0,0,0,107200,869200,976400,RESIDENTIAL,1,NA
67008014,21.58060776,-158.130307,168.600174,53.40668237,174.5553258,173.7250094,174.8305694,174.15211,171.0724081,23.92978415,23.38754715,22.24503305,21.42203069,1082.09163681,0,0,0,0,0,0,0,0,106700,872700,979400,RESIDENTIAL,1,NA
67008015,21.58044463,-158.130266,3062.74054,247.6601393,181.0242336,180.1915666,181.4303498,180.9624372,178.2266509,32.30005538,31.72239751,30.5980275,29.76098994,1195.35679592,0,0,0,0,0,0,0,0,302700,899600,1202300,RESIDENTIAL,1,NA
67008016,21.58035572,-158.1304573,2950.257263,307.425191,198.2166561,196.9982456,197.3382381,195.4624942,190.5996036,24.25265467,22.60349085,21.52425511,20.66793499,1238.75940764,0,0,0,0,0,0,0,0.715464615668,193000,896900,1089900,RESIDENTIAL A,1,NA
67008017,21.58023903,-158.1306084,5091.763275,320.9773464,209.8441753,208.3974516,208.4218457,205.7747718,199.8748545,13.36016637,11.85863554,10.96146321,10.53891954,947.207163053,0,0,0,0,0,0,0,0,465300,815800,1281100,RESIDENTIAL,1,NA
67008018,21.58007599,-158.1306808,2249.676239,204.2727018,233.9544865,232.5196911,232.5289046,228.6602551,222.4555217,20.06372547,18.69382244,17.7557076,16.82475938,769.538220461,0,0,0,0,0,0,0,0,684500,741900,1426400,RESIDENTIAL,1,NA
67008019,21.57994109,-158.1308183,2676.53891,268.7675441,251.9771898,249.6747493,247.4919388,242.9057965,236.6322515,13.52068915,12.48350433,11.68196222,9.666658398,746.359993129,0,0,0,0,0,0,0,0,162000,758800,920800,RESIDENTIAL,1,NA
67008020,21.57966844,-158.1308842,173.5641022,56.13637853,289.4622822,286.5544812,284.6629884,280.3337756,274.042436,42.77061318,41.86174639,40.59885411,39.34619212,1023.32209025,0,0,0,0,0,0,0,0,146100,839200,985300,RESIDENTIAL,1,NA
67008021,21.5796403,-158.1311642,1591.136047,179.5223797,284.9182262,281.9814361,280.1448352,276.2160372,270.6045846,17.07196724,17.07196724,16.53540228,16.48822839,1375.31652104,0,0,0,0,0,0,0,0,385500,920300,1305800,RESIDENTIAL A,1,NA
67008022,21.57947551,-158.1309826,625.6228485,107.341433,305.90958,302.9790526,301.1569083,297.2308311,291.2920846,17.14581057,17.14581057,17.09592745,16.33209089,824.180243349,0,0,0,0,0,0,0,0,106100,759100,865200,RESIDENTIAL,1,NA
67008023,21.57938412,-158.1306946,1779.531052,176.250906,310.0248015,309.090683,309.6161109,305.8073332,299.5467209,25.9109764,25.9109764,25.66774247,25.01736693,768.591942916,0,0,0,0,0,0,0,0,176100,745500,921600,RESIDENTIAL,1,NA
67008024,21.57967847,-158.1304451,2734.233292,262.0792556,269.0606134,268.2294598,269.3584545,268.5342472,264.7185285,60.62404876,59.21906625,58.43410544,57.25087952,671.99855339,0,0,0,0,0,0,0,0,123400,732200,855600,RESIDENTIAL,1,NA
67008025,21.57986135,-158.1303594,3320.11235,268.7101302,245.3446565,244.5120736,245.7307691,245.1784565,241.9910309,58.13289082,57.20846264,56.42757638,55.36751996,824.501928263,0,0,0,0,0,0,0,0,387300,753700,1141000,RESIDENTIAL,1,NA
67008026,21.57996255,-158.1301781,2975.541687,356.7709755,233.002278,232.1671193,233.6724128,233.2053149,231.0354555,67.75799568,66.77935917,66.02028014,64.82407068,664.505166388,0,0,0,0,0,0,0,0,188800,721500,910300,RESIDENTIAL,1,NA
67008027,21.5799945,-158.130042,805.1134796,113.6054895,235.5750535,235.0136442,236.9265116,236.2260351,234.1852159,88.31204344,86.87435098,85.96149513,85.47101719,664.9057446,0,0,0,0,0,0,0,0,125800,721500,847300,RESIDENTIAL,1,NA
67008028,21.58021613,-158.129925,1689.281235,176.9516511,208.2074933,207.5080778,210.4160664,209.5267835,207.4095681,76.55180872,75.30327569,74.31681438,73.44249603,642.927932566,0,0,0,0,0,0,0,0,89200,721500,810700,RESIDENTIAL,1,NA
67008029,21.58022514,-158.1297474,4399.581207,299.0614155,199.5324829,198.4606177,203.2729115,202.1521711,199.8957664,77.25728633,76.37610655,75.07869103,74.31354397,661.049775423,0,0,0,0,0,0,0,0,352000,707100,1059100,RESIDENTIAL A,1,NA
67008030,21.58022506,-158.1295047,341.775528,83.38493201,212.6776739,211.7231258,219.2098851,217.7904961,214.4091589,103.4980299,103.2373054,101.8270602,98.64827673,656.572914609,0,0,0,0,0,0,0,0,227300,721500,948800,RESIDENTIAL,1,NA
67008031,21.58024396,-158.12943,318.0609741,71.43982986,211.5745484,212.2989248,221.0590224,219.5233227,215.6780364,108.1982075,108.0757588,106.6617357,98.71734638,630.202557341,0,0,0,0,0,0,0,0,211500,721500,933000,RESIDENTIAL,1,NA
67008032,21.58030805,-158.1292502,901.4124756,120.1325889,202.2466255,207.1508979,217.7330173,216.0448269,211.5918202,113.8355253,113.3302175,112.1012651,93.03509842,650.710310259,0,0,0,0,0,0,0,0,259400,721500,980900,RESIDENTIAL,1,NA
67008033,21.58036407,-158.1291045,695.8450623,106.2450593,197.4304997,204.557632,217.65641,215.7667374,210.4900142,122.1191503,121.316665,120.5171388,90.91759452,661.802193551,0,0,0,0,0,0,0,0,113300,721500,834800,RESIDENTIAL,1,NA
67008034,21.58043031,-158.1288958,3370.553131,304.6148865,182.9741429,196.4933503,213.2998308,211.1232355,204.6441735,132.389106,131.5348893,129.0148086,86.91840851,655.904004822,0,0,0,0,0,0,0,0,172100,721500,893600,RESIDENTIAL,1,NA
67008035,21.58035477,-158.1287731,646.8164368,124.917221,199.3352424,215.4727317,233.0264773,230.805442,224.1152403,151.7160977,150.8291209,149.0710037,107.0082374,674.006193386,0,0,0,0,0,0,0,0,109900,721500,831400,RESIDENTIAL,1,NA
67008036,21.58046904,-158.12851,1487.261581,165.4672928,191.5392771,218.8073489,239.0951774,236.678866,229.1292749,167.9498272,167.6121724,163.0945425,116.6118761,654.30508693,0,0,0,0,0,0,0,0,341100,721500,1062600,RESIDENTIAL,1,NA
67008037,21.58038152,-158.1284033,616.256073,99.40977368,205.2018492,234.3962456,255.3091996,252.8547135,245.1239152,184.7722225,184.2960485,180.0642668,133.5171599,625.915998042,0,0,0,0,0,0,0,0,109600,721500,831100,RESIDENTIAL,1,NA
67008038,21.58032812,-158.1282122,1163.571884,136.5179772,212.8515555,248.7239944,270.7661207,268.2376676,260.164901,203.4116293,203.0846023,198.3554099,121.6118321,635.083179021,0,0,0,0,0,0,0,0,198600,721500,920100,RESIDENTIAL,1,NA
67008039,21.58043553,-158.1280025,3728.965668,267.2875568,201.8667479,249.6485563,274.1708559,271.4777416,262.6375037,215.6574795,214.1271782,209.4862584,91.90560402,658.269845976,0,0,0,0,0,0,0,0,204300,721500,925800,RESIDENTIAL,1,NA
67008042,21.5800661,-158.1280257,1937.395828,192.3400481,244.4681558,282.3497887,304.1352997,301.6326325,293.6616024,232.6714721,231.7814932,228.7871441,127.739238,623.877883227,0,0,0,0,0,0,0,0,169200,721500,890700,RESIDENTIAL,1,NA
67008043,21.58017814,-158.1282245,629.0986176,100.3293464,230.7712356,263.4732968,284.4650342,282.0135917,274.2804922,211.2565923,210.3648065,207.5071555,135.525197,616.158136619,0,0,0,0,0,0,0,0,269000,721500,990500,RESIDENTIAL,1,NA
67008045,21.5801036,-158.1285638,3642.516357,289.3735055,223.0061105,242.7427898,260.834257,258.5856181,251.7541669,177.914765,177.0570495,176.2008377,134.9934887,656.80076419,0,0,0,0,0,0,0,0,196000,721500,917500,RESIDENTIAL,1,NA
67008046,21.58001323,-158.1286936,934.5779572,123.0929843,240.8143822,255.0597263,270.9507804,268.8724731,262.7579369,178.6828397,177.900376,177.1201049,143.9304086,636.383151741,0,0,0,0,0,0,0,0,291800,721500,1013300,RESIDENTIAL,1,NA
67008047,21.58003193,-158.1289509,697.2375641,115.6824909,235.0365029,243.8759564,257.4089589,255.5086432,250.1453137,158.3595264,157.7692129,156.6191793,130.5828051,666.915875999,0,0,0,0,0,0,0,0,272300,739800,1012100,RESIDENTIAL A,1,NA
67008048,21.58008822,-158.1291031,2996.440033,299.2934408,222.7028197,228.3815151,240.1447984,238.3763445,233.5699805,136.977459,136.7304712,135.3742002,114.2917809,698.855244177,0,0,0,0,0,0,0,0,217300,745700,963000,RESIDENTIAL,1,NA
67008049,21.58020909,-158.1292695,276.7979126,70.21280147,215.6446726,219.865012,230.2106295,228.5714486,224.2996634,122.7258479,122.7174514,121.3107778,105.7085412,710.791454205,0,0,0,0,0,0,0,0,179800,745700,925500,RESIDENTIAL,1,NA
67008050,21.58003088,-158.12948600000001,6066.177551,382.4110244,221.6501444,221.3751383,229.261783,227.8077463,224.2754267,109.0921953,108.2361261,106.9215651,106.1649526,824.600588252,0,0,0,0,0,0,0,0,259700,730700,990400,RESIDENTIAL,1,NA
67008051,21.58001216,-158.1297907,181.0199585,53.82207474,236.3397529,235.2678377,239.4365888,238.4142956,236.2455843,107.8895083,106.7159946,105.6604924,104.8078619,723.529846006,0,0,0,0,0,0,0,0,185800,745700,931500,RESIDENTIAL,1,NA
67008052,21.5798223,-158.1298375,4135.26947,358.0004999,245.8425061,245.088626,248.0122933,247.1426965,245.0315573,102.8460431,101.8818929,101.1933249,99.95572426,693.78125622,0,0,0,0,0,0,0,0,434300,745700,1180000,RESIDENTIAL,1,NA
67008053,21.57972702,-158.1299509,1491.248383,167.4196047,262.7559144,262.1285246,264.6890229,263.8731692,261.7829532,105.0191028,103.7185046,102.2694661,101.5500483,701.763623836,0,0,0,0,0,0,0,0,119900,731300,851200,RESIDENTIAL,1,NA
67008054,21.579465,-158.1301106,2649.222488,266.3431544,287.171136,286.6420074,288.628662,287.9181264,285.870969,72.48556263,72.48556263,63.75162951,62.83994907,665.595060663,0,0,0,0,0,0,0,0,109700,725100,834800,RESIDENTIAL,1,NA
67008055,21.57952635,-158.1303462,621.5767059,106.3439708,290.3556006,289.5210319,290.9088085,290.5103309,287.8647373,63.48591607,63.48591607,63.41141819,62.1211103,695.625856262,0,0,0,0,0,0,0,0,120800,728100,848900,RESIDENTIAL,1,NA
67008056,21.57926025,-158.1305961,3272.453156,316.6272456,315.9062386,315.0750203,316.2009297,315.2499569,310.5638037,14.4293414,14.42638374,14.42638374,13.07284976,645.947380349,0,0,0,0,0,0,0,0,313100,730000,1043100,RESIDENTIAL,1,NA
67008057,21.57920655,-158.1303909,1163.147324,151.2858783,324.8488661,324.0146019,325.362758,324.9519088,321.9782904,40.59521095,40.59521095,30.50067727,29.51255717,726.501442548,0,0,0,0,0,0,0,0,113600,732000,845600,RESIDENTIAL,1,NA
67008058,0,0,2535.899643,277.2745756,335.1864806,334.3512184,335.8980975,335.4054355,333.276593,39.10687468,39.10687468,12.18856119,11.24631757,728.266411228,0,0,0,0,0,0,0,0,285900,486900,772800,RESIDENTIAL,2,NA
67008059,21.57902279,-158.1301106,1533.78717,174.210973,340.9037814,340.2733913,342.023397,341.3933021,339.3795971,68.90383061,68.90383061,34.14640508,27.88841204,670.061500955,0,0,0,0,0,0,0,0,126300,736100,862400,RESIDENTIAL,1,NA
67008060,21.57926903,-158.129838,3254.183853,283.4430086,305.425505,304.3776374,308.0137582,307.0834659,304.9469859,91.65133699,91.65133699,65.07804569,59.11909518,681.83171782,0,0,0,0,0,0,0,0,258900,733100,992000,RESIDENTIAL,1,NA
67008061,21.57942221,-158.1296253,4300.627213,432.1032468,290.1429553,289.0715353,293.6717078,292.6219713,290.4414388,115.8492605,115.8492605,98.16420988,92.34701131,688.691946246,0,0,0,0,0,0,0,0,173400,728600,902000,RESIDENTIAL,1,NA
67008065,21.57969501,-158.128941,3301.406509,278.2556008,266.1349321,273.5665109,285.688188,283.9140037,279.0424757,178.4748999,178.339069,176.9255379,159.6285373,755.884873295,0,0,0,0,0,0,0,0,225300,707100,932400,RESIDENTIAL,1,NA
67008073,21.58073071,-158.129596,2281.083084,205.2231378,151.1400608,150.2471625,158.6938594,157.1607152,153.2791977,52.70095545,51.88625803,51.07815617,37.27344982,591.53214011,0,0,0,0,0,0,0,0,403600,700100,1103700,RESIDENTIAL A,1,NA
67013001,21.58203568,-158.1323439,4302.245468,325.2705881,25.11112032,20.29427302,16.05951823,9.099459951,0.388087134,35.64926435,34.85821289,33.51088254,31.18013393,3540.45513735,153.341504826,290.141639858,510.95776413,784.112011854,0,0,0,0,834300,2496100,3330400,RESIDENTIAL,2,2100
67013002,21.58221277,-158.1327368,3693.216461,252.2461052,15.73628552,10.67159154,6.146521352,0,0,26.98043096,26.32503453,25.08386452,21.25655953,1189.07148493,0,24.3856125532,140.676316764,283.784693876,0,0,0,0,942500,1513800,2456300,RESIDENTIAL A,2,2075
67013003,21.58231148,-158.1329494,3275.153793,252.4441444,15.05117684,9.921364267,5.330900633,0,0,24.98236902,24.46394559,23.31117074,19.1930752,4272.19259065,167.508681942,316.988647735,555.879236185,850.293851099,0,0,0,26.5925990302,1979700,2846200,4825900,RESIDENTIAL,1,2075
67013004,21.58235065,-158.1332745,3945.756454,412.2916577,16.31369241,11.12586467,6.474906989,0,0,24.277420330000002,23.90730796,22.62658293,19.87310484,4522.61832678,165.210889572,313.526800441,550.538801047,842.774660055,0,0,0,36.7849137515,644400,2728900,3373300,RESIDENTIAL,2,2075
67013020,21.58290488,-158.1347189,1307.323349,152.2013343,34.90845957,28.29896158,21.78566041,11.57012904,0,44.63819649,43.81784251,39.69050867,37.85456846,1104.21974365,141.52370049,282.186799745,484.331429448,713.365926121,0,0,0,0,1724300,1697100,3421400,RESIDENTIAL,1,2100
67013022,21.5829144,-158.1343646,1749.533783,167.3291956,11.71298893,5.848524464,0.351540387,0,0,20.97380937,20.37397775,18.78015035,15.19346552,719.524683317,136.368710002,278.931286347,471.03567193,662.286248955,0,0,0,0,652700,1542000,2194700,RESIDENTIAL,1,2050
67013023,21.58283429,-158.1341938,2354.313843,194.0880524,10.49190516,4.893693563,0,0,0,18.35731376,17.60200718,16.56925469,13.46202974,765.71154492,92.4051584634,211.162100194,393.299663936,610.581543054,0,0,0,0,845500,1553100,2398600,RESIDENTIAL A,1,2050
67013024,21.58275028,-158.1340375,3201.400131,286.742901,6.633768402,1.184597005,0,0,0,14.38533283,13.80033111,12.6478182,9.501658671,705.661382049,69.7139926616,161.84653642,306.267652613,482.171096601,0,0,0,0,1095900,1583100,2679000,RESIDENTIAL,1,2030
67013025,21.58268322,-158.13385,2576.093704,211.380616,10.2924151,5.001132932,0.206455852,0,0,19.02798455,18.18368462,17.22406784,14.68791358,973.061044957,89.1774739901,182.356759303,346.565069772,575.517859451,0,0,0,0,1186600,1618200,2804800,RESIDENTIAL,1,2050
67013026,21.58244897,-158.1339188,2667.342697,216.5109683,35.70422615,30.41277747,25.6174139,18.00095686,8.65589878,44.506601,43.59389151,42.49120965,40.09338574,675.406714025,0,0,0,0,0,0,0,0,471400,688500,1159900,RESIDENTIAL,1,NA
67013027,21.582264640000002,-158.1339057,2356.20755,198.9519293,53.85432227,48.588642,43.82484979,36.24679817,26.9404726,63.07735995,62.10524257,60.63406547,58.10422859,627.232340089,0,0,0,0,0,0,0,0,512100,673400,1185500,RESIDENTIAL A,1,NA
67013028,21.58207345,-158.1338961,2276.630173,200.5897872,75.82449059,70.59001866,65.86446296,58.33292505,49.07350973,84.48031025,83.91454165,82.73840513,80.21510309,600.735414007,0,0,0,0,0,0,0,0,376600,666500,1043100,RESIDENTIAL,1,NA
67013031,21.58155892,-158.1339534,1898.272186,174.7657983,130.8245259,125.6172462,120.9268721,113.4398264,104.2215901,138.6657291,138.0714159,136.7861408,134.3634171,796.824391915,0,0,0,0,0,0,0,0,308400,711300,1019700,RESIDENTIAL,1,NA
67013033,21.58169017,-158.132656,2775.288025,290.0349581,72.15630885,67.20811066,62.80725468,55.6865075,46.85125654,82.66429173,81.90638738,80.70386263,77.56445043,1200.43587919,0,0,0,0,0,0,0,0,336400,902600,1239000,RESIDENTIAL,1,NA
67013034,21.58179227,-158.1335238,770.2614594,127.7555546,93.57415692,88.38748291,83.73945712,76.3070016,67.13563598,101.4957277,101.1687343,99.90132667,96.94688147,1865.15880637,0,0,0,0,0,0,0,0,787000,676400,1463400,RESIDENTIAL A,3,NA
67014001,21.58157955,-158.1280883,3195.559937,270.2219709,79.33218467,171.1371151,195.1862857,193.5670434,188.4315114,89.43439156,87.90931008,86.64883486,82.35119729,710.689395838,0,0,0,0,0,0,0,0,449900,981000,1430900,RESIDENTIAL,1,NA
67014002,21.58187951,-158.1280734,2468.28273,259.7077034,56.80387451,162.7287511,177.1054042,175.3481129,170.3964611,62.72849037,61.80411933,60.71211472,59.43280006,857.492658161,0,0,0,0,0,0,0,0,612900,1263800,1876700,RESIDENTIAL A,1,NA
67014003,21.58156939,-158.1283057,2861.432922,247.3195961,70.94916015,149.8592796,180.9520948,177.9188891,167.1349747,88.36851503,83.69325211,80.27297527,78.36312391,742.828379823,0,0,0,0,0,0,0,0,285800,922900,1208700,RESIDENTIAL A,1,NA
67014004,21.58188765,-158.1283231,3817.653137,276.4619507,40.21475686,135.844155,167.9788739,164.9582682,153.9448058,57.67858499,53.89764007,49.2918444,47.42621459,1000.74492079,0,0,0,0,0,0,0,0,1479800,1274500,2754300,RESIDENTIAL,1,NA
67014005,21.58181421,-158.1285476,2743.709305,239.1362583,42.16719309,114.7523924,146.373923,143.3360304,132.4185065,56.02539383,54.47882598,53.05017878,50.35452481,980.220020117,0,0,0,0,0,0,0,0,602600,1256900,1859500,RESIDENTIAL A,1,NA
67014006,21.58149599,-158.1286196,1092.218399,135.2104014,79.35188997,127.5615489,156.2787404,153.3253287,143.1618834,91.82085981,90.83916814,89.2867042,84.37351013,699.077242569,0,0,0,0,0,0,0,0,122700,718500,841200,RESIDENTIAL,1,NA
67014007,21.58157452,-158.1288052,4505.37204,298.6646813,60.28548468,99.80979914,128.7115699,125.7430104,115.4975889,72.27879478,71.29921633,69.34169622,64.22386217,795.67685824,0,0,0,0,0,0,0,0,101300,742300,843600,RESIDENTIAL,1,NA
67014008,21.58185166,-158.1287866,2449.980469,258.3702725,33.64380212,89.56044961,121.0621793,118.0240709,107.1253346,45.80189212,44.81471829,43.01272283,39.8884406,1081.17047977,0,0,0,0,0,0,0,0,485400,1278400,1763800,RESIDENTIAL,1,NA
67014009,21.58183465,-158.129065,2890.892487,247.4189452,32.10152595,64.92579251,95.01280041,91.99467549,81.39538887,44.48628232,42.7381009,40.64403332,38.08200956,1094.44644502,0,0,0,0,0,0,0,0,656600,1289600,1946200,RESIDENTIAL A,1,NA
67014010,21.58155276,-158.1290925,2642.729691,221.0612183,61.936433,81.77218522,107.4210973,104.5884245,95.17597867,75.63088326,72.18352832,70.64284665,43.20417609,754.492885627,0,0,0,0,0,0,0,0,388000,725500,1113500,RESIDENTIAL,2,NA
67014011,21.58165839,-158.1292865,2307.588654,194.4000813,49.50073818,61.35961894,86.0732286,83.27238407,74.01456507,65.50391538,60.19981802,54.719938,43.92039997,729.280746409,0,0,0,0,0,0,0,0,624200,932400,1556600,RESIDENTIAL A,1,NA
67014012,21.581893,-158.1292997,3229.116135,246.0496489,23.21011659,39.39283569,69.16499444,66.14387618,55.53960128,41.25607179,33.92482198,31.76583303,28.76489235,856.472597526,0,0,0,0,0,0,0,0,751200,1253200,2004400,RESIDENTIAL,1,NA
67014013,21.58191742,-158.1295004,1944.441299,182.1404123,24.52302272,26.14737229,51.7317699,48.78670833,38.87131541,38.92617696,37.37126494,30.50173336,29.34352374,862.052270601,0,0,0,0,0,0,0,0,588600,935900,1524500,RESIDENTIAL A,2,NA
67014014,21.58158529,-158.1295139,2274.562988,206.5882,57.14851208,56.99319506,73.70224385,71.28063391,64.13634025,43.71323959,43.71323959,32.83844491,31.8937313,728.001491483,0,0,0,0,0,0,0,0,101200,619400,720600,RESIDENTIAL,1,NA
67014015,21.58161468,-158.1297076,3964.330261,285.7444388,49.41084337,48.33986994,56.60030242,54.72899299,50.40375739,20.3645683,20.3645683,9.9211609,9.867845653,728.200299136,0,0,0,0,0,0,0,0,358500,550700,909200,RESIDENTIAL,1,NA
67014016,21.58194224,-158.1297221,3659.548065,347.6318,14.36557873,13.45823036,26.76604394,24.13503198,17.21858854,12.59341936,12.59341909,4.593476837,3.653351266,827.364964956,0,0,0,0,0,0,55.6067861817,95.1003019818,513300,1184900,1698200,RESIDENTIAL,1,NA
67014018,21.58210247,-158.1312209,2407.944717,213.04952,13.41991093,10.493228,8.688033636,4.78836876,0,35.84086496,31.88604083,22.62903724,18.59985725,951.115847402,58.1732780121,91.5432248557,167.15881879,277.629791979,0,0,7.00460270668,100.288779037,781000,1521800,2302800,RESIDENTIAL,1,2100
67014019,21.58203958,-158.1318151,2388.620148,244.7053483,16.16844838,12.55656796,9.914417322,4.625486282,0,28.46397934,27.50672206,25.65732709,21.67850668,2651.88455178,101.296242448,182.416619499,323.921863422,507.07720754,0,0,0,0,642200,2213800,2856000,RESIDENTIAL A,1,2100
67014020,21.58196111,-158.1321794,648.6791992,102.7251966,37.16999734,32.55252402,28.59910222,21.99123877,13.62617539,47.7330514,47.02458451,45.63403807,42.77103412,2745.41550664,118.646173176,220.956624425,389.311598895,599.850983466,0,0,0,0,873600,2237300,3110900,RESIDENTIAL,1,NA
67014022,21.58146675,-158.1316219,2480.177261,224.1340093,79.79802924,76.33376601,73.88768861,69.20802153,62.83788852,92.79990118,91.79963137,89.79917071,85.79782713,699.250093261,0,0,0,0,0,0,0,0,330200,707000,1037200,RESIDENTIAL,1,NA
67014023,21.5816884,-158.1316243,3572.206436,317.2166112,56.2278207,52.75790477,50.30808634,45.62212339,39.24693359,69.26674454,68.26647478,66.2659348,62.26466928,700.994084697,0,0,0,0,0,0,0,0,483400,704500,1187900,RESIDENTIAL,1,NA
67014024,21.58187071,-158.1315765,3065.875259,258.2474762,39.43082552,35.99826644,33.57645662,28.94555186,22.69167885,52.4006249,51.40035509,49.39997525,44.82490574,806.941527585,0,0,0,0,0,0,0,0,283800,691100,974900,RESIDENTIAL,1,NA
67014025,21.58208687,-158.1316368,3341.284134,237.9413534,12.29609416,8.918031857,6.593662281,2.123124629,0,25.21999519,24.21972536,22.23049806,18.21792157,1049.39129553,74.1449251851,125.564809547,225.078388662,361.346168136,0,0,0,14.1637566461,1093100,1466600,2559700,RESIDENTIAL A,1,2100
67014026,21.58208055,-158.1314013,4019.379074,317.4054716,12.09001501,9.130623398,7.341002489,3.530178461,0,25.4374485,24.37829232,21.55269831,16.44525166,1057.78474942,61.1707034293,97.3081571689,176.367378908,290.316556267,0,0,0,100.433060918,1207500,1553100,2760600,RESIDENTIAL A,1,2100
67014027,21.58213108,-158.1310364,2990.33255,245.6919357,9.743363836,6.83820856,5.00742935,1.066643628,0,49.51941087,44.62519422,24.4703068,16.08184185,960.371605446,64.0060644546,105.887635515,192.530159647,314.856412746,0,0,0,50.7116094709,780300,1516100,2296400,RESIDENTIAL A,1,2075
67014028,21.58213191,-158.1308305,3535.710999,268.773943,10.40876167,7.072546049,4.672977295,0.078688154,0,51.06810372,48.19474595,41.64664319,25.01536476,905.448311961,67.2194764655,115.455734218,208.504336061,336.105984316,0,0,0,0,1025600,1534700,2560300,RESIDENTIAL,1,2075
67014029,21.58211995,-158.130638,3306.860138,250.4048626,12.78040097,9.606934951,7.582977619,3.410460599,0,37.47210498,35.26790903,31.62479922,21.57747488,808.472606566,64.7311971712,112.561486857,205.756053018,333.729514934,0,0,0,0,914900,1541700,2456600,RESIDENTIAL A,1,2100
67014030,21.58212582,-158.1304373,2336.30661,223.5561393,11.10079594,8.543547723,7.346039674,4.175506015,0,25.377185,25.32708466,23.21892702,17.12609093,715.250258561,37.4241099848,71.6324374959,153.451250821,276.108432979,0,0,0,0,831400,1431600,2263000,RESIDENTIAL,1,2100
67014031,21.58203995,-158.1302054,3799.674118,276.9029221,9.141959744,7.777158504,8.224197516,7.139205763,4.264181236,1.809006919,1.809007369,1.809008951,1.809029152,743.671831135,14.3615778987,19.1123604285,55.2713438977,130.473528639,0,0,0,0,855700,1477200,2332900,RESIDENTIAL A,1,NA
67014032,21.58182539,-158.1301908,2600.698563,250.0404916,33.63659726,32.57647535,33.12439727,31.91735937,28.80764513,3.255327119,3.255328306,3.255329163,2.255036156,706.876595624,0,0,0,0,0,0,0,0,430000,724800,1154800,RESIDENTIAL,1,NA
67014033,21.58153497,-158.1302193,2435.025574,210.7293684,67.8392592,67.01049744,68.1340171,67.69992718,65.31432135,1.014370049,1.014362942,1.014362942,1.014368185,944.748192761,0,0,0,0,0,0,0,0,276300,710800,987100,RESIDENTIAL,1,NA
67014034,21.58145549,-158.1304551,2938.390778,265.3388854,79.34863045,77.75156363,77.70190863,75.69788612,71.58335537,28.31768848,28.09267582,28.09267582,27.36400525,781.321937296,0,0,0,0,0,0,0,0,277600,611900,889500,RESIDENTIAL,1,NA
67014035,21.58150188,-158.1306781,3328.395218,274.4496095,81.1059442,78.52631965,76.48581376,71.94768491,65.74866193,49.83767423,49.83766335,49.83766335,49.83767008,676.524549133,0,0,0,0,0,0,0,0,340100,697500,1037600,RESIDENTIAL,1,NA
67014036,21.58148794,-158.1309485,2887.340454,250.0130044,79.28917861,76.31450363,74.33507787,70.12809882,64.11293255,70.3508996,69.84693134,69.84693134,69.35129347,691.742214357,0,0,0,0,0,0,0,0,390400,697500,1087900,RESIDENTIAL A,1,NA
67014037,21.58168196,-158.1311682,3166.85759,250.1766225,60.97747243,58.07066798,56.23486312,52.30760507,46.69795145,79.54673555,76.89635178,70.01943403,66.0136611,780.685063003,0,0,0,0,0,0,0,0,318300,729700,1048000,RESIDENTIAL,1,NA
67014038,21.58151487,-158.1311377,3510.408646,263.1721175,76.82265181,73.87403436,72.04045735,68.1179647,62.51511818,77.14801939,76.764671,76.67160498,76.19240799,877.737755241,0,0,0,0,0,0,0,0,766300,774800,1541100,RESIDENTIAL,1,NA
67014039,21.58173108,-158.1306759,3737.386185,294.4018266,53.36217988,50.18275574,48.11607627,43.83380949,37.66494054,50.32507463,50.32506991,50.32506991,50.32507421,690.149822893,0,0,0,0,0,0,0,0,369200,697500,1066700,RESIDENTIAL,1,NA
67014040,21.58174588,-158.1308839,2842.60379,247.5460149,51.71079628,48.39879353,46.026367,41.47353721,35.30302791,73.35645082,73.35644991,70.51915418,60.44091393,707.740474573,0,0,0,0,0,0,0,0,327600,697500,1025100,RESIDENTIAL,1,NA
67014041,21.5817666,-158.1304965,637.6385651,101.0968623,53.46962483,51.27845603,50.42461294,47.4858196,42.57478586,36.86052645,36.86052645,36.86052645,36.78486124,640.060163429,0,0,0,0,0,0,0,0,355400,671100,1026500,RESIDENTIAL A,1,NA
67014043,0,0,1754.27774,182.5314303,101.8223033,103.1849634,116.5315255,114.4899014,108.8103708,55.12850816,54.13119067,45.98062677,0,1063.53775108,0,0,0,0,0,0,84.5299126484,194.232504373,418400,680900,1099300,RESIDENTIAL A,1,NA
67014044,21.58125389,-158.128785,1629.852829,166.3763097,102.391047,130.4048804,155.0769284,152.3344503,143.3277097,114.0145681,113.0298464,109.9485514,59.98886146,965.329138092,0,0,0,0,0,0,0,0,298300,698500,996800,RESIDENTIAL,1,NA
67014045,21.5812936,-158.128159,357.1291962,75.59598721,115.8959851,183.4890747,212.6511877,209.6867151,199.4353558,130.8158262,128.073839,125.0864428,86.58970707,1023.79642153,0,0,0,0,0,0,0,0,247200,700700,947900,RESIDENTIAL,1,NA
67015001,21.58150562,-158.1247599,1664.090637,168.609953,133.7256192,129.7354053,126.7838983,121.440967,114.1962048,137.7244383,136.9471229,135.9837074,134.5612938,683.770096251,0,0,0,0,0,0,0,0,171900,901600,1073500,RESIDENTIAL,1,NA
67015002,21.58172932,-158.1247602,3129.314072,273.9437819,108.3941188,104.3835745,101.4108532,96.05085466,88.79967389,112.4745927,111.5975885,110.6376892,109.317089,697.010290126,0,0,0,0,0,0,0,0,506900,900000,1406900,RESIDENTIAL,1,NA
67015003,21.58150749,-158.1249469,3090.360062,260.3802969,122.5137115,118.6500705,115.924055,110.924748,104.0446811,126.6076868,126.0434798,124.8638943,123.3680076,716.31785647,0,0,0,0,0,0,0,0,289900,900000,1189900,RESIDENTIAL A,1,NA
67015004,21.58149306,-158.1251244,2546.719299,229.4111351,121.3032567,117.6415243,115.1318455,110.3311036,103.6345042,125.3817179,124.7511573,123.1783083,108.7954883,719.904915668,0,0,0,0,0,0,0,0,441000,900000,1341000,RESIDENTIAL,1,NA
67015005,21.58168412,-158.1254574,307.3623962,70.54280488,105.1862607,101.9710412,100.0062394,95.86614213,89.85701078,109.9363533,109.0673886,108.0754254,92.1631997,699.794174919,0,0,0,0,0,0,0,0,525100,900000,1425100,RESIDENTIAL,1,NA
67015006,21.58168546,-158.1255507,300.8269196,69.3937885,103.4665207,100.4130224,98.63650386,94.72428037,88.96471173,108.6708141,107.9804077,106.5182741,84.84807505,708.439295264,0,0,0,0,0,0,0,0,262000,900000,1162000,RESIDENTIAL A,1,NA
67015007,21.58161558,-158.1256845,2584.263779,271.6686931,100.3596021,97.57319602,96.16423158,92.77575721,87.57168611,106.3898695,105.5689964,104.5704221,63.39835869,692.449516873,0,0,0,0,0,0,0,0,351000,774000,1125000,RESIDENTIAL A,2,NA
67015008,21.58152329,-158.1258332,2955.874542,248.6965631,106.6038037,104.0300227,102.8091207,99.55275419,94.44875863,113.4841014,112.4837848,111.4834402,41.75758222,685.360433281,0,0,0,0,0,0,0,0,346600,900000,1246600,RESIDENTIAL,1,NA
67015009,21.58154633,-158.1259999,2443.883667,257.0419134,102.7929218,100.4612239,99.57340274,96.62384774,91.86150045,110.3896547,109.3893258,108.3890088,32.70722876,736.784863464,0,0,0,0,0,0,0,0,181800,900000,1081800,RESIDENTIAL,1,NA
67015010,21.58160725,-158.1262052,1923.623947,202.3939644,104.8403659,102.6175516,101.7645682,99.08951629,94.74115498,112.1321104,111.1731747,110.173,35.9711982,692.332917632,0,0,0,0,0,0,0,0,155000,697500,852500,RESIDENTIAL,1,NA
67015011,21.58152491,-158.1264005,2530.793472,228.5293138,109.0654613,107.3506257,107.1219244,105.22454690000001,101.5993847,116.5648146,115.9136329,114.9215912,20.50056968,728.377380256,0,0,0,0,0,0,0,0,256200,913200,1169400,RESIDENTIAL,1,NA
67015012,21.58153292,-158.1265883,1722.56398,179.9253255,115.9619605,115.2719934,115.8409817,114.6377715,111.5665404,123.5700143,122.9624423,121.7560511,24.35335572,784.096941203,0,0,0,0,0,0,0,0,189500,940200,1129700,RESIDENTIAL,1,NA
67015013,21.58163111,-158.1268845,178.1534271,53.3936138,112.7399091,114.0608929,118.069254,117.4327943,115.6917454,120.442041,119.5125301,118.2884739,47.94904106,763.853251202,0,0,0,0,0,0,0,0,472200,933000,1405200,RESIDENTIAL,1,NA
67015014,21.58154466,-158.1270219,2683.854187,234.4884718,115.6409765,119.0519376,123.9105006,123.1683998,121.2168935,123.8659039,123.0381032,121.5504071,32.63253541,717.396583764,0,0,0,0,0,0,0,0,261300,707800,969100,RESIDENTIAL,1,NA
67015015,21.58149526,-158.1273006,2807.831482,262.8113386,120.4131385,138.2933961,144.9641654,144.0010868,141.3876182,129.3878396,128.9158198,127.815392,29.0489594,731.152219619,0,0,0,0,0,0,0,0,246700,649800,896500,RESIDENTIAL,2,NA
67015016,21.58159265,-158.1275078,3919.225647,289.3679975,98.19213536,134.9299192,144.7204802,143.3601545,139.586951,104.1428503,103.4963407,102.3083586,34.54529281,737.399377644,0,0,0,0,0,0,0,0,253800,938000,1191800,RESIDENTIAL A,1,NA
67015017,21.58157418,-158.1277351,3153.457336,262.4596655,99.84990067,155.1787482,165.5284624,164.1035066,160.1308222,103.9813554,103.1695496,101.899125,52.43161964,714.434605786,0,0,0,0,0,0,0,0,484000,910600,1394600,RESIDENTIAL A,1,NA
67015018,21.58178666,-158.1272988,2287.329193,212.200893,90.48318035,108.67814919999999,117.5713953,116.3113498,112.853881,99.3529305,98.91783416,98.15554739,60.77976452,725.515852624,0,0,0,0,0,0,0,0,379000,916400,1295400,RESIDENTIAL A,1,NA
67015019,21.5818069,-158.126971,2995.691284,269.1544366,80.60656794,85.76390886,92.34263802,91.3508366,88.72073389,88.83359698,87.98726753,86.57148993,55.76410812,718.571444332,0,0,0,0,0,0,0,0,306500,918700,1225200,RESIDENTIAL A,1,NA
67015020,21.58190152,-158.1267934,2301.444702,262.6810384,75.23073298,74.91599341,78.09307198,77.51214177,75.73734716,82.84541305,81.97137772,80.79782887,66.73923052,707.892332427,0,0,0,0,0,0,0,0,381100,920300,1301400,RESIDENTIAL,1,NA
67015021,21.58187768,-158.1265365,2777.086197,266.5273424,70.12493859,69.21061646,69.79953842,68.76667106,66.01117948,77.66440888,76.93614786,75.77664425,55.34191065,851.114066402,0,0,0,0,0,0,0,0,261900,963900,1225800,RESIDENTIAL,1,NA
67015022,21.58194414,-158.1263804,1673.211227,168.1794254,70.20082647,68.46384964,68.23488032,66.34444682,62.77965302,77.69668083,77.02482595,76.03282117,71.93061476,701.674958593,0,0,0,0,0,0,0,0,172000,911900,1083900,RESIDENTIAL A,1,NA
67015023,21.58194038,-158.1262004,1671.080704,168.5060669,69.51500823,67.34244639,66.57385894,63.97180464,59.6955894,76.79097869,75.81781318,74.81764423,73.73807995,672.014078691,0,0,0,0,0,0,0,0,171800,900000,1071800,RESIDENTIAL,1,NA
67015024,21.58202968,-158.126009,649.8203888,102.0351931,59.8833133,57.56035421,56.6762097,53.90100677,49.25659806,67.56412247,66.56377808,65.563496,64.5631795,702.988772558,0,0,0,0,0,0,0,0,352700,900000,1252700,RESIDENTIAL A,1,NA
67015025,21.58192104,-158.1258418,2246.771515,199.2306709,69.97903777,67.47099744,66.34445519,62.98030244,57.86200699,76.84797238,75.90731962,74.90706994,73.84703642,653.954046099,0,0,0,0,0,0,0,0,189600,900000,1089600,RESIDENTIAL,1,NA
67015026,21.58198737,-158.1257265,330.0345917,75.39872406,66.74358821,63.94801038,62.49752132,59.01460853,53.72431643,72.49031008,71.79825731,70.80260573,69.49049006,680.20259842,0,0,0,0,0,0,0,0,216600,697500,914100,RESIDENTIAL,1,NA
67015027,21.58188842,-158.1254847,3282.589066,302.174624,68.59725921,65.37457249,63.41833674,59.31545037,53.37683644,73.35868082,72.47794047,71.48499329,70.4923438,665.43431381,0,0,0,0,0,0,0,0,553600,900000,1453600,RESIDENTIAL,1,NA
67015028,21.5818701,-158.1253424,2993.66507,270.3419102,74.2743311,70.76177412,68.45033875,63.91148787,57.5396861,78.7696233,78.07645121,77.08948698,75.8906092,672.70975727,0,0,0,0,0,0,0,0,84800,694600,779400,RESIDENTIAL,2,NA
67015029,21.58187176,-158.1251332,2567.828323,249.992465,78.6338583,74.84474717,72.18761176,67.22598127,60.38901646,82.65066425,81.95103267,80.87895449,79.58045383,682.822423785,0,0,0,0,0,0,0,0,343200,900000,1243200,RESIDENTIAL A,1,NA
67015030,21.58191502,-158.1249623,1729.939957,172.1291031,86.29814608,82.45047074,79.70323255,74.63442416,67.68476273,90.2554199,89.77825618,88.55666041,87.15408516,686.011440202,0,0,0,0,0,0,0,0,171800,900000,1071800,RESIDENTIAL A,1,NA
67015031,21.58195724,-158.1247494,2557.632828,242.5880324,85.92451636,81.72753572,78.49466277,72.80203351,65.16329322,90.49425888,89.83098643,88.97014811,87.67961009,704.002827015,0,0,0,0,0,0,0,0,265600,901600,1167200,RESIDENTIAL A,1,NA
67015032,21.58138483,-158.1243231,488.7359619,88.9108,161.2498761,156.4803167,152.5217408,145.9467531,137.5253817,166.5997517,152.9983222,152.5472486,105.7243004,667.499948138,0,0,0,0,0,0,0,0,422300,901200,1323500,RESIDENTIAL A,1,NA
67015033,21.58165579,-158.1243152,3199.332108,280.7620233,128.5428792,123.8156112,119.9165198,113.4205944,105.0834489,134.9956812,134.9438556,133.9717936,80.646891,655.35416384,0,0,0,0,0,0,0,0,584400,900000,1484400,RESIDENTIAL A,1,NA
67015034,21.58183322,-158.1243341,2591.609741,248.8286516,109.5352547,104.7901753,100.8689583,94.34810659,85.98908885,115.8623466,115.858003,114.8577291,79.65608825,670.439564302,0,0,0,0,0,0,0,0,291000,900000,1191000,RESIDENTIAL A,2,NA
67015035,21.5819833,-158.1243637,2658.517288,246.933458,91.0175774,86.18833349,82.15620078,75.50307958,67.02655875,95.89573741,95.71948897,94.72263739,89.08725526,663.309965261,0,0,0,0,0,0,0,0,181500,900000,1081500,RESIDENTIAL A,1,NA
67015036,21.58216935,-158.1243223,3449.660675,269.6927076,70.91251325,66.07616315,62.04329272,55.40230973,46.94431329,75.52425824,75.29210444,74.2974326,73.45625569,670.48425797,0,0,0,0,0,0,0,0,320600,683600,1004200,RESIDENTIAL A,1,NA
67015037,21.58233813,-158.1243694,2399.317291,221.1239021,52.35765577,47.52208151,43.49072168,36.85226399,28.39728219,56.84652938,56.40517916,55.44345671,54.74211548,677.053708811,0,0,0,0,0,0,0,0,166200,900000,1066200,RESIDENTIAL A,1,NA
67015038,21.58251803,-158.1242742,4526.811386,326.7812047,29.58501078,24.77737031,20.78872393,14.20569535,5.804142887,33.82479437,32.97337958,32.0737832,31.65595238,720.67562452,0,0,0,0,0,0,0,0,873900,908700,1782600,RESIDENTIAL,1,NA
67015039,21.5827537,-158.1242101,2508.131958,212.1612265,8.113853454,3.37411949,0,0,0,11.13885955,11.02431721,10.02400886,9.023762693,958.135497381,105.819377784,177.793160612,298.085934015,453.604317014,203.288892073,219.543597622,243.439275182,275.48196066,960500,1311600,2272100,RESIDENTIAL A,2,2050
67015040,21.58278637,-158.1244341,2638.267517,244.765002,0.502355982,0,0,0,0,5.386906572,5.345407604,4.345129088,3.344842988,911.764107551,112.488154221,205.472696027,357.95505146,550.714158729,165.047716255,184.059083308,204.199767768,229.120313018,484500,1268200,1752700,RESIDENTIAL A,1,2024
67015042,21.58268113,-158.1246436,1575.081573,166.9568327,9.907554282,5.219633736,1.384833652,0,0,17.88885608,16.94904712,16.01659741,14.99426732,813.267472706,84.4639578589,152.983477112,266.7671071,412.092685016,25.4926438486,42.2143518172,61.1214948905,83.0238086332,329100,1350300,1679400,RESIDENTIAL A,1,2050
67015043,21.58266966,-158.1248228,3402.682526,263.9884886,4.521164943,0,0,0,0,9.942178379,9.699703142,8.720586142,7.566439538,797.6574033,78.3707717312,140.050356339,245.684595593,384.4530248,1.25368832954,10.3565117773,27.228445235,48.4076512874,1089000,1335800,2424800,RESIDENTIAL A,1,2030
67015044,21.58243432,-158.1246437,1879.381485,205.0332518,38.66188024,34.09646238,30.42052235,24.21227146,16.18003097,44.83613493,44.20311673,43.23848282,42.17682337,682.751152659,0,0,0,0,0,0,0,0,279700,697600,977300,RESIDENTIAL,1,NA
67015045,21.58234955,-158.1248083,1969.938354,186.516493,41.68904879,37.42939307,34.12376666,28.36143385,20.73050038,46.67235793,46.05212192,45.32084329,44.165035520000004,729.80670318,7.16817551599,12.6905725572,22.3141307706,35.1349442681,0.0293662341381,0.11916703464,1.69710614221,3.27987047979,675100,932900,1608000,RESIDENTIAL,1,NA
67015046,21.58253483,-158.1250639,988.5318604,130.021426,19.10762559,15.13989914,12.24507587,7.016443975,0,23.16852276,22.49803497,21.55057095,20.05188779,1005.9420822,95.6037038831,166.255157864,290.494973631,455.435599436,43.1911394691,60.0486299345,80.4619586548,108.313593536,506100,979400,1485500,RESIDENTIAL A,2,2100
67015047,21.58232738,-158.1250252,3144.524368,261.7514448,31.78702925,27.79016475,24.85352862,19.56766561,12.4231333,35.8849677,35.00726006,34.04056894,32.92754754,771.682061273,9.36824980538,15.9897802913,27.7364499294,43.2118123162,6.98754668479,8.65632573003,10.9963318089,14.6512104264,291700,943300,1235000,RESIDENTIAL,1,NA
67015048,21.5823304,-158.1252601,2631.914673,218.4194622,30.68828438,27.01616537,24.52255268,19.7867757,13.20856917,34.89789246,34.15083733,32.56058714,31.37216338,804.288327795,7.05635406182,12.2400670574,21.9500391159,35.7651794336,4.38858537989,5.03073357881,6.68936130769,9.67586059713,221800,688900,910700,RESIDENTIAL,2,NA
67015049,21.58259773,-158.1252507,2301.963455,207.0177833,4.19684028,0.422608642,0,0,0,8.384828055,7.514797034,6.536428504,5.371465487,921.328214162,91.0705436017,153.232523578,268.590165145,426.258401361,92.1925195935,106.930615749,134.66940683,168.40471265,484100,813400,1297500,RESIDENTIAL A,2,2030
67015050,21.58253072,-158.1255185,3086.298584,275.5756202,5.883798346,2.445704282,0.258374286,0,0,10.35404161,10.00826118,9.009672429,7.442425957,1111.01931396,94.3841563444,151.735280852,268.394785811,434.545765218,102.190606432,124.164894754,153.377484529,186.589923974,781900,1532700,2314600,RESIDENTIAL A,1,2050
67015051,21.58230041,-158.1255905,1758.773407,200.3818394,32.0435619,28.98711108,27.2458658,23.43430031,17.8355124,37.4119961,36.75825843,35.19987891,34.16907355,729.29591649,4.39251935479,6.80926868257,12.1485015079,19.9988441116,2.2506614529,2.94231991021,4.39788423507,5.85342625422,324300,944300,1268600,RESIDENTIAL A,1,NA
67015052,21.5823107,-158.1258316,2914.783844,285.6554973,21.35441861,18.78084866,17.61181306,14.53347885,9.559939249,28.34273901,27.34241547,26.34208655,25.34179267,777.548574238,5.8320175825,9.02317492092,16.2187586282,27.0066313971,2.28940973426,4.17819647976,6.07376306302,7.97610946773,454700,662100,1116800,RESIDENTIAL A,1,NA
67015053,21.5824891,-158.1257997,1724.555954,186.5842714,7.44203655,4.651846323,3.23814896,0,0,13.79996369,12.79965485,11.79929293,10.79901498,917.388722229,76.3342914729,111.825779408,202.256818431,341.427232967,4.94686358398,13.3120958549,27.8017615107,59.4165748613,457400,1350800,1808200,RESIDENTIAL A,1,2075
67015054,21.58245428,-158.1260594,1676.306168,167.5887362,12.04148468,9.740561862,8.863295868,6.159519738,1.754640506,19.18617561,18.28621778,17.28739494,16.18523503,917.392634154,36.340427316,46.2858988962,86.6583396736,155.777774926,0,0,0,3.47276822478,520000,1402200,1922200,RESIDENTIAL A,1,NA
67015055,21.5824159,-158.1262679,2170.566238,202.1256779,13.44866407,11.62685286,11.32441627,9.368470942,5.82083283,21.09581065,20.16071266,19.16111578,17.23302282,887.494215071,25.8275771914,23.6749199832,48.2401229022,100.418282096,0,0,0,0,560500,1399900,1960400,RESIDENTIAL A,1,NA
67015056,21.58250109,-158.1264307,1735.757141,174.003899,8.747246025,7.47937576,7.850686052,6.752231697,4.137898092,16.32967359,15.75251628,14.79109513,13.23393259,1002.95426128,8.8183381644,1.88859786998,6.4437909081700004,27.1826567161,0,0,0,0,474200,1416200,1890400,RESIDENTIAL,1,NA
67015057,21.58231108,-158.1265824,2160.369431,232.6866588,26.27424224,25.82672871,28.91034896,28.10202139,26.28639939,34.04092375,33.07060861,32.07128306,31.04035511,1036.11412399,0,0,0,0,0,0,0,0,509800,1411400,1921200,RESIDENTIAL A,1,NA
67015058,0,0,2242.878159,233.4840793,25.97164768,34.0262437,45.46856612,43.82119418,39.32047205,33.67093473,32.77920927,31.54331555,30.54301817,1044.21865985,0,0,0,0,0,0,0,0,495200,1388000,1883200,RESIDENTIAL,1,NA
67015059,21.58234894,-158.1270015,2565.821732,203.8554898,25.4177461,45.88975095,58.92657793,57.13212624,52.12110191,33.9460026,33.52170763,32.52142809,30.98622458,1002.86809108,0,0,0,0,0,0,0,0,592400,1384300,1976700,RESIDENTIAL A,1,NA
67015061,21.58216893,-158.1272102,2914.060669,276.041637,39.52338069,76.31727937,89.02925999,87.28966537,82.42026937,49.01333509,48.22734052,47.22697821,46.22674671,872.00132104,0,0,0,0,0,0,0,0,1112400,1433800,2546200,RESIDENTIAL,1,NA
67015062,21.582042,-158.1273668,615.5778198,99.33062366,64.28049984,100.6045542,112.1725846,110.5795124,106.1371124,73.81979687,72.83972773,71.86031558,70.12037733,1306.91164785,0,0,0,0,0,0,0,0,849900,1619800,2469700,RESIDENTIAL A,1,NA
67015063,21.58192437,-158.1276,1318.683502,160.0240951,71.94038958,123.8230875,135.5512975,133.9461138,129.4551067,79.35300485,78.6963816,77.44094337,76.48651472,1102.66210304,0,0,0,0,0,0,0,0,2370100,1636100,4006200,RESIDENTIAL A,1,NA
67015064,21.58198349,-158.1278718,2635.042084,206.7447459,55.79992545,144.0686403,157.1617062,155.3912464,150.404106,60.20578062,59.3366859,58.30389787,57.04256627,903.646436946,0,0,0,0,0,0,0,0,775300,1125300,1900600,RESIDENTIAL,2,NA
67017024,21.57876527,-158.1299212,4232.840546,341.3972003,362.4995937,361.5209615,364.7647029,363.8970861,361.7837126,93.99407429,93.99407429,51.21157354,23.5675493,720.726752319,0,0,0,0,0,0,0,0,251300,739900,991200,RESIDENTIAL,1,NA
67017025,21.57887253,-158.1300382,3724.84404,290.0124469,351.7196248,351.1533236,353.3842389,352.6403042,350.5773602,74.72892634,74.72892634,32.05301558,14.99147368,778.61385508,0,0,0,0,0,0,0,0,305400,738200,1043600,RESIDENTIAL,1,NA
67017026,21.57917877,-158.1296917,3779.180557,321.4234921,318.0534829,316.9823929,321.6419599,320.5942064,318.4137386,104.2377453,104.2377453,74.54006762,64.27583918,723.604049681,0,0,0,0,0,0,0,0,324100,741900,1066000,RESIDENTIAL,1,NA
68002010,0,0,3496.825943,242.5639022,31.02394471,27.34875584,24.44899333,19.1245615,11.96521217,45.1342682,44.25080967,43.35334417,42.45253079,52025.0721057,2029.79762734,3904.23827415,7084.10917072,11143.9018749,0,0,0,0,728000,695000,1423000,RESIDENTIAL,2,NA
68003018,21.58071609,-158.1737271,3790.963913,262.7571754,74.00228452,66.68619212,59.20614279,48.53183999,36.73832631,75.33419466,74.37919056,74.37919056,73.42529672,5340.96028255,393.179191435,794.189055172,1417.97745274,2184.94113669,10.8002659159,17.8169801104,26.0695789489,50.7618802518,519400,695000,1214400,RESIDENTIAL,1,NA
68004001,21.58036032,-158.1559198,2647.60994,239.596401,13.26898769,9.543480134,6.640170506,1.616245277,0,26.19042642,25.36290994,24.26010097,22.34583306,5174.4013605,234.073520688,415.410853596,729.102247805,1141.04237937,0,0,0,0,1475100,3352300,4827400,RESIDENTIAL A,1,2100
68004002,21.57997275,-158.1553751,2513.111191,209.3030092,70.90475871,66.83011167,63.72672478,58.23728517,50.93036682,86.20964679,85.48179162,84.22724004,82.00778713,3156.15057111,124.673184605,218.848013857,383.972194197,603.648676868,0,0,0,0,460000,2398300,2858300,RESIDENTIAL A,1,NA
68004003,21.58026055,-158.1550686,947.6612549,126.1525037,45.72091769,40.96692557,37.00410423,30.41950848,22.0318748,51.65951772,50.94996853,50.19439464,49.22187576,3134.50757844,135.006823483,241.418449055,424.128362048,664.185528221,0,0,0,0,11100,2579100,2590200,RESIDENTIAL A,1,NA
68004004,21.58035787,-158.1549068,2188.732437,213.4128824,32.3764463,27.51657796,23.35157881,16.53384578,7.965149138,37.01873707,37.01531611,36.01501227,35.01474494,2006.29640375,6.16666885262,90.8452239618,234.885942082,418.359252559,0,0,0,0,1502300,2131000,3633300,RESIDENTIAL A,1,NA
68004005,21.58043452,-158.1547118,2025.326736,214.620337,20.77596846,16.16283069,12.23153429,5.664756285,0,28.34479594,27.16463554,26.16608408,25.16767414,1908.72644762,0,69.7539061817,216.070721088,399.421826939,0,0,0,0,1747100,2097400,3844500,RESIDENTIAL A,1,2100
68004007,21.58006958,-158.1540314,1857.051605,183.9101758,59.7765043,56.32367096,54.16199469,49.86537279,43.73505731,69.4451196,69.01843455,67.60463707,66.23623127,674.044625385,0,0,0,0,0,0,0,0,274600,707700,982300,RESIDENTIAL,1,NA
68004009,21.58016411,-158.1538995,559.3891602,96.17783743,51.60127474,48.09695783,45.84012788,41.45912376,35.28141776,59.65226298,58.85747698,57.68467552,56.7018069,4054.75227688,0,0,13.5136009862,371.930953715,0,0,0,0,517300,5716600,6233900,RESIDENTIAL,1,NA
68004011,21.58024164,-158.1532246,1329.38562,154.727925,17.81589876,13.71865026,10.61018384,5.299343646,0,25.09455148,24.35279995,23.36642773,21.69411337,1069.79708467,0,9.66289244492,111.494398088,273.194773789,0,0,0,0,920100,1808500,2728600,RESIDENTIAL A,2,2100
68004012,21.58024388,-158.1530248,1529.237076,153.5655432,13.31732123,8.869838498,5.367924571,0,0,19.77483533,18.78459342,17.59951932,16.28711504,920.222233268,3.91612832534,72.2797198122,202.676178483,374.454245619,0,0,0,0,1085400,1757000,2842400,RESIDENTIAL A,1,2075
68004013,21.58017296,-158.1528225,2495.316757,214.8740537,18.45444845,13.90163247,10.27312613,4.144465051,0,24.46841953,24.46845081,23.46815213,21.92071414,698.029438655,20.2915406911,88.3602189204,203.269464731,352.56080452,0,0,0,0,1744600,1680500,3425100,RESIDENTIAL A,1,2100
68004014,0,0,2388.431854,213.5681669,14.55010813,10.01904335,6.414983377,0.293822523,0,21.13310276,20.50858122,19.49767362,18.27376578,643.023625788,35.5706375861,102.587723773,215.6457174,362.500310174,0,0,0,0,1184200,1661500,2845700,RESIDENTIAL A,1,2075
68004015,21.58023965,-158.1524849,2623.212112,264.9472843,8.392110367,3.961652651,0.512350202,0,0,15.23053486,14.8236082,13.53385272,12.24399862,597.972140783,38.7598034376,103.139098915,212.637163004,355.769958663,0,0,0,0,1055900,1646100,2702000,RESIDENTIAL,1,2050
68004017,21.58028417,-158.151829,1344.347061,149.2420416,15.30481986,10.65308405,6.862989903,0.443222764,0,22.78501884,21.85897295,19.11063127,15.20051883,449.265961587,37.9117164859,94.2361918708,188.748226047,310.58989732,0,0,0,0,1040300,1023900,2064200,RESIDENTIAL A,2,2075
68004018,21.58042415,-158.1512806,4441.270721,418.8988945,11.86728365,6.681222215,2.130027374,0,0,19.016586620000002,17.68043593,14.54299798,11.41990008,1199.43367912,47.5081056021,214.675335486,482.835570806,817.166179966,0,0,0,0,1400400,2880100,4280500,RESIDENTIAL A,1,2075
68004019,21.58044313,-158.1509959,1552.847031,173.6788566,20.29352033,15.03147917,10.39675472,2.990646412,0,28.73618759,28.07197344,26.51768968,24.00852916,574.153322452,0,33.4895041522,168.837066148,336.978706955,0,0,0,0,708000,1637800,2345800,RESIDENTIAL A,1,2100
68004020,21.58056034,-158.1508371,1155.258438,153.6050845,15.32654976,9.946850666,5.151754483,0,0,22.92240028,22.15734489,21.17820505,19.35826943,585.300389022,0,35.7772843865,174.694305508,346.159080618,0,0,0,0,952900,1641600,2594500,RESIDENTIAL A,1,2075
68004021,21.58051086,-158.1506614,2312.824524,246.667718,23.08281782,17.58058605,12.61369593,4.787185939,0,30.07141649,29.45081296,28.21897876,26.58279261,596.449825499,0,33.7753903878,177.070356836,353.073109159,0,0,0,0,737300,1645400,2382700,RESIDENTIAL A,1,2100
68004022,21.58054243,-158.1505061,1726.496017,203.3427531,23.96474797,18.39497359,13.33613393,5.397352439,0,31.77858044,30.85850187,29.93617153,28.53553837,607.596753621,0,26.9779431735,172.216109656,350.169079772,0,0,0,0,930500,1649300,2579800,RESIDENTIAL A,1,2100
68004023,21.58065691,-158.1503412,1195.220444,146.0577484,17.9439027,12.35569852,7.267965732,0,0,26.19253891,25.51789629,24.26712519,22.35481299,618.746033279,0,24.8228926177,170.790138599,349.584925804,0,0,0,0,1187800,1653100,2840900,RESIDENTIAL A,1,2075
68004024,0,0,2420.523315,229.4991325,17.41985668,11.86911893,6.826564287,0,0,25.9631065,25.29062881,24.03850914,21.17793887,629.8940626,0,12.7216082843,156.755866884,333.787541416,0,0,0,0,1590200,1657000,3247200,RESIDENTIAL A,1,2075
68004025,21.58069362,-158.1499816,2986.53746,223.2782794,20.69899008,15.3251151,10.50625917,2.865603261,0,30.28732097,29.50231711,27.88319867,25.99069803,641.044319495,0,0.613831489213,136.534244567,308.118613258,0,0,0,0,1352000,1660800,3012800,RESIDENTIAL,1,2100
68004026,21.58068668,-158.1497449,750.5561981,121.713604,27.65182522,22.85505965,18.76088545,11.99872698,3.422039954,35.95140388,35.91844681,35.01028131,34.01272671,1070.26479432,0,0,49.7780598839,343.203394296,0,0,0,0,1570400,2441300,4011700,RESIDENTIAL,1,NA
68004027,21.5807498,-158.1493357,367.0875397,81.03483873,30.56356922,26.15805959,22.65861273,16.6620617,8.86114884,36.20631032,35.38530503,34.65746832,33.67068141,408.782157141,0,0,0,89.5948909405,0,0,0,0,441600,1428800,1870400,RESIDENTIAL,1,NA
68004028,21.58086536,-158.1491791,1705.954742,193.2119573,19.23700976,15.00471612,11.74649446,6.084403121,0,23.13272242,22.60662623,21.9660408,20.98272673,435.225984385,0,0,0,76.5641936689,0,0,0,0,889900,1305600,2195500,RESIDENTIAL A,1,2100
68004029,21.58048719,-158.154104,2647.466599,292.5005596,7.015102993,3.588394097,1.453996819,0,0,20.15086629,19.20073618,17.68207669,15.74448598,929.029129396,0,0,34.1367781431,166.564277553,0,0,0,0,894900,1455300,2350200,RESIDENTIAL A,1,2050
68004030,21.58033212,-158.1519952,1670.273117,178.3485187,6.727173287,2.228094953,0,0,0,13.14896659,12.16360489,10.66191593,7.866020124,443.824981983,29.6402859577,83.3656445468,174.751194472,293.859045446,0,0,0,0,750100,1017500,1767600,RESIDENTIAL A,2,2050
68004031,21.58037563,-158.1515272,2256.829788,253.1561889,7.995906869,2.922443124,0,0,0,15.65413977,14.31097649,10.92333313,9.176583955,545.976070158,41.0341286013,121.035566632,250.266348918,412.094383398,0,0,0,0,917400,1628200,2545600,RESIDENTIAL A,1,2050
68004032,21.58034242,-158.1516973,2296.435089,207.2635808,7.80671577,2.994751623,0,0,0,15.18490296,13.63892018,10.65167399,8.693971171,453.935096692,40.9706411801,102.440647607,203.466444907,331.58434963,0,0,0,0,1310600,1502100,2812700,RESIDENTIAL,1,2050
68004033,21.58080182,-158.1498322,1841.960724,207.8393598,11.5977513,6.742789695,2.57236147,0,0,20.56181245,20.35676455,19.56147269,17.7947939,618.743609624,0,0,92.395321009,255.134532222,0,0,0,0,1526300,1570500,3096800,RESIDENTIAL,1,2075
68005001,21.58078355,-158.1491094,497.9110413,89.27728561,34.42933051,30.24766948,27.05160586,21.46190781,14.10541386,37.97513099,37.6417255,36.70140212,35.76433148,596.38503611,0,15.1019204144,95.8306118966,204.296359957,0,0,0,0,1670500,1651800,3322300,RESIDENTIAL A,1,NA
68005004,21.58100875,-158.1484083,4520.589828,370.9677579,23.00211631,19.49843443,17.16172596,12.62221759,6.314268567,33.0119282,32.12107481,30.83441416,29.42523975,1192.50809694,0,0,53.3569815105,227.883238107,0,0,0,0,1347700,1848300,3196000,RESIDENTIAL,1,NA
68005005,21.58113508,-158.1482166,2813.624466,212.3005712,19.03797832,15.77644179,13.7563241,9.635635155,3.783758465,44.03566379,42.19142346,34.29116875,26.80941635,821.863550686,0,0,28.0592264066,132.17856791,0,0,0,0,1204500,1734200,2938700,RESIDENTIAL A,1,NA
68005006,0,0,3269.704453,239.8373627,25.13475156,22.02209154,20.20735263,16.34113156,10.73569106,57.58365386,55.6828332,47.103937,37.43755163,912.479871756,0,0,3.68545580616,99.3500507464,0,0,0,0,1285300,1752500,3037800,RESIDENTIAL,2,NA
68005007,21.58116675,-158.1478527,1791.260635,170.8210111,32.05919815,29.19749998,27.75198859,24.33179743,19.12322579,81.87985028,79.90765912,70.48570733,58.75369009,942.697162479,0,0,0,69.2827512148,0,0,0,0,883900,1770700,2654600,RESIDENTIAL,2,NA
68005008,21.58119917,-158.1476987,4292.736115,363.6432514,19.51363294,16.75379265,15.43532895,12.19103993,7.175978522,88.85335781,86.77728344,76.92422819,68.21131693,1027.94072498,0,0,5.96088229924,85.7017907882,0,0,0,0,1574200,1789900,3364100,RESIDENTIAL,1,NA
68005009,21.58142753,-158.1475042,5610.965637,388.6024377,12.9251931,10.3196647,9.154939981,6.140222963,1.415333272,89.00924823,86.82434848,82.33158182,79.95385554,1747.82830288,0.159209106806,8.94943774843,54.0433607754,186.339590525,0,0,0,0,2666700,2042000,4708700,RESIDENTIAL A,1,2100
68005010,0,0,2624.641251,242.4003867,19.87878987,17.5823646,16.84262315,14.3091742,10.00226664,93.64485245,91.41378529,90.48995428,89.18296811,1479.53836777,0,0,43.3217504104,138.73184558,0,0,0,0,803800,730400,1534200,RESIDENTIAL A,2,NA
68005012,21.58158615,-158.1468527,1451.119156,183.053514,26.78336632,24.39332444,23.56590411,20.91484833,16.48732424,105.0966432,93.08205084,92.09668146,91.09652148,1343.1286591,0,0,2.09513170346,65.4743993079,0,0,0,0,928300,1899700,2828000,RESIDENTIAL A,1,NA
68005014,21.58178469,-158.1461625,2564.20018,256.603011,13.25871461,9.672415139,7.25874991,2.648624126,0,58.33660215,58.33660215,55.57829756,50.09436434,1250.96123002,0,0,0.253869510185,96.949289817,0,0,0,0,950700,1317100,2267800,RESIDENTIAL,2,2100
68005015,21.58190099,-158.1460998,240.4151306,62.88874332,12.98282538,9.339715993,6.850569212,2.146505222,0,52.58860945,52.58860945,49.86860305,44.4795593,1272.3872827,0,0,13.8622640064,134.468657725,0,0,0,0,929700,1863400,2793100,RESIDENTIAL A,1,2100
68005016,21.58186416,-158.1456615,2871.470489,250.0175656,16.87627459,12.59686563,9.235662365,3.484214214,0,28.82687344,28.55679579,27.55652302,25.8178746,1242.3312153,0,3.93419640222,88.9348503696,220.392746312,0,0,0,0,1227500,1874900,3102400,RESIDENTIAL A,1,2100
68005017,21.58174481,-158.1454619,1880.710114,198.7226105,33.47566903,28.90805454,25.15474063,18.85729103,10.80984186,44.01334438,43.4286736,42.69232403,41.25928107,1322.73807315,0,55.7025986743,169.639649409,315.929412285,0,0,0,0,1084300,1882100,2966400,RESIDENTIAL A,1,NA
68005018,21.58167806,-158.1452753,1738.938889,195.2822687,48.57767456,43.9411234,40.09265316,33.66484304,25.46272667,59.40452297,58.80553725,56.73794486,53.31660269,1349.73130728,0,48.6174106635,168.29402999,321.495282638,0,0,0,0,959900,1708500,2668400,RESIDENTIAL A,2,NA
68005020,21.58203665,-158.145174,1701.666138,186.0084631,16.69570634,12.17737619,8.452377988,2.181447197,0,25.15740007,24.58537286,23.88652769,22.3543716,622.851286035,0,0.442240071705,105.135723241,243.204106898,0,0,0,0,915100,1651500,2566600,RESIDENTIAL A,1,2100
68005021,21.58206315,-158.1450271,2859.778854,291.1607888,15.09802182,10.46844214,6.656518267,0.273542939,0,23.03541451,22.30026292,21.33674014,20.11195114,659.090582975,0,0,89.4961135489,226.64983087,0,0,0,0,794700,1658000,2452700,RESIDENTIAL A,1,2075
68005022,21.58219394,-158.144857,1310.284561,146.0727497,12.29580942,7.587833108,3.680301405,0,0,20.50790581,19.77305193,18.55564386,17.16381928,661.771342601,0,0,72.2262614949,210.538001033,0,0,0,0,1048800,1664400,2713200,RESIDENTIAL A,1,2075
68005023,21.58206207,-158.1448122,567.8896332,104.26485220000001,29.22010886,24.49398051,20.56455104,14.03668761,5.713719532,37.25064068,36.42770476,35.36660108,33.9223929,666.718536885,0,0,59.9483000305,202.452063481,0,0,0,0,890200,1670900,2561100,RESIDENTIAL A,2,NA
68005025,21.58230243,-158.1444286,1296.008728,154.2043079,17.97008132,12.95340227,8.564571066,1.466776478,0,25.60147491,24.73314365,23.36167666,21.12743439,800.549136291,0,3.33555023421,112.301835899,261.933520645,0,0,0,0,1190600,1705000,2895600,RESIDENTIAL A,1,2075
68005027,21.58238149,-158.1441841,1937.814743,234.0256447,15.660901,10.72328426,6.482208781,0,0,26.3718185,25.4906467,23.82432777,21.79697091,892.155522267,0,12.4610705726,130.403416581,278.927059892,0,0,0,0,1641500,1741600,3383100,RESIDENTIAL,1,2075
68005028,21.58250241,-158.1441701,281.7981567,67.16861752,10.72044375,5.87404392,1.749667763,0,0,22.23363749,21.42977285,19.44652493,17.03305093,993.581906961,0,2.2847536192,117.667229314,267.969926173,0,0,0,0,1449000,1766800,3215800,RESIDENTIAL A,1,2075
68005029,0,0,2440.348419,223.2450056,23.61447613,18.9429094,15.00501077,8.540632559,0.388060341,34.71823675,33.79758355,31.97054035,29.74356947,928.48549064,0,0,87.7283850944,215.958264689,0,0,0,0,2075900,1757100,3833000,RESIDENTIAL A,1,2100
68005030,21.58259773,-158.1437912,255.753479,65.93655443,18.08158214,13.47413681,9.661355589,3.306035651,0,28.24710787,27.56789576,26.4338985,24.64979322,939.139847735,0,0,70.4372805485,192.37177948,0,0,0,0,896400,1771300,2667700,RESIDENTIAL A,2,2100
68005045,21.58173425,-158.1463394,1782.24382,207.8007625,21.10934536,17.67588472,15.45659351,11.08796224,4.961132558,77.85234705,77.85234705,75.08698761,69.57811007,601.970720193,0,0,0,28.1440114705,0,0,0,0,818900,1419100,2238000,RESIDENTIAL,1,NA
68005047,21.58151311,-158.1465009,4017.482193,412.8553359,33.52803778,30.41074911,28.61189402,24.75332833,19.13391241,103.9960904,89.97462579,80.86933475,80.32424258,1413.11657581,2.92082739278,21.6344605398,85.7897474315,184.349447548,0,0,0,0,950700,1919000,2869700,RESIDENTIAL,1,NA
68005051,0,0,2584.662537,245.5417033,16.85569976,14.31080583,13.17916949,10.16448722,5.40819644,105.7717708,92.445468,87.13178297,86.01115127,780.552695739,0,0,8.02528930594,91.0782937492,0,0,0,0,1398800,1505800,2904600,RESIDENTIAL A,1,NA
68006002,21.57955885,-158.1595999,3070.400986,255.9890372,8.245114346,2.320991342,0,0,0,19.93324669,18.97565488,17.93031392,15.92969971,914.157442182,89.6759014689,214.993746689,413.039128096,661.278358973,0,0,0,0,868800,1630100,2498900,RESIDENTIAL A,1,2050
68006003,21.57959862,-158.1584791,2797.420364,263.7132025,3.133542041,0,0,0,0,11.83088757,10.83053827,9.830270039,8.036104504,2125.18020608,471.344889498,925.129668045,1542.62911729,1681.87290663,0,0,0,3.24566470772,1016700,1554300,2571000,RESIDENTIAL A,2,2030
68006004,21.57970197,-158.1577316,4020.883636,336.9383986,5.660022511,0,0,0,0,12.62447498,12.00908696,10.71880624,9.464240776,1852.18718735,430.293087109,893.104892914,1531.84435142,1830.79723282,0,0,0,0,1090500,1694700,2785200,RESIDENTIAL A,2,2030
68006005,21.57976652,-158.15743990000001,2308.444687,207.8361455,5.936699953,0.325370586,0,0,0,14.29721145,13.60122617,12.35782596,11.14360684,934.350272146,118.146532292,226.32526828,393.711838845,596.442809548,19.4870587235,34.253310421,61.3764774712,89.8563313543,925400,1695000,2620400,RESIDENTIAL,1,2030
68006006,21.57991249,-158.1568948,2250.769501,262.6830159,7.085892109,2.56776294,0,0,0,16.3958946,15.10681872,13.80973101,12.87642468,1004.69294563,84.9241677632,154.058629071,269.237337135,416.337822941,0,0,0.819174585636,9.69133986578,890800,1741700,2632500,RESIDENTIAL A,1,2050
68006007,21.57987975,-158.1562343,982.325058,125.9562581,46.80455509,42.91432409,39.89017326,34.62230581,27.69334399,52.46790466,51.61263051,50.23799812,48.86565113,1474.60646691,79.9849752773,142.312067553,250.298792429,391.773265818,0,0,0,0,2096900,1949100,4046000,RESIDENTIAL A,1,NA
68006012,21.57976037,-158.15727330000001,493.0410767,102.992979,16.88909904,11.7715035,7.26032851,0.245734603,0,24.33124861,23.09528584,21.84660709,20.61938026,920.047718064,102.847902891,193.709669674,337.376367571,514.39826158,1.09606840574,14.6376162433,39.8163555708,61.0003978881,977500,1701100,2678600,RESIDENTIAL A,2,2075
68006013,21.57976147,-158.1571858,642.4786377,115.0745301,17.13274198,12.08200895,7.706687908,0.797120628,0,24.85174798,23.77798783,22.43518536,21.15346497,921.407655439,90.5649493428,167.512126893,292.12970451,448.318393978,0,0.558693461711,11.2445917075,28.7674846087,2034700,1721200,3755900,RESIDENTIAL A,1,2075
68006018,21.5795547,-158.159337,1883.526138,178.5758109,7.731098474,1.862943964,0,0,0,19.55082826,18.95375385,17.51574294,15.80787503,1120.9464083,125.400263973,245.590503332,437.574737316,680.635718749,72.5701542671,88.3001550276,113.145791225,150.159727386,824900,1544800,2369700,RESIDENTIAL A,1,2050
68006019,21.57954663,-158.1591403,2928.418671,252.9436311,8.190398894,2.33289183,0,0,0,21.26807369,20.2677815,18.93334693,16.53685448,958.439360369,121.472834074,240.744065422,435.976692422,667.664078367,30.6700079776,46.5269865419,67.3297144618,106.199429568,1301000,1691900,2992900,RESIDENTIAL A,1,2050
68006020,21.58003719,-158.1566847,1994.132736,221.2900983,6.220491352,2.296215445,0,0,0,15.72148046,14.83410397,13.48502045,12.13593694,1087.96984872,122.628494347,218.625257355,383.601143983,598.621753845,0,0,0,0.07159766211,871600,1554000,2425600,RESIDENTIAL,1,2050
68006021,21.57981778,-158.1567049,2274.021576,252.67324,20.17709395,16.18318045,13.02146847,7.724986212,0.964602717,30.9426002,30.03602776,28.70728713,27.3870133,696.790113207,0,0,0,0,0,0,0,0,346000,687500,1033500,RESIDENTIAL,1,2100
68006031,21.58014627,-158.156408,2523.194077,233.8488253,10.50385179,6.609873194,3.580622334,0,0,16.56613397,15.7840515,14.39876318,13.01979485,881.554642956,91.0295053331,164.040856177,291.087279832,458.066177929,0,0,0,0,1003100,1524200,2527300,RESIDENTIAL A,1,2075
68006032,21.57988138,-158.1563983,2127.839432,193.9821197,40.71312995,37.2688575,34.30649855,29.05721237,22.14659372,46.51155538,45.63256216,44.30920731,42.93689887,696.022127636,0,0,0,0,0,0,0,0,269300,721900,991200,RESIDENTIAL,1,NA
68009002,21.57940906,-158.1755149,1558.473221,161.4449258,141.377307,135.7787316,130.743383,122.8395842,113.0870399,54.03603362,52.49543345,51.56145952,51.20869123,548.002707,0,0,0,0,0,0,0,0,137100,554600,691700,RESIDENTIAL,1,NA
68009003,21.57941661,-158.1756824,3018.415298,234.6965355,129.2688052,123.7936906,118.9179841,111.1871784,101.548098,45.4503671,44.39979384,43.42603635,43.20460908,579.205232406,0,0,0,0,0,0,0,0,518800,561500,1080300,RESIDENTIAL,1,NA
68009005,21.57952822,-158.175551,191.6190338,56.05766283,133.0784743,127.4678811,122.4159197,114.4916738,104.7201022,69.75784961,68.09192476,67.12720635,66.86330848,808.798980934,0,0,0,0,0,0,0,0,624000,755000,1379000,RESIDENTIAL A,1,NA
68009006,21.57991359,-158.1755017,2992.020828,232.0989756,87.91930943,82.27087131,77.15527221,69.15479999,59.30708226,96.70636988,96.08872092,94.78652332,93.48768698,794.970464965,0,0,0,0,0,0,0,0,180800,679500,860300,RESIDENTIAL,1,NA
68009007,21.58009539,-158.1754727,346.6790161,79.21807015,80.56247378,74.85711561,69.66710806,61.58732251,51.69239868,88.89370469,88.08088028,87.00554172,85.58749512,791.250291271,0,0,0,0,0,0,0,0,656200,679500,1335700,RESIDENTIAL,1,NA
68009010,21.5809299,-158.1750961,2190.809586,287.4760089,8.062208521,1.195832971,0,0,0,13.73199487,12.92562269,11.75291767,9.430345834,1181.24868919,158.972708095,306.220428094,508.69813695,736.631947598,45.2920764447,62.8252709763,84.5176131899,111.220051493,502100,1578300,2080400,RESIDENTIAL A,1,2030
68009011,21.58094326,-158.1752429,1669.838669,179.169693,2.35926571,0,0,0,0,9.153535906,8.546472709,7.245612912,5.031640204,490.258809333,152.143413655,257.413624401,310.992801219,354.44943254,0,0.140794251817,4.78184627142,44.4752107889,1296400,1061600,2358000,RESIDENTIAL,1,2030
68009012,21.58068284,-158.1755626,2480.602158,241.4615065,11.90377059,6.15122108,0.907648802,0,0,19.80708582,19.21968981,18.1759128,16.53673288,1068.23359542,161.844040935,307.016279601,527.911242859,793.421769741,0,0,0,10.0881844615,1356500,1557100,2913600,RESIDENTIAL A,1,2050
68009013,21.58051088,-158.1757722,2778.362915,236.0774351,14.88423154,9.207373483,4.057639434,0,0,23.67620138,22.90341006,21.57337959,20.25491244,1024.31274815,136.137070832,259.615488007,451.054806705,684.4104109,0,0,0,2.37505653645,1504500,1470600,2975100,RESIDENTIAL A,1,2075
68009014,21.58032628,-158.1758264,2174.832962,201.7396544,33.14585293,27.52716751,22.4722011,14.55439502,4.79440828,41.93495128,41.33255569,40.07436258,38.77511841,704.36466128,0,0,0,0,0,0,0,0,636000,621200,1257200,RESIDENTIAL A,1,NA
68009015,21.58009123,-158.1758382,1316.158188,175.8572379,58.38836276,52.80766718,47.80125711,39.94034564,30.2363332,66.08415258,65.19908872,64.28501712,63.39052775,766.362096608,0,0,0,0,0,0,0,0,839100,652500,1491600,RESIDENTIAL,1,NA
68009017,21.57970761,-158.1759775,1246.440201,154.1158142,92.41918126,86.98570281,82.18634325,74.60376265,65.18146306,61.12333886,60.5693961,59.78373412,58.83191143,760.739757055,0,0,0,0,0,0,0,0,866700,652500,1519200,RESIDENTIAL A,1,NA
68009018,21.57950143,-158.1759087,1877.205612,180.0160383,114.637213,109.1950795,104.3869703,96.78782665,87.35363331,52.56786215,51.86994048,51.72368438,51.40509036,569.703242173,0,0,0,0,0,0,0,0,616400,547400,1163800,RESIDENTIAL,1,NA
68009019,21.5794168,-158.1761067,2113.737549,241.3017165,115.4142311,109.9922531,105.2077656,97.63140054,88.21622102,41.98684649,39.33494609,38.11481937,37.40025711,598.313997285,0,0,0,0,0,0,0,0,84400,562800,647200,RESIDENTIAL,1,NA
68009020,21.58047701,-158.176164,2491.372757,215.5963085,5.931800473,0.484494728,0,0,0,13.19563317,12.22849551,11.26704855,10.04367246,7393.73392038,292.859512715,605.166721764,1090.49434707,1682.36592426,7.47567527077,18.9935051536,51.7620346952,110.593971651,1098900,3322700,4421600,RESIDENTIAL,1,2030
68009023,21.58076064,-158.1753696,1677.247574,210.5944511,12.66599205,6.812146234,1.340456373,0,0,21.28851839,20.1905162,19.09066635,17.40389565,459.790843282,0.0301544423179,33.5713136108,183.80555846,377.794177964,0,0,0,0,0,358700,358700,RESIDENTIAL,1,2050
68010001,21.57961324,-158.1770039,2920.909302,274.5373075,72.19359536,66.12436787,60.1576816,51.0134844,40.10604567,29.08014181,28.43919794,28.12406527,27.17134105,1463.13654902,0,0,0,0,247.791859908,293.815403267,343.396594923,387.562336139,293900,623400,917300,RESIDENTIAL,1,NA
68010002,21.57966708,-158.1771938,1747.528473,191.0934107,59.24765756,52.71534939,46.28589512,36.59439194,25.19117097,35.28251718,34.6010691,34.31816835,33.45879257,598.16999589,0,0,0,0,0,0,0,0,193200,570200,763400,RESIDENTIAL,1,NA
68010003,21.57984914,-158.1770221,2821.402405,244.3577736,42.69804141,36.74870387,31.14021799,22.46355708,11.96461423,33.61416964,32.67532112,31.60651302,30.27963408,1357.04775319,0,0,0,0,143.595538318,192.935760203,232.318693262,259.540013411,228200,687700,915900,RESIDENTIAL,1,NA
68010004,21.57975854,-158.1773468,1398.933975,149.6473581,46.56531928,39.68564791,32.76636411,22.46861332,10.49098711,53.81399999,53.23129485,52.53542178,50.36682056,773.607418617,0,0,0,13.1392078526,0,0,0,0,480700,744600,1225300,RESIDENTIAL A,1,NA
68010005,21.57983068,-158.1775646,2676.738358,237.0502631,30.74546609,23.70334748,16.41590686,5.603451206,0,37.90913334,36.95642124,35.42348009,33.2319279,649.471072625,0,0,0,197.798747932,0,0,0,0,441000,583600,1024600,RESIDENTIAL A,1,2100
68010006,21.57967587,-158.1776525,2496.353867,202.2181516,47.71206772,40.56266613,33.12185193,22.10540618,9.012776037,52.66668269,51.70827848,50.43375365,49.49279709,554.100324728,0,0,0,0,0,0,0,0,335800,546600,882400,RESIDENTIAL,1,NA
68010007,21.57972434,-158.177851,1298.069229,138.4662708,41.60132031,33.98209717,26.05161798,14.47976669,1.138431709,45.4779769,44.4985163,42.98957461,41.99973373,615.322800694,0,0,0,96.4578955279,0,0,0,0,320600,613100,933700,RESIDENTIAL,1,2100
68010008,21.58016905,-158.1770167,5855.347137,344.9207876,5.610972734,0,0,0,0,16.39151222,15.44329796,14.1836279,12.63334324,5808.47111694,474.01900268,898.931845009,1564.03492969,2367.61901857,902.300662609,1059.90735982,1317.32811727,1614.76857603,1292800,1381700,2674500,RESIDENTIAL A,1,2030
68010009,21.58021115,-158.1772834,2618.668732,229.3179399,0,0,0,0,0,8.837021996,7.671496402,5.883499771,2.721263437,960.11783892,142.433632064,265.296285931,421.06454166,443.245057721,246.01702375,273.841174368,319.900516278,393.661884741,720900,879800,1600700,RESIDENTIAL A,1,2024
68010010,21.58017122,-158.1774501,2732.390945,230.9472008,0,0,0,0,0,8.806980571,7.553508099,5.653696819,2.816741496,731.459646596,123.813796822,247.803266033,385.933249686,385.933249675,161.945411052,180.900814429,215.812092073,263.101614613,563100,800200,1363300,RESIDENTIAL A,1,2024
68010011,21.58011247,-158.1776158,2660.894104,226.7106702,0.516885302,0,0,0,0,9.695553638,8.434941296,6.844596044,4.692151655,725.462968562,132.874772107,269.85243033,406.74093623,406.740936215,168.034040141,186.867862617,214.094310464,246.307068885,559200,875000,1434200,RESIDENTIAL,1,2024
68010013,21.58006276,-158.177821,2608.851593,231.4290796,1.94707051,0,0,0,0,7.720426968,6.773664508,5.503921352,3.897381647,729.202928176,138.976957531,284.614445818,483.979474727,483.979474889,164.920023874,182.440697063,206.80557141,225.536123922,688100,804000,1492100,RESIDENTIAL A,1,2030
68010014,21.58001235,-158.1779895,2543.47821,237.5520073,4.118406788,0,0,0,0,8.687122605,8.001942114,6.18417099,5.218983043,872.578177819,159.171376614,327.196590113,572.838649697,606.279796143,160.556875987,178.379330518,210.411551483,226.638017504,447100,1124300,1571400,RESIDENTIAL A,1,2030
68010015,21.57998159,-158.1782622,2572.763168,273.6195112,1.696494659,0,0,0,0,4.385530171,3.906593713,3.385254913,3.384862959,1021.19601786,221.441731037,479.182065837,689.231867356,726.156262333,185.791139481,199.853184847,226.854508295,239.705248407,426300,1065000,1491300,RESIDENTIAL,1,2030
68010016,21.57979201,-158.1782008,2178.170105,198.845213,23.06730228,15.34282212,7.226533784,0,0,27.38486702,26.40490742,24.9615532,24.84549425,559.220672,0,0,34.899492282,333.495526613,0,0,0,0,467000,615100,1082100,RESIDENTIAL A,1,2075
68010017,21.57978997,-158.1783635,1867.669632,176.1897615,25.23790834,17.31503495,9.010384891,0,0,28.39217556,27.72321218,27.39953951,27.29130341,566.429473237,0,6.30031798693,201.574545834,481.348665496,0,0,0,0,306600,611900,918500,RESIDENTIAL,1,2075
68010018,21.57994603,-158.178525,3682.951996,275.4810366,2.803757462,0,0,0,0,7.303121309,6.976682924,6.392755279,5.513592272,1039.59858125,152.717083901,312.62824309,542.337255831,784.416970712,162.384733917,167.507149097,181.515859232,201.637621855,727900,1087800,1815700,RESIDENTIAL,1,2030
68010019,21.57988621,-158.1787162,3339.276627,278.5466904,6.815097515,0,0,0,0,10.34007924,10.32102673,9.683982757,9.076931497,984.089494916,158.530115433,325.059697934,563.892266092,719.458188589,187.510061341,193.019752022,201.765373102,213.110697046,541100,995400,1536500,RESIDENTIAL A,1,2030
68010020,21.5798893,-158.1788814,2575.807388,224.3729504,9.290165084,0.838375525,0,0,0,13.35180357,12.57547147,12.575444,11.57509849,930.049711816,159.333308717,327.646505646,569.165326197,648.475425616,205.341788348,220.351137902,220.611107644,239.36385358,491100,978400,1469500,RESIDENTIAL,1,2030
68010021,21.57992808,-158.1790433,3022.8004,233.8030226,4.380942115,0,0,0,0,7.326920645,7.165792047,6.511319164,6.165410967,876.950344123,165.34347776,339.791670481,588.623538045,616.257555261,183.863158301,192.497193421,201.502685857,210.559269381,860100,1189900,2050000,RESIDENTIAL A,1,2030
68010022,21.57988685,-158.1792871,644.0677643,105.7339162,16.93110763,8.197278744,0,0,0,20.77168598,19.87956181,19.77438474,19.71086006,851.926733305,174.979777469,359.623107893,589.285692125,589.344499569,170.081406475,174.455347534,189.427247836,198.640925355,446600,957600,1404200,RESIDENTIAL,1,2050
68010023,21.57996944,-158.1794017,2982.027985,248.425622,0.2426942,0,0,0,0,2.97804306,2.851916145,2.85189815,2.187334422,783.247638835,168.585233198,349.01088585,503.208633817,503.20863374,222.753334512,229.757691672,232.797009701,237.719068852,465000,810300,1275300,RESIDENTIAL,1,2024
68010024,21.58000565,-158.1797523,2069.962936,182.0084494,3.293981668,0,0,0,0,6.316647183,6.316647183,6.05026813,5.687746955,738.888414844,164.785677265,339.730055502,445.981473357,445.981473349,225.837064817,233.842040628,245.806833409,252.892212991,472300,1030000,1502300,RESIDENTIAL,1,2030
68010026,21.58002835,-158.1799852,2410.028931,211.9733879,4.315662397,0,0,0,0,7.150158562,7.113893462,6.502027653,6.113625801,748.696620658,175.459520441,361.730423385,453.050244705,453.050244715,229.985485982,232.987352195,239.991707694,246.830093167,699900,950200,1650100,RESIDENTIAL,1,2030
68010027,21.58008443,-158.1801646,2901.561981,228.2654831,0,0,0,0,0,2.475121135,2.426427198,1.646322538,1.487434831,687.686096601,158.979177532,330.508312846,415.474109706,415.474109794,207.550813763,210.55268087,217.272740702,226.444316324,486000,862300,1348300,RESIDENTIAL,1,2024
68010028,21.58012767,-158.1803412,2552.839874,227.7064635,0,0,0,0,0,2.414978763,2.142754242,1.835782771,1.154343024,743.450981114,167.352922431,346.440358262,446.116077508,446.116077425,223.971480525,228.974593339,234.262000811,244.717441866,487500,946900,1434400,RESIDENTIAL,1,2024
68010029,21.58013979,-158.1805125,2405.891998,203.9647624,2.653587626,0,0,0,0,5.810031861,5.810031861,5.414430667,4.872669034,741.757563805,165.494088068,348.258682233,453.520701726,453.520701812,229.554247432,231.55549269,236.558604313,248.387138317,549900,947900,1497800,RESIDENTIAL,2,2030
68010030,21.58020701,-158.1806813,1777.5569,172.5170054,0,0,0,0,0,3.625270048,3.483650655,3.342031325,2.493468988,695.605905557,158.026591632,347.069562722,430.358505502,430.358505447,194.657012341,197.65888048,201.661370491,209.061141882,443700,801100,1244800,RESIDENTIAL A,1,2024
68011039,21.58344158,-158.1393973,1720.142639,179.434148,16.81423326,13.57546015,11.51786755,7.162146698,0.813502602,50.45965973,26.59325786,25.30379791,22.78443639,930.575279542,13.9520291919,53.0286920286,148.131142017,283.306492567,0,0,0,0,1154300,1120000,2274300,RESIDENTIAL,2,2100
68011040,21.58348962,-158.1393124,1457.125092,161.2743196,17.30859522,13.68156029,11.17053709,6.392455729,0,56.87466522,26.18128531,24.90347848,22.30801592,930.552585194,0,19.6998120303,136.674329767,295.191571358,0,0,0,0,1232100,1120000,2352100,RESIDENTIAL A,2,2100
68011041,21.58354181,-158.1390947,1418.286835,161.9502693,19.18789514,15.13421368,12.03632686,6.527921428,0,37.91028967,29.09443879,25.55820844,23.66388702,931.160865054,0,40.2451603311,177.64655095,356.489090912,0,0,0,0,1151500,1120000,2271500,RESIDENTIAL,2,2100
68011048,21.58364462,-158.1362594,2192.241379,204.0323939,13.76373941,7.050455673,0.377633297,0,0,23.10114803,22.56769318,21.5892319,20.09650264,979.688761504,73.7632662759,258.733011223,542.326850828,863.177589699,0,0,0,0,1178100,1125800,2303900,RESIDENTIAL,2,2050
68011049,21.58362499,-158.1361141,1853.321487,188.6652512,16.0150092,9.419901824,2.910860379,0,0,26.16659385,25.16629085,24.16598019,22.77903217,1133.97815684,28.226817156,201.949956108,463.516682919,773.368908719,0,0,0,0,937500,1127900,2065400,RESIDENTIAL,2,2075
68011050,0,0,726.0170593,109.1562855,62.43085126,55.69762921,48.99283998,38.98209982,27.22901833,71.56007988,71.21357255,70.22262647,68.55821172,979.258343596,0,0,0,0,0,0,0,0,523300,532500,1055800,RESIDENTIAL A,4,NA
68011052,21.58287039,-158.136222,942.7222137,124.7291448,107.8020265,101.1412085,94.5342653,84.63883328,72.99170506,117.3994481,116.4236854,115.4236294,114.3985176,955.714524242,0,0,0,0,0,0,0,0,493100,514600,1007700,RESIDENTIAL A,4,NA
68011053,0,0,686.1337738,104.8718539,137.3516093,130.5342906,123.717752,113.5677538,101.670712,146.3310097,145.6236935,144.6245767,143.3484122,958.424486074,0,0,0,0,0,0,0,0,495600,543100,1038700,RESIDENTIAL,4,NA
68011060,21.5833123,-158.1365807,1363.649048,150.604332,58.19228704,51.37262009,44.53716859,34.3608546,22.43299116,66.2418691,65.38393568,64.34500369,63.11798908,1023.90865448,0,0,0,0,0,0,0,0,457200,522600,979800,RESIDENTIAL,4,NA
68011061,21.58342608,-158.1368429,1134.19519,135.299119,51.13003981,44.30844447,37.48534096,27.34071765,15.46078921,57.65995647,57.0066936,56.01032516,54.5331511,1074.4872186,0,0,0,0,0,0,0,0,473500,521400,994900,RESIDENTIAL,4,NA
68011062,21.58342235,-158.137156,1133.844238,134.7005955,53.49163936,46.77020091,40.09206966,30.11455724,18.37341138,64.29241868,63.75297638,62.17394023,60.21959129,1062.2463895,0,0,0,0,0,0,0,0,573200,574000,1147200,RESIDENTIAL A,4,NA
68011075,21.58363102,-158.1387954,1417.741226,161.8369453,14.22302457,9.523469123,5.579194037,0,0,23.44215588,22.45774254,21.44161687,19.44162035,934.895896538,1.1214799171,97.52840332,260.552989835,463.38112021,0,0,0,0,1154600,1120100,2274700,RESIDENTIAL,2,2075
68012040,21.58281699,-158.1430077,3083.34552,254.1470301,2.538474763,0,0,0,0,16.17069685,15.17042563,11.8149606,9.277663104,770.816912344,38.8330747739,82.5896959104,179.345512713,329.152993437,0,0,0,0,1686400,1343300,3029700,RESIDENTIAL A,1,2030
68012041,21.58274185,-158.1427665,3160.998627,265.927047,8.616591309,6.012781494,4.876011522,1.855729505,0,32.63959958,29.23716279,22.20547585,16.04640803,805.260420492,7.47993192872,31.0729288192,97.6114690949,200.466790804,0,0,0,0,1218000,1222100,2440100,RESIDENTIAL,1,2100
68012042,21.58273367,-158.1425704,2509.974716,226.473395,8.216222712,5.965963805,5.17184006,2.694267084,0,44.5242465,40.77951467,32.6132989,17.00316163,817.982072047,10.1505931021,23.1469213194,72.7629251271,155.862880188,0,0,0,0,1136600,1291900,2428500,RESIDENTIAL,1,2100
68012043,21.58280397,-158.1423717,817.9337463,114.5903391,8.004819944,5.589415075,4.712405582,2.076105453,0,27.1414865,24.32431756,19.02878051,16.8891411,806.477585428,44.5710803897,60.3301396017,109.189274716,190.91790292,0,0,0,0,1033100,1428300,2461400,RESIDENTIAL A,1,2100
68012045,21.58272768,-158.1420219,3690.819153,266.1219472,8.579891621,6.007569997,4.964472831,2.113389121,0,19.49247963,19.29779709,18.29743049,16.30389658,796.22140023,50.8683595258,71.3176108475,127.338022546,218.395547588,0,0,0,0,1022800,1285700,2308500,RESIDENTIAL,1,2100
68012046,21.58276195,-158.1418587,2396.012375,235.476606,7.271031435,4.590798555,3.439683199,0.431171271,0,17.50270855,16.74888117,15.51034936,14.33342211,807.434212806,53.7682915932,77.0265497935,137.753645897,235.233909241,0,0,0,0,1080400,1288600,2369000,RESIDENTIAL A,1,2075
68012047,21.58276388,-158.1416605,1970.469788,204.0240104,13.42473641,10.70758506,9.558784691,6.546770977,1.676639492,20.29833233,19.84169014,18.87545548,17.45921613,842.543779779,27.0227527397,50.0638569952,110.983405222,210.073608846,0,0,0,0,1145400,1298200,2443600,RESIDENTIAL,1,NA
68012049,21.58281531,-158.1412411,2989.655746,247.5494269,11.63951658,9.104917806,8.196679613,5.46905965,0.873402683,22.77141503,22.09976277,20.75513487,19.09800463,824.295881199,44.3508509372,60.6346559246,108.928783552,191.536017202,0,0,0,0,1107000,1301000,2408000,RESIDENTIAL,1,2100
68012050,21.58286169,-158.1410641,2437.483109,242.024228,13.67383484,11.16147642,10.28399469,7.611173935,3.082423009,23.84442774,22.86807623,21.89182202,20.15717919,910.029738789,45.7767874569,63.0446819709,115.861960417,206.254422013,0,0,0,0,914900,1315700,2230600,RESIDENTIAL A,1,NA
68012051,21.5829354,-158.1409121,2094.917175,200.7113014,12.97555748,10.37676426,9.368779884,6.51971033,1.819638,21.02609905,20.2550895,19.39525163,18.11055039,869.491064,34.6811296763,51.9951522866,102.791523452,188.480042551,0,0,0,0,991700,1314500,2306200,RESIDENTIAL A,1,NA
68012052,21.5830074,-158.1407266,2539.015549,261.3312974,11.75513856,9.0416218,7.874585661,4.823275122,0,19.71531417,19.07516171,17.81983774,16.55203786,864.601006693,30.7240128075,50.4780250637,104.222077824,192.600441079,0,0,0,0,940800,1301800,2242600,RESIDENTIAL A,1,2100
68013011,21.57838848,-158.1577977,4168.349579,357.6573153,140.2843788,133.9784262,127.7865642,118.4466331,107.3992817,147.7453804,147.0510191,145.9055732,144.430561,8557.35094434,0,0,0,0,0,0,0,0,206500,390000,596500,RESIDENTIAL,1,NA
68013024,21.57917863,-158.1510719,4365.390152,304.8808514,149.8552868,144.7307975,140.2854427,133.1172118,124.1470814,157.3892744,156.1603655,152.7464295,150.5312476,8384.87611116,0,0,0,0,0,0,0,0,653000,390000,1043000,RESIDENTIAL,1,NA
68013025,21.57893071,-158.1516901,5052.215317,339.7804227,154.2246667,149.7382346,146.1617377,140.1054162,132.236169,160.6401271,159.658665,158.1201117,154.7748769,8105.47441785,0,0,0,0,0,0,0,0,936200,390000,1326200,RESIDENTIAL,1,NA
68013066,21.57991057,-158.1533986,210.2485657,58.06577761,64.28266945,60.24325316,57.19875906,51.94539619,45.06270792,71.62124263,70.98206623,69.70110255,68.30985341,8019.3688674000005,0,0,0,483.747313839,0,0,0,0,404800,332500,737300,RESIDENTIAL,1,NA
84001007,0,0,1191.142334,125.7354852,20.44409586,15.61875611,11.57252592,5.120632328,0,32.88452534,30.88389269,27.88293595,25.88229844,2632.5989699,143.330200188,261.676216351,444.007837711,659.871656275,3.0135890372,25.3417011645,105.046269751,230.32864204,338700,1087200,1425900,RESIDENTIAL A,2,2100
84001014,21.47877289,-158.2243112,3607.913757,290.3682812,15.54329514,11.5138305,8.333722042,2.905960119,0,27.391195,26.69634289,23.98390103,21.80225967,1858.70169374,95.4323268471,172.082374846,289.032022735,425.916772382,42.2248961279,66.5435572796,119.246612271,169.508195829,1149300,1126800,2276100,RESIDENTIAL,1,2100
84001015,21.47879368,-158.2240816,6045.228775,426.8579379,17.50703474,13.55545153,10.33261918,5.071742737,0,22.58355174,20.64491834,18.58229715,15.66305788,1695.13981008,73.8881440588,132.662317043,228.166277019,348.489000499,57.1284276593,76.7856449524,127.71541697,188.47601153,1051000,1146600,2197600,RESIDENTIAL,1,2100
84001017,21.47850226,-158.223869,2378.644073,208.4703534,4.372866673,0.467170932,0,0,0,6.609436681,6.38982813,5.639943148,4.526153859,1172.89917987,79.5900638708,144.588526598,250.463241183,382.765903328,105.354018939,120.2206848,132.849177651,147.841013812,422400,943800,1366200,RESIDENTIAL,1,2030
84003004,21.46114836,-158.2097191,2450.780869,211.3424823,5.754284359,0,0,0,0,23.50577761,22.81185726,21.83118859,19.87106066,1757.18507314,114.814816683,230.621193404,396.419870625,586.351077059,11.4257833176,20.9528228743,42.2324630201,70.172394102,323500,1188200,1511700,RESIDENTIAL A,1,2030
84003005,21.46137066,-158.2100441,1070.713226,133.0204666,36.86059299,33.52964764,31.66473209,31.38769642,31.38768523,47.05718496,45.05657227,42.0556094,38.05436192,1907.99738532,0,0,0,0,0.705300634931,6.44537786847,28.551079703,60.3582654821,234100,1555700,1789800,RESIDENTIAL A,1,NA
84003006,21.46118911,-158.2102228,1539.421356,184.0388791,39.09897657,39.09525226,39.09525226,39.09525226,39.09525226,26.89095439,22.93790801,20.68355935,17.58686081,1606.42108146,0,0,0,0,0.0472170399897,34.8830640628,89.724152872,156.958754102,54700,1143600,1198300,RESIDENTIAL A,1,NA
84003008,21.461116,-158.210422,2510.366608,255.180582,52.94136478,52.93863885,52.93863885,52.93863885,52.93863885,20.66009155,19.72025414,18.30836974,13.83578617,1411.74611385,0,0,0,0,20.7345498316,40.9905888086,78.1712663295,154.851462984,278400,1062600,1341000,RESIDENTIAL A,2,NA
84004019,21.4635073,-158.2129558,2210.751862,189.8045665,17.83603906,15.6208075,14.4029564,11.34311856,6.60868354,53.40514891,50.51061189,48.02265444,43.13123808,1592.7899847,69.2720230572,106.433688833,187.244877348,305.447813875,0,0,0,0,75400,1049800,1125200,RESIDENTIAL,1,NA
84005001,21.46431951,-158.2134375,1457.060196,158.7580115,37.61081455,34.95620076,33.2229952,29.85450841,25.44455447,149.7322105,145.7065295,142.6872605,135.6423433,1267.3676881,30.6132405577,50.1793140045,87.5876706465,134.905126693,0,0,0,0,527200,1125300,1652500,RESIDENTIAL,1,NA
84005002,0,0,5619.830338,416.9170721,28.12802771,27.34894699,26.77723188,24.22195293,21.35673741,156.3694773,152.359853,149.3532007,142.3397668,1511.6625677,0,0,0,0,0,0,0,0,261600,1178900,1440500,RESIDENTIAL A,1,NA
84005004,0,0,2839.690536,247.7468592,61.12556949,61.12410339,61.12410339,61.12410339,61.12410339,197.6561954,193.7641729,143.5858708,143.2738964,965.336660717,0,0,0,0,0,0,0,0,471100,838800,1309900,RESIDENTIAL A,1,NA
84005005,21.46487479,-158.2140303,334.0184937,73.61385059,83.40003587,83.39852223,83.39852223,83.39852223,83.39852223,203.2952333,200.0715851,138.4267529,138.188553,1319.91998071,0,0,0,0,0,0,0,0,319200,1127000,1446200,RESIDENTIAL A,1,NA
84005007,21.46516449,-158.2144133,2553.949722,246.1771132,125.3699495,125.368295,125.368295,125.368295,125.368295,149.7681788,146.5624111,88.38966226,88.37474353,1092.01757598,0,0,0,0,0,0,0,0,17400,965000,982400,RESIDENTIAL,3,NA
84005009,21.46539604,-158.2147218,3378.755402,296.1291082,161.2125686,161.2108845,161.2108845,161.2108845,161.2108845,111.9602996,108.8210499,57.12000089,56.82331716,1193.563733,0,0,0,0,0,0,0,0,338400,1099000,1437400,RESIDENTIAL A,1,NA
84005010,21.46539839,-158.2149693,3318.019516,329.8207761,178.0266996,178.0249847,178.0249847,178.0249847,178.0249847,88.56525591,85.3567037,31.39352866,31.03592204,1228.94820561,0,0,0,0,0,0,0,0,17400,1111100,1128500,RESIDENTIAL A,1,NA
84005011,21.46540145,-158.21517,2054.86618,216.3309475,197.6065588,197.6048261,197.6048261,197.6048261,197.6048261,66.90405527,63.71195411,21.71659559,21.26747919,1261.55363196,0,0,0,0,0,0,9.24757982455,14.7013438144,176200,967400,1143600,RESIDENTIAL A,1,NA
84005013,21.46557362,-158.2152499,529.3894958,102.3817116,221.9382715,221.936538,221.936538,221.936538,221.936538,62.56089697,59.6335377,37.70423284,37.08988848,1125.30787257,0,0,0,0,0,0,0,0,250200,1002400,1252600,RESIDENTIAL,1,NA
84005014,21.46566607,-158.2155058,2395.224564,236.5560363,242.9123941,242.9106529,242.9106529,242.9106529,242.9106529,32.19341102,29.63922461,27.21340871,24.07847882,1143.38295964,0,0,0,0,0,0,0,0,11500,928600,940100,RESIDENTIAL,1,NA
84005015,21.46587401,-158.2156511,1612.479416,173.7047534,272.0697368,272.0679986,272.0679986,272.0679986,272.0679986,39.79195817,38.87483989,37.49192807,35.00184495,1202.97757839,0,0,0,0,0,0.0474698719069,3.7837784747,22.9423737516,6600,935300,941900,RESIDENTIAL,1,NA
84005016,21.46582355,-158.2159999,212.2412109,58.31984032,299.6662805,299.6645305,299.6645305,299.6645305,299.6645305,23.5883804,22.40629661,21.82007912,20.1461007,1233.54415031,0,0,0,0,0,0,0.0664131044188,0.909115532544,694400,1001200,1695600,RESIDENTIAL A,1,NA
84005017,21.46599371,-158.2161134,728.1134796,108.5145949,292.1086955,289.5956792,288.0393447,285.1630891,281.1328889,20.75680373,20.20240728,20.20240728,19.68328897,1216.98916076,0,0,0,0,0,0,0,0,276100,1010800,1286900,RESIDENTIAL A,1,NA
84005018,21.46608304,-158.2161591,247.6278076,63.13057926,283.2726675,280.7671246,279.2157893,276.3495824,272.3353692,26.23774234,25.77607477,25.61265846,24.99176387,1245.73098165,0,0,0,0,43.5438133731,47.5570097784,56.1970113571,63.7453954001,42600,1008400,1051000,RESIDENTIAL,1,NA
84005019,21.4662858,-158.216305,4967.067062,316.0024898,246.2539544,243.7476683,242.1972929,239.3359296,235.3358347,25.83186013,25.66822948,25.18777572,24.89982831,1306.75989886,0,0,0,0,13.8891891457,23.0834737058,34.6628537697,48.5747379058,1233000,1018900,2251900,RESIDENTIAL A,1,NA
84005020,21.46634618,-158.2165254,1285.861786,144.3727417,236.3527396,234.049135,232.6273572,230.0105415,226.3689703,30.10784868,29.91129496,29.91129496,28.83344504,1314.7995117,0,0,0,0,0.381089226001,1.31052466988,1.32613644036,7.31258190917,45100,971100,1016200,RESIDENTIAL,1,NA
84005021,21.46644164,-158.216681,3318.939133,280.4350225,218.4357255,216.2283682,214.8685711,212.3715301,208.9099804,22.62183166,21.75649085,20.87362234,19.99054159,1352.76230081,0,0,0,0,0,0,0,2.61602941475,414600,1020000,1434600,RESIDENTIAL A,1,NA
84005022,21.46645009,-158.2168953,278.3856201,66.83248003,217.4880312,215.5681976,214.3900661,212.2367498,209.2749275,30.49217926,25.66263441,18.1522,12.91520405,1240.16210193,0,0,0,0,0,0,0,0.790122621477,718900,1011400,1730300,RESIDENTIAL A,1,NA
84005026,21.46689124,-158.2160454,6744.412247,443.9126219,230.2918513,227.4364718,225.6656704,222.3872518,217.7806016,95.43558815,94.76225655,94.23511315,93.6173444,1306.7564093,0,0,0,0,0,0,0,0,1383800,695300,2079100,RESIDENTIAL,1,NA
84005027,21.46669017,-158.2159653,2191.174271,214.7526427,234.5558077,231.6919125,229.9155749,226.6263362,222.0031258,88.17353044,87.76204265,87.69020981,87.26501613,1180.32875613,0,0,0,0,0,0,0,0,279900,678500,958400,RESIDENTIAL,1,NA
84005031,0,0,3276.10405,230.774967,262.6686088,262.6669109,262.6669109,262.6669109,262.6669109,72.07419952,70.72513884,69.31187985,67.12906628,991.604695288,0,0,0,0,0,0,0,0,848200,646300,1494500,RESIDENTIAL,1,NA
84005032,21.46597731,-158.215149,2781.934845,278.6107986,240.9045004,240.9028206,240.9028206,240.9028206,240.9028206,82.39922301,80.46054507,75.87476869,75.23803487,1022.01881598,0,0,0,0,0,0,0,0,103300,650900,754200,RESIDENTIAL,1,NA
84005033,21.46580659,-158.2148853,1993.6586,193.9786195,215.2013998,215.1997522,215.1997522,215.1997522,215.1997522,101.7408818,99.09146776,74.14496945,73.56091523,1008.60183806,0,0,0,0,0,0,0,0,117800,664000,781800,RESIDENTIAL,1,NA
84005065,21.46493819,-158.2136891,2550.793442,262.137583,72.95688267,72.35554431,72.02033954,71.50460498,71.1273517,207.7731114,203.7950561,165.1220671,164.9174079,907.52428188,0,0,0,0,0,0,0,0,132900,598500,731400,RESIDENTIAL,1,NA
84006002,21.466975,-158.2170526,3538.99324,333.3322062,148.1341615,146.2243192,145.0612775,142.9552256,140.1061143,29.99570645,29.60067151,29.23449008,24.76907513,1127.92971263,0,0,0,0,0,0,0,0,350700,980600,1331300,RESIDENTIAL,1,NA
84006004,21.46724106,-158.2173907,1856.363602,182.0870165,117.5503991,116.2162197,115.4264541,114.0463328,112.2969969,27.30344323,27.30344323,24.71627482,20.39415372,1157.7955304,0,0,0,0,0,0,0,0,148200,991200,1139400,RESIDENTIAL,1,NA
84006005,21.46741291,-158.2175064,1389.364517,174.0080104,99.66203171,98.60629327,98.00073591,96.9860017,95.8051917,48.52711275,48.52711275,20.97491236,20.42920946,1300.2879155,0,0,0,0,0,0,0.127011203397,1.91707942476,54700,1038800,1093500,RESIDENTIAL A,1,NA
84006006,21.46761194,-158.2176704,2733.940552,216.5947203,77.66951595,77.59331142,77.59320882,77.59318742,77.5931852,69.60735041,69.60735041,19.64964215,18.71080677,1647.82866096,0,0,0,0,0,0,10.9866748096,40.5661502522,650000,1109100,1759100,RESIDENTIAL A,1,NA
84006007,21.46784405,-158.2177142,3174.863632,254.5234838,55.86440113,55.8672567,55.8672567,55.8672567,55.8672567,84.07344513,83.5313908,18.59447983,16.8415576,2152.24195036,0,0,0,0,0,0,0.556983585793,23.6867336028,206700,1029600,1236300,RESIDENTIAL A,1,NA
84006008,21.46805955,-158.217648,1981.748825,185.2788111,36.44330106,36.4460851,36.4460851,36.4460851,36.4460851,62.79601679,62.46600201,39.99359377,24.45141384,2466.27594753,0,0,0,0,0,0,0,18.7826103053,111000,1174600,1285600,RESIDENTIAL,1,NA
84006009,21.46815598,-158.2173076,3362.519409,293.9872235,17.51654357,16.7004601,16.52375165,13.13599004,9.042079223,51.06021054,50.19483754,50.19483754,32.05281775,1069.19506607,0,0,0,0,0,0,0,0,188700,1060800,1249500,RESIDENTIAL A,1,NA
84006010,21.468394,-158.21735,231.5641632,60.87393351,3.459059936,0.079672865,0,0,0,33.94413787,32.84990513,32.84706789,28.54576891,1297.43073005,10.1618274098,39.7321594063,102.469936381,205.681655391,0,0,0,0,495000,1123200,1618200,RESIDENTIAL,1,2030
84006011,21.46909373,-158.217662,3889.769775,254.3735359,59.61625816,59.61171935,59.61171935,59.61171935,59.61171935,25.37958026,25.03503283,24.40669551,20.35011858,1595.08492321,0,0,0,0,0,0,0,0,856500,1103100,1959600,RESIDENTIAL A,1,NA
84006012,21.46901023,-158.2175048,344.516098,74.74021687,49.96425891,49.95976936,49.95976936,49.95976936,49.95976936,27.9078619,27.53982964,27.03306238,26.55432129,1627.2746245,0,0,0,0,0.103520405995,1.27784877751,7.27272301849,14.7030010316,8400,1043100,1051500,RESIDENTIAL,1,NA
84006014,21.46867077,-158.2171895,1771.460541,180.2318256,15.26423123,12.94275524,11.70062267,10.36059187,10.23764394,30.41158933,29.35417428,28.4257663,25.23842702,1799.14591139,14.3212521742,25.4616408394,37.3525815479,39.2677868037,0,0,0,0,9900,1235700,1245600,RESIDENTIAL A,1,NA
84006029,21.46858869,-158.2166749,2350.318329,216.4274163,61.73883034,58.71084036,56.77134755,53.32766836,48.66569829,79.70283757,78.66593235,77.70799658,74.56261749,1210.28413107,0,0,0,0,0,0,0,0,114200,683900,798100,RESIDENTIAL,1,NA
84006030,21.46840533,-158.2168424,2380.148315,211.5499083,46.32785339,42.88996856,40.67138547,36.6325241,30.95464233,68.90599569,67.72835582,67.12440105,63.02072143,1213.44116202,0,0,0,0,0,0,0,0,382800,682500,1065300,RESIDENTIAL A,1,NA
84006033,21.46735285,-158.2167727,2914.794891,308.3532245,137.9867396,135.5244689,134.0109873,131.2391765,127.4163265,77.49188803,77.18634491,76.64557113,74.63656785,972.219194192,0,0,0,0,0,0,0,0,103900,636000,739900,RESIDENTIAL,1,NA
84006035,21.46768994,-158.2171262,1059.542007,132.1711959,76.50030473,74.2193102,72.84157626,70.37482025,67.11823058,87.37924459,87.37924459,76.42480782,75.86970047,1065.82959271,0,0,0,0,0,0,0,0,174500,653500,828000,RESIDENTIAL,1,NA
84007001,21.46931532,-158.2178255,346.7097321,74.48280634,94.22662151,94.22205972,94.22205972,94.22205972,94.22205972,59.52806324,59.05003036,58.56946548,18.76179258,1404.99042549,0,0,0,0,0,0,0,6.04585199158e-4,629100,1058100,1687200,RESIDENTIAL,1,NA
84007002,21.46950292,-158.2176956,2579.676926,245.6887512,104.7773098,104.7727866,104.7727866,104.7727866,104.7727866,73.93769281,73.81437735,72.94080666,36.0270979,1413.65754902,0,0,0,0,0,0,0,0,606400,1045000,1651400,RESIDENTIAL A,1,NA
84007003,21.46962889,-158.2178127,4029.526093,370.1271304,122.7781039,122.7735722,122.7735722,122.7735722,122.7735722,68.6667146,68.6667146,59.27488722,35.50502981,1370.17862168,0,0,0,0,0,0,0,0,322500,1042500,1365000,RESIDENTIAL A,1,NA
84007004,0,0,2387.538025,221.1068423,145.3442743,145.3397524,145.3397524,145.3397524,145.3397524,45.99996716,45.99996716,39.03760078,39.03760078,1371.6680203,0,0,0,0,0,0,0,0,668800,1038500,1707300,RESIDENTIAL A,1,NA
84007005,21.47005264,-158.2179671,3031.216629,260.9251156,167.7831581,167.7786143,167.7786143,167.7786143,167.7786143,29.26276754,29.26276754,25.34944148,25.20832869,1264.35922837,0,0,0,0,0,0,0,0,408800,975900,1384700,RESIDENTIAL A,1,NA
84007006,21.47021895,-158.2178912,2004.831436,196.8803424,187.2467521,187.2422501,187.2422501,187.2422501,187.2422501,38.26438765,38.26438765,37.59424185,37.30281677,1267.90987221,0,0,0,0,0,0.0431962059642,0.687280442062,2.18612146225,479700,1005000,1484700,RESIDENTIAL,1,NA
84007007,21.47041269,-158.2180649,2228.594406,201.0066111,208.9999175,208.9954024,208.9954024,208.9954024,208.9954024,35.87816382,35.39898342,34.90361676,34.90361676,1267.28870048,0,0,0,0,0,0,0,0,2500,962600,965100,RESIDENTIAL,1,NA
84007008,21.47056127,-158.2181637,1105.042038,133.4062892,231.8800947,231.8755698,231.8755698,231.8755698,231.8755698,42.52833848,41.64542567,40.76789217,40.76789217,1219.51423243,0,0,0,0,0,0,0,0,772000,903700,1675700,RESIDENTIAL A,1,NA
84007009,21.47085847,-158.218129,896.9762268,120.901663,263.3429015,263.3384159,263.3384159,263.3384159,263.3384159,51.2763182,50.78843573,50.78843573,50.33555243,1198.7974266,0,0,0,0,0,0,0,0,563900,994100,1558000,RESIDENTIAL A,1,NA
84007010,21.47089395,-158.218342,1779.622421,200.5211485,271.8509279,271.8463932,271.8463932,271.8463932,271.8463932,23.82693265,23.37173985,23.37173985,22.94966926,1164.6707271,0,0,0,0,0,0,0,0,236300,947400,1183700,RESIDENTIAL A,2,NA
84007011,21.47113829,-158.2182884,3817.037857,301.1388357,294.8472122,294.8426952,294.8426952,294.8426952,294.8426952,20.10741698,19.63140676,19.35493935,18.67953997,1119.60084262,0,0,0,0,1.82765263809,4.55999046769,6.14182317741,9.92871551204,785800,991300,1777100,RESIDENTIAL A,1,NA
84007013,21.4713462,-158.2183902,4010.79483,258.6610713,318.0745043,318.069986,318.069986,318.069986,318.069986,23.71071578,22.94965859,20.50457016,19.1811948,1143.87922971,0,0,0,0,0,0,3.40749443888,7.60687295186,1171500,994500,2166000,RESIDENTIAL A,1,NA
84007014,21.47150389,-158.2184833,3162.313278,290.2243178,338.0934131,338.0888987,338.0888987,338.0888987,338.0888987,28.01349803,26.73449598,24.87430908,23.95279198,1296.5199834,0,0,0,0,0,0,2.20714944543,7.61240722489,50800,968800,1019600,RESIDENTIAL,1,NA
84007016,21.47179096,-158.2187679,2496.704315,199.8706264,373.8223746,373.8257805,373.8257805,373.8257805,373.8257805,23.71365642,21.48234212,20.18391145,18.3277735,1235.81755018,0,0,0,0,0,0,0,0,404200,1014700,1418900,RESIDENTIAL,1,NA
84007017,21.47191836,-158.2189224,2247.10289,193.7635656,356.8311336,356.834453,356.834453,356.834453,356.834453,37.70479162,20.03312672,18.13538355,14.20665893,1274.11016005,0,0,0,0,0,0,1.53510241521,21.0743929648,348700,1010200,1358900,RESIDENTIAL A,1,NA
84007018,21.47210992,-158.2190907,2469.889008,214.0880312,336.0072496,336.0105123,336.0105123,336.0105123,336.0105123,61.59767834,23.2280415,22.26387421,20.42253556,1448.62371626,0,0,0,0,0,0,0,0,268500,1057600,1326100,RESIDENTIAL,1,NA
84008001,21.47238096,-158.2192221,282.4100494,63.01380836,308.4426105,308.4458278,308.4458278,308.4458278,308.4458278,100.5691141,57.40969662,56.36949974,40.46770386,1762.85390639,0,0,0,0,0,0,0,0,758900,1139400,1898300,RESIDENTIAL A,1,NA
84008005,21.47309714,-158.2188523,3386.95636,335.1612519,233.5830291,233.5864747,233.5864747,233.5864747,233.5864747,180.5214794,144.9782514,132.2367175,47.22289703,925.939848093,0,0,0,0,0,0,0,0,591400,933800,1525200,RESIDENTIAL A,1,NA
84008006,0,0,4655.375092,289.5445565,213.1479248,213.1514199,213.1514199,213.1514199,213.1514199,171.4683338,148.1949605,113.2661244,50.38899955,960.349384183,0,0,0,0,0,0,0,0,839800,960800,1800600,RESIDENTIAL A,1,NA
84008008,21.47348419,-158.2189983,1617.19751,202.2996822,190.460244,190.4637595,190.4637595,190.4637595,190.4637595,148.9704068,148.9704068,90.36206711,72.82923323,1280.03731832,0,0,0,0,0,0,0,0,3900,904600,908500,RESIDENTIAL,1,NA
84008009,21.47370272,-158.2190028,2096.38588,210.7299563,164.8746731,164.8781455,164.8781455,164.8781455,164.8781455,123.0600242,123.0600242,65.3017168,57.3514054,1041.75507937,0,0,0,0,0,0,0,0,589400,999800,1589200,RESIDENTIAL A,1,NA
84008010,21.473893,-158.2189269,1086.65181,134.4668091,148.9766846,148.9802778,148.9802778,148.9802778,148.9802778,109.240325,109.240325,57.92785755,51.72689681,858.838052714,0,0,0,0,0,0,0,0,45200,1048900,1094100,RESIDENTIAL A,1,NA
84008011,21.47409982,-158.2190232,6111.211792,546.7869406,122.4480213,122.4515378,122.4515378,122.4515378,122.4515378,81.43300834,81.43300834,29.94377288,25.21977855,1440.28225132,0,0,0,0,0,0,0,0,521200,1084500,1605700,RESIDENTIAL A,1,NA
84008013,21.47449986,-158.2190997,2666.844971,225.8619318,78.00690392,78.01053074,78.01053074,78.01053074,78.01053074,41.42406421,41.42406421,26.51390035,24.54711918,1647.92371545,0,0,0,0,0,0,0,0,434200,1083000,1517200,RESIDENTIAL A,1,NA
84008015,0,0,3193.502747,287.0515887,58.76524718,58.76892287,58.76892287,58.76892287,58.76892287,28.16379074,28.16379074,27.21569048,26.27146016,1638.0769094,0,0,0,0,0,0,0,0,980600,1084000,2064600,RESIDENTIAL A,1,NA
84008016,21.47481691,-158.2191982,230.1001282,60.91288024,50.13495884,50.13862556,50.13862556,50.13862556,50.13862556,28.21426511,28.21426511,27.21392463,26.24090972,1970.25231515,0,0,0,0,0,0,0,0,2500,737700,740200,RESIDENTIAL,2,NA
84008017,21.4753127,-158.2190847,616.2255554,99.38077172,44.020897,39.61407715,35.2919769,29.13996021,23.08359122,53.54379906,53.05465698,50.92859972,49.0299105,1180.9464639,0.0240491089541,0.0240489104383,0.0240487071063,0.0240488887274,0,0,0,1.69422954464,336500,1052300,1388800,RESIDENTIAL,1,NA
84008018,21.47549755,-158.2192199,1007.933777,131.4374299,34.69061805,30.69409214,26.75028568,20.3295431,12.40491478,50.0747841,48.73924768,46.42396608,44.21589373,1354.75151483,100.721690966,193.481628583,325.608131002,462.643520542,0,0,0,0,343600,1089100,1432700,RESIDENTIAL A,1,NA
84008019,21.47558795,-158.2194204,3059.300247,227.2006655,16.17266954,12.61600793,9.518705125,4.211746091,0,39.92757456,38.19245314,34.56435967,32.08616064,1258.02207171,83.3860093636,159.858114378,286.691172227,445.46837499,0,0,0,0,689100,1120600,1809700,RESIDENTIAL,1,2100
84008020,21.47583273,-158.2193311,227.6843109,61.23562635,41.81323578,39.2680127,35.93205788,30.39513775,23.63122191,76.84763956,75.02494733,70.96004649,22.26560984,1755.15658585,84.338264288,156.24224197,281.254780256,465.830479274,0,0,0,51.5912665078,376100,955400,1331500,RESIDENTIAL,1,NA
84008026,21.47383833,-158.2185546,2029.108109,200.3299072,169.9664021,169.9700768,169.9700768,169.9700768,169.9700768,134.5021949,134.5021949,91.39584658,86.36405296,1127.20761128,0,0,0,0,0,0,0,0,192300,625300,817600,RESIDENTIAL,1,NA
84008027,21.47405505,-158.2185184,2274.849808,213.7122226,155.443968,155.4476317,155.4476317,155.4476317,155.4476317,123.0685803,123.0685803,86.97508962,83.1738338,1120.09181743,0,0,0,0,0,0,0,0,317100,597300,914400,RESIDENTIAL,1,NA
84009005,21.4786797,-158.2251539,521.1619873,93.25764529,29.36514057,24.43808367,20.20114951,13.50407259,5.297186169,39.64407157,38.44014249,35.77229231,33.3414386,1548.29907961,148.332808901,293.312925897,520.759506862,774.670228898,2.67967085786,9.23334000731,67.0089517047,133.441575301,561800,1188400,1750200,RESIDENTIAL,1,NA
84009006,21.47849862,-158.2252142,2245.602219,189.5603876,7.60571532,2.549842315,0,0,0,16.23872822,16.23870003,14.23802965,11.23709685,1060.94613954,85.3376408724,154.530699937,254.050844656,359.701442994,120.743778633,145.395085478,201.146309706,264.710599818,416500,1048900,1465400,RESIDENTIAL,1,2050
84009008,21.47845465,-158.2254223,2073.771561,184.1098941,11.86871649,8.196942804,6.694870364,6.688617496,6.688628557,17.5913569,16.5989512,15.03488066,13.73387453,993.154012525,0,0,0,0,124.272121658,137.787904556,153.431325684,170.079174825,430600,922600,1353200,RESIDENTIAL A,1,NA
84009009,21.47839979,-158.2256055,2426.754837,208.5804194,32.12248638,31.5938679,31.3727914,31.02642602,30.80596504,15.14813212,14.46979593,13.52664013,12.92072139,1043.45727449,0,0,0,0,45.4718936023,66.7130917757,96.6282621615,121.607813473,391500,954700,1346200,RESIDENTIAL A,1,NA
84009010,21.47838277,-158.2258246,1672.849777,164.0468587,52.50318137,51.7247693,51.44608503,51.43626063,51.4362725,26.22453626,24.84667897,23.47306,21.62437268,886.067662123,0,0,0,0,0,0.593704147027,9.29907867406,16.6572750408,280500,932100,1212600,RESIDENTIAL,1,NA
84009011,21.4785114,-158.2262914,2027.587646,200.374744,100.8773269,98.86226305,97.27752511,95.1600835,93.22284494,34.10582287,33.21837947,31.54620126,29.6324072,3913.98355783,0,0,0,0,4.19952187625,10.1187862565,29.8216917504,78.3096414319,810400,2439800,3250200,RESIDENTIAL,1,NA
84009013,21.47858635,-158.2263917,1229.954636,142.2160097,114.7573034,112.5035471,110.6793144,108.1273487,105.5596981,45.93483493,45.14262965,44.35875467,44.26102765,1395.96527842,0,0,0,0,9.85443512362,15.8278824239,20.8310908641,27.713659234,5100,976200,981300,RESIDENTIAL,1,NA
84009014,21.47854983,-158.2267132,3385.213623,243.9981122,149.9479591,147.8794376,146.1851304,143.7670301,141.2320565,22.00986177,21.91482124,15.12657338,13.62603019,1312.83075122,0,0,0,0,0,0,0,0.0243857875619,518300,1027200,1545500,RESIDENTIAL A,1,NA
84009015,21.47876951,-158.2267941,1121.980576,137.9533874,160.5630826,158.0397574,155.9273483,152.8190583,149.3868633,22.95019219,22.60184018,22.08086488,21.59373555,1153.89225357,0,0,0,0,0,0,0,0.383193331219,339000,965500,1304500,RESIDENTIAL,1,NA
84009016,21.47893629,-158.2269393,1542.133301,164.3625883,178.6119958,175.883718,173.5757686,170.130282,166.2338299,28.7368823,28.7368823,28.18740615,27.34882002,1107.21851046,0,0,0,0,3.09064511899,5.04521060506,10.5098502521,16.3390279062,11500,977200,988700,RESIDENTIAL,1,NA
84009018,21.47909782,-158.2270413,1867.670258,180.0003825,195.8784428,192.8341963,190.23318,186.2980596,181.7531025,37.17443527,36.73096747,35.93882969,35.32995919,1156.60290039,0,0,0,0,3.78577243286,5.78705631079,11.5565845423,16.8523634674,8000,940800,948800,RESIDENTIAL,1,NA
84009021,21.47933297,-158.2276485,2052.592102,199.1779624,262.3465704,259.2966839,256.6721997,252.6623787,247.9575162,61.24880747,60.9194378,60.39259796,59.87769986,1343.01792982,0,0,0,0,0,0,0,0,553100,1025100,1578200,RESIDENTIAL,1,NA
84009023,21.47966906,-158.2279794,2486.104752,215.3494288,307.2521068,304.01753,301.2198385,296.9169283,291.8173471,110.2557914,109.948675,109.4097308,101.0961604,1345.21598683,0,0,0,0,0,0,0,0,352600,1031400,1384000,RESIDENTIAL A,1,NA
84009024,21.47982227,-158.228011,178.6139832,54.02779611,330.0386611,326.6071543,323.6302221,319.0342971,313.5571024,117.2702096,117.2702096,116.2392657,94.70129611,1103.36038819,0,0,0,0,0,0,0,0,426000,880200,1306200,RESIDENTIAL A,1,NA
84009026,21.48006151,-158.2280149,1909.586594,176.5786727,334.4024212,330.7425182,327.5604164,322.6343416,316.7406107,94.4100736,94.4100736,93.32933795,72.56928125,1195.73544564,0,0,0,0,0,0,0,0,344200,999400,1343600,RESIDENTIAL,1,NA
84010001,21.48045148,-158.2281301,3863.451904,280.3503237,368.9261183,364.9516366,361.4847511,356.0960623,349.610941,62.37014128,62.37014128,61.30238509,45.19511006,1123.06732536,0,0,0,0,0,0,0,0,988800,979400,1968200,RESIDENTIAL A,1,NA
84010002,21.48050954,-158.2283258,705.4907837,106.5830908,393.951871,390.0689195,386.6825278,381.41997,375.0881178,50.04016581,50.04016581,49.00333411,35.49549699,1168.7778631,0,0,0,0,0,0,0,0,347300,892300,1239600,RESIDENTIAL,1,NA
84010003,21.48061971,-158.2285346,2249.702774,221.3228757,414.2316294,410.3757456,407.0124344,401.7846009,395.4923888,22.42128275,22.23896625,21.44292756,17.69687127,1246.35430604,0,0,0,0,0,0,0,0,90300,1000900,1091200,RESIDENTIAL A,1,NA
84010004,21.48081454,-158.2286459,3351.25946,241.8652113,435.3518902,431.402001,427.9536052,422.5875964,416.1188158,27.30281594,26.60544727,25.80883539,25.07174065,1158.04811839,0,0,0,0,0,0,1.99430262115,10.2455504115,862500,988900,1851400,RESIDENTIAL A,1,NA
84010005,21.48096437,-158.2287284,2147.382065,206.0887709,456.9634215,453.0177197,449.5721319,444.2087823,437.7401561,32.77053958,32.77053958,31.84414771,30.65160305,1103.14036756,0,0,0,0,0,0,0,1.91796023908,30600,976500,1007100,RESIDENTIAL A,1,NA
84010006,21.48106072,-158.2289579,2800.671585,211.6882592,479.6469013,475.777546,472.3945604,467.094529,460.6516314,31.10218568,25.45115182,24.73447617,22.62401295,1152.60315608,0,0,0,0,0,0,0,0.0913509262995,763000,947800,1710800,RESIDENTIAL,1,NA
84010007,21.48115701,-158.2291294,2463.616302,202.3373452,499.108955,495.2418023,491.8646711,486.601958,480.2011474,41.82961158,24.81205195,24.00664762,22.23440985,1166.15100748,0,0,0,0,0,2.86239972093e-4,1.04597378593,8.42738126409,443800,980900,1424700,RESIDENTIAL,1,NA
84010009,21.48128896,-158.2292983,3655.487534,243.185218,522.9162957,519.0264629,515.6118005,510.2853149,503.8546061,59.94661938,31.2315792,23.76703351,21.37308571,1111.32960677,0,0,0,0,0,0,0,0,668700,974300,1643000,RESIDENTIAL,1,NA
84010010,21.4814581,-158.2293959,4887.257462,405.8200168,542.4907492,538.6429777,535.2816505,530.0459893,523.6876232,64.15106131,46.58179168,32.12921957,19.2277742,1073.34890004,0,0,0,0,0,0,0,0.33503742313,961400,969900,1931300,RESIDENTIAL A,1,NA
84010012,21.48173292,-158.2296472,2840.354294,231.9026582,597.4446374,593.4804992,590.0141014,584.6090426,578.0737527,41.46979792,40.87779539,40.07000111,39.27101215,1186.04016162,0,0,0,0,0.0422746929797,0.0422746937334,1.57827147068,11.3438092749,547800,987200,1535000,RESIDENTIAL,1,NA
84010013,21.48187249,-158.2298273,4729.479187,280.6372358,606.2521433,602.2640136,598.7760683,593.3363434,586.7573144,32.11034626,31.999328,30.70003713,29.28972807,1181.1315929,0,0,0,0,0.337094596453,1.22742136129,6.22105925638,22.7337811451,966400,920100,1886500,RESIDENTIAL,1,NA
84010019,21.4826967,-158.2305415,2573.618652,204.2831555,719.1635336,719.1656301,719.1656301,719.1656301,713.557461,89.18619038,22.68414309,21.26967507,17.04164152,1430.89191067,0,0,0,0,0,0,14.048773901,113.177273073,100900,1016500,1117400,RESIDENTIAL,1,NA
84010020,21.48287966,-158.2305775,1584.047852,160.1930465,700.0653679,700.067444,700.067444,700.067444,700.067444,104.4595684,33.77579083,28.50117445,25.01797097,1360.11243072,0,0,0,0,0,0,0.11848380555,17.333975603,7700,980700,988400,RESIDENTIAL,2,NA
84011004,21.46133988,-158.2073969,2095.74585,229.5373529,89.37064822,83.92432663,79.10556336,71.71382953,62.73312505,113.6395083,112.552289,111.5262642,108.9049302,861.604087663,0,0,0,0,0,0,0,0,7900,486000,493900,RESIDENTIAL,1,NA
84011005,21.46126511,-158.2071942,1512.149002,164.0748106,90.40515834,85.06511412,80.3638187,73.10451634,64.27198413,112.574119,111.5094461,109.3833809,106.1236761,2062.96339751,0,0,0,0,0,0,0,0,402000,442100,844100,RESIDENTIAL,4,NA
84014005,21.46359832,-158.2121971,1037.23764,132.6447133,85.82752672,82.94297308,81.32142164,77.92289896,73.071347,121.2738018,119.928417,117.9648122,115.5154565,1855.27008574,0,0,0,0,0,0,0,0,66200,936800,1003000,RESIDENTIAL,1,NA
84014006,21.46368905,-158.2123006,1554.796997,171.5905259,78.62160558,75.82837716,74.2564811,70.95668312,66.2380523,114.7176264,113.2660889,111.2642061,107.8904869,1964.72047817,0,0,0,0,0,0,0,0,34200,971900,1006100,RESIDENTIAL,1,NA
84014007,21.46386595,-158.2125527,606.5589905,102.1485336,74.62611854,71.83674557,70.37761034,67.1613991,62.45405493,114.0149313,111.4754113,109.1524727,104.5427323,476.931775937,0,0,0,0,0,0,0,0,77500,442800,520300,RESIDENTIAL,1,NA
84014020,21.46435717,-158.2121549,2924.474991,224.3528836,129.7129886,127.03795,125.6403802,122.5413449,118.017863,176.6274109,174.0544203,171.6961253,166.9189606,945.829336395,0,0,0,0,0,0,0,0,33800,602500,636300,RESIDENTIAL,1,NA
84014022,21.4638568,-158.2117584,2492.927917,287.4403861,137.1689903,134.3209176,132.7199438,129.3640923,124.5715847,172.9365046,171.5391095,169.556706,166.7730774,857.499634489,0,0,0,0,0,0,0,0,14100,392400,406500,RESIDENTIAL,2,NA
84014052,21.46453924,-158.212017,560.7408447,94.73088045,159.5495277,156.9074504,155.5273004,152.4671514,148.0009076,207.7437303,205.1691586,202.8058285,197.9975086,677.529872594,0,0,0,0,0,0,0,0,28900,550000,578900,RESIDENTIAL,1,NA
84014071,21.46406687,-158.2126036,1958.944366,211.3897083,74.10986022,71.41526029,70.00826403,66.89086473,62.34865828,124.725882,121.7654965,119.1967128,113.8386135,515.926745239,0,0,0,0,0,0,0,0,60600,444500,505100,RESIDENTIAL,1,NA
84014072,21.46417507,-158.2124814,450.1506805,85.01535287,97.53559978,94.85556738,93.45589025,90.3536483,85.82986696,147.7947586,144.9324049,142.4134037,137.18574,456.798704817,0,0,0,0,0,0,0,0,69200,465900,535100,RESIDENTIAL,1,NA
84014073,21.46410816,-158.2122972,1458.138382,159.2151134,108.2266047,105.4734355,104.0333957,100.8381447,96.16281706,152.6573333,150.0264761,147.6387251,142.7942145,507.729658152,0,0,0,0,0,0,0,0,15200,408100,423300,RESIDENTIAL,1,NA
84014076,21.46484578,-158.2116008,2563.431625,252.4932906,206.264701,203.6365722,202.2634481,199.2180816,194.7711537,254.6588469,252.1445061,249.8118754,245.0732147,522.973126275,0,0,0,0,0,0,0,0,17600,464500,482100,RESIDENTIAL,1,NA
84014109,21.46337943,-158.2120359,2455.245193,227.9513763,83.31420541,80.27225821,78.44564109,74.75502792,69.58020531,114.8439775,113.7765212,112.3996255,110.504375,466.542375887,0,0,0,0,0,0,0,0,35200,434400,469600,RESIDENTIAL,1,NA
84014110,21.46355677,-158.2117809,1056.214798,134.6663911,122.6492616,119.6306338,117.818536,114.1580317,109.027897,154.3703961,153.3267869,151.9538345,150.0708136,1092.89334246,0,0,0,0,0,0,0,0,71500,566800,638300,RESIDENTIAL,1,NA
84014111,21.46322191,-158.2119108,2100.611023,240.5859533,90.56282454,87.40448463,85.3807847,81.41183268,75.9445256,117.839117,116.5015589,115.1558746,113.365642,487.608043652,0,0,0,0,0,0,0,0,39000,444800,483800,RESIDENTIAL,1,NA
84018013,21.47578619,-158.2188194,3552.539276,239.3138446,80.36298613,76.85730091,73.7161232,68.26223143,61.25021861,100.9498913,99.59521933,97.07545262,51.55633567,789.4051265,0,0,0,0,0,0,0,0,700300,409700,1110000,RESIDENTIAL A,1,NA
84018014,21.47607937,-158.2189491,5060.247391,282.8141712,69.26929293,66.27845386,63.91783781,60.00571119,55.35478122,110.4377178,108.8588115,105.6187937,27.18631979,1458.83590998,0,0,0,0,0,0,0,0,859900,510800,1370700,RESIDENTIAL,3,NA
84018122,21.47616031,-158.2186719,5036.529861,290.0253283,98.02699583,94.985639,92.5636231,88.49272986,83.51440518,136.8353387,135.3946176,132.5749424,55.62181653,978.292303585,0,0,0,0,0,0,0,0,680000,346300,1026300,RESIDENTIAL,1,NA
85008046,21.44361269,-158.1879348,328.9432983,73.37423061,110.5568405,104.4944293,98.8521098,89.37642339,77.42505808,166.2843324,164.7240679,163.2832015,153.8055142,2180.6339914,0,0,0,0,0,0,0,0,196200,1188200,1384400,RESIDENTIAL,1,NA
85010009,21.44561961,-158.1873672,972.7663574,131.8133712,219.6688249,208.614666,196.3816771,178.8049946,158.7978639,237.7502559,237.0355029,235.7439278,147.4489498,1033.96062307,0,0,0,0,0,0,0,0,143100,983700,1126800,RESIDENTIAL,1,NA
85010010,21.44545015,-158.1870138,1214.14241,147.7934096,241.9161408,230.7403869,218.2758784,200.4142002,180.1045677,265.0366897,264.1005651,262.8235955,185.2207365,913.895479586,0,0,0,0,0,0,0,0,52700,883800,936500,RESIDENTIAL,1,NA
85010011,21.44533206,-158.1869531,843.3316498,118.6772266,241.9958189,230.8295124,218.3757413,200.5298512,180.2417713,267.4413624,266.4956801,265.2460469,195.7421565,903.131847751,0,0,0,0,0,0,0,0,74100,883800,957900,RESIDENTIAL,1,NA
85010012,21.44501986,-158.1869472,1568.882996,175.8558387,226.9120855,215.9536112,203.758109,186.3440305,166.6585701,255.5259203,254.8005087,253.5853433,207.3213938,906.592298225,0,0,0,0,0,0,0,0,113900,901500,1015400,RESIDENTIAL,1,NA
85010013,21.44477122,-158.1869879,2409.9758,253.2612085,218.1110178,207.2806435,195.2457713,178.1028846,158.8032882,247.2450962,246.464686,245.2841718,210.6537102,839.512754316,0,0,0,0,0,0,0,0,159500,468600,628100,RESIDENTIAL,1,NA
85010018,21.44577867,-158.1867661,2039.632202,219.3578723,277.9332309,266.7725917,254.3269183,236.4956444,216.226632,298.8587884,298.1613151,296.8281479,204.0463553,615.097833167,0,0,0,0,0,0,0,0,63100,463100,526200,RESIDENTIAL,1,NA
85010019,21.44560949,-158.1865485,161.367981,52.39523943,296.4098788,285.2374476,272.7768518,254.9213943,234.6199055,320.4454883,319.5011566,318.2327563,234.6114224,776.20726203900006,0,0,0,0,0,0,0,0,42100,540300,582400,RESIDENTIAL,1,NA
85010020,21.44526099,-158.1865533,1939.855865,209.4413505,276.195988,265.1479288,252.8381885,235.2266899,215.2515825,303.9669978,303.2665659,302.0368724,240.2072016,579.362282651,0,0,0,0,0,0,0,0,64700,453100,517800,RESIDENTIAL,1,NA
85010021,21.44531545,-158.1863456,1366.697983,170.2125135,296.215777,285.1436001,272.8037754,255.1418611,235.095972,323.6487105,322.9699423,321.728171,254.3602867,327.418953265,0,0,0,0,0,0,0,0,43100,392700,435800,RESIDENTIAL,3,NA
85010023,21.44561322,-158.1864721,2006.560791,202.2456676,300.148874,288.9774964,276.5181504,258.6646814,238.3657921,323.5943124,322.7336004,321.4012197,235.3267617,569.568763847,0,0,0,0,0,0,0,0,95900,454400,550300,RESIDENTIAL,1,NA
85010024,21.44583694,-158.1865791,1917.827606,209.7365254,298.2519087,287.0914682,274.6459121,256.8145356,236.5448305,318.6848464,318.0771128,316.7882108,222.9057662,610.536509114,0,0,0,0,0,0,0,0,110400,460700,571100,RESIDENTIAL,1,NA
85010025,21.44608316,-158.1860305,232.3668823,61.94476568,367.4276567,356.2591683,343.803603,325.9558296,305.6638178,377.3804204,377.0065723,376.0785005,287.186787,890.980501916,0,0,0,0,0,0,0,0,50700,531100,581800,RESIDENTIAL,1,NA
85010026,21.44576738,-158.1862346,706.2718506,112.046586,330.1313575,318.9556243,306.4911063,288.6293352,268.3194566,353.4662743,352.6293677,351.2848814,262.55158,692.717528822,0,0,0,0,0,0,0,0,104000,476100,580100,RESIDENTIAL,1,NA
85010027,21.44593721,-158.185963,2242.684097,225.8754825,361.0117464,349.8357339,337.3710334,319.5089564,299.198655,383.0265296,382.2529148,380.9229881,287.1520005,851.843247082,0,0,0,0,0,0,0,0,171200,453300,624500,RESIDENTIAL,1,NA
85010030,21.4450669,-158.1864103,3252.385513,231.4956083,281.7564878,270.801513,258.6043414,241.1733986,221.4369131,310.3464688,309.6153352,308.4058119,252.28660729999999,5168.33989536,0,0,0,0,0,0,0,0,271100,3998900,4270000,RESIDENTIAL,1,NA
85010066,21.44455239,-158.1869366,257.4228973,64.40292916,224.2561894,214.173807,202.8675409,186.9226576,169.2584296,253.8419867,252.961099,251.7440385,239.1390875,1167.45850439,0,0,0,0,0,0,0,0,84500,679700,764200,RESIDENTIAL,1,NA
85010068,21.44489846,-158.1868163,2651.590668,243.8084292,234.3751894,223.5314847,211.4766369,194.292189,174.9176015,263.4530948,262.6802384,261.4947889,221.8833165,471.144184782,0,0,0,0,0,0,0,0,83000,429100,512100,RESIDENTIAL,1,NA
85010069,21.4447619,-158.1867321,2564.671234,231.2265374,238.3855476,227.7829898,216.0240143,199.3229425,180.6031023,267.8690549,267.0406988,265.8934481,236.5817671,499.555467926,0,0,0,0,0,0,0,0,281300,429400,710700,RESIDENTIAL,1,NA
85011002,21.44587972,-158.1892445,1536.159287,162.3615491,64.63905499,56.92330807,49.27466915,37.35897556,23.03953748,74.85433031,74.00032173,72.22870984,0,1642.99699746,0,0,0,0,0,0,0,1034.63678122,134300,886500,1020800,RESIDENTIAL A,1,NA
85011003,21.44618051,-158.189387,3122.843445,237.3664902,66.96555913,60.43827134,54.4607789,44.7075728,32.52036528,77.6551679,76.60172193,74.89751143,0,624.415504513,0,0,0,0,0,0,0,343.169691547,73500,461900,535400,RESIDENTIAL,1,NA
85011004,21.44644205,-158.1895475,2635.413956,224.2286261,69.47522515,64.00516668,59.36895576,51.31231422,40.9051767,80.37574641,79.15668701,77.58516019,4.2828376949999996,620.479147377,0,0,0,0,0,0,0,0,252300,487200,739500,RESIDENTIAL,1,NA
85011006,21.44667909,-158.1892555,348.0997772,74.72152266,114.7866732,109.5165635,105.0255288,96.99589363,86.50434626,125.7776719,124.706062,122.9685419,5.122149515,375.526262877,0,0,0,0,0,0,0,0.0561499263563,90000,431600,521600,RESIDENTIAL,1,NA
85011007,21.44621451,-158.1891528,1303.623718,193.1098354,89.91843377,83.16109471,76.8400523,66.60918573,53.90031736,100.4867714,99.42928193,97.61356933,1.381273149,775.084855625,0,0,0,0,0,0,0,238.48679912,210600,472100,682700,RESIDENTIAL,1,NA
85011008,21.44651899,-158.1890534,2763.401123,235.2926681,114.8472839,108.685585,103.1121623,93.84259678,82.06877057,125.7065809,124.5984146,122.7609711,0,720.912495271,0,0,0,0,0,0,0,236.402657371,115200,502600,617800,RESIDENTIAL,1,NA
85011011,21.44602042,-158.1888542,252.1894684,63.5923948,110.1226441,102.2863082,94.38480608,81.99835126,67.02466104,120.3605982,119.3165845,117.7968656,8.690692055,805.613081606,0,0,0,0,0,0,0,48.5368353091,91900,519800,611700,RESIDENTIAL,1,NA
85011012,21.44607272,-158.1887244,1251.00354,156.5684837,119.6544569,111.8778601,104.0769783,91.66239867,76.43284913,129.9830451,128.9112726,127.3455724,16.89864488,580.203978185,0,0,0,0,0,0,0,0,54600,375700,430300,RESIDENTIAL,1,NA
85011024,21.4465375,-158.1891993,169.3971252,52.12806209,111.3980061,105.6076054,100.5193871,91.78858304,80.54690565,122.3101509,121.1834754,119.4546617,0,325.530941798,0,0,0,0,0,0,0,14.0961573546,90300,391300,481600,RESIDENTIAL,1,NA
85012011,21.44851328,-158.1887095,3452.069641,267.4456811,291.1434824,280.9953504,269.8892508,253.7901611,235.3671617,7.672408497,7.672408497,7.414964658,6.731615023,6392.09271058,0,0,0,0,0,0,0,0,614800,1798700,2413500,RESIDENTIAL,1,NA
85012018,21.44706572,-158.1878229,1225.938553,155.9639852,259.7170935,252.9064306,246.2108794,234.9227301,220.8379718,202.1639462,201.9181141,201.254848,127.4118113,1418.3878097,0,0,0,0,0,0,0,0,0,786300,786300,RESIDENTIAL,1,NA
85012019,21.44690678,-158.1875865,1736.440079,190.6988775,267.184798,259.525354,251.9473151,239.5924755,223.9724282,224.4860334,224.2010962,223.8089451,140.4959219,1438.56625853,0,0,0,0,0,0,0,0,179600,792100,971700,RESIDENTIAL,2,NA
85012020,21.44660198,-158.1878175,3150.942749,240.4720264,227.4510157,219.6818786,211.7206712,198.7876834,182.77736,237.771291,236.7123074,235.1467394,106.4533653,592.70255129,0,0,0,0,0,0,0,0,405200,447300,852500,RESIDENTIAL,1,NA
85012021,21.44615644,-158.1876333,2075.837585,206.0370533,222.1242272,212.376781,201.8084391,186.1340838,167.7697002,232.4379692,231.5448664,230.1568947,118.4445135,627.584039399,0,0,0,0,0,0,0,0,69000,457100,526100,RESIDENTIAL,1,NA
85012022,21.44593637,-158.187421,2519.871826,225.4722516,226.6081964,216.0495744,204.6279683,187.9551022,168.6706116,238.6765552,237.7590023,236.7320575,134.9813221,1136.05445431,0,0,0,0,0,0,0,0,151700,788900,940600,RESIDENTIAL,1,NA
85012024,21.44601699,-158.187152,1776.805374,190.9810946,259.7333304,249.169206,237.5443062,220.3710927,200.724267,271.6744963,270.7615163,269.6719534,164.3951478,453.839225322,0,0,0,0,0,0,0,0,60400,423100,483500,RESIDENTIAL,1,NA
85012026,21.44663011,-158.1870211,1316.618225,154.8295728,304.5326521,295.1623692,284.9396939,269.3487989,251.0887066,277.1030912,277.1030912,276.6190475,192.2959469,461.628904404,0,0,0,0,0,0,0,0,61600,425000,486600,RESIDENTIAL,1,NA
85012027,21.44670934,-158.1872813,3115.668411,254.0193129,282.9202827,274.2722301,264.8619726,250.2219118,232.5116087,254.5059587,254.3840483,253.9837632,165.2275341,986.782650361,0,0,0,0,0,0,0,0,212100,650700,862800,RESIDENTIAL,1,NA
85012028,21.44691133,-158.1872388,1207.523071,142.1133623,301.7601058,293.8387055,285.343704,271.4603182,254.5201296,239.1488975,239.0329317,238.6400343,177.8839117,955.899207668,0,0,0,0,0,0,0,0,172100,428600,600700,RESIDENTIAL,2,NA
85012029,21.44717815,-158.1873274,1858.363678,173.521689,308.5498872,301.142989,293.6195592,281.5663432,266.0832092,206.0964709,206.0695431,205.6638557,177.8632371,960.211722365,0,0,0,0,0,0,0,0,0,643400,643400,RESIDENTIAL,1,NA
85012030,21.44737956,-158.1873337,2670.843216,218.4499304,319.013355,312.2355828,305.4797341,294.0066344,279.6648925,198.8231943,198.8231943,198.4369918,186.4864778,1074.70098936,0,0,0,0,0,0,0,0,99700,660600,760300,RESIDENTIAL,1,NA
85012036,21.44864426,-158.1878148,5311.495621,415.0465527,380.6797971,374.2783614,364.393256,349.3990852,332.3719833,36.6676749,36.36720956,35.52799885,34.6974149,1147.9576752,0,0,0,0,0,0,0,0,546900,685300,1232200,RESIDENTIAL,1,NA
85012037,21.44893973,-158.187712,1838.139572,197.4902405,388.6489106,380.174505,369.4803691,354.0646124,336.5038941,21.00983958,20.28383094,19.58209048,18.86928349,1626.57701825,0,0,0,0,0,0,0,0,257700,395300,653000,RESIDENTIAL,3,NA
85012047,21.44722159,-158.1866435,1160.418457,138.3733044,372.9585681,364.9897134,356.2500599,341.9557672,324.4364732,240.2920149,239.9572196,239.0142076,238.0715381,2207.14460339,0,0,0,0,0,0,0,0,227300,983200,1210500,RESIDENTIAL,1,NA
85012048,21.44694901,-158.1865305,221.8317413,66.35237378,370.0366831,360.9453143,350.9443913,335.4186005,317.1860739,270.2140797,269.8809531,268.9373978,252.435481,1992.58767665,0,0,0,0,0,0,0,0,136700,885900,1022600,RESIDENTIAL,1,NA
85012049,21.44656606,-158.1865856,3953.563065,334.8428585,338.4347434,327.9910337,316.6271875,299.9914011,280.6179729,296.812963,296.7315239,295.8536693,233.7183084,722.584142174,0,0,0,0,0,0,0,0,136400,484000,620400,RESIDENTIAL,1,NA
85012050,21.44676908,-158.1862538,1406.172806,183.2042463,382.3788833,372.4458712,361.5368005,345.1343588,326.1022179,293.8919797,293.4882506,292.5727046,272.5882229,971.650152859,0,0,0,0,0,0,0,0,147600,526300,673900,RESIDENTIAL,1,NA
85012056,21.44647337,-158.186323,1261.000153,156.7608168,358.7912466,348.133188,336.1559627,318.8473551,299.0645861,324.3688866,324.0250532,323.0854071,258.7508557,1540.65501327,0,0,0,0,0,0,0,0,54900,678000,732900,RESIDENTIAL,1,NA
85012057,21.44925764,-158.188522,1895.750366,183.5304897,351.1286518,340.7417776,329.3810048,312.9268917,294.0556269,12.51537958,12.35845686,11.6033239,10.77358044,754.590988572,0,0,0,0,0,0,0,0,96700,491500,588200,RESIDENTIAL,1,NA
85012058,21.44667767,-158.1874717,1663.523697,194.7440882,266.8558874,258.447734,249.3927922,235.0708329,217.8134918,248.5804805,248.2592833,247.8557406,147.9400845,619.885906748,0,0,0,0,0,0,0,0,124400,380400,504800,RESIDENTIAL,1,NA
85012059,21.44634103,-158.1877423,2110.852493,206.6954493,222.5474596,213.3854723,203.5550441,188.5324198,170.6292023,232.3690276,231.278244,229.4687401,115.8973192,533.447041887,0,0,0,0,0,0,0,0,114500,441900,556400,RESIDENTIAL,1,NA
85012060,21.44640559,-158.1875595,2630.018158,215.2343035,242.8306298,233.6323929,223.7340777,208.5570735,190.5160712,252.6522988,251.5665637,249.7563971,133.945982,584.82571036,0,0,0,0,0,0,0,0,258400,383200,641600,RESIDENTIAL,1,NA
85012061,21.44648779,-158.1873567,2481.534302,235.44723,266.5821831,257.3735091,247.42665,232.1148388,214.0130018,272.9342456,272.6089315,272.0866219,154.5062749,780.904717817,0,0,0,0,0,0,0,0,120000,426900,546900,RESIDENTIAL,1,NA
85012062,21.4466539,-158.1876238,1581.284882,170.4661191,251.5457661,243.462772,234.87148440000001,221.0719034,204.2553079,247.254719,247.0111194,246.3337656,132.2054942,614.584417458,0,0,0,0,0,0,0,0,0,383200,383200,RESIDENTIAL,1,NA
85012064,21.44657629,-158.1871726,273.0022278,66.40898505,292.8543398,283.6072646,273.5722638,258.1126602,239.9615249,278.6076072,278.3595311,277.9682866,180.9435327,499.422552861,0,0,0,0,0,0,0,0,313700,371500,685200,RESIDENTIAL,1,NA
85012069,0,0,1949.587097,209.0177326,300.9037905,290.1136175,278.0294925,260.6393036,240.7721221,313.2098346,312.2938655,311.2355436,205.4701815,502.771372203,0,0,0,0,0,0,0,0,316200,434100,750300,RESIDENTIAL,1,NA
85013006,21.44718897,-158.1894337,3225.981903,269.9370827,124.2477406,119.2974586,114.579745,105.4107567,93.58922916,140.5728173,139.7640508,137.6417846,51.51401358,561.202550481,0,0,0,0,0,0,0,0,171500,415700,587200,RESIDENTIAL,1,NA
85013007,21.44688008,-158.1895416,2368.752365,213.4672666,95.93202526,91.7054972,88.66382112,81.28978457,71.01350663,109.36083000000001,108.6282571,106.5070046,35.88896816,780.416117203,0,0,0,0,0,0,0,0,121800,490800,612600,RESIDENTIAL,1,NA
85013014,21.44921888,-158.1920362,1325.060013,177.0506201,124.1963068,122.0666931,121.5755092,118.8469991,113.8618323,12.55752166,12.55752793,11.55719602,10.86162104,8244.74940704,0,0,0,0,0,0,0,0,607200,491200,1098400,RESIDENTIAL,1,NA
85013016,21.44852503,-158.1920014,1852.715988,226.5659745,73.84980093,70.69146798,62.84862956,50.80227553,36.92111218,18.54113826,18.54116338,17.54105301,16.57576881,1907.07311246,0,0,0,0,0,0,0,0,95200,468000,563200,RESIDENTIAL,2,NA
85013017,0,0,2408.713623,201.367922,92.81013608,87.51648699,79.44101663,67.22829809,52.85597429,16.14070758,16.14070758,14.42591184,14.42591184,428.007112561,0,0,0,0,0,0,0,0,356800,429300,786100,RESIDENTIAL,1,NA
85013018,21.44859759,-158.1917057,2618.878235,242.0559008,98.2894385,90.01440498,81.71102515,69.04240273,53.83475403,29.70814374,29.70814374,28.02424802,28.02424802,392.170337483,0,0,0,0,0,0,0,0,130400,426800,557200,RESIDENTIAL,1,NA
85013019,21.44858724,-158.1915529,2055.648956,228.6757603,103.163905,94.88787704,86.58116954,73.90497357,58.68029339,36.08976649,36.08976649,36.08976649,36.08976649,399.838632617,0,0,0,0,0,0,0,0,216600,429400,646000,RESIDENTIAL,1,NA
85013020,21.44856837,-158.1913866,1720.78183,218.7021985,113.1980574,105.1301191,97.12351901,84.79419441,69.92143674,35.45250244,35.45250244,35.45250244,35.45250244,481.952818457,0,0,0,0,0,0,0,0,76200,437500,513700,RESIDENTIAL,1,NA
85013022,21.44852918,-158.1909619,178.5276337,57.3743457,146.4267392,138.5822767,130.4998198,116.9031293,100.4194791,49.13909299,49.13909299,48.91014904,48.91008061,502.474506158,0,0,0,0,0,0,0,0,73800,450100,523900,RESIDENTIAL,1,NA
85013023,21.44835161,-158.1909902,1966.220169,191.6311014,121.0912688,112.7893512,104.2289058,90.52531879,74.21125639,61.52477398,61.52477398,61.49022775,61.49016557,480.903551273,0,0,0,0,0,0,0,0,100400,444100,544500,RESIDENTIAL,1,NA
85013024,21.44829487,-158.1908323,2217.756287,214.9013768,124.5660579,115.3201097,105.3142321,90.30396196,72.83140235,70.89040035,70.89040035,69.22987268,69.03765416,486.45045153,0,0,0,0,0,0,0,0,94400,442400,536800,RESIDENTIAL,1,NA
85013025,21.44816758,-158.1907413,1756.865143,218.6748036,119.3843222,109.6643769,99.17508305,83.60440073,65.56148884,95.34148911,95.34148911,94.53068368,93.73493972,480.461487777,0,0,0,0,0,0,0,0,73800,440600,514400,RESIDENTIAL,1,NA
85013026,21.44808357,-158.1906256,2081.142487,230.3323488,116.8347131,106.442638,95.1681331,78.75878446,59.85047635,82.07234262,82.07234262,78.56689968,75.57451641,460.91640657,0,0,0,0,0,0,0,0,86100,441500,527600,RESIDENTIAL,1,NA
85013027,21.44797246,-158.1904877,2409.569672,222.5465727,114.4926294,103.8227893,92.17951567,75.31909711,55.95742676,83.39662248,83.39662248,80.40702414,77.86624119,612.955897817,0,0,0,0,0,0,0,0,98700,480300,579000,RESIDENTIAL,1,NA
85013028,21.44787523,-158.1903393,2383.682053,238.7080219,112.7833136,102.1213023,90.49530496,73.65625807,54.30255944,85.92673941,85.92673941,83.6228542,81.6779999,584.230195263,0,0,0,0,0,0,0,0,0,469400,469400,RESIDENTIAL,1,NA
85013029,21.44796739,-158.190074,1620.65004,192.925076,138.2274527,127.6642767,116.1294772,99.42169918,80.23971066,71.30317521,71.30315614,70.30285877,69.30388147,394.144360106,0,0,0,0,0,0,0,0,73100,440100,513200,RESIDENTIAL,1,NA
85013030,21.44811521,-158.1901227,1966.071945,192.3856583,148.6349953,137.9990186,126.4006354,109.5999148,90.29419154,66.71399688,66.71399688,65.01707622,63.65018302,463.85439201,0,0,0,0,0,0,0,0,72000,444800,516800,RESIDENTIAL,1,NA
85013034,21.44858546,-158.1908575,2050.597,211.7644511,150.0608179,142.1884255,134.0970811,120.9700351,104.7024478,48.11937054,48.11937054,46.42231715,46.24577128,750.457295821,0,0,0,0,0,0,0,0,96300,483000,579300,RESIDENTIAL,1,NA
85013039,21.44772068,-158.1898748,1677.60022,174.3412456,133.7460582,123.5794124,112.5197684,96.53783923,78.18205985,98.49343567,98.32756345,97.5083602,97.18302216,501.432672042,0,0,0,0,0,0,0,0,84800,452100,536900,RESIDENTIAL,1,NA
85013040,21.44766045,-158.1899843,1846.348007,232.8470427,120.1345726,109.8274985,98.56399433,82.23635443,63.6184891,106.646545,106.6465305,105.694161,104.6942684,488.261289581,0,0,0,0,0,0,0,0,91400,444100,535500,RESIDENTIAL,1,NA
85013041,21.44758743,-158.1900958,2101.359344,187.2869477,106.2589055,95.94128803,84.69757074,68.44808772,49.78508877,112.6624984,112.6624984,111.530191,110.5249362,553.704800389,0,0,0,0,0,0,0,0,109200,466100,575300,RESIDENTIAL,1,NA
85013042,21.4470945,-158.1896738,2335.87915,231.7241974,100.7925283,95.57626102,90.00831959,80.05672148,67.84586393,119.4741324,118.5917221,116.5202615,69.71617953,789.663467107,0,0,0,0,0,0,0,0,110500,507400,617900,RESIDENTIAL,1,NA
85013043,21.44684816,-158.1898085,2425.558319,267.9907826,70.71564479,66.47591204,63.07488826,55.27957499,45.03252308,85.96021113,85.13263428,83.01035881,56.18522804,829.225439188,0,0,0,0,0,0,0,0,134400,520200,654600,RESIDENTIAL,1,NA
85013044,21.4469075,-158.1900168,2756.147537,279.4113957,61.71925573,55.39981538,48.79943049,38.31527292,26.0021019,81.29897853,80.39938,78.17551832,74.61162678,1007.33589478,0,0,0,0,0,0,0,0,114400,502300,616700,RESIDENTIAL,1,NA
85013045,21.44705443,-158.1900384,1407.931549,180.3903688,69.06422906,62.26488054,54.47522648,42.7866985,29.58557713,86.57865353,86.03525267,84.38512042,81.75867704,677.873254023,0,0,0,0,0,0,0,0,79100,462300,541400,RESIDENTIAL,1,NA
85013046,21.44717974,-158.1901562,2737.85434,244.3537324,67.06856242,57.67120441,47.62423843,33.84569886,19.21457279,81.42844895,80.61876058,79.24004374,78.00568655,661.664589081,0,0,0,0,0,0,0,0,210100,460800,670900,RESIDENTIAL,2,NA
85013047,21.44729693,-158.1902419,2514.269363,267.6482386,66.2462493,56.12452671,45.23940116,30.25444026,14.99687512,79.77343418,78.99499155,77.85550114,76.15976181,657.702774053,0,0,0,6.22185577944,0,0,0,0,117200,462700,579900,RESIDENTIAL,1,NA
85013048,21.44740618,-158.1903477,1548.084259,171.4795925,72.72219075,62.29057868,50.90172175,34.48024299,15.6508504,84.51733749,83.80991529,81.6940038,80.27943313,472.946300751,0,0,0,0,0,0,0,0,80700,443200,523900,RESIDENTIAL,1,NA
85013049,21.44752534,-158.1904556,1912.517471,195.048083,76.3026087,65.73852225,54.20537887,37.50317031,18.33318371,85.76068846,85.02385135,83.5481311,82.14043706,674.343043857,0,0,0,46.2640510315,0,0,0,0,73100,462700,535800,RESIDENTIAL,1,NA
85013050,21.44757287,-158.1905892,2683.811783,221.53864,70.20927937,59.56473753,47.95642696,31.14056905,11.81455129,78.147917,77.3564803,76.74572437,75.77930901,620.173173407,0,0,0,11.2681379988,0,0,0,0,73800,462700,536500,RESIDENTIAL,1,NA
85013051,21.44769704,-158.1906656,1387.818634,170.0273482,80.50621094,69.81930993,58.16893708,41.29910277,21.91026251,88.35327414,87.27244948,85.43401652,84.63611587,668.962814608,0,0,0,0,0,0,0,0,128200,462700,590900,RESIDENTIAL,1,NA
85013052,21.44775409,-158.1908419,3285.085922,285.7612951,68.67809621,58.20480264,46.83947659,30.33948159,11.36839464,77.56442389,76.35411881,74.51923868,73.09095281,647.243206485,0,0,0,0,0,0,0,0,153500,462700,616200,RESIDENTIAL,1,NA
85013053,21.44787671,-158.1909253,2289.933166,251.7933041,77.89867378,67.86532973,57.02802761,41.16983222,22.99833643,89.1024301,88.17757495,86.49996143,84.85376842,672.541789413,0,0,0,0,0,0,0,0,106400,463500,569900,RESIDENTIAL,1,NA
85013054,21.44792251,-158.1910688,1846.276093,199.8138577,78.2744443,69.02767063,59.20043449,44.54516913,27.5811849,89.70563882,88.70217414,87.47467247,85.76162822,638.536667853,0,0,0,0,0,0,0,0,73800,460100,533900,RESIDENTIAL,1,NA
85013055,21.44801043,-158.191191,2539.953491,222.1046823,78.51166108,69.96789767,61.08679736,47.44964433,31.49757182,91.25066533,90.3602019,88.79874547,87.22513262,613.253293542,0,0,0,0,0,0,0,0,89500,460100,549600,RESIDENTIAL,1,NA
85013056,21.44811033,-158.1913286,234.0453339,57.01023997,85.25306633,77.40222213,69.71575161,57.73608628,42.95872469,92.04269296,92.04269296,92.04269296,92.04269296,642.666378246,0,0,0,0,0,0,0,0,0,461200,461200,RESIDENTIAL,1,NA
85013057,21.44822533,-158.191413,2472.215103,217.7934299,82.57533771,74.80682748,67.28752788,55.59740319,41.20262956,73.39499546,73.39499546,73.39499546,73.39499546,689.262962127,0,0,0,0,0,0,0,0,132300,467500,599800,RESIDENTIAL,1,NA
85013058,21.44826851,-158.1916003,2384.665985,256.798,76.03377069,68.0964604,60.32371165,48.32444312,33.79002802,56.14986117,56.14986117,54.55716056,54.55716056,1032.04008241,0,0,0,0,0,0,0,0,213400,513200,726600,RESIDENTIAL,1,NA
85013070,21.44695152,-158.1893861,3065.932953,262.1489595,115.1328524,110.6137558,107.1603848,100.5060954,91.2962354,127.3348168,126.3603428,124.2344572,26.21608462,470.408010082,0,0,0,0,0,0,0,0,105200,440800,546000,RESIDENTIAL,2,NA
85018014,21.45997749,-158.2053846,1249.230438,153.4082202,74.67319682,70.33496256,66.95546642,61.36538926,54.22396582,25.43699752,25.43699752,22.76681686,21.39608328,3176.79779589,0,0,0,0,0.00147665917838,0.00147665917838,0.00147665917838,0.573190904437,99600,484800,584400,RESIDENTIAL,1,NA
85018016,21.45996045,-158.2056109,2122.369614,216.0597583,63.92697072,59.62171324,56.19356815,50.61925192,43.52098763,35.87127315,35.85604631,35.85604631,35.19339098,2585.16710657,0,0,0,0,0,0,0,0,239800,446300,686100,RESIDENTIAL,1,NA
85018017,0,0,1275.30687,154.7039746,71.21763964,66.05480704,61.29568912,54.08520083,45.6703353,68.85103893,68.85103893,67.10702096,65.63327659,1885.17848374,0,0,0,0,0,0,0,0,429200,733100,1162300,RESIDENTIAL A,1,NA
85018019,21.46053109,-158.205883,486.8246765,88.28573554,89.87962346,84.04512558,78.40144095,69.97607918,60.17076939,104.0074905,102.9304679,100.1652254,96.83800355,2456.92155238,0,0,0,0,0,0,0,0,675400,441600,1117000,RESIDENTIAL,1,NA
85018020,21.46081968,-158.2056831,2859.076782,279.5498089,122.3674015,116.6351234,111.088877,102.8041953,93.10753917,136.4756297,136.4756297,124.4741526,119.2689688,538.988738582,0,0,0,0,0,0,0,0,216700,487900,704600,RESIDENTIAL,1,NA
86015001,21.43824907,-158.1869301,1758.464478,185.474848,479.838134,486.7739365,483.8536895,477.9129688,469.5073311,54.32421746,52.93519334,48.56536845,35.75100072,709.23415199,0,0,0,0,0,0,0,0,129800,539600,669400,RESIDENTIAL,1,NA
86015002,21.43844502,-158.1870267,1743.504211,190.9013822,458.4332429,463.5605035,460.6404223,454.7000457,446.2949104,56.59339421,55.75373339,52.6450344,37.47135524,681.894031583,0,0,0,0,0,0,0,0,129800,539800,669600,RESIDENTIAL,1,NA
86015003,21.43863862,-158.1872522,799.3334198,120.7858901,427.0336127,431.4933456,428.5731901,422.6326597,414.2273005,62.34546115,61.29505002,60.43865834,33.45352116,716.124230299,0,0,0,0,0,0,0,0,129800,540900,670700,RESIDENTIAL,1,NA
86015004,21.43875856,-158.1871941,1633.259598,181.0747308,422.4596763,424.7084282,421.7891894,415.8505641,407.4479955,73.14172926,72.21602894,67.78546521,40.75013484,697.321322303,0,0,0,0,0,0,0,0,129800,540800,670600,RESIDENTIAL,1,NA
86015005,21.43895053,-158.1874506,496.7214661,89.69669751,391.6857997,393.8644628,390.9446233,385.0047512,376.60036,57.69793331,57.01895304,54.48618312,49.64513549,688.743889038,0,0,0,0,0,0,0,0,129800,541300,671100,RESIDENTIAL,1,NA
86015006,21.43906053,-158.1873795,1722.282318,176.8159268,387.4223609,387.1083162,384.1901072,378.2536309,369.8542311,63.33974873,62.84889151,61.60756259,57.16308031,683.003983213,0,0,0,0,0,0,0,0,129800,539600,669400,RESIDENTIAL,1,NA
86015007,21.43922546,-158.1874689,1699.939636,180.9445986,369.2416139,366.9688572,364.0519398,358.1181615,349.7227491,59.61788736,59.61788736,59.61788736,56.7423033,699.133816493,0,0,0,0,0,0,0,0,0,539600,539600,RESIDENTIAL,1,NA
86015008,21.43935277,-158.187551,1749.246597,183.0313405,354.1358031,350.7174233,347.8010468,341.8684057,333.4746909,45.16161687,45.16161687,45.16161687,44.71305519,676.761671292,0,0,0,0,0,0,0,0,129800,540300,670100,RESIDENTIAL,1,NA
86015009,21.43946551,-158.1873276,1139.04628,142.5877881,361.2204477,356.2880136,353.3954775,347.5125649,339.1921622,54.63769643,54.62502774,53.91954871,53.27521695,698.833623274,0,0,0,0,0,0,0,0,62500,496300,558800,RESIDENTIAL,1,NA
86015013,21.43890259,-158.18696,1762.266067,182.4327,432.7930614,428.2033197,425.2951665,419.3795703,411.010719,99.3595133,98.19884567,93.67836012,69.13325682,717.245211329,0,0,0,0,0,0,0,0,132800,495800,628600,RESIDENTIAL,1,NA
86015014,21.43877379,-158.1868784,1779.204666,183.0481941,448.0022173,444.4117647,441.5023469,435.5841065,427.211342,93.30901816,91.90531075,91.18976472,68.53907424,715.584487191,0,0,0,0,0,0,0,0,130600,495200,625800,RESIDENTIAL,1,NA
86015015,21.43859726,-158.1867639,1769.635223,183.1252082,468.6210244,466.4828973,463.5716447,457.6495778,449.2711744,89.83708716,89.22125447,84.99598567,68.96707659,688.98068512,0,0,0,0,0,0,0,0,130700,495000,625700,RESIDENTIAL,1,NA
86015016,21.43840586,-158.1866802,1940.551071,201.4823984,488.8822828,486.0407409,483.1322499,477.2158907,468.8457743,84.83728823,83.63823668,78.7838306,44.68262761,705.014474657,0,0,0,0,0,0,0,0,130600,497000,627600,RESIDENTIAL,1,NA
86015017,21.4380281,-158.1867462,1927.15918,191.156904,510.8114802,518.1009307,515.1807,509.240013,500.8344244,56.84536623,55.05575355,51.52438816,8.712136361,532.905261065,0,0,0,0,0,0,0,0,153900,506800,660700,RESIDENTIAL,1,NA
86015018,21.43807095,-158.1864904,2887.938629,312.5409359,522.3652545,525.1636426,522.2464965,516.3121936,507.9158926,82.17637024,80.42561078,76.93280542,6.622693753,587.823472985,0,0,0,0,0,0,0,0,225200,464300,689500,RESIDENTIAL,1,NA
86015019,21.43821839,-158.1864511,569.6802368,95.47532891,523.9350619,522.1936071,519.2864442,513.3728025,505.0065644,99.33258797,97.52562961,93.9449652,26.36053732,831.893115508,0,0,0,0,0,0,0,0,136900,525400,662300,RESIDENTIAL,1,NA
86015020,21.43836699,-158.1862341,2870.520752,313.5213086,520.4968849,515.6377757,512.7422707,506.8527637,498.5216642,120.8837605,119.0139264,115.415593,47.91235346,673.399581341,0,0,0,0,0,0,0,0,589700,491600,1081300,RESIDENTIAL,1,NA
86015021,21.43855823,-158.1862754,1531.621201,181.0441491,508.2865442,503.1550337,500.2765922,494.4224362,486.1011012,131.4067472,130.0312351,125.9965364,63.37709942,559.577845955,0,0,0,0,0,0,0,0,277800,465300,743100,RESIDENTIAL,1,NA
86015022,21.43876556,-158.1863917,3888.456161,255.7368732,478.7718443,473.6473366,470.7681989,464.912696,456.5985488,127.9572123,127.233248,122.4360811,81.09195252,565.471684344,0,0,0,0,0,0,0,0,315000,463500,778500,RESIDENTIAL,1,NA
86015023,21.43897031,-158.1865139,1675.721344,200.4277524,457.6957827,452.4680713,449.596517,443.7568206,435.3318967,135.2928633,133.9087521,132.4919394,109.0769971,587.657557338,0,0,0,0,0,0,0,0,77400,466500,543900,RESIDENTIAL,1,NA
86015029,21.43987305,-158.1868815,1417.361328,157.6460294,366.3896882,360.7977562,357.0882941,349.5474133,339.2814006,50.42533055,50.42533055,49.75781795,49.75717772,605.114651081,0,0,0,0,0,0,0,0,74600,478600,553200,RESIDENTIAL,1,NA
86015039,21.4386915,-158.186141,2590.640015,222.5292023,505.3262242,499.9987614,497.135784,491.3116532,482.6334726,147.1626675,145.779799,141.4896553,79.23274974,561.405939643,0,0,0,0,0,0,0,0,246000,434300,680300,RESIDENTIAL,1,NA
86015040,21.43855315,-158.1860486,2140.647675,234.5594282,526.8698583,521.6146227,518.7457567,512.9113577,504.4031603,145.6897519,143.8159167,140.2165388,67.97437303,576.885893344,0,0,0,0,0,0,0,0,83900,429700,513600,RESIDENTIAL,1,NA
86015046,21.44044748,-158.1869277,1233.080551,211.7366648,319.9554013,314.3196572,309.1694906,300.5781346,289.6946893,0,0,0,0,699.450294738,0,0,0,0,8.2876014774,10.6387543637,15.378137531,22.343305916,197100,509000,706100,RESIDENTIAL,1,NA
86015047,21.44014543,-158.1871293,2832.743866,261.0473952,336.2161601,330.6263685,326.928701,319.4621061,309.361377,21.12505008,21.11039902,20.76189986,20.43707483,683.709110693,0,0,0,0,5.21829361848,7.57781255817,12.3485087186,21.2785449031,271900,468600,740500,RESIDENTIAL,1,NA
86015048,21.44002302,-158.1872628,1415.233795,160.7520551,324.2281179,318.4718245,315.3428617,308.5191114,298.9105445,11.45760476,11.45760476,11.23730246,10.79431671,603.913440581,0,0,0,0,2.57448523363,3.79109345188,7.17952141844,14.6676253612,71400,470500,541900,RESIDENTIAL,1,NA
86015049,21.43992493,-158.1874337,2275.518524,204.6300099,314.7530984,309.252389,306.4031171,300.4945781,291.6894158,4.755222861,4.755222861,4.089130313,3.411499302,601.608952231,0,0,0,0,5.52025299962,10.0733104994,17.645830637,26.7640669812,103700,470500,574200,RESIDENTIAL,1,NA
86015050,21.43998687,-158.1875545,186.0354004,54.93482122,309.1446995,303.6763064,300.8237872,294.949107,286.2091893,0.244943162,0,0,0,604.663839096,0,0,0,0,2.12973824631,5.16293583733,9.97272540655,19.6201330786,81200,470500,551700,RESIDENTIAL,1,NA
86015051,21.43976044,-158.1875941,219.5339355,61.57329585,322.0547005,317.0267718,314.1395533,308.2679487,299.9647531,15.44653433,15.44653433,14.72748852,14.10445589,610.897964181,0,0,0,0,4.70573655987,7.34452392944,17.2236011102,28.9289485348,275000,459500,734500,RESIDENTIAL,1,NA
86015052,21.4396388,-158.1878402,2672.771118,217.8266142,306.2985859,301.7403705,298.8308672,292.9126654,284.5404928,0.762039009,0.674727648,0.011690108,0,579.654791773,0,0,0,0,2.29032059632,2.91542661683,11.9908871666,20.8505025868,142400,518600,661000,RESIDENTIAL,1,NA
86015053,21.44060295,-158.1869399,222.0533752,59.62375034,315.5029059,309.7949503,304.5765223,295.8660093,284.8212913,0.006191211,0.006191211,0.006191211,0,12801.6518856,0,0,0,0,0.369914013814,1.0182017689,2.39312593332,13.3583123805,0,897400,897400,RESIDENTIAL,1,NA
86016001,21.43579471,-158.1854181,3159.140823,260.4682005,776.8031067,792.2103831,789.2918598,783.3546841,774.9541556,55.79135669,55.28870001,54.42217201,27.51707208,887.589670692,0,0,0,0,0,0,0,0,386100,548400,934500,RESIDENTIAL,1,NA
86016002,21.4359964,-158.1855399,1932.096252,210.2309685,753.2556001,768.0041361,765.0852462,759.1473175,750.7457062,56.49098818,55.92472315,54.22260388,6.340832607,621.369653993,0,0,0,0,0,0,0,0,86500,508800,595300,RESIDENTIAL,1,NA
86016004,21.43623379,-158.1856012,2634.192535,263.2458027,736.0640096,750.4749744,747.5559601,741.617776,733.2157981,64.07087231,63.27453466,61.87220809,12.18292343,558.046939806,0,0,0,0,0,0,0,0,190100,498600,688700,RESIDENTIAL,1,NA
86016005,21.43638984,-158.1857245,2080.344406,220.1006755,712.0906196,725.3051287,722.3855018,716.4460574,708.0422625,66.46826867,66.46826867,63.45681186,22.20068411,575.292887026,0,0,0,0,0,0,0,0,250100,510800,760900,RESIDENTIAL,1,NA
86016006,21.43653068,-158.1857934,2395.30603,229.2643941,695.6066997,708.9558909,706.0364567,700.0974096,691.6941894,71.23763468,71.09262364,66.11899352,40.40359709,627.934663417,0,0,0,0,0,0,0,0,105400,523700,629100,RESIDENTIAL,1,NA
86016007,21.43667859,-158.185883,2381.827164,216.7834511,676.7738081,688.9459353,686.0260187,680.0859783,671.6813239,75.86244915,75.31008447,69.85898118,59.48848567,700.452924295,0,0,0,0,0,0,0,0,79500,534600,614100,RESIDENTIAL,1,NA
86016008,21.43680758,-158.1859722,1717.686157,203.4066271,660.1070203,672.0359658,669.115947,663.1756963,654.7707385,88.14702293,87.09872445,81.92474348,76.58457962,709.464844148,0,0,0,0,0,0,0,0,79400,545600,625000,RESIDENTIAL,1,NA
86016009,21.43698844,-158.1860467,2711.251266,232.7730513,641.4001711,653.329902,650.4100858,644.470253,636.0659001,96.84993079,95.90345526,88.80483303,79.34511243,765.059061222,0,0,0,0,0,0,0,0,469500,556500,1026000,RESIDENTIAL A,1,NA
86016010,21.43710731,-158.1861421,2293.966705,214.4436583,624.3578619,635.3028861,632.3827194,626.4421642,618.0367663,100.8561336,93.90488738,91.55649182,76.12010037,819.172863912,0,0,0,0,0,0,0,0,174900,567400,742300,RESIDENTIAL,1,NA
86016011,21.43724291,-158.1862746,1684.296524,197.7512931,605.3334435,615.8294605,612.909336,606.9688678,598.5635961,88.40418248,82.78956723,80.7598577,69.55000131,505.6323199,0,0,0,0,0,0,0,0,107500,493700,601200,RESIDENTIAL,1,NA
86016012,21.43738338,-158.1863407,2064.655853,187.6509841,589.13432,599.425243,596.5051343,590.5646987,582.1594745,78.01161288,73.78904106,71.41928494,53.87685737,484.468931987,0,0,0,0,0,0,0,0,360800,491600,852400,RESIDENTIAL,1,NA
86016014,21.43758628,-158.1864918,1767.456757,204.2353864,560.6453187,570.5345876,567.6143614,561.6736836,553.2681083,65.58333471,64.65910192,61.86163881,27.981488,481.185303483,0,0,0,0,0,0,0,0,207600,487100,694700,RESIDENTIAL,1,NA
86016015,21.43772367,-158.186587,1953.002167,215.7326158,542.7631845,551.9224056,549.002174,543.0614849,534.6558934,59.74463719,58.24412229,54.82485591,10.50813238,682.146520538,0,0,0,0,0,0,0,39.0990620035,79400,543900,623300,RESIDENTIAL,1,NA
86016018,21.43775743,-158.1863003,2271.662491,218.3444656,563.4592544,567.2233736,564.3069718,558.3741993,549.9801003,93.04925737,91.37682634,87.81212297,16.90115145,773.911112349,0,0,0,0,0,0,0,0,99800,504500,604300,RESIDENTIAL,3,NA
86016020,21.4378643,-158.186127,2098.233215,235.4111952,567.4142096,567.3691549,564.4582672,558.5368907,550.1593352,112.4124783,111.003085,107.437764,24.59088615,905.631561791,0,0,0,0,0,0,0,7.83696918235,92100,538100,630200,RESIDENTIAL,1,NA
86016026,21.43729719,-158.18591,536.2657928,98.88271597,631.2621807,635.7615049,632.8447186,626.911139,618.5158393,128.6589636,123.5302067,121.5104854,85.34562008,863.615595315,0,0,0,0,0,0,0,0,173100,501700,674800,RESIDENTIAL,1,NA
86016036,21.43567605,-158.18517,2110.548752,218.4091664,813.5405494,827.8572589,824.9376775,818.9983247,810.5946571,72.96589617,72.00447977,71.04420077,61.88509358,519.179070803,0,0,0,0,0,0,0,0,101800,437600,539400,RESIDENTIAL,1,NA
86016037,21.43552183,-158.1851433,2034.607452,206.1753599,821.7374501,836.6607625,833.7415201,827.8028639,819.4001989,71.39965148,70.49628467,67.35899699,58.08880039,652.924280651,0,0,0,0,0,0,0,0,92100,458800,550900,RESIDENTIAL,1,NA
86016038,21.43537908,-158.1850895,2288.511078,212.4345518,838.0052772,853.7551912,850.8364884,844.8989408,836.4978703,65.91000183,65.1873506,63.59316076,55.90356042,554.961023126,0,0,0,0,0,0,0,0,189800,506100,695900,RESIDENTIAL,1,NA
86016041,21.43491907,-158.1848404,1813.703598,194.7852326,887.6882224,887.6852005,887.6852005,887.6852005,887.6852005,52.38810556,52.38810556,51.43430017,49.69106662,508.837625571,0,0,0,0,0,0,0,0,213500,498900,712400,RESIDENTIAL,1,NA
87001021,21.42811891,-158.1786415,3256.313675,265.1516823,68.94875993,54.75248971,38.17625362,19.10808725,0,35.27292275,35.27288053,34.71164606,34.27259712,3797.06586001,0,0,0,606.548149674,0,0,0,0,51300,571300,622600,RESIDENTIAL,1,2100
87002013,21.42006759,-158.1746458,3120.26236,297.9825194,360.8082566,349.8131797,337.2964326,318.848203,297.1331239,3.906130702,3.69064903,3.505003195,2.9292334,2245.15993898,0,0,0,0,0,0,0,0,219700,523000,742700,RESIDENTIAL,1,NA
87002031,0,0,1780.147675,192.1563072,419.1333759,406.6378488,391.9141247,371.0572301,347.6804153,7.709892802,7.265358315,6.512275149,5.364420138,374.132213885,0,0,0,0,0,0,0,3.50410231093,238000,432900,670900,RESIDENTIAL,1,NA
87002032,0,0,1704.360794,188.3015414,428.6682844,416.3621408,401.818148,381.1330929,357.8775795,3.331278814,2.882213051,1.682839702,0.48344594,371.865321439,0,0,0,0,0,0,0,5.89765689345,238000,432300,670300,RESIDENTIAL,1,NA
87003014,21.42873103,-158.1756673,190.6701813,56.1523406,380.8716338,363.6145331,342.5517707,313.8125623,282.57813,11.30734564,10.86447315,10.45188365,9.975346559,8185.76460449,0,0,0,0,0,0,0,0,56100,840900,897000,RESIDENTIAL,1,NA
87003056,21.42096405,-158.1728085,1260.471344,159.6650871,565.9882458,555.6058237,543.5782543,525.6708136,504.896116,212.2577079,212.2577079,212.2577079,0,8108.48880445,0,0,0,0,0,0,0,84.2367125685,510800,884700,1395500,RESIDENTIAL,3,NA
87003060,21.42112403,-158.1728786,276.5169525,68.90091876,561.6934331,550.9496625,538.6479318,520.687403,499.5653334,209.1345185,209.1345185,208.9421763,0,8256.58827986,0,0,0,0,0,0,0,128.895071038,220600,884700,1105300,RESIDENTIAL,2,NA
87004011,21.41804416,-158.1733632,188.3428802,67.74685384,495.5529748,483.2030872,468.6580104,448.0185103,424.7547428,58.71549191,57.71541751,55.72691405,0,1045.53322737,0,0,0,0,0,0,0,226.138633726,32200,592100,624300,RESIDENTIAL,1,NA
87004038,21.41787432,-158.1734945,1062.006165,139.6676732,479.7682779,467.4509044,452.8951762,432.207161,409.0170359,44.16507731,43.2256142,41.00289032,0,975.524352168,0,0,0,0,0,0,0,129.046555711,73100,635400,708500,RESIDENTIAL,1,NA
87004056,21.41818348,-158.1734318,479.3502502,93.00655745,488.2807741,475.8643588,461.2366973,440.5197524,417.2818636,52.28805668,52.04834292,50.49358287,0,1045.62982773,0,0,0,0,0,0,0,45.8067363313,12000,813800,825800,RESIDENTIAL,1,NA
87008007,21.38443015,-158.1482785,1049.791656,138.2331111,49.08555392,40.02226539,29.97202519,15.66111441,0,117.9351449,117.3502233,117.3502233,117.293897,937.82690976,0,0,0,0,0,0,0,0,6600,739400,746000,RESIDENTIAL,1,2100
87008054,21.38487837,-158.1486864,1330.054298,151.3694014,55.29017802,46.73825725,37.22683644,23.62326933,8.327541655,114.333206,114.2968699,114.2968699,114.2967999,457.468088703,0,0,0,0,0,0,0,0,14200,416400,430600,RESIDENTIAL,1,NA
87008066,21.38497105,-158.1488226,2204.746193,219.4394484,50.40181749,42.1053834,32.67707146,19.16835943,3.975598707,116.9440611,116.9440611,116.9440611,116.9439907,473.82312715,0,0,0,0,0,0,0,0,45200,424900,470100,RESIDENTIAL,1,NA
87008085,21.38512816,-158.1490305,1475.46505,173.9721147,48.35371929,40.1771033,31.11833981,18.07400145,3.257408708,120.0811639,120.0706596,120.0706596,120.0706596,469.777007428,0,0,0,0,0,0,0,0,17600,382400,400000,RESIDENTIAL,1,NA
87008086,21.38506618,-158.1489456,1530.169792,191.8513953,48.88510896,40.6894253,31.56910138,18.42352078,3.54488553,119.6015761,119.58718,119.58718,118.9078653,462.97496702,0,0,0,0,0,0,0,0,13200,424900,438100,RESIDENTIAL,1,NA
87011007,21.42488256,-158.177663,1024.68544,131.7457807,121.3130473,102.0272983,77.40331362,42.95540233,5.213687879,142.6857055,141.3371139,139.3637108,137.0038246,466.006657302,0,0,0,0,0,0,0,0,182000,455000,637000,RESIDENTIAL,1,NA
87011008,21.42515011,-158.1777013,1522.771225,165.1013981,115.8062956,96.13744088,71.64775611,38.57540776,2.91006082,141.8551051,140.8758934,139.0744263,136.9622532,445.380584284,0,0,0,0,0,0,0,0,112800,455000,567800,RESIDENTIAL,1,NA
87011009,21.42523415,-158.1774307,2041.18161,218.2192225,143.6333573,123.94439,99.42969454,66.31502196,30.61303935,169.9330291,169.0214604,167.3021718,165.1245402,452.757233264,0,0,0,0,0,0,0,0,60200,455000,515200,RESIDENTIAL,1,NA
87011010,21.42491179,-158.1775071,2602.535782,225.0252888,134.7033097,115.431732,91.23030661,57.71374296,20.59303619,158.3401715,157.0135089,155.0453619,152.7179875,471.261572635,0,0,0,0,0,0,0,0,128800,455000,583800,RESIDENTIAL,1,NA
87011030,21.42585249,-158.1775181,1628.226318,181.3712784,144.3912106,127.6870214,106.2168985,75.6919382,41.99612464,178.7493994,178.0603314,176.9885215,175.5898698,496.843295478,0,0,0,0,0,0,0,0,1600,455000,456600,RESIDENTIAL,1,NA
87011031,21.42583408,-158.1776577,2253.844528,226.0522017,129.5795615,112.7614926,90.56401939,59.77095229,26.04437077,162.4121843,161.7184565,160.6504513,159.2533331,440.751515294,0,0,0,0,0,0,0,0,54600,455000,509600,RESIDENTIAL,1,NA
87011033,21.42557978,-158.1777329,1045.719574,161.852268,122.80001,103.6426074,79.90106983,47.9385491,13.67229446,151.3125941,150.586852,149.171548,147.8975785,453.718409478,0,0,0,0,0,0,0,0,472200,455000,927200,RESIDENTIAL,1,NA
87011034,21.42580979,-158.1778127,2755.495834,293.1500456,114.3645731,97.00769962,74.71897051,43.77960016,10.04411639,145.9168634,145.190855,144.0374449,142.7637276,461.610796524,0,0,0,0,0,0,0,0,9400,455000,464400,RESIDENTIAL,1,NA
87011035,21.42580172,-158.1779567,3121.745407,246.9085585,99.13442411,81.41809382,59.10915616,28.16620489,0,130.2833958,129.5443216,128.3604238,127.1333889,480.686244292,0,0,0,25.264489947,0,0,0,0,116400,455000,571400,RESIDENTIAL,1,2100
87011036,21.42551616,-158.1779098,2427.413986,228.0429673,99.97279328,80.75223578,56.89841415,24.7998121,0,128.5223474,128.006175,126.5811684,125.134906,480.06894858,0,0,0,91.1909416017,0,0,0,0,53000,455000,508000,RESIDENTIAL,1,2100
87011041,21.42609461,-158.1782203,2962.825089,247.2222869,60.05770513,43.56725208,22.88475158,0,0,109.5263572,108.5758918,107.3145489,106.055917,453.860287248,0,0,18.8681816486,453.860287278,0,0,0,0,917800,455000,1372800,RESIDENTIAL A,1,2075
87011042,21.42623468,-158.1782145,1244.237335,145.7623023,66.91315185,50.39527948,30.14885789,2.001263667,0,122.9582841,121.9961949,120.7613861,118.7741387,471.066039751,0,0,81.9433350172,471.066039719,0,0,0,0,2000,455000,457000,RESIDENTIAL,1,2100
87011045,21.42644515,-158.178061,3681.911514,303.3491174,77.35205309,60.54594389,40.23442991,12.40590184,0,141.4898881,140.5428233,139.1289096,137.0948443,474.64695573,0,0,0,390.184207861,0,0,0,0,162000,455000,617000,RESIDENTIAL,1,2100
87011046,21.42613565,-158.178007,1976.035645,199.570738,87.45533894,71.13919645,50.71286292,22.25425979,0,137.1615885,136.4726613,135.1730045,133.6086526,482.439928041,0,0,0,178.075298739,0,0,0,0,25700,455000,480700,RESIDENTIAL,1,2100
87011047,21.42615943,-158.1778513,1551.066971,170.0095553,105.4216449,88.91080911,68.66512629,40.49066321,9.109639129,155.9608567,155.2122119,153.9170267,152.268952,465.983491057,0,0,0,0,0,0,0,0,32100,455000,487100,RESIDENTIAL,1,NA
87011048,21.42649061,-158.1779271,2368.459946,223.1715611,93.61988102,76.5194485,55.56181369,27.25552039,0,159.3901889,158.4618748,156.9447155,154.2944695,453.61399655500003,0,0,0,1.34226143321,0,0,0,0,178000,455000,633000,RESIDENTIAL,1,2100
87011049,21.42651945,-158.1777762,2721.971436,250.1632363,108.811472,91.74820628,70.74875071,42.18544324,11.66568628,174.3143878,173.3650086,171.9680379,169.4468293,440.12064072,0,0,0,0,0,0,0,0,104900,455000,559900,RESIDENTIAL,1,NA
87011050,21.42624201,-158.1777387,2393.058319,242.0741447,113.9065888,97.47676208,77.10905673,49.15972648,18.2539126,167.0296818,166.3025724,165.0062873,163.3545687,441.813188921,0,0,0,0,0,0,0,0,51000,455000,506000,RESIDENTIAL,1,NA
87011072,21.42686768,-158.1778343,2363.116577,222.3129954,107.8761026,90.7231815,69.65730079,40.82248758,9.377678338,172.4609143,172.39973,171.4609254,171.2055555,444.327101323,0,0,0,0,0,0,0,0,101500,455000,556500,RESIDENTIAL,1,NA
87011073,21.4268692,-158.1779828,3423.917755,259.2668686,92.20894165,75.05054772,53.97795806,25.13396067,0,164.5423021,162.5662151,159.3588105,154.6991215,460.319514501,0,0,0,54.9869053898,0,0,0,0,382800,455000,837800,RESIDENTIAL,1,2100
87011074,21.42715249,-158.1778694,2117.018768,249.8027341,110.1691802,93.09699841,72.23984803,43.62429009,12.28123051,140.6671512,140.1195897,139.6668037,138.8561464,452.173070491,0,0,0,5.18637147488,0,0,0,0,37200,455000,492200,RESIDENTIAL,1,NA
87011075,21.42711187,-158.178172,2530.8345639999998,317.8578636,78.862487,61.63154546,40.50649103,11.48397381,0,142.4317592,142.3622721,141.5138863,138.7469921,473.961645105,0,0,0,424.786226151,0,0,0,0,46900,455000,501900,RESIDENTIAL,1,2100
87011076,21.42686176,-158.1781336,2388.03566,292.8519464,76.66469995,59.44838025,38.29345306,9.326491823,0,148.1443955,146.1804587,142.9546185,138.3041678,476.74866771,0,0,0,476.748667789,0,0,0,0,35800,455000,490800,RESIDENTIAL,1,2100
87011078,21.42688873,-158.1784214,1110.58876,170.485668,46.72468167,29.52145314,8.383601184,0,0,118.3510831,116.3776241,113.3855572,108.9507882,489.976051144,0,0,265.665088337,489.97605107,0,0,0,0,0,457800,457800,RESIDENTIAL,2,2075
87011079,0,0,1449.286865,168.6050133,55.79655692,38.55759305,17.53090912,0,0,126.5383444,124.7514044,121.1058194,116.0741,550.679157309,0,0,245.722364164,550.679157277,0,0,0,0,311200,462400,773600,RESIDENTIAL,1,2075
87011080,21.42714172,-158.178413,2056.618866,196.0428461,54.1374444,37.15812321,16.236516,0,0,123.1056807,121.3953959,117.7675609,111.3553737,465.773564364,0,0,227.761488245,465.773564272,0,0,0,0,327300,455100,782400,RESIDENTIAL,1,2075
87011087,21.42749902,-158.1782286,3134.733414,263.1611087,80.67402861,62.99023649,41.34970978,11.75440458,0,100.811865,100.8118953,99.81160175,99.81160052,466.394359572,0,0,0,393.781989353,0,0,0,0,200000,448300,648300,RESIDENTIAL,1,2100
87011088,21.42777549,-158.1782757,2192.597168,214.1565712,85.64629376,68.39277026,47.34972212,18.65545692,0,72.65377784,72.65375552,71.65340829,70.9376613,474.859250453,0,0,0,165.370346822,0,0,0,0,29500,448300,477800,RESIDENTIAL,1,2100
87011089,21.42777325,-158.1781271,2142.538406,229.1342726,99.48926369,82.22475319,61.162357,32.44439733,2.354619071,73.1277675,73.12757856,72.12752285,72.12728623,458.38233426,0,0,0,0,0,0,0,0,9400,448300,457700,RESIDENTIAL,1,NA
87011090,21.42748914,-158.1780782,1925.552734,237.9478187,97.3635382,79.70104553,58.08523779,28.52076533,0,105.5459575,105.4974763,105.4870943,104.4868442,436.646754775,0,0,0,0,0,0,0,0,47500,448300,495800,RESIDENTIAL,1,2100
87011103,21.42482082,-158.1778193,1234.914825,151.7887581,105.0629081,85.33819526,59.87147805,24.85343059,0,123.8752381,122.4055197,120.43830319999999,118.1152145,486.353128846,0,0,0,254.627704329,0,0,0,0,40600,455000,495600,RESIDENTIAL,1,2100
87012044,0,0,2105.863663,223.5476383,105.709732,85.24188608,60.07341308,27.59180772,0,119.3558479,117.3018356,116.2818758,114.2813019,464.553865599,0,0,0,114.202826122,0,0,0,0,872700,455000,1327700,RESIDENTIAL,1,2100
87012045,21.42386531,-158.1776471,2743.317047,238.7928555,128.2414349,107.7758918,82.57681403,49.90512114,16.90890504,141.8536671,139.7336032,138.6467362,136.6492324,464.577747259,0,0,0,0,0,0,0,0,49700,455000,504700,RESIDENTIAL,1,NA
87012048,21.42387309,-158.1775064,1911.975174,192.5498481,143.2455116,122.5871473,97.12271883,63.9023299,30.25025236,156.5502031,155.1669921,153.6954297,151.7282216,464.363394648,0,0,0,0,0,0,0,0,327700,455000,782700,RESIDENTIAL,1,NA
87012070,21.42458055,-158.177225,3616.073608,270.9699064,160.5227084,139.8325401,113.2948335,77.059382780000007,38.43612214,175.0525392,173.848258,171.8491938,169.7693026,487.746115629,0,0,0,0,0,0,0,0,4700,455000,459700,RESIDENTIAL,1,NA
87012074,21.42447393,-158.1775718,896.4296417,135.6556595,132.29719,111.1037167,84.39471243,48.40747631,9.510194889,145.8326812,144.8201035,142.813577,139.8916541,905.310664166,0,0,0,0,0,0,0,0,45300,568800,614100,RESIDENTIAL,1,NA
87012078,21.42430085,-158.177714,1182.698441,138.1642175,119.0925412,97.82146169,70.91805382,35.44545009,0,132.5389639,130.5383231,128.5377385,126.0832018,1412.94391575,0,0,0,765.652755479,0,0,0,0,20600,437100,457700,RESIDENTIAL,3,2100
87012080,21.42442833,-158.177731,1197.071594,141.5347804,116.3990309,95.15835854,68.4889174,32.39493669,0,129.8815856,128.7113663,126.7107492,123.7103424,1397.02325133,0,0,0,1069.06445802,0,0,0,0,93500,515300,608800,RESIDENTIAL,3,2100
87013004,21.41929323,-158.1771518,2469.422241,225.3292857,85.22740164,73.7365034,60.57424342,41.48432564,19.5250052,111.4508495,109.5960868,107.5410306,103.5457167,464.518738252,0,0,0,0,0,0,0,0,285800,450500,736300,RESIDENTIAL,1,NA
87013049,21.41968404,-158.1768359,2605.68454,270.1358206,128.6749736,117.2653892,104.1279469,85.01951549,63.13155005,154.7931686,153.8305658,151.6540012,147.7604375,464.517742179,0,0,0,0,0,0,0,0,219900,455000,674900,RESIDENTIAL,1,NA
87013050,21.41992306,-158.1768361,4040.639755,333.157339,127.5221303,116.5286436,104.0054328,85.64271671,64.46878927,154.6557486,153.8128718,152.1496237,150.1992076,929.035264964,0,0,0,0,0,0,0,0,23300,796300,819600,RESIDENTIAL,1,NA
87013051,21.41988598,-158.177022,3181.78392,280.0857169,112.0559201,101.0590659,88.55319023,70.25560376,49.1570085,139.3029046,138.5158765,136.9182052,134.9791628,464.518791314,0,0,0,0,0,0,0,0,107000,455000,562000,RESIDENTIAL,1,NA
87013055,21.41981767,-158.177231,1642.411377,183.426435,88.72085772,77.72419617,65.21518659,46.90226708,25.80453928,115.9482385,115.1611791,113.600493,111.6670054,464.519151854,0,0,0,0,0,0,0,0,18400,455000,473400,RESIDENTIAL,4,NA
87013056,21.41993712,-158.1771541,589.6161652,111.56151,101.4765217,90.54792572,78.13151682,60.04003786,39.28592125,128.5663723,127.5885317,126.1992337,124.4442828,464.519680143,0,0,0,0,0,0,0,0,47400,450500,497900,RESIDENTIAL,2,NA
87013057,21.42020911,-158.1772814,2048.203568,211.113101,88.66408264,78.26526557,66.48101371,49.15214265,29.09148934,119.2750083,118.3500528,116.8786499,115.208452,464.52081764,0,0,0,0,0,0,0,0,159300,450500,609800,RESIDENTIAL,1,NA
87013058,21.4203161,-158.1773661,1091.90271,139.4274185,84.78758623,74.40998559,62.64610721,45.34688609,25.31877709,117.0462414,116.077856,115.109901,111.8553212,464.52383156,0,0,0,0,0,0,0,0,10200,450500,460700,RESIDENTIAL,1,NA
87013059,21.42047049,-158.1773384,2932.095489,258.6287314,83.76797297,73.27985917,61.2412286,43.70235674,23.59627513,116.1911382,115.2039589,113.230182,109.460854,464.521345027,0,0,0,0,0,0,0,0,87200,450500,537700,RESIDENTIAL,1,NA
87013060,21.4206164,-158.1773394,2940.126907,265.2795935,87.72089067,76.95944126,64.63947831,46.68638879,26.10544035,121.7300785,120.7660356,118.7850475,114.6607579,464.523412484,0,0,0,0,0,0,0,0,69900,455000,524900,RESIDENTIAL,1,NA
87013061,21.4205442,-158.1771346,2415.13298,203.5875123,112.4413627,101.7596997,89.54803201,71.77878801,51.43048068,145.9182169,144.9467595,143.0049225,138.9427083,464.520150384,0,0,0,0,0,0,0,0,115800,455000,570800,RESIDENTIAL,1,NA
87013064,21.4205827,-158.1769854,3045.629334,295.0496901,127.6772066,116.9288017,104.6262705,86.70444545,66.13264919,162.1696943,161.2079461,159.1834041,155.0593756,464.522867903,0,0,0,0,0,0,0,0,154700,455000,609700,RESIDENTIAL,1,NA
87014049,21.416942,-158.1767346,1906.941559,191.64895,154.6304818,145.9048456,136.4481537,122.0086187,104.8022691,188.6331849,185.5026731,183.2950199,180.7961295,464.513895853,0,0,0,0,0,0,0,0,20200,450500,470700,RESIDENTIAL,1,NA
87014051,21.41721422,-158.1768828,630.2164307,100.5660406,143.3662091,133.9109749,123.5834847,108.4563993,91.31983825,190.3006942,186.7203185,181.0348399,171.4848089,464.514872119,0,0,0,0,0,0,0,0,25000,455000,480000,RESIDENTIAL,1,NA
87014052,21.41733737,-158.1768112,2189.062134,206.7745519,144.2135389,134.5039,123.7561675,107.8493927,89.79160832,189.028001,187.3989171,184.9669816,171.6953458,464.518415178,0,0,0,0,0,0,0,0,56600,450500,507100,RESIDENTIAL,1,NA
87014053,21.41733477,-158.1764838,2274.857315,210.9147079,180.0569863,169.1532464,156.7320402,139.3397445,120.5065157,203.6087268,203.1841388,202.617969,201.9108241,464.516997027,0,0,0,0,0,0,0,0,81900,455000,536900,RESIDENTIAL,1,NA
87014055,21.41703884,-158.176411,2733.839416,235.8130585,191.1391657,181.9550898,171.8484287,156.9906695,139.8241795,199.7768599,199.5429849,199.0446448,198.1143609,464.515306407,0,0,0,0,0,0,0,0,34300,455000,489300,RESIDENTIAL,1,NA
87014057,21.41733581,-158.1763224,1482.467102,167.1523335,197.2635341,186.3912629,173.9922434,156.5863366,137.6152423,185.3119222,184.8397634,184.2794019,183.5608493,464.516930531,0,0,0,0,0,0,0,0,13200,455000,468200,RESIDENTIAL,1,NA
87014058,21.4171603,-158.1759091,9219.202209,515.7714065,219.3135418,209.7657424,199.2876259,182.8437542,164.721262,147.9242772,147.6825833,147.2041817,146.2441642,2322.58839813,0,0,0,0,0,0,0,0,245500,1052200,1297700,RESIDENTIAL,1,NA
87014060,21.4173613,-158.1761766,3288.465958,277.7282331,209.7755171,198.6197655,185.8210325,167.7341448,147.7617685,170.0648592,169.6245989,169.1026224,168.3670772,464.51738561,0,0,0,0,0,0,0,0,270400,455000,725400,RESIDENTIAL,1,NA
87014061,21.41742235,-158.1760365,2683.821335,228.6955585,223.0097396,211.8138493,198.926236,180.7058595,160.579173,154.8571245,154.3163556,153.6762995,152.999637,464.516943135,0,0,0,0,0,0,0,0,130000,455000,585000,RESIDENTIAL,1,NA
87014089,21.41774981,-158.1760891,2063.718994,256.6796297,212.3877313,200.3629224,186.3419042,166.6327783,144.8763201,155.8448072,155.1829846,154.715747,153.8934735,464.517918546,0,0,0,0,0,0,0,0,14200,455000,469200,RESIDENTIAL,1,NA
87014090,21.41805467,-158.1759976,2752.055359,273.2565605,223.0011482,210.7040373,196.2885366,176.02773440000001,153.4694003,141.1860266,140.2031828,140.2031828,140.0200104,464.51769865,0,0,0,0,0,0,0,0,41200,455000,496200,RESIDENTIAL,1,NA
87014092,21.41779212,-158.1759521,3649.05867,280.3848228,223.2750905,211.1018566,196.8303863,176.716554,154.2724703,140.4810908,139.5146389,139.5146389,139.0471185,464.516946842,0,0,0,0,0,0,0,0,201900,455000,656900,RESIDENTIAL,1,NA
87014093,21.41776446,-158.1762349,2730.128418,298.3435303,198.1974935,186.1256694,172.0187811,152.1155942,130.0756198,169.0510112,168.0748603,168.0748603,167.8586738,464.518441557,0,0,0,0,0,0,0,0,109900,455000,564900,RESIDENTIAL,1,NA
87014094,21.41801249,-158.1761569,1310.456116,150.3059127,205.6446929,193.3547418,178.9573447,158.7307164,136.1951997,158.6619713,157.6753287,157.6753287,157.5132683,464.516932246,0,0,0,0,0,0,0,0,129500,455000,584500,RESIDENTIAL,1,NA
87014095,21.41795817,-158.1764118,1869.622238,202.507906,177.9906847,165.8162232,151.5490069,131.450622,109.0305115,183.4838838,182.4956081,182.4956081,182.341075,464.517374812,0,0,0,0,0,0,0,0,42600,455000,497600,RESIDENTIAL,1,NA
87014096,21.41778995,-158.1763445,240.2904663,64.92238366,190.9564771,178.9036359,164.8279046,145.008406,123.165321,185.1211733,184.1507408,184.1507408,183.4722351,464.517905939,0,0,0,0,0,0,0,0,128400,455000,583400,RESIDENTIAL,1,NA
87014097,21.41771828,-158.176399,2202.87442,205.7029679,181.5327222,169.4949216,155.4485936,135.7377835,114.1072243,188.8053059,187.8334617,187.8334617,187.2555313,464.516921575,0,0,0,0,0,0,0,0,158000,455000,613000,RESIDENTIAL,1,NA
87014098,21.41805208,-158.1765309,226.2480011,60.27100919,167.8909567,155.5473519,141.0497209,120.7338447,98.17510773,191.7536299,190.9359837,190.1252552,188.4776811,464.51691962,0,0,0,0,0,0,0,0,5400,455000,460400,RESIDENTIAL,1,NA
87014100,21.4176861,-158.1766693,1315.447327,157.6157985,155.6424482,143.8300998,130.1696145,111.2028033,90.53371245,184.8529541,183.8416777,183.5605345,176.4861154,464.517860287,0,0,0,0,0,0,0,0,14200,455000,469200,RESIDENTIAL,1,NA
87014101,21.4176037,-158.1768512,2788.923676,251.0938127,131.2972245,120.0646674,107.2641469,89.39429598,70.39740433,166.5781947,165.1975818,165.1975818,153.5875131,464.518413528,0,0,0,0,0,0,0,0,32600,450500,483100,RESIDENTIAL,1,NA
87014102,21.41771435,-158.1769226,1910.839584,191.1977928,125.961856,114.3515913,101.0231803,82.51007202,62.32631456,157.5527825,156.3391072,156.2195757,147.1143524,464.51701746,0,0,0,0,0,0,0,0,159800,455000,614800,RESIDENTIAL,1,NA
87014103,21.41785521,-158.1768994,2994.202515,251.6082582,122.6720048,110.6439427,96.67468713,77.35354648,56.55505893,150.8250271,149.8318097,149.5357594,143.2881249,464.518636067,0,0,0,0,0,0,0,0,484000,455000,939000,RESIDENTIAL,1,NA
87014104,21.41795339,-158.1767092,3137.076324,299.121003,142.8716206,130.5562539,116.1711645,95.98779172,73.49774214,167.0818493,166.2971663,165.5207628,163.4064983,464.516598478,0,0,0,0,0,0,0,0,142700,445900,588600,RESIDENTIAL,1,NA
87014105,21.41823596,-158.1769745,2129.937378,189.4802364,113.1484087,100.8510448,86.31911619,65.65329493,42.36479111,136.4769171,135.5501943,134.6318639,134.2694217,464.516596763,0,0,0,0,0,0,0,0,27000,450500,477500,RESIDENTIAL,1,NA
87014106,21.41838587,-158.1769914,1933.223648,210.2780324,111.0970059,98.60622375,83.85766348,63.13687933,39.89499504,134.4760862,133.5903058,132.5899397,131.7006667,464.520139887,0,0,0,0,0,0,0,0,27600,455000,482600,RESIDENTIAL,1,NA
87014110,21.41833724,-158.176778,3586.350098,295.8453147,133.7304189,121.2862433,106.5511206,85.54077189,62.11597809,156.6201151,155.9106653,154.811982,153.4382908,464.518609507,0,0,0,0,0,0,0,0,250300,455000,705300,RESIDENTIAL,1,NA
87014111,21.41835544,-158.1766212,1548.331284,179.4304224,151.9250918,139.4469383,124.7969035,104.1410745,80.89228252,175.3468788,174.3628882,173.384762,172.6396137,464.516916946,0,0,0,0,0,0,0,0,17900,455000,472900,RESIDENTIAL,1,NA
87023001,21.4087076,-158.1768304,3114.703415,278.4695634,109.1618482,107.3948963,106.1213723,105.0570492,104.9862126,9.327026858,9.08680355,8.735142538,8.106570715,650.685732118,0,0,0,0,0,0,0,0,201100,477400,678500,RESIDENTIAL,1,NA
87023011,21.4080388,-158.1756515,1317.422379,148.2319146,217.8974731,211.7955791,205.9175187,196.5248665,185.0716599,87.08639921,87.08639921,87.08639921,0,4321.66429481,0,0,0,0,0,0,0,406.088359643,235200,491800,727000,RESIDENTIAL,1,NA
87023012,21.40809315,-158.1752243,2819.252777,244.2179573,251.019342,245.0042014,239.2044951,229.921991,218.5654897,95.61979564,95.11114731,95.11114731,0,4291.41457425,0,0,0,0,0,0,0,461.380463626,1160000,478400,1638400,RESIDENTIAL,1,NA
87023030,21.41048282,-158.1734738,3678.345108,265.7366303,361.5663318,354.5912536,347.2637111,335.5308616,320.8707971,103.2714847,103.2714847,102.4317775,0,4278.0370183000005,0,0,0,0,0,0,0,788.578681057,758800,490600,1249400,RESIDENTIAL,1,NA
87023040,21.40740092,-158.1779544,930.8451691,123.8476654,13.88086254,7.76543696,2.339978756,0,0,96.80371058,92.95670378,65.98596352,62.66192907,1719.911438,255.620194539,490.259965031,892.275144374,1367.78055764,0,0,0,0,376300,1274500,1650800,RESIDENTIAL A,2,2075
87023041,21.4070033,-158.1782198,3772.173737,345.2799671,3.83356347,0,0,0,0,47.14374583,46.20132628,40.28027339,34.77782152,2203.3939986,233.53846565,440.025426004,810.692559728,1368.21915781,0,0,0,0,370700,1452700,1823400,RESIDENTIAL A,1,2030
87023043,21.40649463,-158.1780216,2865.874619,244.8309306,25.78168377,20.79253055,16.80714426,8.982090001,0,38.45317109,37.0080388,35.63750667,32.88512003,824.213888612,0,0,0,0,0,0,0,0,412700,649700,1062400,RESIDENTIAL,1,2100
87023044,0,0,2905.657898,252.1351367,17.7592983,12.80644836,8.802476552,0.967754134,0,30.4639148,28.99525176,27.6282819,24.87181605,818.877706851,3.52823027362,109.018185344,341.534020286,670.681416982,0,0,0,0,642000,991100,1633100,RESIDENTIAL A,1,2075
87023046,21.40618882,-158.1779624,1905.342926,196.1333211,24.88823086,20.07735944,16.40761715,9.104135247,0,40.79127307,39.48219415,37.55586088,35.59893482,1396.24781792,8.06620062324,120.739417821,344.219206441,662.492926229,0,0,0,0,488100,1109100,1597200,RESIDENTIAL,1,2100
87023051,21.40671053,-158.1782137,2829.702606,344.9333262,5.801230435,0.558000475,0,0,0,18.60410929,17.7287347,15.3996305,12.42199197,2177.58567375,182.491213053,327.657838353,590.495663227,943.187846532,0,0,0,18.1614691134,219700,1489000,1708700,RESIDENTIAL A,1,2030
87023054,21.40725557,-158.1777122,3826.708817,289.2913276,36.72895549,30.56843585,25.07486306,15.50849244,2.925579449,102.8655713,102.1261798,79.91810145,76.37151302,783.114661141,0,0,0,0,0,0,0,0,158800,614400,773200,RESIDENTIAL,1,NA
87023055,21.40741473,-158.1777551,2269.098282,211.642776,28.89643027,22.89143868,17.62855128,8.361304526,0,90.73905949,85.46867563,61.65226481,58.05541415,714.346599135,0,0,0,67.1279972711,0,0,0,0,49100,615900,665000,RESIDENTIAL,1,2100
87023061,21.40870165,-158.1765876,2304.318344,221.4057332,130.5793879,127.9781935,125.8002616,123.0598559,121.1179172,7.547690596,7.547690596,6.733950501,6.263540695,580.610459512,0,0,0,0,0,0,0,3.64486885933,413300,409900,823200,RESIDENTIAL,1,NA
87023062,21.40864684,-158.1762555,2066.454025,200.7235949,156.5126208,152.5796281,148.911504,143.4987747,137.7855312,9.183360028,9.183398363,8.183074183,7.198705674,596.111553629,0,0,0,0,0,0,0,2.05780458873,538400,407400,945800,RESIDENTIAL,1,NA
87023067,21.4088513,-158.1754629,2151.336975,195.4797426,243.0659747,236.3857137,227.2428121,213.2575102,196.5620795,10.3680076,10.3680076,9.637335761,8.957011238,747.438228744,0,0,0,0,0,0,0,0.0496146337954,473400,487500,960900,RESIDENTIAL,1,NA
87024004,21.41185706,-158.1763477,1060.406097,138.0268515,63.09332854,54.14488369,44.19845028,29.2283865,11.5664546,82.97090236,81.97056695,78.96962442,13.29763776,1455.14109556,0,0,0,0,0,0,0,301.073207472,135000,433100,568100,RESIDENTIAL,3,NA
87024005,21.41200006,-158.176283,2487.617767,244.5158232,69.47599791,60.77987452,51.15783926,36.49827959,19.10447398,87.95737082,86.96213002,84.08803928,15.58713934,1036.01754569,0,0,0,0,0,0,0,0,149500,811700,961200,RESIDENTIAL,1,NA
87026057,0,0,955.230896,126.8037422,161.0869433,153.9884147,146.7922325,136.0368908,123.4821156,0.633744324,0.633744324,0,0,4702.2060959,0,0,0,0,234.148096528,244.169857466,262.4126931,278.740085917,3732900,509900,4242800,RESIDENTIAL,1,NA
87026076,21.39145654,-158.1545449,3064.889832,288.1434425,158.8959702,152.4559452,146.0723945,136.3375402,124.8162243,0.503069434,0.503069434,0.503069434,0,715.366337148,0,0,0,0,228.526049565,238.458992307,242.337174726,253.343880073,86500,482400,568900,RESIDENTIAL,1,NA
87026078,21.39181575,-158.1548352,227.3027573,61.17449926,160.7909338,153.9276878,147.0455329,136.6890648,124.5427549,0,0,0,0,715.402565532,0,0,0,0,287.887352582,287.887352582,287.887352582,287.887352546,77600,482400,560000,RESIDENTIAL,1,NA
87028001,21.41126274,-158.1769641,2994.176849,297.8825646,0,0,0,0,0,15.35114289,14.41867121,12.55372824,9.296535135,886.304818796,245.577329131,510.405042323,787.044012801,787.044012848,0,0,0,0,301400,884100,1185500,RESIDENTIAL A,1,2024
87028002,21.41152882,-158.1769164,3780.3302,268.1401103,0,0,0,0,0,16.25455721,16.23557514,14.23496352,10.23369446,875.835596239,242.224441867,513.405081465,838.397358655,838.397358642,0,0,0,0,396500,895500,1292000,RESIDENTIAL A,1,2024
87028004,21.4119577,-158.1768945,3061.281097,265.8113558,4.649236326,0,0,0,0,23.35938945,22.40158253,19.47281749,15.82037093,860.404038665,119.921879926,328.203857956,656.983738572,860.404038687,0,0,0,0,253200,937000,1190200,RESIDENTIAL,1,2030
87028005,21.4121682,-158.176832,3038.528015,250.5974818,11.33734718,2.818086497,0,0,0,29.17275315,29.02292912,25.03980153,22.37281864,862.566570226,111.404681199,280.708224327,551.89827345,860.325178454,0,0,0,0,275900,914000,1189900,RESIDENTIAL A,1,2050
87028006,21.41233012,-158.1768549,3491.469147,290.8494339,13.36343271,4.857615796,0,0,0,32.47216482,31.68561349,30.2885102,24.76772184,915.541183095,97.3931220622,266.332853792,531.798007283,860.206342608,0,0,0,0,970700,957200,1927900,RESIDENTIAL,1,2050
87028007,21.41250797,-158.1769084,3057.679321,291.0052664,11.98239807,3.303299194,0,0,0,32.06252982,31.53345251,30.31852869,25.2223556,1110.07121689,116.241749184,317.273357973,625.572258287,996.930799251,0,0,0,0,265500,1024900,1290400,RESIDENTIAL,2,2050
87028008,0,0,2145.296387,206.29906,21.96051696,12.8315567,2.619370816,0,0,44.81686949,43.93387364,42.47531822,39.12198412,1177.8329298,172.482169723,366.367412342,660.595254065,1012.17158368,0,0,0,0,679500,1035500,1715000,RESIDENTIAL,1,2075
87028009,21.41284838,-158.1767263,1039.312546,132.5275222,41.72681903,32.33133705,21.81318946,5.990776458,0,65.39833413,64.45034934,63.02029116,59.07184758,1082.23544797,96.9744462983,291.659710222,580.863016402,918.945508406,0,0,0,0,538800,1077200,1616000,RESIDENTIAL A,1,2100
87028010,21.41320023,-158.1766767,199.1517029,64.21233957,60.2140614,49.73990957,37.72169766,20.07667981,0,85.56339365,84.61060395,83.0267456,76.66617045,1399.40047741,127.621053865,383.679244201,753.858543857,1173.91398602,0,0,0,0,990500,1138200,2128700,RESIDENTIAL A,1,2100
87028011,21.41320729,-158.1769233,2463.255753,242.4580343,26.11154133,15.52370523,3.391395605,0,0,51.62891456,50.67381869,49.14591544,42.57800628,1369.01959354,195.131110214,418.225752806,748.23608638,1135.13812226,0,0,0,0,570700,1154700,1725400,RESIDENTIAL A,1,2075
87028012,21.41338969,-158.1769114,5407.838486,379.8850415,25.27587347,14.17569713,1.354863025,0,0,51.94995197,50.9610599,49.26574607,41.82975446,1666.25313094,236.917653822,511.359992137,908.345610787,1362.06397493,0,0,0,0,922100,1201500,2123600,RESIDENTIAL A,1,2050
87028013,21.41357577,-158.1767551,463.0967102,90.37527229,61.49275217,50.10940525,36.85519407,17.66636426,0,87.10853621,86.138720180000007,84.47138872,76.58361919,1524.00942266,210.562000717,455.890964378,809.232864365,1211.56237281,0,0,0,0,296600,1206500,1503100,RESIDENTIAL A,1,2100
87028014,21.41373977,-158.1769746,4004.365891,357.7424884,30.58834752,18.81744638,5.060068878,0,0,57.45917572,55.94827457,53.58223919,44.42679649,1612.10217952,228.013425792,492.506534908,868.718040672,1290.73281537,0,0,0,0,529100,1232900,1762000,RESIDENTIAL,1,2075
87028015,21.41401616,-158.1772596,8154.730957,484.07283,11.8200272,0.140253307,0,0,0,39.03539226,37.7694236,33.4034329,25.34814689,2707.98476196,293.229374666,636.697412019,1130.55886742,1692.36329119,0,0,1.38378882943,177.048912689,1337200,1421200,2758400,RESIDENTIAL A,1,2030
87028016,21.41411312,-158.1768912,1674.852234,168.6469953,59.30780424,47.60720476,33.95717943,14.4455133,0,85.97187109,84.67489956,79.86881925,72.53688179,2762.29837463,285.474375804,619.100600792,1098.04886385,1641.78613208,0,0,3.44561404996,130.140648974,116400,1484200,1600600,RESIDENTIAL A,1,2100
87031007,21.38925192,-158.1519656,1668.267235,183.2025251,168.6034555,162.8626141,157.262634,148.5203143,138.0372796,0,0,0,0,985.139776159,0,0,0,0,205.062377043,206.062986353,214.113553162,245.769914938,41000,714300,755300,RESIDENTIAL,1,NA
87033002,21.39294698,-158.1571414,2665.799225,242.8491837,62.1229873,55.33920521,48.62939667,38.49186304,26.53330773,7.217122394,7.217122394,7.217122394,6.635479112,4193.40176023,0,0,0,0,348.793052429,351.794886851,365.803447601,384.857261601,253400,496900,750300,RESIDENTIAL,1,NA
87033013,21.39423412,-158.1588799,3319.466652,233.6619459,82.38749709,78.00149185,74.62350165,68.86049571,61.34822757,64.65298355,64.65298355,64.65298355,64.65298355,5365.05991847,0,0,0,0,263.39109901,263.39109901,266.392935233,278.400796713,0,1148600,1148600,RESIDENTIAL A,1,NA
87035031,21.39398658,-158.154665,1182.795898,143.8441329,330.2033875,324.7982118,319.9768479,312.1450394,302.3773944,6.235022558,6.235022558,5.901106566,5.492497384,775.98410594,0,0,0,0,45.1085053637,46.1091156495,49.1109476589,54.0121408885,37800,485900,523700,RESIDENTIAL,1,NA
87035033,21.3940669,-158.1543746,3855.54071,294.8910448,362.5573582,357.0866718,352.1591255,344.1906384,334.3475055,4.308529996,4.308529996,3.815394783,3.815394783,851.686168565,0,0,0,0,0.560973376725,1.11727528328,3.42745431468,4.8348182847,463500,491700,955200,RESIDENTIAL,1,NA
87035037,21.39425822,-158.1538589,3390.650009,249.7373131,417.5682445,412.0210565,407.0296722,399.068562,389.275991,5.050439006,5.050439006,5.050439006,5.050439006,492.35447292,0,0,0,0,0,0,0,0,73900,431400,505300,RESIDENTIAL,1,NA
87035038,21.39434643,-158.1537493,2173.140549,222.4833342,426.7203513,421.1709544,416.1860435,408.2354956,398.4563293,6.707540077,6.3201115,6.3201115,6.228706037,557.504189908,0,0,0,0,0.0997489471567,0.0997489471567,0.330015714371,0.340476072749,593400,441800,1035200,RESIDENTIAL A,1,NA
87035039,21.39443723,-158.1536147,2457.910988,231.6331128,443.6800415,438.130148,433.144689,425.1930589,415.4121737,4.534973254,4.534973254,4.534973254,4.534973254,477.489217761,0,0,0,0,0.00407462418445,0.00407462418445,0.00407462418445,0.00407462414624,53300,427200,480500,RESIDENTIAL,1,NA
87035041,21.39456078,-158.1534232,1986.60894,213.2500438,481.8621626,476.3319237,471.3642187,463.4413563,452.0830262,10.88026269,10.53995999,10.53995999,10.45716187,504.468385351,0,0,0,0,0,0,0,0,27100,422600,449700,RESIDENTIAL,1,NA
87035042,21.39467575,-158.1532241,2855.989944,251.1425429,490.8350626,485.3085969,480.3442878,472.4269024,460.3781458,3.853677975,3.853677975,3.853677975,3.853677975,491.426473646,0,0,0,0,0.289015200016,0.986103327028,0.986103327028,0.992449078849,138100,415700,553800,RESIDENTIAL,1,NA
87035044,21.39475876,-158.1528445,4490.918327,325.8107333,535.3885039,529.8838646,524.0677795,513.6769637,501.5119573,6.991219631,6.991219631,6.991219631,6.633356475,874.163445784,0,0,0,0,1.62574060931,2.03801121956,2.03801121956,2.03801121904,324000,486300,810300,RESIDENTIAL,1,NA
87035128,21.39287017,-158.1561944,2864.819351,251.4243784,129.9256297,124.5189555,119.7005237,111.9022943,102.2015005,0.291191089,0.024501586,0,0,515.989983705,0,0,0,0,0,0,0,0,68000,437000,505000,RESIDENTIAL,1,NA
87035130,21.39277391,-158.1560085,2196.382172,244.6875626,148.7946135,143.2500314,138.2559474,130.2984098,120.528013,0.37582931,0.37582931,0.37582931,0.37582931,537.325124616,0,0,0,0,148.512815857,148.512815857,149.513426922,150.513700501,27100,439200,466300,RESIDENTIAL,1,NA
87043053,21.39508218,-158.1536213,2078.472572,213.484484,487.4067296,481.9663438,477.1492757,469.3833767,458.9870581,12.81489585,12.72930601,12.72930601,12.72930601,475.219892464,0,0,0,0,0,0,0,0,84900,427400,512300,RESIDENTIAL,1,NA
87043054,21.3949904,-158.153776,2933.510841,254.0961386,467.8861169,462.4494116,457.6356951,449.8835184,439.655486,9.409371164,9.374772304,9.374772304,9.293850898,475.249209694,0,0,0,0,0,0,0,0,102900,427400,530300,RESIDENTIAL,1,NA
87043061,21.39439406,-158.155314,2389.011581,217.8263369,311.4311563,305.3788008,299.1956044,289.126378,277.1887102,14.30811992,14.30811992,14.30811992,13.1683012,534.182435834,0,0,0,0,0,0,0,0,84900,440500,525400,RESIDENTIAL,1,NA
87051003,21.41667045,-158.1740584,1044.790573,132.2474369,431.4833614,421.3840436,409.4873788,391.8681258,371.6830353,0.737399798,0.737399798,0.737399798,0,415.100605092,0,0,0,0,29.5843866569,29.5843866569,30.3593721797,37.4313003841,271700,442900,714600,RESIDENTIAL,1,NA
87051005,21.41679889,-158.174084,1037.770523,131.9614002,432.2717269,422.4342074,411.0456123,394.0025004,374.0739271,0,0,0,0,405.138979797,0,0,0,0,62.9085329235,63.909152095,63.909152095,65.9087735525,353300,440500,793800,RESIDENTIAL,1,NA
87051007,21.41697416,-158.1741042,1023.187439,130.6634381,434.1011757,424.365948,413.2041539,395.9018267,374.8836351,0,0,0,0,383.24432095,0,0,0,0,61.7574912979,66.7605873646,71.8799702263,74.8800410905,269600,435100,704700,RESIDENTIAL,1,NA
87051009,21.41713487,-158.1741492,1043.027176,132.2948533,433.4462563,422.1325242,408.7558127,389.6099079,368.2708564,0,0,0,0,389.861118402,0,0,0,0,55.7584044581,59.7608813155,61.6458328735,70.9898979233,271900,436700,708600,RESIDENTIAL,1,NA
87051011,21.41735521,-158.1741956,1045.515396,132.3146718,422.8452163,410.9194201,396.9833203,377.2701653,355.2275027,0,0,0,0,405.327777163,0,0,0,0,68.3090954593,68.3090954586,69.3097147249,77.9741944449,271800,440500,712300,RESIDENTIAL,1,NA
87051012,21.41731696,-158.1743374,1043.470505,132.1197107,406.9405245,395.1118306,381.293356,361.7682109,339.9723212,13.68634191,13.68634191,13.53149084,13.53149084,378.758491898,0,0,0,0,0,0,0,0,271900,434000,705900,RESIDENTIAL,1,NA
87051013,21.41746693,-158.1743387,1044.20871,132.2921713,397.333665,385.3545535,371.3554994,351.552775,329.4112861,4.545599238,4.03097978,3.112995404,2.139345557,389.603165397,0,0,0,0,38.9807648582,41.9866156186,43.9126884385,47.6505687249,271900,436200,708100,RESIDENTIAL,1,NA
87051016,21.41875379,-158.1745531,1040.093628,132.0759431,376.2880426,364.4730984,350.6559368,330.563356,307.6174363,0.786272762,0.786272762,0.786310161,0,373.488924701,0,0,0,0,59.9350750207,61.9599165289,67.9298791119,78.1315384989,271900,432300,704200,RESIDENTIAL,1,NA
89006011,0,0,625.4448929,100.0362135,520.0792609,520.088859,520.088859,520.088859,520.088859,43.29539441,43.29539441,29.94773493,29.61945783,1067.81941813,0,0,0,0,0,0,0,0,7200,842300,849500,RESIDENTIAL,3,NA
91001039,21.32506258,-157.9735202,831.9457016,121.4788635,296.7916179,293.7745181,293.0676543,291.2341364,288.4457041,6.414534795,5.892825371,3.768761565,0,7709.09142946,0,0,0,0,27.1401994728,85.5905623106,651.49603995,5569.86100853,10000,1087300,1097300,RESIDENTIAL,1,NA
91005015,0,0,1087.161964,131.8930873,83.22477484,86.92101533,444.4977087,673.3866309,656.9708479,283.5723415,283.2767697,95.14156791,51.93131177,2865.21749345,0,0,0,0,0,0,0,65.482088657,744800,2091500,2836300,RESIDENTIAL,1,NA
91005016,0,0,1027.040749,128.7786871,9.51752532,10.8249697,413.7064889,646.5822465,630.1488943,360.8530895,360.6150423,170.4254536,108.267609,530.125640355,0,0,0,0,0,0,0,0,106800,1116500,1223300,RESIDENTIAL,1,NA
91005017,0,0,912.7456055,124.0739988,11.19222454,12.31975974,394.6293092,627.5778556,611.1479947,372.6844214,372.4090767,174.0703979,126.1212524,668.019946641,0,0,0,0,0,0,0,0,380900,1150600,1531500,RESIDENTIAL,1,NA
91005029,0,0,1820.063248,190.7331137,134.2298741,268.7885683,560.1579397,751.1055519,578.7918169,186.6581616,185.9783791,29.84108483,0,464.740701683,0,0,0,0,0,0,0,165.410959871,420800,600300,1021100,RESIDENTIAL,1,NA
91005030,0,0,967.5086517,124.8776441,142.6465642,299.2187019,531.1387039,721.1561138,549.6187274,201.7237002,200.9349879,0,0,468.55643241,0,0,0,0,0,0,62.2338058724,375.239638398,64400,601600,666000,RESIDENTIAL,1,NA
91005031,0,0,1513.729691,166.9502284,129.1391042,288.8223046,535.429166,726.5924706,554.0887328,218.4105278,217.5878171,9.962891701,0,481.762665576,0,0,0,0,0,0,0.490049039685,110.744353095,72400,605600,678000,RESIDENTIAL,1,NA
91005036,0,0,5698.546303,383.6785193,99.94200689,250.3639791,558.9567716,752.710241,578.0056442,207.4414401,206.9618368,39.98876893,1.779708097,470.393147623,0,0,0,0,0,0,0,0,118200,601900,720100,RESIDENTIAL,1,NA
91005037,0,0,1404.055,157.7776033,43.29868784,44.55270704,402.5441919,634.2521996,617.8060029,336.5575736,336.2404319,134.9073726,93.34460298,464.179821998,0,0,0,0,0,0,0,0,80500,600000,680500,RESIDENTIAL,1,NA
91005038,0,0,1215.876465,143.4904395,63.02565328,64.32083749,408.4195163,638.7487464,622.3104934,319.68977,319.3577069,117.8442952,76.14498302,468.331741008,0,0,0,0,0,0,0,0,219500,601200,820700,RESIDENTIAL,1,NA
91005039,0,0,2251.758263,267.2944922,75.21955122,76.82229483,402.8009505,631.1366982,614.7277681,308.3405776,307.9717437,101.2243571,60.04710241,468.316106345,0,0,0,0,0,0,0,0,194000,601200,795200,RESIDENTIAL,1,NA
91005040,0,0,1162.619438,171.530583,93.77688534,95.04658309,409.4854834,636.2113079,619.8355526,297.722917,297.3190753,84.81991214,44.27569937,468.293345378,0,0,0,0,0,0,0,0,105700,601200,706900,RESIDENTIAL,1,NA
91005041,0,0,1413.38942,155.0672526,109.5998554,111.1544138,416.1692948,641.9703115,625.616617,282.7195945,282.2954077,70.35810071,28.916692,468.275042833,0,0,0,0,0,0,0,0,92700,601200,693900,RESIDENTIAL,1,NA
91005042,0,0,2117.636002,198.7972458,132.2550351,133.9005145,420.5385295,643.5021402,627.2219076,270.6485576,270.2058645,52.30385382,11.19077923,468.255590191,0,0,0,0,0,0,0,0,123600,601200,724800,RESIDENTIAL,2,NA
91006001,0,0,1093.29937,132.2660969,39.22414598,35.73876472,33.69151647,30.43238102,26.23377933,50.17125236,49.47094031,48.11437077,0,1161.27824115,52.9979103523,84.3211007506,134.111360007,198.257059233,0,0,0,381.044537027,670000,1314800,1984800,RESIDENTIAL A,1,NA
91006002,0,0,1374.508522,151.2869103,20.29670254,16.83600608,14.72561858,11.41109033,7.156799343,29.03022741,28.07514399,26.82287597,6.489360472,1161.26769126,54.3207806993,88.047975824,140.312917843,206.905135169,0,0,0,401.943426819,158900,1171900,1330800,RESIDENTIAL A,1,NA
91006003,0,0,627.4649048,108.3836728,20.0000851,16.38246192,14.07599901,10.55653909,6.093180655,27.30458494,26.32188803,24.99668225,15.05726126,1161.27687926,55.336692215,91.2272822399,145.445709206,214.023753103,0,0,0,208.153206979,216500,1460900,1677400,RESIDENTIAL,1,NA
91006004,0,0,1072.380997,132.2524059,50.84700153,47.19390207,44.76195789,41.1521345,36.60230307,57.70154231,56.98820571,55.66835192,1.8718286180000001,1161.2676908,55.5715774366,93.0328841503,148.236973361,217.779812254,0,0,0,116.61904185,212500,1328100,1540600,RESIDENTIAL A,2,NA
91006005,0,0,1913.472839,186.1918059,9.692273608,6.08526474,3.549467735,0,0,16.39816545,15.84674477,14.3406639,12.82766011,1161.27509993,55.2185775893,93.6852426218,149.076155122,218.788505866,0,0,0,5.48462916347,426700,1328100,1754800,RESIDENTIAL,1,2075
91006006,0,0,2088.905937,209.8289775,2.697265707,0,0,0,0,9.297958284,8.575302222,7.128043113,5.127562838,1161.27036341,53.8020644707,92.5829704576,147.396544733,216.492163407,0,0,0,32.8393822189,232700,1328100,1560800,RESIDENTIAL,1,2030
91006007,0,0,2029.0763240000001,200.4185282,9.183352722,5.697356034,3.156890704,0,0,15.1815843,14.22729555,12.58122819,11.38490849,1007.01601152,106.217971377,183.501481384,291.003562473,427.034506795,0,0,0,0,303100,1269700,1572800,RESIDENTIAL A,1,2075
91006008,0,0,970.8960419,127.332973,37.95460324,34.46958074,31.93574909,28.42265351,23.97342563,44.01873229,43.288712,41.64253498,11.05473761,725.589937624,0,0,0,0,0,0,0,1.26922990317,160400,644400,804800,RESIDENTIAL,1,NA
91006009,0,0,1465.013412,157.3074052,0,0,0,0,0,3.050351563,2.346064432,0.951155795,0,1161.28078857,51.9289867542,90.934080762,144.853634184,213.039610353,0,0,0,103.940496732,202700,1328100,1530800,RESIDENTIAL A,1,2024
91006010,0,0,1097.975754,140.5565482,53.03632747,49.4867445,46.83700318,43.19248796,38.60921005,57.6217036,56.65785057,54.94162964,0,638.722872528,0,0,0,0,0,0,0,241.393032598,65500,649700,715200,RESIDENTIAL,1,NA
91006011,0,0,1170.370262,136.8548997,55.09515099,51.46339267,48.71588129,44.94300791,40.23159279,59.37988897,58.63717527,57.18458559,0,1282.47617926,49.7210272493,95.6870197614,158.808521443,237.722716969,0,0,0,367.383677292,244600,1503900,1748500,RESIDENTIAL,1,NA
91006012,0,0,636.4088287,107.2277332,0,0,0,0,0,3.293561958,2.336528947,1.37949593,0.131618376,1272.32393918,48.504816702,94.800887307,158.838528906,238.528934448,0,0,0,473.611620269,266700,1435600,1702300,RESIDENTIAL,1,2024
91006013,0,0,3412.858521,246.1570551,90.05940871,86.39365405,83.62718243,79.8124844,75.05723278,94.29449743,93.57482333,92.22516086,0,1494.13054922,0,0,0,0,0,0,0,104.946239183,1423300,1816200,3239500,RESIDENTIAL,1,NA
91006015,0,0,3093.727539,319.2486585,92.68201059,89.11223306,86.4373682,82.75773896,78.13711636,97.04621015,96.28309463,94.62750404,0,724.653740931,0,0,0,0,0,0,0,571.575551526,137600,684000,821600,RESIDENTIAL,1,NA
91006016,0,0,1675.474571,165.2605633,146.6785874,143.0937172,140.3993948,136.691482,132.0395986,148.4653,148.2123834,147.8952515,18.85023556,780.397255511,0,0,0,0,0,0,0,0,272500,702000,974500,RESIDENTIAL,1,NA
91006017,0,0,2932.336685,241.5334076,92.16504255,88.6812693,86.11235861,82.54586814,78.04048221,97.24453154,96.33639042,95.13087697,0,724.656668956,0,0,0,0,0,0,0,233.518001097,228500,684000,912500,RESIDENTIAL,1,NA
91006018,0,0,1571.350754,158.9331473,127.9423895,124.4558522,121.9116421,118.3906227,113.9337227,133.3653405,132.6325387,131.3194793,2.210134135,780.400408799,0,0,0,0,0,0,0,0,611400,702000,1313400,RESIDENTIAL,1,NA
91006019,0,0,825.2384186,118.2542745,97.11217854,93.62658528,91.08883104,87.57272674,83.12057444,102.9054714,102.1074348,100.5518544,0,603.880321001,0,0,0,0,0,0,0,393.677531807,74200,645000,719200,RESIDENTIAL,1,NA
91006020,0,0,1939.318123,176.523189,141.0168061,137.530873,134.9907793,131.4728758,127.0189709,146.6463959,145.89899,144.4146203,15.36021309,650.330853247,0,0,0,0,0,0,0,0,109500,660000,769500,RESIDENTIAL,1,NA
91006021,0,0,1834.258789,181.9486943,89.44037656,85.95253337,83.4236971,79.91092318,75.46148588,95.92939533,95.00038296,93.65482315,0,603.878851005,0,0,0,0,0,0,0,115.562371988,219700,645000,864700,RESIDENTIAL,1,NA
91006022,0,0,892.3843994,124.6684436,144.0625679,140.568286,138.037423,134.5168767,130.0585522,150.5131102,149.5977326,148.2096997,17.02636624,650.329857224,0,0,0,0,0,0,0,0,124500,660000,784500,RESIDENTIAL,1,NA
91006023,0,0,1940.652313,178.7693182,106.9099685,103.3639351,100.8182258,97.24552912,92.73466597,113.3941183,112.6150894,111.0947047,0,603.882704175,0,0,0,0,0,0,0,150.969486028,249100,645000,894100,RESIDENTIAL,1,NA
91006024,0,0,1646.663078,179.8756108,143.0217186,139.4765348,136.9309616,133.3583516,128.8469425,149.4803476,148.712469,147.2054985,5.307840468,650.332109984,0,0,0,0,0,0,0,50.3220576957,301200,660000,961200,RESIDENTIAL,1,NA
91006025,0,0,2139.029549,216.6542882,85.05395918,81.41023059,78.93803744,75.31582793,70.75375674,92.03509506,91.30974548,89.62965232,1.49165533,603.880955687,0,0,0,0,0,0,0,104.642501786,133300,645000,778300,RESIDENTIAL,1,NA
91006026,0,0,1331.224777,146.2015974,149.39985,145.7530037,143.2934981,139.6748321,135.116101,156.2339002,155.6039621,154.004997,0,650.331452454,0,0,0,0,0,0,0,313.816503839,69000,660000,729000,RESIDENTIAL,1,NA
91006027,0,0,1371.41169,149.3679005,94.48319612,90.83729515,88.43952838,84.84447435,80.30212334,101.4749923,100.5290602,99.25891361,0,603.883060221,0,0,0,0,0,0,0,154.25531582,223400,645000,868400,RESIDENTIAL,1,NA
91006028,0,0,612.2816162,100.5737098,136.0216212,132.3863758,130.0199752,126.4477545,121.9266061,142.9998307,142.0427998,140.7958079,0,650.335844787,0,0,0,0,0,0,0,57.6608471772,134000,660000,794000,RESIDENTIAL,1,NA
91006029,0,0,2233.831116,195.4015589,109.434859,105.9911922,103.9034486,100.602691,96.13900713,117.2041534,116.2442337,115.0043217,0,603.879207457,0,0,0,0,0,0,0,256.431074169,86100,645000,731100,RESIDENTIAL,1,NA
91006030,0,0,2504.472343,227.7990614,131.7672545,128.3615387,126.3477793,123.1215457,118.9432986,140.864194,139.9140589,138.6520264,0,650.331695619,0,0,0,0,0,0,0,208.214032425,155500,660000,815500,RESIDENTIAL,1,NA
91006031,0,0,1620.234306,166.3695279,85.62308313,82.18211052,80.16416194,76.95555072,72.82783234,95.85001854,94.88805107,93.6520043,2.233770829,603.884264093,0,0,0,0,0,0,0,17.1966235939,299200,645000,944200,RESIDENTIAL,1,NA
91006032,0,0,538.8900223,93.87326368,154.765762,151.2967217,149.2601157,146.0188982,141.8452533,165.273856,164.3109416,163.0772941,0,650.335422841,0,0,0,0,0,0,0,269.3550753,134900,660000,794900,RESIDENTIAL,1,NA
91006041,0,0,1984.94149,195.6369,56.00886673,52.5229917,49.98333426,46.46580866,42.01230596,61.75281135,60.94964182,59.41159363,0,589.949550326,0,0,0,0,0,0,0,358.837234769,161600,598200,759800,RESIDENTIAL,1,NA
91006042,0,0,1208.691925,144.9171954,14.76833436,11.19975232,8.528487449,4.857265349,0.249245181,19.35909901,18.39858149,16.75644876,15.23778828,638.678511978,51.1160516552,95.2301456201,155.928964146,232.327923955,0,0,0,0,91700,1140800,1232500,RESIDENTIAL A,1,2100
91007002,0,0,473.3319016,99.55692075,50.92950323,45.91101779,41.75232502,35.9118676,29.13003894,60.96167981,60.0281186,58.386274040000004,14.11636822,1313.57575901,115.257161469,210.381586416,344.583622513,500.347741228,0,0,0,0,704500,1419600,2124100,RESIDENTIAL,1,NA
91007009,0,0,5232.033638,358.6586347,5.736726281,1.545555989,0,0,0,16.89671978,16.11502973,14.4596133,12.39645771,1734.17081335,100.96628384,172.180117826,279.188028,408.797217616,0,0,0,0,196500,1458700,1655200,RESIDENTIAL,1,2050
91007010,0,0,3619.737175,293.1004742,62.59873591,58.29768869,55.19059766,50.57540114,45.01978059,63.30349042,62.88466706,62.0698242,0,615.931121978,0,0,0,0,0,0,0,12.2983999408,526100,647400,1173500,RESIDENTIAL,1,NA
91007011,0,0,4627.655876,331.6115674,7.328226923,2.995286429,0,0,0,19.68205173,18.70278828,17.27837293,15.31577185,1434.75636836,98.8638971426,170.675078703,277.197014659,405.374864739,0,0,0,0,594400,1425200,2019600,RESIDENTIAL,1,2050
91007012,0,0,711.1448441,107.1889546,34.53285871,30.0339016,26.66859271,21.72827405,15.84980801,47.14754987,46.17155803,44.98116569,43.02490853,1435.93535434,102.939460461,180.120048751,293.478819782,428.492954547,0,0,0,3.21788284795,704300,1422300,2126600,RESIDENTIAL,1,NA
91007013,0,0,2962.399574,237.6176955,24.6713157,19.96210587,16.30452679,10.97060691,4.691670668,35.78589697,34.74869359,33.3939387,31.52256873,511.949694268,0,0,0,0,0,0,0,0,177400,615200,792600,RESIDENTIAL,1,NA
91007015,0,0,1120.870514,135.2760748,9.594298855,4.540910598,0.417511318,0,0,17.92216222,16.92940021,15.47932935,14.09477903,1399.55899368,114.865889516,208.652762107,342.157194361,497.127455906,0,0.129338771358,17.5839705101,54.94928973,187400,1410600,1598000,RESIDENTIAL,1,2050
91007016,0,0,1710.497543,209.0067378,66.59456811,61.5685983,57.4127566,51.5650348,44.77602784,76.17785506,75.20870402,73.76109634,0.952793324,626.434699672,0,0,0,0,0,0,0,31.9097860318,96600,647400,744000,RESIDENTIAL,1,NA
91007017,0,0,616.7815323,99.6031331,76.33675291,71.28254091,67.15550656,61.28871358,54.47903526,84.55278457,83.57811662,82.27054572,6.985713115,616.395805997,0,0,0,0,0,0,0,188.00511374,81200,648000,729200,RESIDENTIAL,1,NA
91007018,0,0,2236.045952,202.4140752,71.00878277,65.96423896,61.8773806,56.03221305,49.24543858,79.21996831,78.25020485,76.66197668,24.35768301,688.040826657,0,0,0,0,0,0,0,0,131400,672400,803800,RESIDENTIAL,1,NA
91007019,0,0,1436.096573,154.1135619,69.71084291,64.87212638,61.06857595,55.53927793,49.0138594,78.68761648,77.75350347,76.54745052,53.29668124,696.77534108,0,0,0,0,0,0,0,0,69600,675000,744600,RESIDENTIAL,1,NA
91007020,0,0,863.662323,125.3309177,77.04067503,72.3492373,68.71748379,63.40757615,57.1413992,88.23129906,87.13027696,85.73774451,63.53069183,696.786609195,0,0,0,0,0,0,0,0,194700,675000,869700,RESIDENTIAL,1,NA
91007021,0,0,718.6437836,121.659709,64.01534302,59.48808183,56.08471908,51.0879597,45.14692385,76.60036631,75.74667414,74.12280624,45.6292445,688.032377649,0,0,0,0,0,0,0,0,277100,672400,949500,RESIDENTIAL,1,NA
91007022,0,0,1970.267563,193.3506316,79.72208171,75.36398637,72.17312122,67.45823655,61.80903076,76.81046839,76.59200706,75.40622506,11.55499735,613.197856617,0,0,0,0,0,0,0,36.4155360183,200100,648000,848100,RESIDENTIAL,1,NA
91007023,0,0,2958.515938,248.4536761,95.70090163,91.35058221,88.16833527,83.46184255,77.81819616,66.19885464,66.0647651,64.82868913,6.607093838,548.073532131,0,0,0,0,0,0,0,0,177400,630000,807400,RESIDENTIAL,1,NA
91007024,21.31111428,-158.0072292,319.2231903,72.46965155,101.9192147,97.17298882,93.48699248,88.10116487,81.75377725,112.545361,111.7454899,110.2419637,66.81562185,836.11216719,0,0,0,0,0,0,0,0,113800,720000,833800,RESIDENTIAL,1,NA
91007025,0,0,3613.536919,360.243916,94.57789995,89.75734862,85.98456254,80.50617504,74.07891381,104.0448959,103.0603434,101.8913013,32.26174985,836.112039192,0,0,0,0,0,0,0,0,586100,542300,1128400,RESIDENTIAL,2,NA
91007026,0,0,1322.485237,149.0305807,94.49565327,89.4515061,85.29438262,79.43013936,72.62387484,103.5514731,102.6837419,101.2241541,2.05986139,560.42210994,0,0,0,0,0,0,0,0.611423465915,99400,630000,729400,RESIDENTIAL,1,NA
91007027,21.31108974,-158.0081172,247.3444366,67.60680466,119.8885872,114.9194948,110.7884338,105.0005339,98.27237502,130.4159214,129.4376795,127.9221384,28.59108379,574.411736841,0,0,0,0,0,0,0,0,73800,630000,703800,RESIDENTIAL,1,NA
91007028,0,0,1669.712074,186.2782464,117.0162182,112.1446367,108.2925863,102.5427873,95.80080734,125.4496677,124.6939627,123.1603739,45.0064076,836.139513794,0,0,0,0,0,0,0,0,241300,720000,961300,RESIDENTIAL,2,NA
91007029,0,0,2622.60421,248.7545948,115.1723423,110.5017103,106.9102921,101.6461403,95.4175105,108.9696786,108.8585626,108.5144748,26.73209389,836.124214954,0,0,0,0,0,0,0,0,166500,720000,886500,RESIDENTIAL,1,NA
91007030,0,0,1085.31842,148.1880755,115.1930671,110.8256503,107.6191584,102.878896,97.19817826,75.41654219,75.35604672,75.12946818,4.20505328,564.005308959,0,0,0,0,0,0,0,18.5145672129,78200,630000,708200,RESIDENTIAL,1,NA
91007031,0,0,2331.381355,195.1571274,137.527981,133.3383628,130.4018122,125.9696923,120.5957227,64.23583888,64.23583888,64.01783038,1.930664088,679.683732494,0,0,0,0,0,0,0,92.8419682666,251500,666000,917500,RESIDENTIAL,1,NA
91007032,0,0,2683.997192,217.091754,127.6695525,123.2654222,120.0097167,115.2051784,109.4582203,82.65105027,82.65105027,82.44496152,0.753202244,645.789015721,0,0,0,0,0,0,0,37.7910950657,129300,663400,792700,RESIDENTIAL,1,NA
91007033,0,0,1904.937111,187.4495772,136.5908549,131.9841308,128.4750348,123.3231993,117.2120443,115.2402313,115.2402313,115.035219,32.48204269,682.346137182,0,0,0,0,0,0,0,0,104700,672400,777100,RESIDENTIAL,1,NA
91007034,0,0,1312.432068,168.4950043,142.2546132,137.5945315,133.9374967,128.5820606,122.2563761,132.4496388,132.3674413,132.1326916,49.44312942,696.771090473,0,0,0,0,0,0,0,0,141600,675000,816600,RESIDENTIAL,1,NA
91007035,0,0,2679.340073,271.0414332,135.8832405,131.0737504,127.304447,121.8242715,115.4029527,145.3254109,144.3433494,143.1730185,71.46164494,692.728195376,0,0,0,0,0,0,0,0,253700,675000,928700,RESIDENTIAL,1,NA
91007037,0,0,1925.710472,195.7682389,129.9678382,124.9205547,120.7715428,114.9062029,108.098835,138.5514559,137.5792498,136.1428213,37.56768856,678.962426795,0,0,0,0,0,0,0,0,109100,663400,772500,RESIDENTIAL,1,NA
91007038,0,0,2190.775513,236.4558263,131.0380656,126.0170162,121.8593118,116.0163078,109.2318717,140.56136,139.7721304,138.3079549,38.20893855,661.174102694,0,0,0,0,0,0,0,0,112000,666000,778000,RESIDENTIAL,1,NA
91007042,0,0,2251.813118,214.4516127,31.08901016,27.01923912,24.00241651,19.68548942,14.4250915,35.56841235,34.88690764,33.29608069,29.04445808,462.001295926,0,0,0,0,0,0,0,0,120200,600000,720200,RESIDENTIAL,1,NA
91007043,0,0,1275.308022,150.2672362,101.2117115,97.30322576,94.41524445,90.31538605,85.26737436,86.093454,85.99189745,85.52745783,18.67252545,1003.72091109,0,0,0,0,0,0,0,28.3688938086,122600,777400,900000,RESIDENTIAL,1,NA
91007044,0,0,959.2390747,123.9073104,119.7844027,115.9736631,113.1419904,109.1603345,104.2329907,99.85123303,99.32308698,99.13950553,4.021405613,696.790088488,0,0,0,0,0,0,0,39.0644200655,127600,675000,802600,RESIDENTIAL,1,NA
91007045,0,0,2344.937561,223.6705077,133.2203374,129.4515358,126.6359536,122.6995384,117.818152,101.5073449,101.3278104,101.2240251,1.517180869,873.880628373,0,0,0,0,0,0,0,0,125000,732400,857400,RESIDENTIAL,1,NA
91007047,0,0,3512.13768,283.6118075,37.55154313,33.34794969,30.21190379,25.68728313,20.21113945,42.42042108,41.66826773,40.32539808,37.74197127,628.038308155,0,0,0,0,0,0,0,0,146000,652800,798800,RESIDENTIAL,1,NA
91007048,0,0,1806.904213,185.0759037,146.7169729,142.6670338,139.6620294,135.3526596,130.0855857,69.9522726,69.9522726,69.90135527,33.71428843,650.336993422,0,0,0,0,0,0,0,0,128000,660000,788000,RESIDENTIAL,1,NA
91007049,0,0,1083.796082,138.1200959,95.85816644,91.85621092,88.89638832,84.66513123,79.48218295,75.00099146,75.00099146,74.74317836,31.37324698,650.33331878,0,0,0,0,0,0,0,0,68400,660000,728400,RESIDENTIAL,1,NA
91007050,0,0,1873.02285,173.3326731,6.38647147,2.54997647,0,0,0,10.06577242,9.218531839,7.977225178,6.622281028,1394.03862841,47.0243111909,98.7040480091,171.111592896,260.710529082,0,0,0,160.743446617,460400,1406300,1866700,RESIDENTIAL,1,2050
91007051,0,0,1218.200066,140.003457,126.6269452,122.4395271,119.523422,115.0857304,109.6595719,43.40886763,43.40886763,43.17480381,0,5171.15700906,128.766839436,218.961744444,355.577276806,520.800827415,0,0,0,900.447338603,336100,2686700,3022800,RESIDENTIAL A,1,NA
91007052,0,0,2079.51918,202.9096487,0,0,0,0,0,3.065002915,2.275487973,0.975780968,0,465.504379897,46.9104208491,105.065764156,187.582940373,289.088870932,0,0,0,0,106400,1028100,1134500,RESIDENTIAL A,1,2024
91007053,0,0,1635.975815,177.7995666,12.44065785,8.257055543,5.112332576,0.576609334,0,17.30459619,16.61150102,15.23986307,12.75352497,582.646601392,43.1611965425,92.2506825199,162.803842353,248.344768698,0,0,0,0,125900,1132500,1258400,RESIDENTIAL,1,2075
91007054,0,0,3289.175446,238.408592,133.0939303,128.6389643,125.3362862,120.4680642,114.6612118,25.95816671,25.95816671,25.79761644,25.17022861,547.077461667,0,0,0,0,0,0,0,0,198100,627400,825500,RESIDENTIAL,1,NA
91007055,0,0,2323.918182,193.4551507,105.9623366,101.5085826,98.20532448,93.33938072,87.53487786,24.40436614,23.92297467,23.71860127,23.4428579,501.688094407,0,0,0,0,0,0,0,0,146400,612000,758400,RESIDENTIAL,1,NA
91007056,0,0,3749.325562,259.8926502,78.25625785,73.81113139,70.51124189,65.65859306,59.87116921,25.56175563,25.56175563,25.56175563,25.00329693,501.688756555,0,0,0,0,0,0,0,0,418900,612000,1030900,RESIDENTIAL,1,NA
91007058,21.31089357,-158.0057647,214.8431854,61.30560464,43.64472988,39.22075242,36.00926172,31.19285757,25.44880615,6.725483462,6.529730797,4.959454216,3.982210895,5203.32432562,132.595707716,228.107957126,372.032817679,544.427910926,111.605041243,135.432138896,211.635902984,391.567850057,864800,1537900,2402700,RESIDENTIAL A,1,NA
91007059,0,0,1005.218735,127.032111,42.14924149,37.73800825,34.46885539,29.67594181,23.99634023,25.46672923,25.46672923,25.46672923,25.46672923,700.702409565,0,0,0,0,0,0,0,0,114700,676800,791500,RESIDENTIAL,1,NA
91007060,0,0,2592.280785,214.4177097,138.9219216,134.6093472,131.4105716,126.7152513,121.1300898,55.72368695,55.72368695,55.6559648,46.63781343,548.71310633,0,0,0,0,0,0,0,0,218400,621100,839500,RESIDENTIAL,1,NA
91007062,0,0,2285.096138,208.554878,89.00377808,84.88445971,81.82540938,77.43881262,72.0931342,56.24382295,56.24382295,55.9807146,44.80810725,492.970837085,0,0,0,0,0,0,0,0,144000,603300,747300,RESIDENTIAL,1,NA
91007063,0,0,2239.629677,190.6005657,119.6551428,115.3944293,112.2371759,107.6092351,102.1158692,55.13560921,54.43863617,54.16931241,45.03728028,501.68902849,0,0,0,0,0,0,0,0,234100,605900,840000,RESIDENTIAL,1,NA
91007064,0,0,1113.887253,133.5010532,0,0,0,0,0,3.651940333,2.968393975,1.323605183,0,492.089370449,39.4394124248,84.9833250706,150.072557051,229.584321783,0,0,0,0,207800,1069200,1277000,RESIDENTIAL A,1,2024
91007066,0,0,2047.921013,196.9289241,46.05206198,42.07102778,39.13229115,34.94009193,29.80220382,50.21086355,49.49668556,48.14584922,19.36877928,463.795897645,0,0,0,0,0,0,0,0,110300,600000,710300,RESIDENTIAL,1,NA
91007067,0,0,1947.634262,223.7931689,52.37371392,48.33397991,45.34277531,41.06513301,35.84128464,56.67620946,55.94321471,54.55512254,32.39028967,464.524822225,0,0,0,0,0,0,0,0,98300,600000,698300,RESIDENTIAL,1,NA
91007070,0,0,3134.021179,304.5226902,0,0,0,0,0,2.246958078,1.246703556,0,0,789.604037373,71.3974734546,138.822818569,236.72105511,354.371742072,0,0,0,0,190000,1253800,1443800,RESIDENTIAL A,1,2024
91007072,0,0,2709.835152,208.348214,6.561580921,1.737485616,0,0,0,15.5447108,14.57664853,13.36831935,11.67406594,1423.92288245,111.488023662,199.7000805,327.4183252,476.727399945,0,0.137780644798,16.4730918318,60.9990118845,436800,1345700,1782500,RESIDENTIAL A,1,2050
91007073,0,0,717.6934967,109.0178041,37.19820025,32.18597279,28.15048319,22.35774019,15.62271848,45.28761576,44.57677765,43.06549972,41.16390641,547.347568681,0,0,0,0,0,0,0,0,120400,626700,747100,RESIDENTIAL,1,NA
91007074,0,0,3278.736008,252.6513736,132.4679176,127.9897255,124.6980188,119.7880653,113.9414918,10.57423276,10.49432816,10.49432816,9.603556594,457.700231885,0,0,0,0,0,0,0,0,230100,600000,830100,RESIDENTIAL,1,NA
91007075,0,0,2888.748146,240.2752839,103.2629968,98.7897536,95.49570102,90.59474782,84.75693656,10.99015876,10.29576582,10.02674748,9.758457599,464.524634744,0,0,0,0,0,0,0,0,154900,594000,748900,RESIDENTIAL,1,NA
91007076,0,0,2830.507446,235.0536914,74.24405712,69.78464225,66.48404942,61.60805096,55.79418809,10.82563425,10.82563425,10.71371822,9.839092248,493.391159508,0,0,0,0,0,0,0,0,481400,603900,1085300,RESIDENTIAL A,1,NA
91007077,0,0,1711.986191,169.7199826,34.48719185,30.02218723,26.72422388,21.83832836,16.0153091,11.52757701,11.52757701,11.52757701,11.52757701,509.655568505,0,0,0,0,0,0,0,0,162700,615300,778000,RESIDENTIAL,1,NA
91007078,0,0,2842.713493,231.8821762,9.879914528,5.411594693,2.115190578,0,0,6.753482619,6.753482619,6.753482619,6.753482619,963.583837518,89.5051523852,155.927738709,253.91458574,381.877012771,0,0,0,0,964800,1196600,2161400,RESIDENTIAL A,1,2075
91007080,21.31036479,-158.0069176,1468.651924,156.0371176,10.80140885,6.149463598,2.59819552,0,0,22.68707245,21.70633936,20.39942595,18.77679196,702.12558775,100.060494078,177.155608528,289.675562248,422.393705157,0,0,0,0,592600,1079800,1672400,RESIDENTIAL,1,2075
91008005,0,0,2989.760498,218.717826,254.6528383,250.8685235,248.3736144,244.5904393,239.8573323,262.7572149,261.8948563,260.7094083,189.275908,574.010203624,0,0,0,0,0,0,0,0,130200,631800,762000,RESIDENTIAL,1,NA
91008008,0,0,3169.451759,246.8168661,242.7829684,239.0314043,236.60202,232.8825784,228.2133467,251.245055,250.2763971,249.0587675,188.2008107,528.830700747,0,0,0,0,0,0,0,0,102300,625900,728200,RESIDENTIAL,1,NA
91008045,0,0,1890.306366,198.237476,225.9773124,222.2440746,219.8443283,216.1666515,211.5504408,234.789949,233.8290599,232.2129083,164.1426039,1052.49375613,0,0,0,0,0,0,0,0,173200,717100,890300,RESIDENTIAL,1,NA
91008046,0,0,3813.257324,247.2546044,215.5435475,211.8578072,209.4988547,205.8786721,201.3319674,222.5996429,221.6406107,219.8428398,140.8536018,491.865935899,0,0,0,0,0,0,0,0,524300,629300,1153600,RESIDENTIAL,1,NA
91008047,0,0,1935.616165,204.7481158,167.8210296,164.2013987,161.9730561,158.4447967,153.9049891,175.2513172,174.4305718,173.1015492,28.37120332,469.298813849,0,0,0,0,0,0,0,0,156200,606200,762400,RESIDENTIAL,1,NA
91008079,0,0,1720.587761,195.0672506,267.3716271,263.8116503,261.5897149,258.0820476,253.7024013,259.7742884,258.858846,257.8502749,128.9934017,480.653372412,0,0,0,0,0,0,0,0,124000,601100,725100,RESIDENTIAL,1,NA
91008080,0,0,2711.668137,227.9967219,247.6271204,244.0378971,241.7973774,238.2600528,233.84284,241.1653732,240.2360587,239.1341652,108.3594176,467.863925179,0,0,0,0,0,0,0,0,134300,603200,737500,RESIDENTIAL,2,NA
91008081,0,0,1535.962257,158.7366151,236.8366952,233.1971853,230.9243335,227.3348178,222.8503938,232.2519561,231.3044333,230.0668294,95.20023338,479.500297699,0,0,0,0,0,0,0,0,139200,600000,739200,RESIDENTIAL,1,NA
91008082,0,0,2180.024445,220.2578409,232.8210506,229.0720722,226.7282695,223.0236487,218.3899365,232.6130695,231.6402659,230.2076012,86.64743994,578.715795912,0,0,0,0,0,0,0,0,116100,601100,717200,RESIDENTIAL,1,NA
91008083,0,0,2784.11454,259.4024111,217.3895186,213.7157724,211.420948,207.7960724,203.2663172,214.2652648,213.3076448,211.9873928,73.84820692,470.841403323,0,0,0,0,0,0,0,0,173900,600900,774800,RESIDENTIAL,1,NA
91008084,0,0,1643.785027,164.9070286,205.3360848,201.6629298,199.3686098,195.7447578,191.2167136,202.5903717,201.6252286,200.2378575,61.53831223,499.670611902,0,0,0,0,0,0,0,0,156000,601800,757800,RESIDENTIAL,1,NA
91008085,0,0,2927.669373,242.3992737,182.9162853,179.1828824,176.8494655,173.1621216,168.5516175,182.1531662,181.1832767,179.7311337,37.47187797,474.90438783,0,0,0,0,0,0,0,0,124400,600900,725300,RESIDENTIAL,1,NA
91008086,0,0,1303.900978,148.5652891,168.1197174,164.4177561,162.1050674,158.4519085,153.8867934,166.1897833,165.2266687,163.8619454,25.62901058,458.710718858,0,0,0,0,0,0,0,0,97300,600700,698000,RESIDENTIAL,1,NA
91008088,0,0,2605.762909,212.9137941,279.6542707,275.8812578,273.5215245,269.7907322,265.1225012,280.5113022,279.5354796,278.1250094,133.2930592,518.645026071,0,0,0,0,0,0,0,0,128900,637400,766300,RESIDENTIAL,1,NA
91008091,0,0,890.7290192,120.734356,259.21675,255.4514489,253.0969399,249.3748747,244.7184008,260.142291,259.163968,257.7743496,112.8777526,479.88570501,0,0,0,0,0,0,0,0,125100,607800,732900,RESIDENTIAL,1,NA
91008094,0,0,2316.871605,192.5592379,164.1435706,160.3742498,158.0168869,154.2898431,149.6263016,166.5397375,165.5472439,163.9679166,17.77564016,524.883248586,0,0,0,0,0,0,0,0,252700,607400,860100,RESIDENTIAL,1,NA
91008095,0,0,1408.619507,160.1285742,181.2935251,177.5253659,175.168747,171.4428797,166.7808101,183.5743303,182.5833678,181.0394608,34.92769277,555.102980388,0,0,0,0,0,0,0,0,0,611500,611500,RESIDENTIAL,1,NA
91008096,0,0,2332.665863,197.8955681,201.6601352,197.8977574,195.5448332,191.8248082,187.1700478,202.8101196,201.8259431,200.4219946,55.32579121,733.920366667,0,0,0,0,0,0,0,0,178700,639900,818600,RESIDENTIAL,1,NA
91008097,0,0,1747.261391,197.4731269,219.4879845,215.7299769,213.3798385,209.6642185,205.0149693,220.5273229,219.5446261,218.1654547,73.1635375,538.386001732,0,0,0,0,0,0,0,0,138200,615300,753500,RESIDENTIAL,1,NA
91008098,0,0,1977.020721,186.1792826,237.9475453,234.1807255,231.8252459,228.1016484,223.4432655,240.0102095,239.0233629,237.5629277,91.59452387,586.168116251,0,0,0,0,0,0,0,0,93400,650200,743600,RESIDENTIAL,1,NA
91008099,0,0,2023.458359,216.8671538,216.3864995,212.7116121,210.4203666,206.73917,202.059988,221.9775581,221.0249845,219.2361133,71.74726349,486.003525925,0,0,0,0,0,0,0,0,154400,608800,763200,RESIDENTIAL,1,NA
91008101,0,0,1874.605682,201.9381943,190.2893551,186.6541976,184.4161147,180.8391625,176.2509083,197.0378393,196.5108815,194.6506587,47.75076411,538.953655818,0,0,0,0,0,0,0,0,155100,588200,743300,RESIDENTIAL,1,NA
91009033,0,0,1264.309975,149.5052175,240.1938967,236.7413332,234.588947,231.1945382,226.9625644,230.0292723,229.1398169,228.2513683,108.4010314,455.981966485,0,0,0,0,0,0,0,0,123200,600500,723700,RESIDENTIAL,1,NA
91009034,0,0,1859.766945,183.7348707,220.8268161,217.4093168,215.2800033,211.9238022,207.7428063,210.1034323,209.2176238,208.3329405,90.39713931,463.063251072,0,0,0,0,0,0,0,0,99300,600500,699800,RESIDENTIAL,1,NA
91009035,0,0,1208.238388,141.918475,206.0059546,202.5639667,200.4193023,197.0389267,192.82792800000001,196.1134947,195.2145541,194.3159736,75.68112826,448.585174765,0,0,0,0,0,0,0,0,106600,594800,701400,RESIDENTIAL,1,NA
91009036,0,0,2254.06469,214.7953005,176.4963663,172.9924639,170.8086888,167.36625,163.0773671,168.8112981,167.8818445,166.7859617,50.92127633,463.740694788,0,0,0,0,0,0,0,0,166300,594200,760500,RESIDENTIAL,1,NA
91009095,0,0,2438.07917,230.2001426,203.0590887,200.1470332,198.3436809,195.5170858,192.0242944,166.1445048,165.5184447,164.5684396,107.798603,484.335706453,0,0,0,0,0,0,0,0,166400,610500,776900,RESIDENTIAL,1,NA
91009096,0,0,2734.159897,218.7114871,220.3750717,217.3875208,215.52958,212.6127881,209.0000649,188.82057030000001,188.1689846,187.2753206,118.3191424,462.705174143,0,0,0,0,0,0,0,0,392600,601400,994000,RESIDENTIAL,1,NA
91009110,0,0,3339.293434,233.0021151,232.310486,229.1515021,227.1879862,224.0995433,220.2635574,211.8069456,211.0714311,210.374106,114.8410631,501.450547271,0,0,0,0,0,0,0,0,418900,609400,1028300,RESIDENTIAL,1,NA
91009111,0,0,2882.216095,237.0467754,215.1951761,212.0303164,210.0638175,206.9718577,203.1337266,197.886047,197.0926342,196.539443,99.65346851,502.862925716,0,0,0,0,0,0,0,0,184700,603300,788000,RESIDENTIAL,1,NA
91023001,0,0,1754.108528,194.2696144,58.48150858,59.19354203,350.4990054,581.2337553,564.7904333,356.7520699,356.3453856,131.8467058,72.91726592,1045.40559006,0,0,0,0,0,0,0,0,827900,1224700,2052600,RESIDENTIAL A,1,NA
91023003,0,0,2495.090996,222.3201962,36.44484272,37.77655904,313.9341246,545.9670354,529.5228209,393.8559759,393.5189041,165.0392042,98.73486076,1161.53454883,0,0,0,0,0,0,0,0,92600,1328200,1420800,RESIDENTIAL A,1,NA
91023004,0,0,1154.097824,135.9420705,34.37159319,35.41434416,283.8643059,515.9391398,499.4958127,424.8526186,419.277883,184.5478147,103.2732257,2322.83255115,0,0,0,0,0,0,0,0,481300,1890700,2372000,RESIDENTIAL,1,NA
91023006,0,0,1496.308144,157.2784349,12.43064203,13.23314648,267.8724036,500.9367019,484.5020986,418.5693688,403.411216,204.7620129,116.1137082,1161.53455036,0,0,0,0,0,0,0,0,373400,1328200,1701600,RESIDENTIAL A,1,NA
91023007,0,0,887.4165039,120.9102669,37.47907687,38.04291748,257.9765984,489.703856,473.2587124,408.3823301,393.2727616,186.3656658,92.8151228,1161.53103564,0,0,0,0,0,0,0,0,243900,1461000,1704900,RESIDENTIAL,1,NA
91023008,0,0,1200.823425,162.0204077,22.59533288,23.39522208,236.3080168,469.0286596,452.5940544,386.9868361,371.8428985,206.3062546,104.9965552,1161.30189836,0,0,0,0,0,0,0,0,283400,1246900,1530300,RESIDENTIAL A,2,NA
91023009,0,0,788.8955536,112.3718044,72.71545967,73.93024625,234.5831734,461.5076106,445.0993758,382.5638708,367.6550348,165.3852544,58.85836492,1161.53455165,0,0,0,0,0,0,0,0,167000,1195900,1362900,RESIDENTIAL,2,NA
91023010,0,0,1001.234291,130.5035674,23.52137912,24.36187917,208.5980402,441.145245,424.7029616,359.246978,344.1075275,203.3296757,98.90880919,1161.52714181,0,0,0,0,0,0,0,0,200,570000,570200,RESIDENTIAL,2,NA
91023011,0,0,1606.387062,163.7132992,9.553352943,10.00875002,188.6452233,421.4985264,405.065032,339.3475815,324.1893465,202.2120585,104.9635032,1161.5360288,0,0,0,0,0,0,0,0,249700,1261800,1511500,RESIDENTIAL,1,NA
91023012,0,0,1617.993744,161.0842188,23.46091998,23.84978899,175.4697518,407.9763996,391.534115,326.0938535,310.9570793,185.6212593,92.40039349,1161.30704292,0,0,0,0,0,0,0,0,253300,1394500,1647800,RESIDENTIAL,1,NA
91023013,0,0,1224.464928,149.127772,55.03902253,55.29384448,170.4882606,398.7762213,382.3409771,319.0019771,304.0311561,151.4484448,58.77529654,813.373560845,0,0,0,0,0,0,0,0,152300,1211100,1363400,RESIDENTIAL,2,NA
91023014,0,0,1196.86512,163.81613719999999,61.90798727,61.46980627,153.0120601,379.1694322,362.7501154,300.1301472,285.2426384,132.7835435,44.66724311,1509.68968202,0,0,0,0,0,0,0,0,282700,1430900,1713600,RESIDENTIAL A,1,NA
91023015,0,0,771.9438858,111.7306112,56.36601563,56.02024232,132.652674,359.0422822,342.6146884,279.7674822,264.8647259,138.8043706,52.3909872,1161.30352876,0,0,0,0,0,0,0,0,658100,1314800,1972900,RESIDENTIAL,1,NA
91023016,0,0,2245.758781,204.3223739,24.97632144,24.97228524,107.6906479,339.5578528,323.1219498,257.9361994,242.8279924,159.6372407,75.84509442,1742.18013745,0,0,0,0,0,0,0,0,289100,1523500,1812600,RESIDENTIAL,1,NA
91023017,0,0,2933.876328,275.2915197,22.14640204,22.27724358,83.35347772,315.3438234,298.9134793,233.5854517,218.4735113,141.9511467,66.3382254,1742.18355847,0,0,0,0,0,0,0,0,379700,1508300,1888000,RESIDENTIAL,1,NA
91023018,0,0,3682.611168,279.1596165,15.58687074,14.63093,38.64579718,270.6983147,254.2671711,188.7068553,173.5886752,150.9277,80.21947897,2622.59309614,0,0,0,0,0,0,0,0,416900,1819700,2236600,RESIDENTIAL,1,NA
91023021,0,0,1381.830093,153.2833122,57.53759695,51.64841613,59.04867347,260.1303779,243.7942536,184.2227427,169.9142366,121.7720902,41.13992617,1161.5360327,0,0,0,0,0,0,0,0,476000,1328200,1804200,RESIDENTIAL,1,NA
91023022,0,0,2498.675209,206.6148413,12.42124086,8.68805583,12.35856582,237.6075711,221.175223,155.9685785,140.8968903,118.3323344,77.05120463,1161.53440512,0,0,0,0,0,0,0,0,220000,1328200,1548200,RESIDENTIAL A,1,NA
91023023,0,0,1425.363358,154.576585,38.09927648,37.65996388,43.27433464,209.7432659,193.3650419,133.6732126,119.5405131,98.91426516,46.31290893,1147.52426283,0,0,0,0,0,0,0,0,223600,1323500,1547100,RESIDENTIAL A,1,NA
91023025,0,0,1830.520103,186.4807323,49.46035639,49.40158455,60.42675918,198.8653553,182.6496586,126.8639343,113.6434812,94.90730362,27.72835124,1161.52887603,2.46475300037,0,0,0,0,0,0,0,668000,1328200,1996200,RESIDENTIAL,1,NA
91023026,21.31231776,-157.9975727,234.1220932,62.89496671,1.725780768,1.882116785,47.76514179,176.4676947,160.0819745,94.29950719,79.24077862,56.75507224,30.99680149,1161.29678959,1.89190588329,0,0,0,0,0,0,0,150200,1314800,1465000,RESIDENTIAL A,1,NA
91023027,0,0,1290.942017,149.6375001,15.94029672,15.94197059,66.28946287,151.0389513,134.5975675,71.91802163,57.64832338,37.57646027,22.07927326,966.454378157,0,0,0,0,0,0,0,0,162800,1250900,1413700,RESIDENTIAL,1,NA
91023028,0,0,1462.137459,156.6211423,39.40506374,39.49935473,73.34812398,161.2228285,144.9098276,88.90039049,76.2066524,59.37748078,46.59307031,474.401297409,0,0,0,0,0,0,0,0,84600,603500,688100,RESIDENTIAL,1,NA
91023029,0,0,2039.30764,189.836323,5.249983115,5.453096672,87.33655841,130.4511836,114.0118111,50.51388019,36.40145238,18.63195122,14.40211387,1135.05260817,0,0,0,0,0,0,0,0,747700,1306100,2053800,RESIDENTIAL A,1,NA
91023030,0,0,1134.742714,134.7555357,56.63071387,56.77564008,105.6779902,126.4470791,111.1821065,76.11677485,70.61259151,67.39791101,47.67460796,1161.53455824,13.8548928874,0,0,0,0,0,0,0,287900,1116400,1404300,RESIDENTIAL A,2,NA
91023031,0,0,1725.94191,167.7314462,47.96151117,48.19544312,86.94118415,107.6841246,92.42320495,62.73787331,60.36835815,58.76336844,49.62152574,1161.5345586,13.9658160357,0,0,0,0,0,0,0,168400,561000,729400,RESIDENTIAL,2,NA
91023032,0,0,447.0777817,85.0696698,31.52960486,31.81750531,66.59846067,88.1075334,72.31440765,44.77717854,43.80036893,42.11524453,40.45703077,1161.43725908,14.0487516269,0,0,0,0,0,0,0,495200,1328100,1823300,RESIDENTIAL A,1,NA
91023033,0,0,2994.754265,235.3650177,85.36508294,85.65318787,100.0505966,115.8433181,104.0155767,98.39324266,97.59801207,95.83804339,2.993858309,591.595511637,0,0,0,0,0,0,0,60.6712600423,329200,641400,970600,RESIDENTIAL,1,NA
91023034,0,0,1882.681511,193.3190091,85.55676493,85.75412626,114.2946333,132.1537905,118.9190283,100.5029675,97.98278324,96.29026089,8.948213494,589.809723975,0,0,0,0,0,0,0,61.8780299754,88400,640700,729100,RESIDENTIAL,1,NA
91023035,0,0,2968.87471,232.5189023,96.16209416,96.29812574,128.5552843,146.316966,133.1594364,112.8995421,109.2565153,106.8713725,5.056717104,588.876015498,0,0,0,0,0,0,0,0,687500,640100,1327600,RESIDENTIAL A,1,NA
91023036,0,0,688.822998,106.6467351,125.8191128,126.0217636,146.9125388,191.8915833,178.5710657,151.7711097,145.2561359,109.1461837,0,587.670049844,0,0,0,0,0,0,0,513.265429354,151700,638900,790600,RESIDENTIAL,1,NA
91023037,0,0,2035.951004,182.7432878,95.74192147,95.93682318,121.5413419,170.8578857,156.5361421,123.9304657,116.6901555,108.2961905,15.73685171,582.011992216,0,0,0,0,0,0,0,0,72800,638900,711700,RESIDENTIAL,1,NA
91023038,0,0,1970.99128,197.8726681,137.7665731,137.9055527,152.7428076,209.0799466,195.8805585,168.6283522,161.6687152,84.10723352,0,585.797398802,0,0,0,0,0,0,0,170.935126763,243400,638600,882000,RESIDENTIAL,1,NA
91023039,0,0,476.9375229,90.2344231,127.9988422,128.0483642,139.0710273,216.9667927,203.0153591,169.7424257,161.3342676,86.19129283,0,583.354576826,0,0,0,0,0,0,0,563.242177097,120400,637600,758000,RESIDENTIAL,1,NA
91023040,0,0,1569.126869,159.2789166,141.7741724,141.7671108,148.6019513,237.503565,223.6435576,189.9627018,181.1830813,58.28512988,0,579.158528201,0,0,0,0,0,0,0,522.563977734,143800,637000,780800,RESIDENTIAL,1,NA
91023041,0,0,1287.254951,148.0275635,114.6380187,114.0624869,116.6975649,243.8422431,228.7308707,184.4661226,173.3259112,74.40487814,0,564.507093263,0,0,0,0,0,0,0,285.099807603,141000,607000,748000,RESIDENTIAL,1,NA
91023042,0,0,1264.042091,142.4910888,140.5415329,140.259578,144.2837162,248.9095965,234.6588681,197.4827796,187.8205518,52.19853053,0,578.203516811,0,0,0,0,0,0,0,461.601854363,85300,636700,722000,RESIDENTIAL,1,NA
91023043,21.31357906,-157.9972272,153.0018234,53.30165445,131.7482398,127.7817348,131.566236,274.2958072,259.262904,214.2903896,202.7530403,62.03008144,0,572.536868337,0,0,0,0,0,0,0,569.852034537,67400,634900,702300,RESIDENTIAL,1,NA
91023044,0,0,1399.103363,151.7423884,98.77748996,93.48460114,98.60272429,267.645152,251.8325793,199.7355045,186.7992437,81.76763135,0,570.658041549,0,0,0,0,0,0,0,142.726003592,92200,627900,720100,RESIDENTIAL,1,NA
91023045,0,0,2374.131119,197.5231536,105.6476511,100.087682,108.0958812,283.6219474,267.8249806,215.5772545,202.5384777,71.43139089,0,626.509221651,0,0,0,0,0,0,0,141.475239242,122300,652300,774600,RESIDENTIAL,1,NA
91023046,0,0,2245.60054,226.5198071,100.5809042,98.6704299,109.014355,300.7801483,284.7642253,229.6372721,215.9981199,72.02378014,3.353860363,567.634112012,0,0,0,0,0,0,0,7.84726070809,159200,633300,792500,RESIDENTIAL,1,NA
91023047,0,0,3095.582062,240.2846001,103.8059808,103.9021735,117.4747362,312.6139989,296.5885871,241.1831004,227.4624096,65.55479498,0.459357208,565.734452176,0,0,0,0,0,0,0,9.14941165318,116300,632700,749000,RESIDENTIAL,1,NA
91023048,0,0,905.4013214,122.6417368,126.5261486,126.7218003,144.8272175,334.8575023,319.0372377,265.7454296,252.3473816,62.06624128,0,563.767561051,0,0,0,0,0,0,0,145.302145079,103800,632100,735900,RESIDENTIAL,1,NA
91023049,0,0,859.7292938,123.112899,107.7020672,107.842829,145.1929566,347.415078,331.3727302,275.3708617,261.474059,81.88177335,0.971314785,561.977257018,0,0,0,0,0,0,0,106.013009084,80200,631500,711700,RESIDENTIAL,1,NA
91023050,0,0,3253.556877,280.8375116,142.8290551,142.7644982,175.1329589,367.3920162,351.6434471,298.7462492,285.3473121,40.52771756,0,560.50624671,0,0,0,0,0,0,0,479.740682432,305200,630800,936000,RESIDENTIAL,1,NA
91023051,0,0,1085.004158,134.2122976,155.0904234,154.5598614,194.8996529,386.6150527,370.9455606,318.6583243,305.3306771,55.88725915,0,555.277969208,0,0,0,0,0,0,0,422.206471532,109700,623000,732700,RESIDENTIAL,1,NA
91023052,0,0,1876.214706,222.2499385,108.5035205,108.2097944,175.8869172,388.435656,372.2528955,314.0849734,299.7866171,94.1974391,0,557.242907969,0,0,0,0,0,0,0,93.2547669928,98100,629900,728000,RESIDENTIAL,1,NA
91023053,0,0,1098.771912,144.2336786,114.3445698,114.5359446,191.9111789,404.447687,388.2872312,330.3293627,316.046804,103.2798839,0.89094712,554.388863261,0,0,0,0,0,0,0,71.4197528631,213200,629000,842200,RESIDENTIAL,1,NA
91023054,0,0,1350.111023,153.406234,150.0609556,150.3937504,215.61172440000001,416.4822252,400.6367641,346.3097602,332.5888717,84.48803714,0,554.375747081,0,0,0,0,0,0,0,518.82741868,364600,629000,993600,RESIDENTIAL,1,NA
91023055,0,0,874.7633133,118.4826569,153.9824649,154.4022771,228.1523549,429.817549,413.9770283,359.6103888,345.8667708,95.78204315,0,551.513750728,0,0,0,0,0,0,0,521.103941745,59200,621800,681000,RESIDENTIAL,1,NA
91023056,0,0,1466.962479,168.7904938,150.3571092,150.8183619,239.4487967,444.9597841,429.0372928,373.7023319,359.7862199,110.9835655,0,551.544362346,0,0,0,0,0,0,0,344.03894958,103900,628100,732000,RESIDENTIAL,1,NA
91023057,0,0,902.0132141,120.6990323,122.9932126,123.8350311,236.6656544,451.6476546,435.4823749,377.2188363,362.8534765,133.2608922,8.461238237,548.510772985,0,0,0,0,0,0,0,0,347600,627100,974700,RESIDENTIAL,1,NA
91023058,0,0,1194.406517,138.3062425,136.6533292,137.8143618,258.5063373,471.6581584,455.5591523,398.0554717,383.7864943,109.5294165,0,547.082964808,0,0,0,0,0,0,0,253.483765883,89000,626500,715500,RESIDENTIAL,1,NA
91023059,0,0,1346.782822,147.3406425,147.9185139,148.5405163,277.3117036,489.1503222,473.1046275,388.9427928,388.9427928,89.99039539,0,546.542039002,0,0,0,0,0,0,0,384.038423557,131400,626500,757900,RESIDENTIAL,1,NA
91023060,0,0,2095.441795,190.5957239,142.4898888,143.1661085,287.4545659,501.9147739,485.8068437,375.5237181,375.5237181,80.49884221,0,540.02095402,0,0,0,0,0,0,0,156.776405008,464700,624400,1089100,RESIDENTIAL A,1,NA
91023061,0,0,1959.687492,216.7563606,137.7360987,138.6336729,298.4041911,515.0704607,498.9113175,362.9796497,362.9796497,75.14733887,1.786521271,540.022077941,0,0,0,0,0,0,0,45.0715638284,160800,624400,785200,RESIDENTIAL,1,NA
91023062,0,0,1520.922035,159.5114141,143.3877318,144.5082528,317.0996386,533.8494516,517.6999026,350.8958004,350.8958004,72.04346788,1.213986869,539.992119599,0,0,0,0,0,0,0,96.7087840898,148000,624400,772400,RESIDENTIAL,1,NA
91023063,0,0,799.3134766,113.6962267,132.4336478,133.6278338,322.9190626,542.4696109,526.2478131,354.0460765,354.0460765,88.56270881,20.27604163,553.621948007,0,0,0,0,0,0,0,12.0380690737,97300,624400,721700,RESIDENTIAL,1,NA
91023064,0,0,1567.922668,158.8476648,143.7331618,145.0641042,343.0512246,561.5187741,545.3359047,325.8741882,325.8741882,70.39251934,11.35316856,588.568867183,0,0,0,0,0,0,0,5.02083268411,101200,640100,741300,RESIDENTIAL,1,NA
91023065,0,0,2792.351288,225.428884,135.7662456,136.9082662,354.7106095,575.4674064,559.2270226,312.3050264,312.3050264,66.77953975,2.201342947,1226.08202781,0,0,0,0,0,0,0,74.482552639,175400,787300,962700,RESIDENTIAL,1,NA
91023073,0,0,2819.866463,263.85157,48.74805204,49.81056672,334.66773,565.9940115,549.5479335,366.3273083,366.0329589,139.031391,75.17231704,575.950522943,0,0,0,0,0,0,0,0,302900,629600,932500,RESIDENTIAL,1,NA
91023074,0,0,1025.076851,128.3699551,151.8133159,151.5558639,203.9818518,401.0390917,385.2627665,331.773014,318.2138911,72.20467402,0,555.302441546,0,0,0,0,0,0,0,552.336847959,89800,629300,719100,RESIDENTIAL,1,NA
91023075,0,0,674.5617218,104.2383878,118.0132503,117.525718,169.1805737,375.6420289,359.5701161,302.9566257,288.9157644,87.52293692,0,560.943313763,0,0,0,0,0,0,0,178.017059267,72000,624800,696800,RESIDENTIAL,2,NA
91023076,0,0,2622.070503,230.0832401,103.1275565,103.6118847,212.6434734,431.2708571,415.0041452,355.3703102,340.8268697,126.3560624,6.118601176,549.653735759,0,0,0,0,0,0,0,0,135300,627500,762800,RESIDENTIAL,1,NA
91023077,0,0,1233.675629,144.4383591,114.9119542,115.9992873,303.3313848,525.2834295,508.9931079,370.3299919,370.3299919,101.6801973,30.89742526,538.009597114,0,0,0,0,0,0,0,0,100500,623700,724200,RESIDENTIAL,3,NA
91023078,0,0,2076.103043,186.5642685,106.2202582,106.895992,272.3369065,494.412691,478.1068798,395.3019802,395.3019802,114.0101324,19.75386544,545.660558699,0,0,0,0,0,0,0,0,107300,626200,733500,RESIDENTIAL,1,NA
91023079,0,0,2673.258904,230.8897301,130.3968041,130.5340994,155.4224351,170.9012523,159.3807207,146.418508,143.358815,125.76891,0,588.7489847,0,0,0,0,0,0,0,326.164975386,415300,640100,1055400,RESIDENTIAL A,1,NA
91023080,0,0,2716.4132,223.8808038,106.1831001,106.5893778,200.0008483,416.3992608,400.1673907,341.1347797,326.6851507,113.0212874,2.861285534,553.353498594,0,0,0,0,0,0,0,39.3738154916,152700,622400,775100,RESIDENTIAL,1,NA
91023081,0,0,1177.915482,151.218511,110.5446605,111.7469063,246.4443643,465.8372954,449.5776588,389.9164299,375.3496042,128.5141807,16.0153652,546.166008444,0,0,0,0,0,0,0,0,98900,626500,725400,RESIDENTIAL,1,NA
91023082,0,0,1883.676201,192.986169,102.2571495,103.5874533,328.8475963,553.5735287,537.2274415,352.0376967,351.7558905,107.522378,44.6533736,588.602231262,0,0,0,0,0,0,0,0,137600,640100,777700,RESIDENTIAL,1,NA
91023083,0,0,1801.877396,179.0322344,149.1023563,149.2351634,171.0880849,355.8962701,340.300627,289.0649966,275.9890098,36.02149876,0,561.926797285,0,0,0,0,0,0,0,540.6377556,120800,631400,752200,RESIDENTIAL,1,NA
91023084,0,0,3995.333054,282.0439607,136.0411527,136.8964313,244.3728389,456.0188269,439.943496,382.8001103,368.5955555,106.87164,0,548.521606085,0,0,0,0,0,0,0,62.1688317173,140300,595800,736100,RESIDENTIAL,1,NA
91023085,0,0,748.9463501,109.4675828,112.8780353,112.8782709,121.0594761,220.5008064,205.7954532,166.1868518,156.327807,87.44272828,0,579.175479945,0,0,0,0,0,0,0,373.372694741,113400,637000,750400,RESIDENTIAL,1,NA
91023086,0,0,1416.305901,150.5374719,92.93818118,92.98464413,105.519527,198.2626338,183.187352,141.4747197,131.4915179,107.8875774,0,578.645822079,0,0,0,0,0,0,0,343.057844131,67800,637600,705400,RESIDENTIAL,1,NA
91023087,0,0,1587.016808,159.947447,98.50488432,95.52183779,98.53397611,253.2941957,237.618079,187.4034669,174.9310907,85.60840453,0.190403882,574.440323096,0,0,0,0,0,0,0,209.55724058,120800,629100,749900,RESIDENTIAL,1,NA
91023088,0,0,846.632782,138.0810662,142.2882851,136.7411834,142.1017265,290.9317329,275.8700105,230.6646792,218.9956932,38.67264296,0,572.535427205,0,0,0,0,0,0,0,286.883433749,272900,634900,907800,RESIDENTIAL,1,NA
91023089,0,0,2378.641151,199.5914877,58.57423681,58.81256094,83.52924533,161.8911474,146.0295257,98.07295589,87.45805932,74.54386829,32.5961399,519.378727879,0,0,0,0,0,0,0,0,348200,617900,966100,RESIDENTIAL,1,NA
91023091,0,0,1629.751274,169.5407944,142.7998784,143.0878854,151.5420691,163.3999703,154.4483989,155.8508103,155.0504442,152.7834142,0,593.479949737,0,0,0,0,0,0,0,181.288610882,129900,641300,771200,RESIDENTIAL,1,NA
91023092,0,0,2554.840225,209.5631152,146.7048515,145.3719257,154.7889619,327.3154328,311.8992615,262.7739746,250.1734988,27.67150981,0,565.734079423,0,0,0,0,0,0,0,483.719193166,105200,632700,737900,RESIDENTIAL,1,NA
91023093,0,0,2737.813293,236.3746333,142.2048009,142.3942234,157.4272841,339.3375907,323.7401507,272.6963041,259.697762,27.92295658,0,563.797578403,0,0,0,0,0,0,0,518.773615548,163600,632100,795700,RESIDENTIAL,1,NA
91023094,0,0,3805.373825,303.9829136,132.4157244,126.5084065,133.0921237,293.9365044,278.5705052,230.5270085,218.270414,27.52269833,0,626.520167363,0,0,0,0,0,0,0,477.932577553,136600,652300,788900,RESIDENTIAL,1,NA
91023095,0,0,1434.305809,204.1625642,137.3796488,137.6300129,152.4535506,166.0110488,155.8505056,151.0504262,149.7265998,138.5230579,0,591.609492613,0,0,0,0,0,0,0,524.875460458,76900,640700,717600,RESIDENTIAL,1,NA
91023096,0,0,2781.122368,235.7845276,142.7436106,137.6643154,145.7501966,311.8372966,296.4856437,248.2259484,235.8493536,27.39981106,0,567.611928289,0,0,0,0,0,0,0,385.071531258,170300,633300,803600,RESIDENTIAL,1,NA
91023097,0,0,1296.645241,147.4513648,138.647316,137.7424001,139.9923232,261.0540358,246.4343969,205.8410103,195.3352737,46.68674103,0,578.179270272,0,0,0,0,0,0,0,546.702034685,106400,636700,743100,RESIDENTIAL,1,NA
91023098,0,0,1137.820358,136.5671378,116.7175651,116.525282,157.6750345,361.5966276,345.5495553,289.3599897,275.4084658,77.46484293,0,559.60682071,0,0,0,0,0,0,0,268.084119579,64900,630800,695700,RESIDENTIAL,1,NA
91023099,0,0,1198.032501,141.9910079,94.09185714,94.29437159,131.6093229,160.1367697,146.1009802,117.1253664,111.0636643,105.3370626,19.2786483,585.711609956,0,0,0,0,0,0,0,0,75800,639500,715300,RESIDENTIAL,1,NA
91023100,0,0,2030.118988,210.3118846,138.7523224,138.9404091,168.3211879,186.8848196,174.9658531,157.9393634,153.6243788,108.8419339,0,587.642994502,0,0,0,0,0,0,0,465.384700063,147400,639500,786900,RESIDENTIAL,1,NA
91023101,0,0,1386.233688,151.7136797,100.1974049,100.3742987,118.3191937,187.3803152,172.7838249,136.2709451,127.6993881,112.2837044,1.308141971,580.104530912,0,0,0,0,0,0,0,23.4337947207,119500,637900,757400,RESIDENTIAL,1,NA
91023102,0,0,446.9645767,84.57884859,99.39026241,100.2637555,282.7729718,506.7116202,490.3696103,398.6720389,398.6720389,128.0946565,40.68180599,541.874771146,0,0,0,0,0,0,0,0,77900,625000,702900,RESIDENTIAL,1,NA
91023103,0,0,939.1528473,124.5894926,101.7140649,102.9748286,316.2439716,541.066791,524.7154954,366.3140638,366.1472657,114.0523781,47.80726719,574.324317553,0,0,0,0,0,0,0,0,145600,622500,768100,RESIDENTIAL,1,NA
91023104,0,0,2620.817589,292.1802805,89.71235571,89.3273686,93.4060483,225.2997342,209.7780931,161.5487532,149.7270341,88.74106543,0,584.308742943,0,0,0,0,0,0,0,67.5422619529,287700,632300,920000,RESIDENTIAL,1,NA
91023105,0,0,1353.602654,149.8188848,110.1929078,110.796253,258.7255449,479.0852306,462.8110943,402.8794441,388.2707735,123.4704548,20.64259447,542.809732643,0,0,0,0,0,0,0,0,59700,625300,685000,RESIDENTIAL,1,NA
91023106,0,0,956.0010071,130.2708352,37.84043731,37.29880374,38.69037212,228.1113095,211.7038374,150.725016,136.2716768,114.9342171,54.40334328,1159.61727608,0,0,0,0,0,0,0,0,292000,1327600,1619600,RESIDENTIAL A,1,NA
91023107,0,0,1520.724434,171.2024195,58.96046567,59.07915397,85.11647471,303.9675168,287.573475,226.1439375,211.4646253,117.269326,47.81967867,1252.58882058,0,0,0,0,0,0,0,0,266800,1358800,1625600,RESIDENTIAL A,1,NA
91024001,0,0,870.9237366,118.7246706,50.09169324,49.52761075,64.50558455,82.74759024,69.13428021,63.23296014,62.30917706,61.06202988,38.43950925,1160.45600305,14.1605694615,0,0,0,0,0,0,0,226300,1328200,1554500,RESIDENTIAL A,1,NA
91024002,0,0,905.6864243,121.7059635,42.74564087,41.22547768,50.19444643,67.27861524,54.36610242,56.56609181,56.00781749,54.40203297,36.81051146,1159.08975697,14.6483991123,0,0,0,0,0,0,0,93700,1328200,1421900,RESIDENTIAL A,1,NA
91024003,0,0,1433.073967,156.2605952,47.93705429,47.88777899,51.95251436,65.02049223,54.81936211,64.9843339,64.19374591,62.8379342,21.64866234,1158.86864484,15.5345937398,0,0,0,0,0,0,0,881800,1328100,2209900,RESIDENTIAL A,1,NA
91024004,0,0,1450.227272,152.8524926,46.27295486,46.13794259,47.37102069,52.90724212,47.83057026,64.25363543,63.54125903,61.90186118,22.17836015,1159.08828093,16.867355832,0.00168610538482,0,0,0,0,0,0,984800,1328200,2313000,RESIDENTIAL,1,NA
91024005,0,0,999.4944839,126.9636707,49.79897384,49.2224823,50.36395138,52.60000378,50.49784838,67.08321323,66.10868459,64.65780231,15.33055325,1159.09933308,18.4180988668,2.01477402882,0,1.75999166063,0,0,0,0,242900,1461000,1703900,RESIDENTIAL,1,NA
91024006,0,0,1109.363243,133.984259,47.8511418,46.58682658,47.5884134,48.14410822,47.46871121,63.69757263,62.99236901,61.32145953,14.70352779,1158.8667893,19.9068250604,5.57244261774,0.867848943233,9.32008287284,0,0,0,0,411000,1328100,1739100,RESIDENTIAL,1,NA
91024007,0,0,1432.071564,152.3457471,12.0249295,10.66255734,11.53062883,11.79732456,11.12734904,27.38001102,26.41430436,24.92743131,23.07247491,1159.08642495,21.2563766732,8.93242804742,5.7953720934,16.9135895542,0,0,0,0,257900,1447700,1705600,RESIDENTIAL,1,NA
91024008,0,0,1161.718025,136.9216202,10.60574682,9.149795989,9.849020423,9.948931821,9.118555713,24.04909093,23.06621649,21.60833882,19.93452219,1159.09396959,22.8300575421,12.7912987773,12.0651006947,25.6453149897,0,0,0,0,340500,1261800,1602300,RESIDENTIAL A,1,NA
91024009,0,0,1361.534851,185.2466406,8.316219482,6.692477089,7.162440512,6.999613064,5.809999167,21.86251497,21.00976573,19.40499015,17.73929,1158.86531341,24.6154657137,17.1810086385,19.397816894,35.9458619856,0,0,0,0,271200,1460900,1732100,RESIDENTIAL,1,NA
91024010,0,0,1584.178596,169.231883,7.065110108,5.320473457,5.637092134,5.263740609,3.789442057,20.21268044,19.29896081,17.90580824,16.24532072,1159.08494894,27.1889096238,23.2023312028,29.7349441053,50.6038853774,0,0,0,0,212400,1328200,1540600,RESIDENTIAL,1,NA
91024011,0,0,1329.715561,155.7723272,51.93444973,50.04474266,50.13870845,49.46075701,47.74338532,64.43559699,63.50556013,62.22310063,11.24471297,1159.09249324,30.6119527882,31.1187276298,43.4223105577,70.0632004494,0,0,0,0,324100,1461000,1785100,RESIDENTIAL,1,NA
91024012,0,0,701.5119858,106.445836,14.83261645,12.64048327,12.35713273,11.219395,9.138450382,26.26914189,25.3057496,23.81616815,22.25906745,659.694648285,31.3121288289,36.7280361641,54.1228771725,84.4159908473,0,0,0,0,131100,1102200,1233300,RESIDENTIAL A,1,NA
91024013,0,0,3158.240387,266.1681412,3.080474846,0.444599957,0,0,0,12.47445834,11.52095443,10.06803881,8.691826643,659.815445097,29.3547662285,39.1142021828,61.8965037759,97.5966323156,0,0,0,0,125900,1125400,1251300,RESIDENTIAL A,1,2030
91024014,0,0,1474.033203,165.8334376,46.27814754,43.61947699,42.59718302,40.55113746,37.54774697,55.364435,54.39080604,52.96150751,22.04357106,1159.0924934,26.0254886275,41.1622772884,71.5974275128,116.404592884,0,0,0,0,235700,1328200,1563900,RESIDENTIAL,1,NA
91024015,0,0,758.9323425,114.2193182,21.98596282,19.12874552,17.95740133,15.75493737,12.61068579,30.89047871,29.9175265,28.50894003,18.39168431,1158.85644237,27.9247313471,45.3853014432,78.5028086363,125.973858814,0,0,0,0,190700,1328100,1518800,RESIDENTIAL A,1,NA
91024016,0,0,1609.590546,174.8459441,18.80515207,15.92995255,14.73522526,12.50497678,9.334641827,27.59863531,26.80173726,25.16288193,0.684948768,1159.09249325,32.6197242109,50.9090107575,84.9702671122,133.366261492,0,0,0,0.34497270494,353100,1328200,1681300,RESIDENTIAL A,1,NA
91024017,0,0,1415.75692,156.9982807,48.72958276,45.86392266,44.68686308,42.47323404,39.31983861,57.45932895,56.48706009,55.09876226,0,1159.09249304,35.8983539621,53.9212115468,87.7378335645,135.879314769,0,0,0,415.714519997,208200,1328200,1536400,RESIDENTIAL A,1,NA
91024018,0,0,526.3259735,91.87278124,36.70385629,33.944167,32.86250185,30.76961481,27.75162941,46.5882878,45.5098279,43.95772722,0.238828796,2320.66991251,78.1433365423,112.701862896,178.81835428,273.588893573,0,0,0,458.962798327,418600,1718800,2137400,RESIDENTIAL,1,NA
91024020,0,0,1133.817482,135.9703011,8.394719148,5.643019062,4.571817781,2.492650773,0,20.1151335,19.25083936,17.64481828,14.8842783,1161.28082332,43.0113473187,59.8740984976,92.503740271,139.549157541,0,0,0,14.3417053586,225400,1328100,1553500,RESIDENTIAL A,1,2100
91024021,0,0,1011.82589,127.2369053,33.27272134,30.47305656,29.39287682,27.28979723,24.24665262,45.99298986,45.21779863,43.50439086,15.1695452,1161.2843501,42.6701697912,59.200022366,91.3583456583,137.874776546,0,0,0,52.8493832861,216800,1328100,1544900,RESIDENTIAL,1,NA
91024022,0,0,2040.694176,204.9769612,5.992826899,3.195257812,2.117371215,0.016449223,0,18.61319723,17.64795386,16.33651537,14.40602879,1161.27713069,42.5536365591,59.0287804633,91.1032582973,137.504408789,0,0,0,111.15180101,235800,1328100,1563900,RESIDENTIAL A,1,2075
91024023,0,0,973.3768387,124.8026625,51.27690815,48.46993732,47.37465368,45.25435972,42.19361137,63.92630614,62.96978506,61.44575335,0,463.808909371,0,0,0,0,0,0,0,130.874384169,59900,600000,659900,RESIDENTIAL,1,NA
91024024,0,0,964.2464752,127.0040798,10.89617621,8.00506228,6.784307346,4.525515043,1.325320828,23.41242455,22.4261702,21.17658147,19.184254,692.750312134,43.5289647676,61.4909400683,95.2109171825,143.285803761,0,0,0,55.4834110664,91700,1125000,1216700,RESIDENTIAL A,1,2100
91024025,0,0,2171.633949,205.7447343,3.394120001,0.485563524,0,0,0,15.2384388,14.46317266,12.91271929,10.845755,697.50712679,44.5179566197,63.9667972747,99.3635096768,149.130405742,0,0,0,34.2390237153,109300,1136700,1246000,RESIDENTIAL A,1,2030
91024026,0,0,491.1818161,97.28604044,53.90981231,50.85749465,49.4029381,46.86213983,43.37400434,64.7023541,63.72011876,62.38265195,0,1161.27554714,45.8614346935,67.2261533068,104.889320569,156.938668279,0,0,0,170.745179287,524200,1328100,1852300,RESIDENTIAL,1,NA
91024027,0,0,2526.194977,219.7259226,8.013380528,4.728480488,2.958696855,0.038387905,0,19.68360865,18.68833627,17.20384196,13.35061522,2322.55832451,97.072764197,146.745550965,230.85894943,343.831531759,0,0,0,521.041235682,467000,1890600,2357600,RESIDENTIAL,1,2075
91024029,0,0,2899.812668,243.6876914,13.68379211,10.27845573,8.354575056,5.234368057,1.173042138,25.29316925,24.55493812,23.34132581,1.054479635,1161.27308426,51.3053670854,79.8911550991,126.616712843,187.759101742,0,0,0,349.84622637,173900,1261700,1435600,RESIDENTIAL,1,2100
91024030,0,0,2976.541374,246.3718089,87.87013518,84.44446003,82.48272264,79.30682682,75.17689121,99.49376605,98.58464419,97.20599491,0.028620058,603.881045623,0,0,0,0,0,0,0,48.4938635084,286700,645000,931700,RESIDENTIAL,1,NA
91024031,0,0,3253.905174,254.8711269,134.2734206,130.8192086,128.8106154,125.5730967,121.3734151,145.8267112,144.9754521,143.538264,0,650.333533781,0,0,0,0,0,0,0,161.588753971,350000,660000,1010000,RESIDENTIAL,1,NA
91024032,0,0,1227.030449,140.3838925,92.45724904,89.11804536,87.29196781,84.28553428,80.32853506,104.364493,103.3880378,101.9900926,0,1254.22684539,0,0,0,0,0,0,0,329.375427463,232700,812300,1045000,RESIDENTIAL,2,NA
91024034,0,0,2741.77932,246.2474424,89.14645347,85.91190495,84.19933978,81.3382838,77.54396632,99.849822,98.86819962,97.5415353,0,696.789105402,0,0,0,0,0,0,0,93.3828319145,107700,544600,652300,RESIDENTIAL,2,NA
91024035,0,0,1113.385277,139.5288526,144.783744,141.4865384,139.6869294,136.7097467,132.800856,155.9465594,154.9677358,153.6666556,0,557.42936953,0,0,0,0,0,0,0,424.420261042,68100,630000,698100,RESIDENTIAL,1,NA
91024036,0,0,1763.492989,176.6244308,87.04197294,84.03113301,82.6322218,80.1599278,76.73553288,98.1686627,97.17814444,95.85041773,0,603.886380732,0,0,0,0,0,0,0,452.973619229,92900,645000,737900,RESIDENTIAL,1,NA
91024037,0,0,2353.442238,208.5383766,136.6173347,133.5394643,132.0443265,129.4408947,125.8305772,147.2782229,146.3826305,144.9349441,0,650.336289375,0,0,0,0,0,0,0,297.475480991,162600,660000,822600,RESIDENTIAL,1,NA
91024038,0,0,2835.822998,243.6387608,85.0660796,82.08530337,80.72972792,78.30845726,74.93918667,96.58005066,95.66839722,94.03470347,0,603.882527935,0,0,0,0,0,0,0,144.600412469,325200,645000,970200,RESIDENTIAL,1,NA
91024039,0,0,585.4243546,96.8208399,123.3376341,120.359679,119.0059688,116.5835907,113.2096337,134.8562675,133.8721083,132.2992998,0.797189052,650.334245882,0,0,0,0,0,0,0,136.16208162,112600,660000,772600,RESIDENTIAL,1,NA
91024040,0,0,943.4373169,124.0512047,107.8438696,104.9737189,103.7828686,101.5531817,98.3782303,120.5324432,119.5480457,118.0750467,0.501053439,603.886381067,0,0,0,0,0,0,0,95.3862135377,96300,645000,741300,RESIDENTIAL,1,NA
91024041,0,0,1137.792183,137.7834524,129.4141939,126.5286414,125.3132864,123.0558897,119.8523474,141.8079284,140.9175033,139.2627821,0,650.33963443,0,0,0,0,0,0,0,536.558800555,62800,660000,722800,RESIDENTIAL,1,NA
91024042,0,0,2442.532707,202.8181616,87.89134507,85.08947374,84.00184375,81.88956822,78.83654318,100.552676,99.58624758,98.10740473,3.2288036,603.884632512,0,0,0,0,0,0,0,3.95987459353,265800,645000,910800,RESIDENTIAL,1,NA
91024043,0,0,1166.131653,151.9130357,143.9607761,141.1606232,140.0753114,137.9650949,134.9136521,156.6313391,155.6651829,154.181179,5.248469529,650.33572796,0,0,0,0,0,0,0,72.1026255598,166000,660000,826000,RESIDENTIAL,1,NA
91024044,0,0,1107.690422,134.9788232,90.5595136,87.7609257,86.68259412,84.58080609,81.53915198,103.1612733,102.1937786,100.5603583,2.283802248,603.886736993,0,0,0,0,0,0,0,0.981092269174,76800,645000,721800,RESIDENTIAL,1,NA
91024045,0,0,1151.544411,144.3542908,148.0883541,145.2905629,144.2125801,142.111471,139.0708,160.7050562,159.7393539,158.1449911,3.417089193,650.337980705,0,0,0,0,0,0,0,26.5054540803,148000,660000,808000,RESIDENTIAL,1,NA
91024046,0,0,1192.652893,167.2533117,90.63512345,87.83461408,86.75332221,84.6492791,81.60492207,103.3410284,102.4435814,100.7012884,0,603.884087523,0,0,0,0,0,0,0,249.96186848,103100,645000,748100,RESIDENTIAL,1,NA
91024047,0,0,2066.456894,194.0809833,136.3208718,133.5211783,132.4409136,130.3377884,127.2945969,149.0001211,148.1449908,146.3926432,7.545272902,650.33708021,0,0,0,0,0,0,0,9.601097796,161500,660000,821500,RESIDENTIAL,1,NA
91024048,0,0,879.4181442,119.1362676,90.80364441,88.01158589,86.93309895,84.8347463,81.79923567,103.3915799,102.8084178,101.0626224,0,603.88647052,0,0,0,0,0,0,0,526.259349724,64900,645000,709900,RESIDENTIAL,1,NA
91024049,0,0,2357.269333,197.2925318,123.9008968,121.1000376,120.0183591,117.9135662,114.868142,136.7256321,136.0663258,134.3021886,1.704965447,650.33608412,0,0,0,0,0,0,0,0,306200,660000,966200,RESIDENTIAL,1,NA
91024050,0,0,864.4140701,118.4320674,91.65274649,88.90519618,87.83927261,85.76675911,82.76898984,102.54091,101.5736724,100.0594721,0,603.888574839,0,0,0,0,0,0,0,241.536608485,198200,645000,843200,RESIDENTIAL,1,NA
91024051,0,0,2039.725822,189.3150086,139.6159259,136.8375512,135.7641779,133.6759196,130.6553622,151.9236086,150.9589454,149.2705567,16.69091334,650.340233441,0,0,0,0,0,0,0,0,79100,660000,739100,RESIDENTIAL,1,NA
91024052,0,0,608.6506348,99.04500407,150.8472924,148.0009353,146.8566509,144.6748815,141.5527878,159.5795299,158.6111873,157.1974454,22.19818316,650.332508176,0,0,0,0,0,0,0,0,109300,660000,769300,RESIDENTIAL,1,NA
91024053,0,0,2177.193527,248.0388327,86.5795842,83.74399518,82.61693588,80.42914585,77.28917053,95.38304061,94.41209268,92.96048784,0,602.814815946,0,0,0,0,0,0,0,65.5285467034,0,644800,644800,RESIDENTIAL,1,NA
91024054,0,0,1218.54895,141.9364603,96.83925807,93.97477844,92.79954027,90.58745107,87.43533513,105.5666563,104.5973137,103.2356878,2.401506228,625.916074717,0,0,0,0,0,0,0,26.7921339623,306600,645600,952200,RESIDENTIAL,2,NA
91024055,0,0,3018.2668,260.5309561,97.22497344,94.34996086,93.15552929,90.92545785,87.75521525,105.9897591,105.0473558,103.5257662,8.231137672,622.129811855,0,0,0,0,0,0,0,0,111300,644400,755700,RESIDENTIAL,1,NA
91024056,0,0,1289.480255,143.911152,113.0215709,110.153779,108.9640569,106.7372768,103.5649152,121.7430642,120.9808073,119.5107524,0,696.89115419,0,0,0,0,0,0,0,163.366387716,702100,675100,1377200,RESIDENTIAL,1,NA
91024058,0,0,3304.900955,279.4910254,88.7780053,86.56369017,86.20379119,84.91371413,82.60679964,99.74337631,98.79803645,97.27084299,0,618.350250598,0,0,0,0,0,0,0,124.702751819,115800,649700,765500,RESIDENTIAL,1,NA
91024059,0,0,2084.499245,188.0834097,91.00983525,88.97809734,88.87049852,87.90316525,85.9202169,102.9937039,102.0295292,100.5439702,0,615.425499339,0,0,0,0,0,0,0,262.493489779,71100,648800,719900,RESIDENTIAL,1,NA
91024060,0,0,2516.225952,223.977134,134.210072,132.3705241,132.535649,131.9701347,130.4105723,147.0028338,145.8925535,144.6517886,9.959718799,613.589228593,0,0,0,0,0,0,0,0,277100,648100,925200,RESIDENTIAL,1,NA
91024061,0,0,2889.702812,267.2926878,126.0461475,124.2702037,124.5199313,124.0320706,122.5526553,139.0308122,137.9983665,136.7133514,0,611.715736542,0,0,0,0,0,0,0,103.05855189,138600,647500,786100,RESIDENTIAL,1,NA
91024062,0,0,1842.666588,209.9383946,83.15179145,81.5773206,82.08356971,81.94923259,80.8617052,96.38312862,95.42921827,94.03278654,0,609.73887729,0,0,0,0,0,0,0,229.596106862,279800,646900,926700,RESIDENTIAL,2,NA
91024063,0,0,1425.220467,172.7799553,134.8495668,133.4921539,134.3415449,134.5864527,133.8935123,149.4327499,148.5833327,146.9408245,0,607.917267468,0,0,0,0,0,0,0,294.104680175,87600,646300,733900,RESIDENTIAL,1,NA
91024064,0,0,781.7799225,112.7897769,106.8587937,105.4977921,106.3617574,106.619976,105.943501,122.1124731,121.1479869,119.6572372,0,605.810741973,0,0,0,0,0,0,0,593.129572218,129200,645600,774800,RESIDENTIAL,1,NA
91024065,0,0,2283.424751,251.8163208,84.36050555,83.07699109,84.04968052,84.44878178,83.85720248,99.99658311,99.29351755,97.62520167,0,650.394331093,0,0,0,0,0,0,0,488.366629962,226000,660100,886100,RESIDENTIAL,1,NA
91024066,0,0,2686.730453,277.4070637,112.9422156,112.5149746,113.6654439,115.3146822,113.7853,130.3759089,129.4025471,127.9412521,0.714515682,733.927908805,0,0,0,0,0,0,0,37.6304662121,228800,687000,915800,RESIDENTIAL,1,NA
91024067,0,0,4844.628433,338.8109105,107.737914,107.6168415,108.9598837,112.5331742,109.4151099,125.8619965,125.0747284,123.4520897,3.133886797,733.927048145,0,0,0,0,0,0,0,0.778818795882,729100,687000,1416100,RESIDENTIAL,1,NA
91024068,0,0,600.6505814,98.89414338,89.36343986,89.36139119,91.82314757,99.44534725,93.34348857,107.326889,106.4267209,105.1444734,0,598.235938188,0,0,0,0,0,0,0,194.811943578,125400,643200,768600,RESIDENTIAL,2,NA
91024069,0,0,1300.586037,150.5789988,134.6448562,134.680996,137.8656742,146.2367493,139.7534324,150.8355268,150.2261729,148.6691314,0.073882238,596.378814095,0,0,0,0,0,0,0,132.844416322,161300,642600,803900,RESIDENTIAL,2,NA
91024070,0,0,867.7509766,118.2329042,88.49286936,87.51178846,95.81090729,109.5199851,99.13639832,101.6263147,100.6415407,99.45620616,17.7673137,1070.05155859,0,0,0,0,0,0,0,391.222244172,297600,792200,1089800,RESIDENTIAL,1,NA
91024079,0,0,1778.346817,191.7971046,89.09331132,87.2263869,87.3704156,86.73368887,85.08328931,101.707143,100.7008313,99.43722208,0,613.634388902,0,0,0,0,0,0,0,167.217301649,71500,648200,719700,RESIDENTIAL,1,NA
91024080,0,0,2321.135979,222.4934418,121.845798,121.8276756,124.0953175,130.353395,125.3523257,139.8195487,138.9343393,137.6409118,0,598.22820241,0,0,0,0,0,0,0,138.213313811,108000,643200,751200,RESIDENTIAL,1,NA
91024081,0,0,1117.70517,134.1022043,138.5289016,137.2169722,138.1468848,138.4706784,137.8466448,153.9317986,153.181286,151.6617457,0,605.906031394,0,0,0,0,0,0,0,567.951847632,67400,645700,713100,RESIDENTIAL,1,NA
91024082,0,0,1229.545235,141.7279212,144.475905,142.530862,142.5129582,141.6229622,139.673369,156.7455341,155.7801093,154.2949338,23.33879055,615.463589857,0,0,0,0,0,0,0,0,69700,648800,718500,RESIDENTIAL,1,NA
91024083,0,0,1778.971649,179.5005102,43.2353833,41.16212695,41.02113224,40.04523447,38.05672963,55.15184944,54.18835884,52.68702325,20.49404318,499.162474213,3.28001753794,3.61504270369,5.21234383172,8.24312844137,0,0,0,0,99100,611300,710400,RESIDENTIAL,1,NA
91024084,0,0,1884.472809,210.588784,42.82775204,40.42646542,39.83521364,38.29144956,35.76843288,52.97292224,52.00745832,50.54229343,18.05512636,499.276638384,2.7700277321,4.07686975015,6.87743964853,11.1145608662,0,0,0,0,384300,611300,995600,RESIDENTIAL,1,NA
91024085,0,0,1661.666328,176.0225714,136.7486727,135.1848405,135.7454576,135.6640931,134.6023007,149.9446932,148.9848953,147.6265234,0,609.799891034,0,0,0,0,0,0,0,303.653632475,383100,646900,1030000,RESIDENTIAL,1,NA
91024086,0,0,1662.300339,205.8791066,87.86136754,86.11006974,86.40035907,85.97813928,84.57994656,101.005127,100.0422382,98.61288738,0,611.735469006,0,0,0,0,0,0,0,258.279234567,73900,647500,721400,RESIDENTIAL,1,NA
91024087,0,0,1561.076561,164.1025149,93.58694101,92.19459284,92.9858142,93.17394164,92.42663489,107.7269616,106.7930009,105.1937681,0.68366025,607.962236697,0,0,0,0,0,0,0,128.625009927,111500,639900,751400,RESIDENTIAL,1,NA
91024088,0,0,3056.735931,221.0083491,88.72961155,88.63100283,92.37642838,102.7314426,94.69383587,104.977268,104.2707866,102.7918293,1.361137945,596.42458013,0,0,0,0,0,0,0,0,366200,642600,1008800,RESIDENTIAL,1,NA
91024089,0,0,1249.277504,149.6697747,46.90523132,43.93172356,42.58878248,40.18562461,36.83808173,58.47642967,57.67956283,56.0392065,0,463.774080849,0,0,0,0,0,0,0,155.994265805,70200,594000,664200,RESIDENTIAL,1,NA
91024090,0,0,1732.668625,169.8198476,144.2634505,141.387808,140.1920684,137.9607628,134.7892213,153.0007923,152.0947961,150.575445,24.73995368,624.012602314,0,0,0,0,0,0,0,0,281600,651500,933100,RESIDENTIAL,1,NA
91024091,0,0,623.6846161,101.6326337,55.61786998,52.72421458,51.49829236,49.2321217,46.02275412,68.07531717,67.10025514,65.66730229,0,468.519248877,0,0,0,0,0,0,0,162.303534152,70000,600000,670000,RESIDENTIAL,1,NA
91024092,0,0,2753.535606,241.8951614,130.4597804,127.5967427,126.4238392,124.2138762,121.0637044,139.1937536,138.2260969,136.8687039,24.18886535,624.012984764,0,0,0,0,0,0,0,0,325000,651500,976500,RESIDENTIAL,1,NA
91024093,0,0,1559.919685,162.2049682,144.8547631,142.656096,142.3637253,141.1494199,138.8447329,155.9727708,155.0221233,153.5356147,28.36830595,616.445485334,0,0,0,0,0,0,0,0,335500,649100,984600,RESIDENTIAL,1,NA
91024094,0,0,1096.56678,134.046704,136.0346687,134.9350012,135.9685231,136.6380251,135.9231951,152.1860892,151.4830236,149.8147075,0,557.417640479,0,0,0,0,0,0,0,369.69527982,129700,630000,759700,RESIDENTIAL,1,NA
91024095,0,0,1387.436523,171.7123689,8.158209008,5.347552878,4.246837509,2.120993738,0,20.92694231,20.12891656,18.41002469,16.54656096,697.47510384,42.8434933769,59.7911553122,92.3799107277,139.296451777,0,0,0,46.8669362525,101000,1125000,1226000,RESIDENTIAL A,1,2100
91024096,0,0,2159.754089,200.1651189,85.19163471,84.71263065,85.86165733,87.69459311,86.09983605,102.7300234,101.7584709,100.3111751,0,470.22347625,0,0,0,0,0,0,0,183.931718214,715700,601800,1317500,RESIDENTIAL A,1,NA
91024097,0,0,1768.34198,185.5470209,78.05601157,77.91518076,79.261494,83.3921983,79.70825596,96.15794599,95.44190732,93.76331504,0,466.439636443,0,0,0,0,0,0,0,15.5212872433,74200,600600,674800,RESIDENTIAL,1,NA
91024098,0,0,1662.360603,183.3029292,142.0114394,139.1517204,137.973352,135.7582506,132.5963634,150.7824396,149.9435489,148.5001785,18.81573943,545.342736304,0,0,0,0,0,0,0,0,228100,626100,854200,RESIDENTIAL,1,NA
91024099,0,0,1681.269539,182.4859836,128.6429525,126.2548638,125.4386271,123.3285162,120.258874,138.1876672,137.2206848,135.7503143,6.670545572,711.72723337,0,0,0,0,0,0,0,0,190800,679800,870600,RESIDENTIAL,1,NA
91024100,0,0,1102.919716,133.3895503,91.78313627,89.14331249,88.10851693,85.9847633,82.91632235,100.8517438,99.87796601,98.41966302,0,526.855657915,0,0,0,0,0,0,0,358.650111401,351400,613900,965300,RESIDENTIAL,1,NA
91025001,0,0,1257.007141,144.9507637,17.60782767,13.62541119,10.74237079,6.579024673,1.472642882,25.72128566,24.72261216,23.57530622,21.81754418,1172.02685031,65.3385011379,113.496123496,182.32515272,266.135998255,0,0.0138421507097,10.428303576,35.9345227451,191500,1302400,1493900,RESIDENTIAL,1,2100
91025003,0,0,1884.219376,191.1705967,2.854862915,0,0,0,0,11.0210663,10.0544516,8.830636728,7.033038084,663.704196239,60.8239385702,103.942769072,166.686229022,243.910657453,1.31154789983,8.65339368036,29.9135330823,54.4144405562,135300,1108800,1244100,RESIDENTIAL,1,2030
91025004,0,0,2025.761742,190.3835416,13.20461868,9.385307436,6.819754441,2.976504327,0,21.29316494,20.46513067,18.98318227,17.5260419,1123.42345272,58.7735183953,98.8749011627,158.499089476,232.60097337,8.6543583192,20.6011507182,42.5949339603,66.5817912544,415100,1249400,1664500,RESIDENTIAL,1,2100
91025005,21.309688,-158.0101192,413.6731796,81.61726267,0.439580367,0,0,0,0,8.570480767,7.952525642,6.593906845,4.815051454,1117.70180039,57.4526561691,95.32999124,152.64317945,224.244931644,17.0796671435,29.0013538189,48.9268381241,75.7692284584,440800,1315000,1755800,RESIDENTIAL A,1,2024
91025006,0,0,1574.073791,164.5365249,14.66624756,10.92696855,8.522829418,4.838060125,0.212304453,23.47603539,22.51206743,21.17560377,19.35308271,1115.33046658,56.4076177111,92.7443040703,148.415698241,218.315468009,13.4121774024,27.029550565,49.652137242,73.8870415826,282300,1314800,1597100,RESIDENTIAL A,1,2100
91025007,0,0,1514.711754,163.3246208,9.42839564,5.753779222,3.413433346,0,0,17.30693225,16.32136344,14.58889244,12.4024408,1355.85220573,67.4087085912,110.099232508,175.973679775,259.135824844,9.54106771242,28.1732302626,59.0190555632,99.8973617421,237300,1427800,1665100,RESIDENTIAL A,1,2075
91025008,0,0,1762.077545,182.7062332,43.61201806,40.00503998,37.7694979,34.27634103,29.81792198,50.43971948,49.4744893,47.82279367,7.237539896,1333.12045259,65.0231216318,105.511432204,168.274843027,248.055658881,3.23569647699,18.4333852133,44.6063187656,77.7604053419,631800,1487300,2119100,RESIDENTIAL,1,NA
91025009,0,0,873.309639,119.4229361,47.7174588,44.16178878,41.98554637,38.60184692,34.28002339,55.10025583,54.17245571,52.79496395,0,1084.96948004,52.4705913046,84.5778103756,134.5006912,198.292454089,0,1.49228901119,18.504475338,213.658671809,248500,1314200,1562700,RESIDENTIAL,1,NA
91025010,0,0,1520.819916,159.6527243,12.81156243,9.33359451,7.250550426,3.992801526,0,21.86472971,20.89947845,19.14743539,10.4905538,1161.4357908,54.8178324563,87.8811087453,139.549482531,206.067061148,0,0,5.6905166424900004,419.307347168,389100,1248300,1637400,RESIDENTIAL,1,2100
91025011,0,0,1986.932014,188.2651325,8.77974628,5.319385902,3.256108634,0.025601827,0,18.47541656,17.48937127,16.25483044,11.8125463,1089.70310949,51.7753942649,82.7046653459,131.079058942,193.448472451,0,0,0.439150500613,65.9834199019,478800,1313800,1792600,RESIDENTIAL,1,2075
91025012,0,0,2416.144089,217.6818986,9.884514122,6.401002656,4.31595962,1.049490619,0,19.79660362,18.86490987,17.36055463,11.45641839,1122.53805777,52.6157054309,84.1117157777,133.455839209,197.190768077,0,0,0.836637807139,310.21095761,298800,1313600,1612400,RESIDENTIAL,1,2075
91025013,0,0,2354.452461,215.3814766,9.515755554,5.977642365,3.840877205,0.488048995,0,18.8226854,17.86015991,16.62534705,8.266848917,1133.13980298,53.8867607451,86.4103032745,137.424274003,202.988740805,0,0,4.9587492161,373.58379925,132800,1313400,1446200,RESIDENTIAL A,1,2075
91025014,0,0,481.8600693,97.44510967,28.59123486,24.99780862,22.81042444,19.36887413,14.98212281,37.36011059,36.36588121,34.67016694,0.534971572,1136.28957307,56.2250878614,90.5215147151,144.404851581,212.910157319,0,0.558276259729,19.7577600407,356.798712406,110000,1313300,1423300,RESIDENTIAL A,1,NA
91025015,0,0,1407.973465,158.2058975,42.72839918,38.97834237,36.63584933,32.92066372,28.25153771,49.6158603,48.786227770000004,47.37382155,0,1067.45118219,42.4982141829,68.7123796388,109.841253806,161.200412471,2.44988164528,11.1058879544,29.7704666121,119.907355591,231700,1313100,1544800,RESIDENTIAL,1,NA
91025016,0,0,1145.746376,135.411647,8.945151841,6.611374493,5.967746943,5.944457811,5.944453277,11.31658662,10.37133241,9.315834627,4.89103095,693.252701709,0,0,0,0,15.6586238982,29.5981159573,48.6388648704,116.577889881,85800,1011600,1097400,RESIDENTIAL A,1,NA
91025017,0,0,1805.612053,177.7206067,37.38599785,33.63871523,31.29989938,27.61183466,23.02140505,42.683137,41.8846277,40.53022585,0,409.30226882,0,0,0,0,0,0,0,4.58964853164,91200,606800,698000,RESIDENTIAL,1,NA
91025018,0,0,960.8021393,124.9119408,100.7086603,97.13808084,94.94325838,91.53228933,87.18102604,107.7732963,106.8154221,105.5085445,31.55266373,1014.13451675,0,0,0,0,0,0,0,0,187600,755300,942900,RESIDENTIAL,1,NA
91025020,0,0,3333.838982,260.819557,82.68737429,79.18502337,77.07246733,73.77333726,69.53186141,91.1612856,89.90132098,88.64188314,13.43554894,547.597676102,0,0,0,0,0,0,0,0,152600,622500,775100,RESIDENTIAL,1,NA
91025021,0,0,1826.174713,171.710899,81.50593993,78.04613483,75.9833671,72.75366952,68.58224314,91.1368044,90.19472953,88.77432487,8.500660882,520.827105739,0,0,0,0,0,0,0,0,282400,622500,904900,RESIDENTIAL,1,NA
91025023,0,0,2908.34446,235.9255591,97.97532566,94.44244804,92.31210288,88.97198024,84.68177631,107.2640048,106.2928707,104.6538472,17.14018179,3769.99698082,0,0,0,0,0,0,0,205.997046584,150200,1574600,1724800,RESIDENTIAL,1,NA
91025025,0,0,699.2404327,106.5800881,84.56623726,80.7955208,78.43096968,74.69236213,70.01480462,90.80858857,89.9528956,88.69855172,0,507.713697874,0,0,0,0,0,0,0,399.842799102,72600,622500,695100,RESIDENTIAL,1,NA
91025026,0,0,1070.58477,131.0692942,82.39072476,78.62608793,76.27269004,72.55366429,67.90364671,85.86170968,84.98771646,83.08802262,0.38585824,524.240822056,0,0,0,0,0,0,0,76.9988761241,60600,622500,683100,RESIDENTIAL,2,NA
91025027,0,0,1801.611282,213.2168431,112.7255975,108.9503159,106.5894238,102.8573314,98.18849284,117.0393833,116.2993606,114.4001447,0,543.268455958,0,0,0,0,0,0,0,162.682317826,70200,622500,692700,RESIDENTIAL,1,NA
91025028,0,0,1252.667397,145.7335564,121.5219378,117.8371236,115.4740362,111.7348437,107.0563413,127.2466229,126.7499935,125.0203911,0.940903356,520.22384638,0,0,0,0,0,0,0,13.3900035758,114500,622500,737000,RESIDENTIAL,1,NA
91025033,0,0,1658.1623,173.1479364,117.8645727,114.379636,112.2872424,109.0148384,104.7801912,126.101603,125.0002818,123.6311737,48.63316942,550.71037475,0,0,0,0,0,0,0,0,129600,622500,752100,RESIDENTIAL,1,NA
91025034,0,0,848.6812363,117.0846676,129.146625,125.5858162,123.4018829,120.0047795,115.6662107,136.2749428,135.3209403,134.0404321,59.95770342,513.083662416,0,0,0,0,0,0,0,0,77000,622500,699500,RESIDENTIAL,1,NA
91025035,0,0,3124.294388,251.128145,112.2340091,108.6065735,106.3460619,102.8435366,98.39888563,119.0175818,118.0575047,116.3990914,44.77971143,528.996714971,0,0,0,0,0,0,0,0,248400,622500,870900,RESIDENTIAL,1,NA
91025036,0,0,996.1363449,126.6020347,79.89975937,75.9231488,73.04249773,68.87072087,63.74451893,87.82837548,86.84093066,85.55093315,84.05312813,537.8009618,0,0,0,0,0,0,0,0,117400,622500,739900,RESIDENTIAL,1,NA
91025037,0,0,2871.133179,257.3078008,79.12265075,75.24662663,72.55294082,68.58376422,63.66581088,86.97904478,86.42385085,84.97870749,83.28109331,524.373074231,0,0,0,0,0,0,0,0,132700,622500,755200,RESIDENTIAL,1,NA
91025038,21.31048493,-158.010178,2125.905251,227.8732635,78.95792492,75.14318934,72.58300704,68.73906792,63.946651,87.0200033,86.22751462,84.69108847,75.97535105,526.333344562,0,0,0,0,0,0,0,0,290200,622500,912700,RESIDENTIAL,1,NA
91025039,0,0,696.3568802,111.1121616,100.1927382,96.42950791,93.98081534,90.24766921,85.56962984,108.6026655,107.6700346,106.4258253,69.0243,502.582211365,0,0,0,0,0,0,0,0,79300,622500,701800,RESIDENTIAL,1,NA
91025040,0,0,1428.368652,151.6744092,82.17435089,78.43410663,76.02928599,72.34347171,67.71640458,90.96165157,89.99629986,88.66805215,47.16864923,527.296073017,0,0,0,0,0,0,0,0,321200,622500,943700,RESIDENTIAL,1,NA
91025041,0,0,2032.654739,206.1425043,76.86686641,73.16910306,70.79561353,67.16113131,62.60377131,85.29110195,84.32013696,82.66768175,32.9140937,505.808462201,0,0,0,0,0,0,0,0,103800,622500,726300,RESIDENTIAL,1,NA
91025042,0,0,2391.160873,206.2337541,116.1421403,112.4251854,110.0372386,106.3790506,101.7899835,124.6877685,123.7158093,122.0178033,58.69121855,530.648320437,0,0,0,0,0,0,0,0,149100,622500,771600,RESIDENTIAL,1,NA
91025043,0,0,1782.526993,192.6067634,110.2223184,106.4897828,104.0907851,100.4147374,95.8010841,119.0513697,118.0874162,116.6202083,63.95215849,562.950812008,0,0,0,0,0,0,0,0,120600,622500,743100,RESIDENTIAL,1,NA
91025044,0,0,2322.48597,296.8833294,109.8615883,106.1106208,103.686075,99.97592764,95.32046451,118.4192314,117.4457723,116.2426093,72.04681912,546.035091643,0,0,0,0,0,0,0,0,106600,622500,729100,RESIDENTIAL,1,NA
91025046,0,0,1821.273079,173.1134843,122.2419789,118.384704,115.728842,111.791388,106.9015798,130.1583249,129.4625073,128.0062995,105.0271959,575.294814352,0,0,0,0,0,0,0,0,82800,622500,705300,RESIDENTIAL,1,NA
91025047,0,0,1674.704002,199.3538292,125.5135105,121.4996567,118.5481163,114.2928452,109.0884906,133.5362554,132.6199498,131.3777293,92.55207543,565.010609652,0,0,0,0,0,0,0,0,109300,622500,731800,RESIDENTIAL,1,NA
91025048,0,0,2278.947449,214.8260063,159.1231639,155.3804525,152.9738959,149.2855113,144.6553875,167.8925133,166.9297896,165.6370953,107.0334034,2272.88303417,0,0,0,0,0,0,0,0,218500,1006700,1225200,RESIDENTIAL,1,NA
91025049,0,0,1339.723938,153.1097818,190.754649,186.7330144,183.7680668,179.5245007,174.3434413,198.6331382,197.9779274,196.7176455,90.01438013,962.681644286,0,0,0,0,0,0,0,0,356900,722800,1079700,RESIDENTIAL,1,NA
91025050,0,0,2057.363625,227.6327379,191.005538,186.353404,182.6329489,177.3863446,171.1989677,202.7566114,202.1394746,200.9702802,63.72158589,558.242828306,0,0,0,0,0,0,0,0,106700,629500,736200,RESIDENTIAL,1,NA
91025051,0,0,2868.103607,271.2287888,171.9832372,167.1395513,163.1846155,157.605695,151.0715385,185.0304015,184.152979,182.50218,38.4368599,730.505726612,0,0,0,0,0,0,0,0,442000,579600,1021600,RESIDENTIAL A,2,NA
91025054,0,0,1395.871872,158.3765318,13.2516215,8.296706583,4.178957998,0,0,25.53346617,24.57072814,22.92828592,21.16186348,2041.74099783,153.509218295,281.142407403,459.96857002,667.725597825,0,0,4.23925812657,52.7899139487,146200,1542400,1688600,RESIDENTIAL A,1,2075
91025056,0,0,2912.674065,238.1058203,161.2560677,157.4670904,154.9654644,151.1790434,146.4458746,169.3455148,168.5020758,167.3242728,117.0614093,569.261745604,0,0,0,0,0,0,0,0,148000,634100,782100,RESIDENTIAL,1,NA
91025057,0,0,863.0341415,117.7640478,173.5338157,169.5607955,166.6747436,162.4806567,157.3150228,181.4384965,180.4540232,179.1227994,104.1112778,977.274787704,0,0,0,0,0,0,0,0,197000,727300,924300,RESIDENTIAL,2,NA
91025058,0,0,1237.689217,157.2290188,166.4736778,162.6143495,159.9509238,156.0025228,151.0979992,174.387627,173.6918943,172.2376199,114.6209609,977.278192791,0,0,0,0,0,0,0,0,130100,727300,857400,RESIDENTIAL,1,NA
91025060,0,0,1870.461205,180.0363359,214.1703248,210.1499181,207.1858097,202.9434067,197.7636936,221.965288,221.3709545,220.1304646,107.9165941,3519.9486393,0,0,0,0,0,0,0,0,89800,1507200,1597000,RESIDENTIAL,1,NA
91025063,0,0,1491.963097,157.30129,166.006697,161.3570739,157.63893,152.3958342,146.2130136,177.6930233,177.0728688,175.9044216,38.36865153,543.509868624,0,0,0,0,0,0,0,0,487400,625500,1112900,RESIDENTIAL,1,NA
91025065,0,0,707.3958664,107.7219986,165.6606693,161.0052415,157.2710299,151.9967448,145.7726734,178.8460202,178.0530927,176.7451332,31.34191492,526.960070895,0,0,0,0,0,0,0,0,135900,619600,755500,RESIDENTIAL,1,NA
91025067,0,0,906.9557953,120.4832822,73.59138579,68.94648156,65.23200344,59.99348975,53.81509519,84.87349819,84.23282108,83.06874656,16.20466112,4847.46935567,141.698233007,255.367862979,415.594279059,604.380289416,0,0,0.282848786019,127.337265769,1491100,2828100,4319200,RESIDENTIAL,1,NA
91025068,0,0,917.5766754,121.8675845,94.74859323,90.06479401,86.30019086,80.98499291,74.72228331,107.8414598,106.8541568,105.7090625,0,4910.04936651,146.300537079,265.034091236,432.254411885,628.1442628,0,0,0,1567.92198972,1495400,2858000,4353400,RESIDENTIAL,1,NA
91025070,0,0,1590.590179,191.442913,127.2880109,123.257263,120.2858546,116.0328463,110.8399603,135.2476152,134.5898327,133.2720856,74.6712358,518.971375301,0,0,0,0,0,0,0,0,521100,611200,1132300,RESIDENTIAL A,1,NA
91025071,0,0,1639.380531,168.7350787,108.6356396,104.642257,101.6991144,97.48965394,92.35554347,116.1301914,115.6197451,114.4774949,68.33288521,482.127771698,0,0,0,0,0,0,0,0,91100,606200,697300,RESIDENTIAL,1,NA
91025072,0,0,1556.269508,164.2054959,91.03072186,87.06555414,84.14479736,79.97102721,74.88743782,98.17329177,97.63734338,96.59351409,65.35261256,1811.21119579,0,0,0,0,0,0,0,0,135100,600100,735200,RESIDENTIAL,4,NA
91025073,0,0,1238.620438,140.7995932,23.94200997,19.98218808,16.97485487,12.66750643,7.408371898,28.95578701,28.23166007,27.26327566,26.04436409,1320.1378277,127.820277738,226.271840371,365.407182784,532.836537102,0,0,0.717753283216,15.2954722197,359100,1494900,1854000,RESIDENTIAL,1,NA
91025074,0,0,880.4577179,118.6931464,9.701796174,5.407872314,1.998842595,0,0,17.27648264,16.54995211,15.58443875,14.09172613,1587.69721671,137.472478606,246.582216248,400.22625218,582.648350541,0,0,0.0312088030837,7.32617515449,409800,589400,999200,RESIDENTIAL,3,2075
91025075,0,0,1134.134346,135.146689,81.46623496,76.97689134,73.40510195,68.39567475,62.5389959,89.15672931,88.3915124,87.71861699,33.06962737,471.259553775,0,0,0,0,0,0,0,0,61000,608700,669700,RESIDENTIAL,1,NA
91025076,0,0,2200.290131,198.2489791,96.76344081,92.17904467,88.52015367,83.37003457,77.3138018,104.1677761,103.2821268,102.1735822,28.2908225,463.620414217,0,0,0,0,0,0,0,0,529400,601200,1130600,RESIDENTIAL,1,NA
91025077,0,0,2272.242157,190.7546028,115.7969471,111.1851844,107.501142,102.3106301,96.19766143,124.4342643,123.7334981,122.6796814,33.40263028,459.374565641,0,0,0,0,0,0,0,0,61000,601200,662200,RESIDENTIAL,1,NA
91025078,0,0,903.5698395,123.4793318,134.228792,129.6852081,126.0600932,120.9579656,114.95796730000001,141.0864555,140.1064377,138.9765082,47.12125822,489.873698483,0,0,0,0,0,0,0,0,325600,600000,925600,RESIDENTIAL,1,NA
91025079,0,0,1265.759026,146.9469701,185.7420264,181.9853319,179.5473009,175.8214853,171.1478422,194.1821142,193.2137835,191.9945589,135.5245568,569.864761884,0,0,0,0,0,0,0,0,176800,608300,785100,RESIDENTIAL,1,NA
91025080,0,0,2930.267494,264.764788,199.5394157,195.7609681,193.279253,189.5107431,184.7941122,207.7006078,206.7939089,205.6015352,147.2396996,534.217692888,0,0,0,0,0,0,0,0,93300,603900,697200,RESIDENTIAL,1,NA
91025081,0,0,1726.567383,175.6344484,217.0826757,213.298114,210.8037451,207.0223976,202.292386,225.1904834,224.3245204,223.1395137,157.701814,603.95932753,0,0,0,0,0,0,0,0,403500,645200,1048700,RESIDENTIAL,1,NA
91025082,0,0,2640.781441,225.3495518,38.06373684,34.19119909,31.50797654,27.55219013,22.65113256,45.96745452,45.35957895,43.94965185,42.34898473,480.513755196,0,0,0,0,0,0,0,0,203300,603900,807200,RESIDENTIAL,1,NA
91025083,0,0,758.9041214,110.339823,57.02804529,52.71252079,49.28098361,44.4620457,38.79570866,62.11544863,61.3533084,60.81132299,43.66528503,698.310939019,0,0,0,0,0,0,0,0,155300,681000,836300,RESIDENTIAL,1,NA
91025084,0,0,813.6742935,114.1133683,71.47590796,66.49963019,62.36662697,56.58575077,49.86709929,84.02659846,83.04454819,81.69979921,16.14945384,1491.36447959,0,0,0,0,0,0,0,0,149300,777900,927200,RESIDENTIAL,1,NA
91025085,0,0,2149.855118,210.8472709,92.57747282,87.61879164,83.51034406,77.7511988,71.04527818,105.164987,104.1810204,102.8477379,22.81879475,939.821298329,0,0,0,0,0,0,0,0,123300,706800,830100,RESIDENTIAL,1,NA
91025086,0,0,1283.466125,148.3408716,131.3634251,126.4141288,122.3191243,116.5744836,109.8819636,144.0299527,143.0487812,141.4394689,34.71358898,625.709314654,0,0,0,0,0,0,0,0,80900,632700,713600,RESIDENTIAL,1,NA
91027001,0,0,3734.161263,312.483241,468.6080706,468.6013503,468.6013503,468.6013503,468.6013503,9.664632052,9.563878976,8.883046256,6.397615779,882.174618428,0,0,0,0,25.2605546509,38.1126928733,50.0950401443,80.9203555371,250500,1172100,1422600,RESIDENTIAL,1,NA
91027002,0,0,3121.837776,243.3485035,485.906211,485.8993899,485.8993899,485.8993899,485.8993899,13.41816644,12.41847075,11.41877072,9.517682588,862.409310391,0,0,0,0,16.524460841,23.0333204836,39.3651263422,84.9680303762,186900,1159100,1346000,RESIDENTIAL A,2,NA
91027003,0,0,2560.485146,248.7993034,505.8402489,505.8333445,505.8333445,505.8333445,505.8333445,10.21087796,9.499333716,8.797717216,6.672024422,672.878736737,0,0,0,0,14.1215793898,16.2306056339,23.8963020833,33.0428502897,198600,1042900,1241500,RESIDENTIAL,1,NA
91027004,0,0,2900.679764,221.7623066,523.2665446,523.2595518,523.2595518,523.2595518,523.2595518,24.02633107,23.48999101,10.32077405,10.11924236,529.503217276,0,0,0,0,0,0,0,0,140800,1068800,1209600,RESIDENTIAL A,1,NA
91027005,0,0,3250.608696,237.9522063,538.560437,538.5537181,538.5537181,538.5537181,538.5537181,12.37841137,11.51122677,7.601975982,7.216832016,555.05058383,0,0,0,0,0,0,0,0,240700,1064300,1305000,RESIDENTIAL,1,NA
91027006,0,0,2026.085793,180.8907869,554.9065719,554.8997392,554.8997392,554.8997392,554.8997392,9.816513282,9.441132138,8.841913801,6.120670964,588.36572272,0,0,0,0,19.0407590791,25.0415504566,33.0467301211,42.4098306088,147700,1070500,1218200,RESIDENTIAL,1,NA
91027007,0,0,2629.376434,235.5243515,572.9937558,572.98686970000006,572.98686970000006,572.98686970000006,572.98686970000006,10.56173712,9.586260396,8.610880906,4.930798024,701.182207585,0,0,0,0,91.5973244094,112.093322996,134.859781441,219.081412099,149800,1095500,1245300,RESIDENTIAL,1,NA
91027008,0,0,3329.09581,264.6362842,588.497548,588.4905798,588.4905798,588.4905798,588.4905798,8.933011633,8.035214194,7.331081908,3.93283376,779.655395077,0,0,0,0,42.4307784407,47.3294547285,61.5370425591,84.3142279516,388100,1141800,1529900,RESIDENTIAL,1,NA
91027009,0,0,2104.84481,219.0881356,606.8901542,606.8831502,606.8831502,606.8831502,606.8831502,21.24562943,20.24882069,19.18900089,18.1894968,691.054847837,0,0,0,0,0,0,0.00616224875124,0.895744886308,130400,1134100,1264500,RESIDENTIAL,1,NA
91027010,0,0,385.3015976,79.01459475,622.741774,622.7345859,622.7345859,622.7345859,622.7345859,33.83171402,32.83783125,31.74195102,30.63121833,719.03359126,0,0,0,0,0,0.109712292652,7.12426629716,26.0469208774,166000,1132000,1298000,RESIDENTIAL A,1,NA
91027011,0,0,1381.591606,154.3975643,645.1457301,645.1386641,645.1386641,645.1386641,645.1386641,13.95076481,13.02081526,11.71243414,10.43181941,763.954093578,0,0,0,0,0,0,0,1.0340337193,106800,1112100,1218900,RESIDENTIAL,1,NA
91027012,0,0,2160.925476,206.2505374,659.8259723,659.8187059,659.8187059,659.8187059,659.8187059,22.28219314,22.27308215,19.26893698,17.38171329,708.194331338,0,0,0,0,0.144193905531,0.697246865608,1.45573499901,9.28937395942,117200,1124000,1241200,RESIDENTIAL A,1,NA
91027013,0,0,2382.693619,217.9314515,647.6220359,647.629626,647.629626,647.629626,647.629626,12.23028194,11.38436408,11.173806,10.17195383,729.640469177,0,0,0,0,0.449994768777,1.04581141206,5.60084047792,13.4794858473,152500,1107300,1259800,RESIDENTIAL A,1,NA
91027014,0,0,2284.894173,203.8419142,624.6087779,624.6164215,624.6164215,624.6164215,624.6164215,11.00923856,10.25660587,9.32986441,8.403088386,941.034862677,0,0,0,0,53.5285417866,62.6117295374,75.9161490627,92.7717428906,297400,1165100,1462500,RESIDENTIAL,1,NA
91027015,0,0,1610.905502,163.8574633,607.3150556,607.3227561,607.3227561,607.3227561,607.3227561,12.31971445,11.93274612,11.0018428,10.40541472,727.76024852,0,0,0,0,4.47486685499,8.3570498615,17.547700558,25.6117779476,133000,1099300,1232300,RESIDENTIAL A,1,NA
91027016,0,0,2806.835663,213.9954349,585.8946337,585.9022776,585.9022776,585.9022776,585.9022776,7.585415691,7.259952874,6.314069026,5.69380684,701.077899477,0,0,0,0,63.2350223944,68.2377423706,80.325271544,92.8182859577,139100,1075100,1214200,RESIDENTIAL A,1,NA
91027017,0,0,2234.947388,189.24455,566.7104001,566.7181983,566.7181983,566.7181983,566.7181983,9.844148042,9.289151877,8.360976374,7.987958228,704.292277293,0,0,0,0,19.0370564981,26.8405684401,36.5026468263,56.7461967193,250400,1093100,1343500,RESIDENTIAL A,1,NA
91027018,0,0,2222.075424,214.0130192,548.6467293,548.6545317,548.6545317,548.6545317,548.6545317,9.004041144,8.003720118,7.003481031,5.00914779,729.229595153,0,0,0,0,0.621252107648,5.76238727261,26.6924011555,70.9175795319,152200,1095700,1247900,RESIDENTIAL,1,NA
91027019,0,0,3146.8237,286.0137557,524.9720646,524.9799536,524.9799536,524.9799536,524.9799536,7.858505662,7.359037859,6.504616113,4.980993175,660.847474285,0,0,0,0,25.4423083891,33.2460984296,53.3954705203,104.105706949,205000,1080100,1285100,RESIDENTIAL,1,NA
91027020,0,0,2437.647659,201.8322535,510.2557022,510.2636765,510.2636765,510.2636765,510.2636765,9.93851421,8.545188563,6.486364204,5.145544105,686.907970194,0,0,0,0,26.9354079842,32.4589159626,51.0791941323,82.0805700945,226000,1093300,1319300,RESIDENTIAL,1,NA
91027023,0,0,2691.791824,211.126594,595.0562184,595.0635109,595.0635109,595.0635109,595.0635109,46.78909844,46.53315968,45.56419803,44.86377946,605.792823992,0,0,0,0,0,0,0,0,154000,654600,808600,RESIDENTIAL,1,NA
91027025,0,0,2010.041451,188.6445669,546.0137284,546.0209064,546.0209064,546.0209064,546.0209064,49.05153501,48.25982261,47.28066585,45.55079507,564.277424121,0,0,0,0,0,0,0,0,112500,635100,747600,RESIDENTIAL,1,NA
91027026,0,0,2114.881035,195.2368335,507.2626382,507.2700949,507.2700949,507.2700949,507.2700949,44.89947414,44.50074976,42.43940289,40.92737369,595.454457985,0,0,0,0,0,0,0,0,141400,646000,787400,RESIDENTIAL,1,NA
91027027,0,0,2146.957176,215.300057,504.0391185,504.0223614,504.0223714,504.0223716,504.022373,66.39774258,66.02944293,64.51691489,62.98037998,551.6968904,0,0,0,0,0,0,0,0,106100,630000,736100,RESIDENTIAL,1,NA
91027028,0,0,2249.125008,206.7767364,503.4424101,503.1554792,502.9543068,502.7360179,502.6790059,84.79542881,84.22872508,82.17845224,80.74671396,557.227229075,0,0,0,0,0,0,0,0,156100,629000,785100,RESIDENTIAL,1,NA
91027029,21.30764848,-158.0190319,1647.958199,188.7426778,545.7342887,545.6289035,545.5835206,545.5795248,545.5795287,71.00888427,70.26795657,69.29745475,67.61669994,559.455414543,0,0,0,0,0,0,0,0,510400,626200,1136600,RESIDENTIAL A,1,NA
91027043,0,0,1380.174103,148.7487394,502.3190898,501.7374167,501.275871,500.6078903,499.9796908,114.591525,114.2832647,113.127977,111.6516754,612.800826037,0,0,0,0,0,0,0,0,137000,633100,770100,RESIDENTIAL,1,NA
91027079,0,0,2473.310112,223.9629836,513.0622783,513.0545723,513.0545723,513.0545723,513.0545723,73.5096071,72.60056909,71.69386949,69.9518679,487.012428269,0,0,0,0,0,0,0,0,159600,607100,766700,RESIDENTIAL,1,NA
91027081,0,0,2222.469368,204.6904201,493.5341942,493.4200425,493.3683812,493.3099168,493.2766578,102.9697548,101.9944966,101.0196298,99.30611696,556.312715917,0,0,0,0,0,0,0,0,128400,622300,750700,RESIDENTIAL,2,NA
91027082,0,0,2225.650429,197.9924125,490.4314786,490.4235505,490.4235505,490.4235505,490.4235505,84.35441878,83.37454677,82.39506663,80.65308213,469.570181067,0,0,0,0,0,0,0,0,151700,606000,757700,RESIDENTIAL,2,NA
91027083,0,0,2550.505592,231.6603361,488.2807828,488.2731492,488.2731492,488.2731492,488.2731492,69.03715334,68.04128826,67.04545423,65.16037451,478.601366545,0,0,0,0,0,0,0,0,134900,606000,740900,RESIDENTIAL,1,NA
91027085,0,0,1392.248032,157.2859169,514.9563368,514.9489275,514.9489275,514.9489275,514.9489275,57.32861894,56.45730978,55.59025505,53.73413734,487.415837633,0,0,0,0,0,0,0,0,100400,611400,711800,RESIDENTIAL,1,NA
91027086,0,0,2274.905861,190.8908934,535.3438548,535.3364193,535.3364193,535.3364193,535.3364193,62.21351908,62.01103558,58.18349592,57.89604445,501.478488828,0,0,0,0,0,0,0,0,143000,613800,756800,RESIDENTIAL,1,NA
91027091,0,0,2167.883041,203.0215717,630.7763616,630.7688505,630.7688505,630.7688505,630.7688505,59.5202344,59.01936211,57.80049205,56.58162196,526.175798984,0,0,0,0,0,0,0,0,90500,618900,709400,RESIDENTIAL,1,NA
91027095,0,0,1677.780556,173.641937,407.8257269,407.8190403,407.8190403,407.8190403,407.8190403,7.80796025,7.104382765,7.104382765,6.394898552,561.115341474,0,0,0,0,4.13657715639,4.16550501909,8.20143856446,10.8068880869,156500,1043800,1200300,RESIDENTIAL,1,NA
91027096,0,0,457.7775726,86.01227279,424.1938596,424.1870457,424.1870457,424.1870457,424.1870457,24.74181397,24.39323175,24.04452395,21.95726423,1001.70378408,0,0,0,0,82.9241735642,96.8151026006,125.756942118,195.452308273,273100,1213300,1486400,RESIDENTIAL,1,NA
91027097,0,0,3003.759285,275.1674952,449.3741375,449.3675018,449.3675018,449.3675018,449.3675018,6.410936052,5.71474409,4.305642148,2.337783191,865.523020491,0,0,0,0,37.2527855432,48.5303399487,63.8079642857,107.181618469,434400,1110100,1544500,RESIDENTIAL,1,NA
91027098,0,0,1332.027061,146.6079388,446.68442,446.6769918,446.6769918,446.6769918,446.6769918,56.73135847,55.85900976,54.49472337,51.50533704,564.512699692,0,0,0,0,0,0,0,0,78500,639400,717900,RESIDENTIAL,1,NA
91027100,0,0,1997.11351,178.7806018,445.0476117,444.979167,444.9577103,444.9486329,444.9486267,91.63177829,91.13986413,90.22428687,87.23264213,566.640867429,0,0,0,0,0,0,0,0,92300,634500,726800,RESIDENTIAL,1,NA
91027101,0,0,1431.786263,163.4010751,446.9829381,446.758584,446.639483,446.4767709,446.3172026,108.6942978,108.6942978,107.9182131,105.5066613,549.399375715,0,0,0,0,0,0,0,0,94800,631500,726300,RESIDENTIAL,1,NA
91027102,0,0,1391.284752,150.4849032,450.9765794,450.6000999,450.3855887,450.0716824,449.7223699,124.9323341,124.9323341,124.2066498,122.0519753,549.799459986,0,0,0,0,0,0,0,0,90800,631500,722300,RESIDENTIAL,1,NA
91027103,0,0,1760.80484,170.5665723,461.0449658,460.5006252,460.1805765,459.6990347,459.1386633,146.947945,146.9386118,146.2317122,144.2307414,558.729347338,0,0,0,0,0,0,0,0,127000,634500,761500,RESIDENTIAL,1,NA
91027104,0,0,1690.238213,170.4281166,460.5742431,459.883936,459.4723762,458.8459004,458.1037796,160.5750917,160.456748,159.6968675,158.1938349,557.162926914,0,0,0,0,0,0,0,0,98000,634900,732900,RESIDENTIAL,2,NA
91027111,0,0,1892.016739,200.8063626,399.1275643,399.1197141,399.1197141,399.1197141,399.1197141,55.58961063,55.3494311,54.54273738,53.14390568,588.925654009,0,0,0,0,0,0,0,0,80900,635600,716500,RESIDENTIAL,1,NA
91027112,0,0,1260.811577,163.1100801,405.6593563,405.6519059,405.6519059,405.6519059,405.6519059,42.75326298,42.75326298,41.97760025,39.67076405,579.926617757,0,0,0,0,0,0,0,0,89200,635100,724300,RESIDENTIAL,1,NA
91027113,0,0,2574.318039,249.3647536,377.9607597,377.9532832,377.9532832,377.9532832,377.9532832,35.5637002,34.95315176,34.010777,32.73294945,600.35788495,0,0,0,0,0,0,0,0,130600,638700,769300,RESIDENTIAL,1,NA
91027117,0,0,1415.769386,152.9223635,391.9772759,391.9705555,391.9705555,391.9705555,391.9705555,8.620343978,8.133226909,7.212593472,4.56201616,456.413031904,0,0,0,0,0,0.0540933577835,0.220869197298,2.92541895713,252000,1051200,1303200,RESIDENTIAL,1,NA
91028001,0,0,3560.029915,274.832737,30.88724129,28.59083913,27.32744271,25.6505685,24.21207943,20.445191,19.46563928,18.08103828,0,3024.95153905,0,0,0,0,113.130968814,131.184131454,169.387405691,392.151961821,1347800,1581200,2929000,RESIDENTIAL A,2,NA
91028002,0,0,888.0748672,136.9016035,41.62207125,41.55483953,41.55484592,41.55486311,41.55486161,5.915137365,5.203636802,4.504661951,0,436.166723975,0,0,0,0,50.0272968297,59.902563419,67.9064332147,99.7775849622,103200,984900,1088100,RESIDENTIAL,1,NA
91028003,0,0,2174.719505,210.8661554,51.84570221,51.83783888,51.83783888,51.83783888,51.83783888,8.344997049,7.615344825,6.935054616,5.856651972,569.751712919,0,0,0,0,61.1143689955,67.7199799969,72.8035922686,79.1093550344,182300,1009300,1191600,RESIDENTIAL,1,NA
91028005,0,0,1870.68486,175.3543835,57.58627594,55.32102728,53.99478951,52.04884231,49.90296209,39.11023554,38.18392843,37.19158669,17.28204987,249.415859581,0,0,0,0,0,0,0,0,171700,536900,708600,RESIDENTIAL,1,NA
91028006,0,0,1183.378693,144.5792307,94.95263629,91.80205993,89.85901294,86.82994243,83.12150285,83.5424953,82.61129913,81.52704397,32.36981843,262.930790168,0,0,0,0,0,0,0,0,250800,536900,787700,RESIDENTIAL,1,NA
91028007,0,0,1336.252045,170.5897623,104.8746719,101.5802793,99.53979415,96.34420619,92.40338072,95.41754952,94.47584821,93.30724685,35.18857123,255.385346729,0,0,0,0,0,0,0,0,77300,536900,614200,RESIDENTIAL,1,NA
91028008,0,0,1030.943176,133.5824956,146.0780469,142.6355494,140.4932379,137.1212629,132.9298452,137.755649,136.8235079,135.7136574,37.23244904,440.833703847,0,0,0,0,0,0,0,0,244200,604400,848600,RESIDENTIAL,1,NA
91028009,0,0,2366.060318,195.2694302,66.39394698,66.38629259,66.38629259,66.38629259,66.38629259,9.801963737,9.210347273,9.042442776,8.397488798,1686.23937963,0,0,0,0,0,0,0.260439210287,0.756003381712,207600,591700,799300,RESIDENTIAL,4,NA
91028010,0,0,2682.486992,207.179297,90.442831,90.43500284,90.43500284,90.43500284,90.43500284,14.17038951,13.72341176,12.82521944,11.94325895,3588.39537097,0,0,0,0,157.254396847,168.636473876,185.232875003,211.836499723,621800,1448500,2070300,RESIDENTIAL,1,NA
91028011,0,0,1375.975006,148.9237108,117.5689912,116.821146,116.4183768,115.8774453,115.3679881,41.06309177,40.44256846,39.51286996,39.24633178,1754.54464166,0,0,0,0,0,1.0720572686,3.13643406699,14.159965471,217100,1446600,1663700,RESIDENTIAL,1,NA
91028013,0,0,1310.559463,148.297993,144.7465384,142.7354609,141.5186929,139.6552116,137.4313618,94.90240627,94.24839945,93.37269009,93.10044382,944.220804016,0,0,0,0,0,0,0,0,146700,693500,840200,RESIDENTIAL,1,NA
91028014,0,0,3314.416267,285.0429019,161.043192,158.6823388,157.2378136,155.0002945,152.2836981,118.1354606,117.4957231,116.5458973,101.5724558,825.256469385,0,0,0,0,0,0,0,0,318700,659100,977800,RESIDENTIAL,1,NA
91028015,0,0,1061.143883,132.8895308,187.0376274,184.819314,183.4618519,181.358003,178.8008914,130.7911559,130.2451663,129.3849763,128.5655929,824.592459305,0,0,0,0,0,0,0,0,70200,659100,729300,RESIDENTIAL,1,NA
91028016,0,0,1456.643448,157.9133668,158.9980805,157.6285489,156.8169194,155.5985852,154.1884201,79.33998954,78.87484566,78.4292031,77.10515212,957.99443912900006,0,0,0,0,0,0,0,0,155800,541700,697500,RESIDENTIAL,2,NA
91028017,0,0,1119.578033,140.8273527,141.5692693,141.0249951,140.7401608,140.3701411,140.0465658,41.55561079,41.10169824,40.64620655,39.32073871,953.952910877,0,0,0,0,0,0,0,0,314400,690000,1004400,RESIDENTIAL,1,NA
91028018,0,0,3997.298775,269.6117608,136.6686014,136.661328,136.661328,136.661328,136.661328,9.462645545,9.462645545,8.779578665,7.369572795,1005.4720228,0,0,0,0,17.8508776608,24.0879316233,34.7792237014,57.5071072237,310800,1190800,1501600,RESIDENTIAL,2,NA
91028019,0,0,4063.089584,302.0445198,174.7381342,174.7307808,174.7307808,174.7307808,174.7307808,4.602681804,3.90866909,2.970460342,1.856104616,675.292723836,0,0,0,0,5.78431788755,9.83762172529,22.151633083,47.8564440214,111000,1070100,1181100,RESIDENTIAL,1,NA
91028020,0,0,1641.780998,174.6684991,159.4340937,159.4273566,159.4273566,159.4273566,159.4273566,9.994646934,9.504909932,8.203273431,6.863367361,915.06162878,0,0,0,0,30.2516682007,44.2741210146,66.792423738,94.6171919658,295000,523400,818400,RESIDENTIAL,3,NA
91028021,0,0,2063.931488,204.3820938,163.2278164,163.0418964,162.9751566,162.9394584,162.9394519,42.17740844,42.17740844,41.66691332,40.70044835,552.159950115,0,0,0,0,0,0,0,0,93900,628500,722400,RESIDENTIAL,1,NA
91028023,0,0,1643.605377,190.57705670000001,224.3440112,224.337274,224.337274,224.337274,224.337274,19.49550704,18.55558788,17.61557494,16.67565579,967.567348554,0,0,0,0,0,0,0,0,119600,1172700,1292300,RESIDENTIAL A,3,NA
91028024,0,0,3372.930969,271.4834011,229.1039067,229.0959296,229.0959296,229.0959296,229.0959296,51.43854988,50.50044002,49.56223654,48.62412667,950.933822864,0,0,0,0,0,0,0,0,471300,692100,1163400,RESIDENTIAL,1,NA
91028025,0,0,2212.541183,202.1279545,241.5105888,240.5008863,239.9023182,239.000783,237.9507194,117.2448692,116.2840858,115.3238777,114.3644532,1065.09747544,0,0,0,0,0,0,0,0,155000,726900,881900,RESIDENTIAL,1,NA
91028027,0,0,2803.9719919999998,230.2689197,277.1960516,275.9436005,275.1884609,274.0320803,272.6504896,148.4030664,147.4970385,146.5921454,144.9941542,803.809354984,0,0,0,0,0,0,0,0,139800,680400,820200,RESIDENTIAL,1,NA
91028028,0,0,1656.620026,166.2491045,268.8367615,267.9503016,267.4264063,266.6389325,265.7244494,120.540681,119.6907912,118.2663482,116.3567007,1066.06080569,0,0,0,0,0,0,0,0,106600,726900,833500,RESIDENTIAL,1,NA
91028029,0,0,1199.275475,191.5953644,253.4697744,253.4618377,253.4618377,253.4618377,253.4618377,55.11249567,54.15110851,52.53066842,50.63012967,941.773303149,0,0,0,0,0,0,0,0,210300,692100,902400,RESIDENTIAL,1,NA
91028030,21.30866507,-158.0140812,1839.893753,193.0270865,252.7977663,252.7904102,252.7904102,252.7904102,252.7904102,32.05263991,31.08334912,29.43471085,27.53229649,941.159707814,0,0,0,0,0,0,0,0,563900,1172700,1736600,RESIDENTIAL A,1,NA
91028032,0,0,4361.566544,309.0543734,270.3999924,270.3931045,270.3931045,270.3931045,270.3931045,16.1537834,15.82645577,14.88127811,13.03992619,1103.95547697,0,0,0,0,0.408805935859,1.43525469396,9.4643711673,23.9114924077,505800,1222100,1727900,RESIDENTIAL,1,NA
91028033,0,0,425.0653305,83.51558226,279.0708732,278.9940492,278.9770773,278.97593,278.9759253,66.8107266,65.91738903,64.57403057,62.86182866,1252.38202557,0,0,0,0,0,0,0,0,358400,778100,1136500,RESIDENTIAL,1,NA
91028034,0,0,1670.957848,164.9119375,288.2291099,287.3592287,286.8440179,286.0675703,285.1621334,126.4924004,125.5548869,124.0411973,122.1785449,950.398349898,0,0,0,0,0,0,0,0,125600,558900,684500,RESIDENTIAL,2,NA
91028035,0,0,965.1525269,124.6719625,298.0325075,296.9338959,296.2739935,295.2664231,294.0678104,147.1548525,146.2213203,144.7252744,142.8695723,806.471808914,0,0,0,0,0,0,0,0,111900,659100,771000,RESIDENTIAL,1,NA
91028036,0,0,749.6085281,109.5246754,318.3020948,317.35253,316.784945,315.9217292,314.900835,144.4351531,143.8181747,142.5639598,141.1733402,776.655953835,0,0,0,0,0,0,0,0,115700,708800,824500,RESIDENTIAL,1,NA
91028037,0,0,1927.889954,190.7640331,313.0261959,312.4805305,312.1669968,311.7073701,311.1945964,110.3631885,109.6789183,108.3968631,107.1150661,915.826823272,0,0,0,0,0,0,0,0,124600,693500,818100,RESIDENTIAL,1,NA
91028038,0,0,1091.939781,134.7288039,303.2790005,303.0875162,302.9966995,302.8908495,302.8234017,80.0886357,79.4393864,78.17764018,76.73032002,1199.05665811,0,0,0,0,0,0,0,0,71200,621400,692600,RESIDENTIAL,2,NA
91028039,0,0,696.3864212,108.0131591,301.4848759,301.4776594,301.4776594,301.4776594,301.4776594,38.03083959,37.38609023,36.11683733,34.8312908,1076.16684775,0,0,0,0,0.701850678483,3.09389208831,12.9774246548,50.4824617453,335300,1229500,1564800,RESIDENTIAL,1,NA
91028043,0,0,2290.230652,211.6822476,105.2988041,102.7093485,101.1315977,98.70151809,95.77988182,84.53094363,83.74930517,82.97244132,55.96613104,1280.37549215,0,0,0,0,0,0,0,0,384600,836600,1221200,RESIDENTIAL,2,NA
91028044,0,0,1088.27375,134.0637075,172.805166,172.2813128,172.0001094,171.6212352,171.2610836,59.18717153,59.18717153,58.58927597,57.42702787,554.353857615,0,0,0,0,0,0,0,0,7000,630000,637000,RESIDENTIAL,1,NA
91028045,0,0,2134.006233,184.957737,174.3064824,173.3639823,172.8188061,172.0198429,171.1300601,73.67556887,73.65040401,72.94286581,71.52892964,507.080276048,0,0,0,0,0,0,0,0,127800,615000,742800,RESIDENTIAL,1,NA
91028046,0,0,1299.828598,144.2941504,187.4872168,186.2232154,185.4721694,184.3405587,183.0224489,94.15039625,94.07892045,93.39610186,91.98450158,528.156788815,0,0,0,0,0,0,0,0,80700,622500,703200,RESIDENTIAL,1,NA
91028047,0,0,2051.782234,190.0072663,193.1308428,191.6267473,190.722665,189.3448945,187.7116898,106.8850067,106.7296409,106.0926527,104.689367,531.042339765,0,0,0,0,0,0,0,0,94900,622500,717400,RESIDENTIAL,1,NA
91028048,0,0,1178.503891,137.6158438,200.6921409,198.631051,197.3719711,195.4233129,193.0594019,134.0826702,133.7006966,133.2006653,131.8467258,529.010675659,0,0,0,0,0,0,0,0,70800,622500,693300,RESIDENTIAL,1,NA
91028053,0,0,1449.272949,155.4324829,216.9735227,215.9153037,215.2893576,214.3493661,213.2597578,109.3265721,108.491886,107.6207472,106.1718348,493.959192383,0,0,0,0,0,0,0,0,157200,613900,771100,RESIDENTIAL,1,NA
91028054,0,0,1372.077309,150.3939267,208.2438661,207.5063798,207.083805,206.4693505,205.7936849,89.08611018,88.224313660000007,87.36538217,85.85826931,495.858173125,0,0,0,0,0,0,0,0,122100,606800,728900,RESIDENTIAL,1,NA
91028055,0,0,2513.176758,214.0738776,200.6080048,200.1905169,199.9703082,199.6789526,199.4126236,70.13324498,69.28070907,68.43208769,66.8817337,524.827221911,0,0,0,0,0,0,0,0,148800,621000,769800,RESIDENTIAL,1,NA
91028056,0,0,847.2361908,118.8867089,213.5919497,213.5849793,213.5849793,213.5849793,213.5849793,28.50347222,27.50381179,26.56199623,25.56480014,1954.4608171,0,0,0,0,0,0,0,0,126700,555000,681700,RESIDENTIAL,3,NA
91028059,0,0,1228.55452,144.6432867,120.0339855,116.6466219,114.5426589,111.2378049,107.1429718,111.6032463,110.6611826,109.4839216,34.16292099,252.830612264,0,0,0,0,0,0,0,0,78500,536900,615400,RESIDENTIAL,1,NA
91028060,0,0,2106.665245,194.6509878,141.1762783,138.1494118,136.2783393,133.3522952,129.7500237,124.9197308,124.086929,123.2567019,62.72321719,463.76001966,0,0,0,0,0,0,0,0,240600,600000,840600,RESIDENTIAL,1,NA
91028061,0,0,2496.30558,213.0059406,123.8810828,120.3014998,118.0705279,114.5544307,110.1757455,119.6909317,118.7389524,117.4714435,18.12430473,592.206719279,0,0,0,0,0,0,0,0,142200,619700,761900,RESIDENTIAL,1,NA
91028062,0,0,1998.244408,185.799912,125.4217823,121.707385,119.3871334,115.7225977,111.1444948,126.4500676,125.4580564,123.9019519,0.738688389,498.167591003,0,0,0,0,0,0,0,3.45191850459,385500,614200,999700,RESIDENTIAL,1,NA
91028063,0,0,1579.619385,165.3090121,80.60542488,77.59157699,75.74462478,72.88590168,69.42714013,68.38597937,67.44686219,66.31435494,28.75856025,252.544628271,0,0,0,0,0,0,0,0,417400,536900,954300,RESIDENTIAL,1,NA
91029015,0,0,2622.572044,250.6613116,275.3966499,274.1885115,273.2192172,271.7769644,270.3348769,135.38331,51.88661424,37.0037551,36.27945797,552.145324737,0,0,0,0,0,0,0,0,148500,628500,777000,RESIDENTIAL,1,NA
91029016,0,0,1106.286568,133.6533074,271.5145084,270.1288524,269.0031002,267.2917758,265.5000635,142.7455646,51.07558376,36.7067496,36.17565436,552.154071702,0,0,0,0,0,0,0,0,207300,628500,835800,RESIDENTIAL,1,NA
91030001,0,0,2716.732178,247.3816326,491.5417196,491.5498747,491.5498747,491.5498747,491.5498747,12.79376842,12.09209846,11.37947942,9.77943755,806.710530285,0,0,0,0,16.5907363464,26.1181372275,53.9843478625,103.064532569,213800,1137200,1351000,RESIDENTIAL,1,NA
91030002,0,0,1778.365135,197.63568,474.4842302,474.4923813,474.4923813,474.4923813,474.4923813,16.53874894,15.5432181,15.47523857,14.46515225,805.22481962,0,0,0,0,0.285712047442,1.4953470154,3.09890832368,27.4258784704,121400,1141300,1262700,RESIDENTIAL A,1,NA
91030003,0,0,899.3569031,120.7045178,460.9981768,461.0064626,461.0064626,461.0064626,461.0064626,14.47957644,13.55773339,13.16950721,11.85952997,791.977896536,0,0,0,0,8.95523976176,15.6140290965,25.9605775815,56.2746488781,129700,1068200,1197900,RESIDENTIAL,1,NA
91030005,0,0,2532.405357,214.0819133,432.4630715,432.4711742,432.4711742,432.4711742,432.4711742,12.73352986,12.73354521,10.73303005,9.732699244,727.832148121,0,0,0,0,11.5411173791,17.5168343724,27.0851566982,46.8423261329,120800,1064400,1185200,RESIDENTIAL,1,NA
91030006,0,0,1767.079819,195.4999386,417.5299063,417.5383109,417.5383109,417.5383109,417.5383109,13.46636001,12.92499024,11.26976937,10.03611378,782.820369023,0,0,0,0,32.5407179999,49.5902840055,81.5436102776,120.099134767,135100,1133800,1268900,RESIDENTIAL A,2,NA
91030007,0,0,2601.665565,216.7675643,398.4628685,398.4711514,398.4711514,398.4711514,398.4711514,16.59358653,15.63067529,13.70473208,11.50816736,805.170453508,0,0,0,0,1.18686260438,5.76376513241,32.2679978492,70.8044331969,174700,1155600,1330300,RESIDENTIAL,1,NA
91030008,0,0,1515.412727,160.822047,381.4703288,381.4786457,381.4786457,381.4786457,381.4786457,19.33804901,18.3750414,17.41210513,15.75690225,774.970217284,0,0,0,0,0.973095210428,3.04744586354,17.5638703414,42.8854657368,113600,1146200,1259800,RESIDENTIAL A,1,NA
91030009,0,0,2646.510361,247.4578988,360.6558427,360.6642179,360.6642179,360.6642179,360.6642179,12.54458194,12.2510945,10.91268461,10.21822557,754.083328529,0,0,0,0,3.45250276914,6.79842468868,19.5769790873,33.1995453633,138300,1130700,1269000,RESIDENTIAL,1,NA
91030010,0,0,2151.250687,240.7667874,343.9261948,343.93456,343.93456,343.93456,343.93456,9.931078057,8.9676934,8.273240678,7.309856007,695.771645921,0,0,0,0,3.04605974545,11.2758396539,25.7260110649,42.9501120137,960700,1119500,2080200,RESIDENTIAL A,1,NA
91030011,0,0,1938.743713,212.5536713,328.1084991,328.1172396,328.1172396,328.1172396,328.1172396,6.804214644,6.691638888,5.840811099,5.136505462,737.638583732,0,0,0,0,10.6601895045,16.2981263659,29.963613388,49.7791702658,132500,1119000,1251500,RESIDENTIAL,1,NA
91030012,0,0,3452.088318,241.5347339,308.4098104,308.4187321,308.4187321,308.4187321,308.4187321,12.34438658,12.11046188,10.78458668,9.484273243,686.3117523,0,0,0,0,0,0,0,0.357367221311,916200,1112400,2028600,RESIDENTIAL A,1,NA
91030013,0,0,1740.728012,167.3920767,287.888127,287.8965066,287.8965066,287.8965066,287.8965066,27.6478522,27.01245853,26.69279227,25.74126685,633.057729898,0,0,0,0,0,0,0,0,156600,654500,811100,RESIDENTIAL,1,NA
91030014,0,0,2136.39949,204.804097,287.4164179,287.4256495,287.4256495,287.4256495,287.4256495,4.331977595,3.616229748,3.339089875,2.069165052,607.813216183,0,0,0,0,3.28345810947,12.1739765801,24.7396966667,42.8172940997,366600,1054100,1420700,RESIDENTIAL A,1,NA
91030015,0,0,1792.284706,171.48224,268.7915709,268.8005158,268.8005158,268.8005158,268.8005158,14.83920662,14.36977613,13.03829513,12.3228356,582.187852727,0,0,0,0,0,0,0,0,95700,638000,733700,RESIDENTIAL,1,NA
91030016,0,0,2396.039536,260.9445418,247.1692019,247.178541,247.178541,247.178541,247.178541,2.325475221,1.660226657,0.930924704,0.266178934,968.201668783,0,0,0,0,120.762706038,150.934479509,189.772857996,244.815044878,148200,1124400,1272600,RESIDENTIAL A,1,NA
91030018,0,0,3627.191765,316.154039,184.2458223,184.2556162,184.2556162,184.2556162,184.2556162,15.96859958,4.411524855,3.71391519,3.002166282,1344.50059225,0,0,0,0,0,0,0,5.67776703121,208700,1209900,1418600,RESIDENTIAL,1,NA
91030019,0,0,2101.732521,196.4881821,198.0378196,198.0469395,198.0469395,198.0469395,198.0469395,20.80548572,20.18120937,19.02940703,17.14450631,585.783224931,0,0,0,0,0,0,0,0,119700,638500,758200,RESIDENTIAL,1,NA
91030020,0,0,2182.290413,200.7371599,213.8316954,213.8403785,213.8403785,213.8403785,213.8403785,29.24465444,29.05907252,27.08942687,25.80522618,643.64036495,0,0,0,0,0,0,0,0,170700,657400,828100,RESIDENTIAL,1,NA
91030021,0,0,2308.544144,225.3901192,238.6795057,238.6878134,238.6878134,238.6878134,238.6878134,40.78630557,40.07997813,39.16664982,38.16859206,605.004283008,0,0,0,0,0,0,0,0,111200,645300,756500,RESIDENTIAL,1,NA
91030022,0,0,3029.413506,251.0347929,244.0864293,244.0938161,244.0938161,244.0938161,244.0938161,46.09865224,39.36775951,35.14069901,34.33723681,604.999989954,0,0,0,0,0,0,0,0,385500,645300,1030800,RESIDENTIAL,1,NA
91030023,0,0,2141.551605,203.0884286,260.6174303,260.6246621,260.6246621,260.6246621,260.6246621,62.42562635,47.58989346,40.00989135,39.38175438,607.521202944,0,0,0,0,0,0,0,0,146800,646400,793200,RESIDENTIAL,1,NA
91030024,0,0,2214.292938,210.8991149,291.5968485,291.3810435,291.285186,291.2727638,291.2727678,89.26674406,69.08294273,54.32392827,54.23730935,614.858911322,0,0,0,0,0,0,0,0,136900,648700,785600,RESIDENTIAL,1,NA
91030025,0,0,2347.201469,221.5701227,297.8633065,297.8704606,297.8704606,297.8704606,297.8704606,71.82390251,71.52001299,66.18337392,65.93203225,613.15871636,0,0,0,0,0,0,0,0,132100,648000,780100,RESIDENTIAL,1,NA
91030026,0,0,1483.359444,174.8964167,313.9960789,314.0038384,314.0038384,314.0038384,314.0038384,58.0243891,57.59181578,56.73532198,55.04922527,721.253230917,0,0,0,0,0,0,0,0,159800,684100,843900,RESIDENTIAL,1,NA
91030027,0,0,1403.451912,173.3917486,333.7990253,333.8064866,333.8064866,333.8064866,333.8064866,55.64111771,54.67916609,53.99122659,53.02927496,768.391316335,0,0,0,0,0,0,0,0,155300,698100,853400,RESIDENTIAL,1,NA
91030028,0,0,2512.84124,219.1318802,356.4692733,356.4765606,356.4765606,356.4765606,356.4765606,55.78526657,54.78580289,53.83603788,52.83757447,766.543272578,0,0,0,0,0,0,0,0,148500,697700,846200,RESIDENTIAL,1,NA
91030030,0,0,2496.994972,214.8763685,378.9847444,378.992045,378.992045,378.992045,378.992045,57.5922562,56.867597429999996,55.90657212,54.26190223,686.157727844,0,0,0,0,0,0,0,0,143200,671800,815000,RESIDENTIAL,1,NA
91030031,0,0,2700.968452,241.5446751,393.6767125,393.6840039,393.6840039,393.6840039,393.6840039,56.49663198,55.46756788,54.26975985,52.84740049,711.544116642,0,0,0,0,0,0,0,0,130600,679800,810400,RESIDENTIAL,1,NA
91030032,0,0,3914.423325,278.105856,414.4898483,414.4973272,414.4973272,414.4973272,414.4973272,54.48092245,53.9007725,52.27626507,51.02888165,656.345439887,0,0,0,0,0,0,0,0,264700,662200,926900,RESIDENTIAL,1,NA
91030033,0,0,2752.563248,262.5964102,418.0718709,418.0789892,418.0789895,418.0789895,418.0789896,73.09564628,72.50072661,70.8881413,69.63564189,633.62512464,0,0,0,0,0,0,0,0,197300,654600,851900,RESIDENTIAL,1,NA
91030034,0,0,2373.401443,256.3339363,425.1128496,425.0134653,424.9882324,424.9882328,424.9882359,92.08287467,91.56795333,89.88866482,88.66334154,633.612970011,0,0,0,0,0,0,0,0,121900,654600,776500,RESIDENTIAL,1,NA
91030036,0,0,2264.266754,241.5494785,386.292115,385.9143435,385.6136202,385.2622327,385.1217674,113.3758321,112.4070087,111.4388157,109.7651732,738.384078039,0,0,0,0,0,0,0,0,195200,688400,883600,RESIDENTIAL,1,NA
91030037,0,0,1948.332504,198.4905246,385.3820274,385.0863207,384.8600902,384.6380982,384.607075,95.73029408,94.76134569,93.79312989,92.12155896,668.342803633,0,0,0,0,0,0,0,0,135900,665800,801700,RESIDENTIAL,1,NA
91030038,0,0,2578.312134,225.9889289,353.3419936,353.2685414,353.2639244,353.2639246,353.2639269,89.34848126,88.36145102,87.5449585,86.56048031,744.597881762,0,0,0,0,0,0,0,0,308100,690500,998600,RESIDENTIAL,1,NA
91030048,0,0,3037.841812,239.8591552,462.4962833,461.9652202,461.5534489,460.9826722,460.5036624,119.3192068,118.3646434,118.0684475,116.8215222,748.69522112,0,0,0,0,0,0,0,0,126600,698400,825000,RESIDENTIAL,1,NA
91030049,0,0,1793.307541,204.7875244,459.84261,459.5478532,459.345308,459.1368976,459.0974172,102.8652034,102.0376482,100.6478185,99.25874079,750.716389361,0,0,0,0,0,0,0,0,164300,698400,862700,RESIDENTIAL,1,NA
91030050,0,0,1542.653282,165.4016741,465.9137233,465.8115193,465.7781863,465.7780698,465.7780731,84.71274039,83.92462078,82.52006433,81.11591445,779.602390174,0,0,0,0,0,0,0,0,104500,698400,802900,RESIDENTIAL,2,NA
91030051,0,0,1431.249794,174.412175,461.9440108,461.951252,461.951252,461.951252,461.951252,64.12734723,63.17825308,62.86246057,61.59766856,627.002243901,0,0,0,0,0,0,0,0,105500,660900,766400,RESIDENTIAL,1,NA
91030052,0,0,2680.46933,283.3744973,481.7069774,481.7143713,481.7143713,481.7143713,481.7143713,47.65131148,46.80313401,45.42399793,44.0471605,660.570911878,0,0,0,0,0,0,0,0,237400,665700,903100,RESIDENTIAL,1,NA
91030054,0,0,1334.199715,150.6402801,365.6841702,365.3471747,365.1237829,364.9158114,364.8956318,107.1504352,106.1524698,105.2275617,104.2303838,241.021033255,0,0,0,0,0,0,0,0,252800,527800,780600,RESIDENTIAL,1,NA
91165026,0,0,1235.354515,156.527305,204.0311961,200.7396827,197.9322161,193.3263105,187.7774325,171.7183684,19.83752262,8.86948175,7.619466478,551.928838401,0,0,0,0,0,0,0,0,515500,821200,1336700,RESIDENTIAL,1,NA
91165028,0,0,458.6145554,85.66128055,194.9286843,190.4736466,186.6063338,180.0319508,171.537337,185.3973429,0.383699514,0,0,593.534191256,0,0,0,0,0,4.04934854951,59.1625315777,91.3175453473,515500,821000,1336500,RESIDENTIAL,1,NA
91165029,0,0,456.7920303,85.49087643,185.3548258,180.8955521,177.0250589,170.3762694,161.8883303,176.5695305,0,0,0,585.421859662,0,0,0,0,0,195.185207313,556.545907174,578.6338221,536300,818100,1354400,RESIDENTIAL,1,NA
91165030,0,0,1718.064774,223.3942571,156.4128853,151.9267578,148.0485153,141.5631045,133.5122335,149.298301,0,0,0,562.958399893,0,0,0,0,0,381.135621092,562.958399884,562.958399891,501800,824900,1326700,RESIDENTIAL A,1,NA
91165032,0,0,1522.611626,226.4277513,128.7018941,123.4915574,118.9470915,111.2498473,101.4961531,131.3960503,0,0,0,414.150490848,0,0,0,0,0,160.028361657,414.150490819,414.150490829,427100,778300,1205400,RESIDENTIAL,1,NA
91165033,0,0,868.9684143,128.5488298,143.4562739,138.2584612,133.719468,126.0153619,116.2076388,145.9009299,0,0,0,392.72225214,0,0,0,0,0,344.934007606,392.722252159,392.722252149,331600,745700,1077300,RESIDENTIAL A,1,NA
91165034,0,0,1006.905548,146.4403766,157.8413899,152.66195,148.1017783,140.3227317,130.2476126,158.5033635,0,0,0,427.229401142,0,0,0,0,0,288.332650748,427.229401128,427.2294011,315800,745000,1060800,RESIDENTIAL,1,NA
91165035,0,0,1803.799393,231.7179295,168.0921712,162.9465098,158.4013956,150.5648764,140.4696415,165.5126407,0,0,0,467.156312773,0,0,0,0,0,237.615860964,467.1301125,467.156312816,427100,743900,1171000,RESIDENTIAL A,1,NA
91165036,0,0,1063.063042,145.1796987,181.8242561,176.8274623,172.4637192,165.0534447,155.598765,180.9964432,0,0,0,462.643112741,0,0,0,0,0,221.667845926,400.702812299,409.884253831,355200,742000,1097200,RESIDENTIAL,1,NA
91165037,0,0,990.5057602,144.1210954,191.750873,186.7367431,182.3542112,174.9024201,165.3718457,190.7889951,0,0,0,426.353070743,0,0,0,0,0,259.247580039,374.291173182,376.591383733,315800,743400,1059200,RESIDENTIAL,1,NA
91165038,0,0,1851.428078,225.3382466,201.5658062,196.8017732,192.6476611,185.6083609,176.6546255,196.5310513,0,0,0,395.165316528,0,0,0,0,0,64.8331865879,157.246131247,192.800436637,427100,769800,1196900,RESIDENTIAL,1,NA
91165039,0,0,1000.591263,145.3663848,214.5887625,209.6386901,205.3099544,197.9434457,188.5048322,211.8628409,8.739712296,7.113461753,5.917337872,358.005994899,0,0,0,0,0,0,0,0,316100,753100,1069200,RESIDENTIAL A,1,NA
91165043,0,0,1675.444565,230.9225878,223.3954436,217.9538398,213.1706699,204.968608,194.3255445,214.2507017,6.181938103,1.759976173,0,364.346380752,0,0,0,0,0,0,2.60790621826,21.0621141414,431600,741700,1173300,RESIDENTIAL,1,NA
91165044,21.30833003,-158.0239192,892.4110794,131.0343934,215.0311658,209.5280654,204.6889728,196.3863023,185.6031684,213.8781927,0,0,0,367.121314405,0,0,0,0,0,35.9150381143,102.796103388,121.318217777,327400,735300,1062700,RESIDENTIAL,1,NA
91165045,0,0,1025.02446,143.0915652,207.4974613,201.9184545,197.0098338,188.5807674,177.6186416,207.719917,0,0,0,389.675804679,0,0,0,0,0,63.1422174607,107.621526005,115.877787428,340900,752300,1093200,RESIDENTIAL,1,NA
91165046,0,0,1679.801407,230.7131781,199.01735,193.3671037,188.39312,179.8449019,168.7133158,205.6164485,0,0,0,428.154880843,0,0,0,0,0,14.4638379113,100.424517974,111.577091849,426500,760400,1186900,RESIDENTIAL,1,NA
91165047,21.30812893,-158.0241476,1033.709602,144.2650924,190.8162717,185.1105679,180.0856287,171.4442948,160.1797798,197.6508533,0,0,0,414.946840152,0,0,0,0,0,32.8472906093,86.6122253849,114.459447609,352500,755000,1107500,RESIDENTIAL A,1,NA
91165048,21.30802729,-158.024208,902.1487503,133.6756065,181.0945889,175.3476304,170.284888,161.5747159,150.2125775,188.0213831,0,0,0,412.710522882,0,0,0,0,0,81.7574763764,116.261013496,129.825941182,318700,754800,1073500,RESIDENTIAL,1,NA
91165049,21.30796607,-158.02429420000001,1704.001816,230.6452436,171.0181957,165.2331872,160.1354819,151.3613693,139.9079561,177.9189922,0,0,0,369.328341902,0,0,0,0,0,128.674119167,155.70158821,166.477255697,431600,759400,1191000,RESIDENTIAL,1,NA
91165050,0,0,980.5731049,143.2110392,160.8215503,155.0138721,149.8954955,141.0840035,129.5783847,167.6810608,0,0,0,369.324855648,0,0,0,0,0,126.404034212,215.891820044,227.445601558,315700,759400,1075100,RESIDENTIAL A,1,NA
91165051,0,0,437.8434677,83.70026247,155.6463108,149.8415221,144.7365242,135.9011716,124.283617,163.0131406,0,0,0,365.385384378,0,0,0,0,0,101.761145437,314.847227382,328.794981072,345400,757700,1103100,RESIDENTIAL,1,NA
91165052,0,0,1706.693825,231.9919081,139.7221757,133.9096297,128.7775355,119.9209791,108.3532655,146.5600667,0,0,0,325.806395285,0,0,0,0,0,169.34043058,325.806395252,325.806395202,431600,740300,1171900,RESIDENTIAL,1,NA
91165053,0,0,445.0578308,84.39058021,132.2263594,126.4030728,121.2955154,112.4652777,100.8509183,139.6729101,0.367861731,0,0,352.00134799,0,0,0,0,0,222.940909328,307.937858076,352.001348055,322800,752300,1075100,RESIDENTIAL,1,NA
91165057,0,0,443.3254013,84.22492683,138.8774246,132.9790753,127.7988758,118.8487417,107.0926746,146.3585373,6.83858097,3.475022913,1.474450173,503.02706122,0,0,0,0,0,0,0,0.494200271507,539100,816400,1355500,RESIDENTIAL,1,NA
94011024,0,0,2268.947182,202.9108348,7278.943323,7277.584762,7277.325628,7276.4331,7274.967085,60.02457261,60.01618273,58.01564768,0,1646.30134969,0,0,0,0,0,0,0,1038.67383038,457800,922100,1379900,RESIDENTIAL,2,NA
94016018,0,0,2281.132996,196.4917542,6918.07383,6917.105134,6916.897856,6916.18399,6915.011619,100.2528567,12.75768474,8.656756002,0,485.399163216,0,0,0,0,0,0,0,63.2873938404,187400,670500,857900,RESIDENTIAL,1,NA
94016022,0,0,2247.739578,189.9604303,6947.760288,6946.763732,6946.552691,6945.825862,6944.632187,84.20176423,23.26556418,18.00480321,0,420.550698933,0,0,0,0,0,0,0,164.520162894,134000,670500,804500,RESIDENTIAL,1,NA
94016023,0,0,2247.748116,189.9607705,6950.629619,6949.629972,6949.418514,6948.690249,6947.494213,64.39604863,23.09295527,17.72474465,0,417.98897414,0,0,0,0,0,0,0,184.90278596,138800,650400,789200,RESIDENTIAL,1,NA
94016024,0,0,2247.763756,189.9614576,6956.46297,6955.4571,6955.244803,6954.513648,6953.312861,46.820151,23.77610279,19.65212277,0,490.291183383,0,0,0,0,0,0,0,163.630715244,218100,705100,923200,RESIDENTIAL,1,NA
94016025,0,0,2671.506729,227.4013953,6961.682855,6960.668714,6960.455303,6959.720308,6958.51321,26.07784097,25.55468383,21.93758646,0,889.808351809,0,0,0,0,0,0,0,337.331157245,189800,708500,898300,RESIDENTIAL,1,NA
94016027,0,0,3330.32975,250.3513892,6999.017864,6997.995236,6997.780682,6997.041748,6995.828174,2.158037254,1.408242569,0.091313618,0,566.155476382,0,0,0,0,0,0,0,151.764328849,252300,709400,961700,RESIDENTIAL,1,NA
94016028,0,0,2642.638725,220.2517693,7013.191306,7012.18002,7011.966993,7011.233319,7010.028391,17.03390581,17.00454739,16.00431595,0,564.47936514,0,0,0,0,0,0,0,278.496095602,152400,703800,856200,RESIDENTIAL,1,NA
94016029,0,0,1788.508263,167.1700338,7031.504712,7030.493927,7030.280967,7029.547525,7028.342976,19.72083972,19.38824869,17.8647654,0,550.879503865,0,0,0,0,0,0,0,90.0410863494,171500,709300,880800,RESIDENTIAL,1,NA
94016033,0,0,2281.13385,196.4922133,6979.153114,6978.151365,6977.939624,6977.210381,6976.012736,51.00720859,50.42860167,45.53987492,0,538.016692125,0,0,0,0,0,0,0,419.868049173,161100,674700,835800,RESIDENTIAL,1,NA
94016060,0,0,2281.158386,196.4930598,7012.381288,7011.400447,7011.191526,7010.472001,7009.290324,85.72255932,85.28170209,84.34342851,0,468.961921133,0,0,0,0,0,0,0,15.1137996007,128700,675400,804100,RESIDENTIAL,1,NA
94016061,0,0,1834.997849,173.3373783,7006.084196,7005.098699,7004.88915,7004.167459,7002.982224,72.02483225,71.63488114,70.71233177,0,469.586523512,0,0,0,0,0,0,0,117.875770866,146000,675400,821400,RESIDENTIAL,1,NA
94016062,0,0,1783.659309,167.5137244,7013.091922,7012.098391,7011.887758,7011.162332,7009.9709570000005,63.11177194,62.5627248,61.72537664,0,481.613078755,0,0,0,0,0,0,0,211.252485498,147300,675400,822700,RESIDENTIAL,1,NA
94016063,0,0,2025.573685,182.1385541,7004.308479,7003.309668,7003.098323,7002.370443,7001.175037,51.40699943,51.10798045,49.44885131,0,521.929784147,0,0,0,0,0,0,0,432.432489258,149200,674300,823500,RESIDENTIAL,1,NA
94016064,0,0,3139.846336,227.5109513,7053.886518,7052.900262,7052.69061,7051.968563,7050.78274,46.16897582,46.16897582,45.30335467,0,482.734229405,0,0,0,0,0,0,0,10.9238031185,165600,674500,840100,RESIDENTIAL,1,NA
94020006,0,0,2703.727547,219.4839661,7026.432512,7025.400955,7025.185199,7024.442123,7023.221743,4.871188362,4.378437163,3.488128027,0,463.424703379,0,0,0,0,0,0,0,10.3357996278,122300,664700,787000,RESIDENTIAL,1,NA
94020010,0,0,3232.398674,232.8147506,6970.139674,6969.0927,6968.874873,6968.124661,6966.892556,23.22836342,17.64750868,5.886611482,0,557.897701316,0,0,0,0,0,0,0,61.7088258018,221100,683000,904100,RESIDENTIAL,1,NA
94020011,0,0,2286.336502,204.2439232,6977.463176,6976.412199,6976.193833,6975.441768,6974.206617,35.85243721,25.94089892,11.02209944,0,479.080575496,0,0,0,0,0,0,0,147.892852887,131000,663800,794800,RESIDENTIAL,1,NA
94020012,0,0,2329.334335,221.3223429,6977.968759,6976.91177,6976.692597,6975.937751,6974.69803,48.92153606,15.61972749,7.755638404,0,484.257382805,0,0,0,0,0,0,0,87.0442316769,213800,663300,877100,RESIDENTIAL,1,NA
94020018,0,0,2286.351501,204.2440544,7007.744338,7006.653131,7006.429371,7005.658722,7004.393026,143.0034733,12.89763882,11.0410713,0,477.289356367,0,0,0,0,0,0,0,21.8508552971,348000,670000,1018000,RESIDENTIAL,1,NA
94020020,0,0,594.6340103,98.55155097,7009.17885,7008.075907,7007.850577,7007.074518,7005.799932,172.4669856,4.34337379,1.928447495,0,486.377187296,0,0,0,0,0,0,0,10.0687578449,144000,670000,814000,RESIDENTIAL,1,NA
96002002,21.3920465,-157.9766242,477.5485611,95.47063573,7434.35826,7434.403116,7434.337749,7434.112763,7433.743701,0.892747164,0.892747164,0.892714441,0,8196.70078862,0,0,0,0,496.651352148,533.934770259,599.680007693,662.915150305,228900,1228700,1457600,RESIDENTIAL,1,NA
97004001,0,0,452.3066101,85.32282341,5587.984494,5587.990573,5587.919636,5587.67552,5587.275222,12.5248292,10.68945417,0,0,4131.22846095,0,0,0,0,0,0,153.913359616,327.817237653,743500,1040300,1783800,RESIDENTIAL,1,NA
98015014,0,0,1349.749207,150.9835322,6793.821898,6794.47903,6794.47903,6794.47903,6794.47903,66.3835564,65.44598716,53.18918571,0,442.911819308,0,0,0,0,0,0,0,359.544741012,98300,850000,948300,RESIDENTIAL,1,NA
98015015,0,0,2682.27581,234.2281026,6784.528396,6785.184796,6785.184796,6785.184796,6785.184796,57.67154344,56.81612534,33.96658746,0,482.570978644,0,0,0,0,0,0,0,427.422880662,57700,881800,939500,RESIDENTIAL,1,NA
98015016,0,0,1545.525253,158.4300398,6783.639488,6784.29524,6784.29524,6784.29524,6784.29524,53.34644203,52.34777598,21.43063024,0,462.419784208,0,0,0,0,0,0,0,462.419784281,435600,860700,1296300,RESIDENTIAL,3,NA
98015017,0,0,2081.17276,186.8226959,6778.461076,6779.116116,6779.116116,6779.116116,6779.116116,48.6210676,47.6279795,9.192973051,0,445.809951461,0,0,0,0,0,0,0,445.809951491,151900,850000,1001900,RESIDENTIAL,1,NA
98015018,0,0,2656.040596,217.1250634,6766.126583,6766.781113,6766.781113,6766.781113,6766.781113,53.28371947,52.33798429,0,0,482.897141007,0,0,0,0,0,0,2.15693450231,482.897140996,104000,850000,954000,RESIDENTIAL,1,NA
98015019,0,0,1901.932579,175.2513706,6767.348255,6768.002007,6768.002007,6768.002007,6768.002007,57.88708581,40.39120761,0,0,452.008279578,0,0,0,0,0,0,133.893991092,452.008279564,12900,850600,863500,RESIDENTIAL,1,NA
98015020,0,0,2327.428909,192.5686126,6752.902932,6753.555619,6753.555619,6753.555619,6753.555619,59.34180225,14.35320735,0,0,649.345105701,0,0,0,0,0,0,631.598165663,649.345105738,10600,939200,949800,RESIDENTIAL,1,NA
98015021,0,0,1745.202728,167.1733996,6762.440184,6763.092433,6763.092433,6763.092433,6763.092433,50.05960286,0,0,0,593.949779837,0,0,0,0,0,108.822907612,593.949779813,593.949779833,111800,919100,1030900,RESIDENTIAL,1,NA
98015022,0,0,2078.488129,181.2786087,6773.537676,6774.188917,6774.188917,6774.188917,6774.188917,30.48236309,0,0,0,675.271703235,0,0,0,0,0,377.768164852,673.770871915,675.27170327,16900,932000,948900,RESIDENTIAL,1,NA
98015023,0,0,854.5486679,116.6374828,6753.527766,6754.178749,6754.178749,6754.178749,6754.178749,39.9485362,0,0,0,2758.34820174,0,0,0,0,0,1015.47176402,2426.28756587,2758.34820171,10900,1473000,1483900,RESIDENTIAL,1,NA
98015024,0,0,2612.588066,221.6733899,6800.996394,6801.648408,6801.648408,6801.648408,6801.648408,7.667518707,6.564281333,0,0,594.676837976,0,0,0,0,8.63759826007,20.2497180412,114.32664441,594.676838036,35500,883200,918700,RESIDENTIAL,1,NA
98015025,0,0,1416.702957,150.0046329,6811.2488,6811.900981,6811.900981,6811.900981,6811.900981,12.16032516,11.44699706,4.287569454,0,626.252591316,0,0,0,0,26.2735951808,56.0349377284,113.452535631,579.228965778,357000,911900,1268900,RESIDENTIAL,1,NA
98015026,0,0,2196.894684,190.3345519,6799.774651,6800.427687,6800.427687,6800.427687,6800.427687,18.44506667,17.07309927,1.378283208,0,497.495329993,0,0,0,0,32.6146159103,42.9015992017,57.3079388397,494.873165989,13100,898300,911400,RESIDENTIAL,1,NA
98015027,0,0,3043.274223,234.2998831,6805.12463,6805.778416,6805.778416,6805.778416,6805.778416,10.20459272,9.083052887,7.617715811,0,548.52427503,0,0,0,0,9.37952013491,21.38021396,42.4088801835,511.73020755,138400,878900,1017300,RESIDENTIAL,1,NA
98015028,0,0,1287.340614,144.1857399,6813.853801,6814.508043,6814.508043,6814.508043,6814.508043,13.8050944,12.83071668,10.89603684,0,502.902510212,0,0,0,0,1.55632479223,4.50104517918,20.2343518729,352.526898616,34300,824400,858700,RESIDENTIAL,2,NA
98015029,0,0,2123.036972,194.8043102,6817.793455,6818.448367,6818.448367,6818.448367,6818.448367,18.1153061,17.12152578,15.30091806,0,495.61631951,0,0,0,0,0.066060652276,1.71943339832,12.2289157124,248.030537856,91300,857800,949100,RESIDENTIAL,1,NA
98015030,0,0,2116.01767,185.6490536,6823.438406,6824.094011,6824.094011,6824.094011,6824.094011,19.92982986,18.97838922,18.03223225,0,489.148759084,0,0,0,0,0,0,0,277.001494958,410200,850000,1260200,RESIDENTIAL,1,NA
98015031,0,0,3432.56897,244.318943,6861.016988,6861.672656,6861.672656,6861.672656,6861.672656,6.817346285,5.194252245,2.959377004,0,729.919695012,0,0,0,0,0,0.0821419092565,13.1356847906,127.944045813,142100,958100,1100200,RESIDENTIAL,1,NA
98015052,0,0,1869.394989,174.710123,6720.678499,6721.33316,6721.33316,6721.33316,6721.33316,12.27196275,9.271213514,0,0,560.828799104,0,0,0,0,0,0,435.476979994,560.828799078,17500,897300,914800,RESIDENTIAL,1,NA
98015053,0,0,2192.77771,195.3891855,6703.468347,6704.122403,6704.122403,6704.122403,6704.122403,5.01109857,2.650278629,0,0,530.599373029,0,0,0,0,0,5.21496783691,375.708864199,530.599373094,49300,868000,917300,RESIDENTIAL,1,NA
98015054,0,0,976.3502274,127.3387836,6703.55773,6704.210869,6704.210869,6704.210869,6704.210869,12.23348896,6.623446371,0,0,538.580978795,0,0,0,0,0,0,346.250175418,538.580978783,29300,885100,914400,RESIDENTIAL,1,NA
98015055,0,0,1152.145554,141.4598588,6696.785758,6697.438153,6697.438153,6697.438153,6697.438153,6.783382095,0.598207784,0,0,625.329808302,0,0,0,0,0,49.9842298781,579.289104224,625.329808272,6100,922200,928300,RESIDENTIAL,1,NA
98015056,0,0,2778.576286,209.8432039,6675.091232,6675.742558,6675.742558,6675.742558,6675.742558,4.00784216,2.600618641,0,0,590.184717785,0,0,0,0,0,4.81682049356,448.740346024,590.18471778,247000,896000,1143000,RESIDENTIAL,1,NA
98015057,0,0,1323.856964,150.2789668,6656.090291,6656.741327,6656.741327,6656.741327,6656.741327,0,0,0,0,1357.93610503,0,0,0,0,1166.78703895,1287.95786191,1357.37930061,1357.936105,228900,946100,1175000,RESIDENTIAL A,2,NA
98015058,21.37962366,-157.9431618,1795.115463,214.0496017,6659.189295,6659.837343,6659.837343,6659.837343,6659.837343,22.27403111,0,0,0,3521.35396847,0,0,0,0,5.57365464273,363.965954648,3130.47603951,3521.35396845,188600,1439200,1627800,RESIDENTIAL,1,NA
98024012,0,0,2398.06945,200.7206601,7156.442253,7157.03278,7157.03278,7157.03278,7157.03278,95.09621942,94.66835369,18.44373412,0,516.790135947,0,0,0,0,0,0,0,173.680961322,51200,895900,947100,RESIDENTIAL,1,NA
98024021,0,0,2552.593216,203.5526001,7148.418182,7149.00664,7149.00664,7149.00664,7149.00664,70.57109754,70.03679063,0,0,661.056747222,0,0,0,0,0,0,159.135549848,661.056747172,13700,935600,949300,RESIDENTIAL,1,NA
98024022,0,0,1520.324959,157.2142625,7146.17138,7146.758846,7146.758846,7146.758846,7146.758846,58.59855917,57.91265565,0,0,553.463339227,0,0,0,0,0,0,212.085980463,553.463339239,6300,892500,898800,RESIDENTIAL,2,NA
98024023,0,0,900.711235,129.5693013,7162.367552,7162.953821,7162.953821,7162.953821,7162.953821,65.70183911,64.81292393,0,0,553.93138441200006,0,0,0,0,0,0,431.803240576,553.93138447,41400,892500,933900,RESIDENTIAL,1,NA
98024024,0,0,3155.094055,240.0366577,7143.901851,7144.487433,7144.487433,7144.487433,7144.487433,43.34176448,42.98957322,0,0,562.341719924,0,0,0,0,0,0,518.154270722,562.341719897,241300,896900,1138200,RESIDENTIAL A,1,NA
98024025,0,0,1238.461578,141.0862204,7160.286392,7160.87142,7160.87142,7160.87142,7160.87142,53.61350096,52.39568964,0,0,533.337793385,0,0,0,0,0,0,531.336776229,533.33779342,23700,892900,916600,RESIDENTIAL,1,NA
98024026,0,0,1597.9869,164.8170977,7174.660383,7175.247301,7175.247301,7175.247301,7175.247301,74.07157749,73.38773723,0,0,583.889666642,0,0,0,0,0,0,411.599300026,583.889666564,54600,901000,955600,RESIDENTIAL,1,NA
98024027,0,0,2315.467972,199.4185358,7177.151718,7177.739913,7177.739913,7177.739913,7177.739913,87.00662857,86.37139831,13.17367906,0,657.537569862,0,0,0,0,0,0,0,657.537569842,28000,929900,957900,RESIDENTIAL,1,NA
98024035,0,0,2398.066513,200.7206036,7108.139299,7108.729838,7108.729838,7108.729838,7108.729838,62.8355443,62.07726731,17.74233895,0,580.341866308,0,0,0,0,0,0,0,432.70341154,149100,904800,1053900,RESIDENTIAL,1,NA
98024036,0,0,3042.175034,225.5637764,7088.147805,7088.737991,7088.737991,7088.737991,7088.737991,53.76607205,52.88320271,26.31662689,0,615.386449702,0,0,0,0,0,0,0,268.404614473,51400,915100,966500,RESIDENTIAL,1,NA
98024042,0,0,3326.598679,242.6886533,7063.219897,7063.809009,7063.809009,7063.809009,7063.809009,28.26151832,27.26124981,26.26102641,0,586.640084362,0,0,0,0,0,0,0,234.505676574,247000,905900,1152900,RESIDENTIAL,1,NA
98024043,0,0,893.7372971,124.4606512,7063.471826,7064.059615,7064.059615,7064.059615,7064.059615,1.866580534,1.698098063,0,0,757.474171389,0,0,0,0,0,0,0.67718779071,175.976828284,11300,898700,910000,RESIDENTIAL,1,NA
98024044,0,0,1648.2444,159.4273047,7072.966563,7073.554062,7073.554062,7073.554062,7073.554062,6.079042068,5.572059045,4.401583685,0,526.323865957,0,0,0,0,0,0,0.137737767357,526.323866032,61400,834600,896000,RESIDENTIAL,1,NA
98024047,0,0,2858.371742,223.3111098,7100.167053,7100.755479,7100.755479,7100.755479,7100.755479,32.54058613,31.81168278,0,0,582.714587009,0,0,0,0,0,0,360.377136022,582.714587037,34000,897000,931000,RESIDENTIAL,1,NA
98024049,0,0,2321.557152,210.3502227,7100.233978,7100.821695,7100.821695,7100.821695,7100.821695,23.58582223,23.04930107,0,0,566.917417932,0,0,0,0,0,0,414.521583163,566.917417884,71100,892500,963600,RESIDENTIAL,1,NA
98024050,0,0,2018.854691,199.50513,7100.05657,7100.643119,7100.643119,7100.643119,7100.643119,13.57262978,13.1945442,0,0,677.199918898,0,0,0,0,0,0,392.712298801,677.199918896,11600,926900,938500,RESIDENTIAL,1,NA
98024051,0,0,2547.887863,201.3141245,7103.663205,7104.24899,7104.24899,7104.24899,7104.24899,6.607145439,5.722428054,0,0,629.932733817,0,0,0,0,0,0,149.841389353,621.322968265,123000,865800,988800,RESIDENTIAL,1,NA
98024052,0,0,2519.084236,199.1331938,7109.843368,7110.427848,7110.427848,7110.427848,7110.427848,9.689823502,9.124415161,0,0,568.42682986,0,0,0,0,0,0,351.233722887,568.426829806,23600,833000,856600,RESIDENTIAL,1,NA
98024054,0,0,3005.978989,217.9634746,7158.567654,7159.15042,7159.15042,7159.15042,7159.15042,9.990378701,9.472585607,0,0,1050.90120658,0,0,0,0,9.25198245165,21.637168612,632.279362625,984.200893164,68300,1084200,1152500,RESIDENTIAL,1,NA
98024055,0,0,2425.18222,205.5162053,7179.36119,7179.944668,7179.944668,7179.944668,7179.944668,10.2829754,9.568042297,0,0,678.192531406,0,0,0,0,0,0,286.217107489,664.106737564,13500,940900,954400,RESIDENTIAL,1,NA
98024056,0,0,2014.760025,178.5677194,7190.772607,7191.357,7191.357,7191.357,7191.357,22.19015762,21.48475374,0,0,635.389740986,0,0,0,0,0,0,352.972269814,579.180138186,25800,918400,944200,RESIDENTIAL,1,NA
98024057,0,0,1776.915276,170.6454557,7202.479045,7203.064404,7203.064404,7203.064404,7203.064404,34.44603069,33.95223479,0,0,1011.55473781,0,0,0,0,0,0,342.92267146,817.823143542,41800,949200,991000,RESIDENTIAL,3,NA
98024058,0,0,2028.829826,182.2937143,7207.012617,7207.599261,7207.599261,7207.599261,7207.599261,44.28431183,43.75210537,0,0,935.566495882,0,0,0,0,0,0,339.974122219,932.564970817,22100,897600,919700,RESIDENTIAL,1,NA
98024059,0,0,1529.464874,158.072461,7216.149692,7216.73739,7216.73739,7216.73739,7216.73739,53.42536827,52.15848149,5.63843435,0,641.88783391,0,0,0,0,0,0,15.8349641457,640.943568251,18000,922000,940000,RESIDENTIAL,1,NA
98024060,0,0,2000.050461,179.0859227,7216.125885,7216.715372,7216.715372,7216.715372,7216.715372,68.20250091,66.31226146,25.41326692,0,543.917950196,0,0,0,0,0,0,0,475.468495469,10000,896700,906700,RESIDENTIAL,1,NA
98024061,0,0,1695.16729,164.6436374,7239.603911,7240.193765,7240.193765,7240.193765,7240.193765,55.12983006,54.01847154,36.77872062,0,544.985805816,0,0,0,0,0,0,0,528.336621195,40600,889900,930500,RESIDENTIAL,2,NA
98024062,0,0,3124.076164,235.4182391,7239.704113,7240.292717,7240.292717,7240.292717,7240.292717,32.73474451,31.39749402,19.37661151,0,587.579651753,0,0,0,0,0,0,0,587.579651782,25500,786300,811800,RESIDENTIAL,1,NA
98024063,0,0,1465.004044,152.0988412,7267.253104,7267.842455,7267.842455,7267.842455,7267.842455,31.81870263,30.22801548,27.65950441,0,1143.39748943,0,0,0,0,0,0,0,634.624512871,33800,1043600,1077400,RESIDENTIAL,1,NA
98024064,0,0,2487.524368,211.5559421,7263.759882,7264.349739,7264.349739,7264.349739,7264.349739,47.69668736,46.06405632,43.531122,0,565.183556945,0,0,0,0,0,0,0,158.987676137,226300,892700,1119000,RESIDENTIAL A,1,NA
98024066,0,0,2608.513069,222.1803274,7292.527462,7293.117683,7293.117683,7293.117683,7293.117683,32.62447289,31.69653062,30.39690741,0,473.719959854,0,0,0,0,0,0,0,100.000124939,458700,841500,1300200,RESIDENTIAL,1,NA
98024086,0,0,2398.751892,199.5754844,7296.922256,7297.511723,7297.511723,7297.511723,7297.511723,14.12822298,13.13747508,11.64911488,0,477.452982079,0,0,0,0,0,0,0,253.653379149,93000,734800,827800,RESIDENTIAL,1,NA
