tmk,lat,long,shape_area,shape_length,near_line,near_ce05,near_ce11,near_ce20,near_ce32,near_pf05,near_pf11,near_pf20,near_pf32,area,sa_ce05,sa_ce11,sa_ce20,sa_ce32,sa_pf05,sa_pf11,sa_pf20,sa_pf32,building_value,land_value,total_value,land_class,n,year_tce,point_count
31033065,0,0,2360.81916,274.2175303,42.82677746,36.75594718,30.45408288,18.35366569,4.016113304,47.79938102,46.98874927,45.70305617,42.49815807,509.175722115,0,0,0,0,0,0,0,0,806900,2190300,2997200,RESIDENTIAL A,1,2100,1
31033066,0,0,4045.04443,289.9972043,6.903976239,0.09804878,0,0,0,10.81168779,10.7417403,9.741492998,9.741498734,836.41164561,175.286040327,359.355115718,573.978324851,655.795644597,95.0219560739,103.878297161,116.426389386,125.466359634,1038200,4916900,5955100,RESIDENTIAL A,2,2030,1
31036002,0,0,4865.299191,288.6441927,10.96565892,5.828235006,1.528720028,0,0,12.24683681,11.75142673,11.33662882,10.84125807,1678.63598392,126.689459349,232.651706283,411.857387362,644.827741177,145.232883823,154.236726089,161.239714279,177.2815856,5222600,6243800,11466400,RESIDENTIAL A,1,2030,2
31036004,0,0,3241.424938,309.0259162,6.71614425,1.604860792,0,0,0,9.427891311,8.632028814,8.111312395,7.650150613,2729.85223336,190.574371247,351.104571201,621.296277254,972.360997238,209.741825635,222.747378334,238.587758258,258.50169528,1429900,4303200,5733100,RESIDENTIAL,4,2030,3
31036005,0,0,543.0462646,94.24726939,17.40008876,12.72060134,8.988593121,2.406594499,0,19.08954221,18.95547887,18.30549218,17.68827199,1358.06113854,85.4992496356,154.29748685,273.331650795,430.805419867,101.803283764,110.752303097,120.143856159,132.022350906,3556100,5741300,9297400,RESIDENTIAL A,1,2075,2
31036008,0,0,582.2241631,97.11206155,9.90900881,6.900437551,5.222261517,1.405611562,0,16.72055534,15.77685621,14.03409638,12.30380603,4504.8265145,238.79202996,392.487421921,695.377727265,1123.73892721,0.483547575835,21.3410558504,108.718659966,218.797785845,1359500,8628200,9987700,RESIDENTIAL,1,2050,4
31036009,0,0,3836.641441,320.1324054,0,0,0,0,0,5.487386936,4.487233361,2.766883078,1.918663929,2410.79490566,183.30872223,337.352260366,573.865710381,857.36798701,0,1.00524116825,32.5370706371,72.8125177107,936900,5457500,6394400,RESIDENTIAL A,1,2024,2
31036021,0,0,531.3582039,92.91676122,18.13965872,13.92290408,10.70290329,4.761690509,0,19.7158337,19.67745093,18.97696181,18.30441342,1669.469721,91.6224678449,162.140735515,289.747509897,461.791184638,140.436347892,144.438058079,151.883997936,161.373802454,2709600,6242500,8952100,RESIDENTIAL A,1,2075,3
31037002,0,0,1692.287418,189.1674509,4.751138641,0.432448367,0,0,0,10.62737666,9.627128811,8.184870395,6.362460231,485.011996831,113.71161928,196.322864978,349.007832389,419.24248483,0,0.0320321382576,7.07271724225,25.5424210773,687600,4974300,5661900,RESIDENTIAL,1,2024,1
31037004,0,0,6496.352314,499.8651811,1.606843772,0,0,0,0,4.233853546,4.220376863,3.23366364,3.23366347,1576.67775852,187.875371847,359.325633243,675.127271842,1085.1953263,90.083307679,97.6335910543,110.099567482,124.173976292,1280900,5574400,6855300,RESIDENTIAL,1,2024,1
31037005,0,0,7043.891224,418.2628898,4.633603359,0.653035848,0,0,0,5.832245557,5.509288405,5.316912478,4.545170056,2377.26342121,168.578010587,283.566203023,505.498361288,814.388606818,214.79439823,227.205214469,245.233781731,266.776117733,3477700,7226200,10703900,RESIDENTIAL,1,2024,3
31037006,0,0,4617.760162,288.6892813,12.69651077,7.976639757,4.255370966,0,0,13.9616929,13.73329378,12.96166606,12.020188,1327.74158183,121.847946617,219.023615485,383.726705188,593.844960779,111.860818997,119.990025764,130.391616124,146.79018492,3984100,5740200,9724300,RESIDENTIAL A,1,2050,1
31037009,21.25621348,-157.8133875,1837.673641,234.9506645,23.83941177,18.69323305,14.24064146,6.849313216,0,25.41295101,25.28156937,25.18934092,24.42458151,2264.53705074,285.088496682,510.935433982,867.296132423,1312.4021722,140.102670453,155.562166697,168.567694649,187.343362136,5118200,6951000,12069200,RESIDENTIAL A,1,2100,3
31037010,0,0,2635.067482,206.0021108,10.85927955,7.103674662,4.690867874,0,0,13.17048011,12.3876989,12.18996179,11.40719969,1241.67451451,85.9377216026,142.78908079,253.989689707,410.525718688,54.2405622148,81.9374694875,99.9060126464,110.910800008,2989000,5649300,8638300,RESIDENTIAL,1,2050,1
31037011,21.25617803,-157.813489,1624.060909,175.5714681,25.127228,20.25888876,16.19455111,9.278864923,0.419596887,27.00813544,26.89850901,26.89850901,26.58193494,1685.73135273,119.440948839,217.49585825,391.598379091,625.80899324,70.494569351,79.0926776775,90.628249467,105.333663696,2733800,6266800,9000600,RESIDENTIAL A,1,2100,1
31037012,0,0,1430.77206,165.7110092,3.489645666,0,0,0,0,9.88182807,8.881608276,6.881192239,5.880960754,510.740618997,150.401288149,264.426181102,403.410719115,404.268541923,0,0,2.75503295306,34.2657813677,2876800,4986000,7862800,RESIDENTIAL A,1,2024,1
31037013,0,0,4582.930107,299.8873385,11.13572663,7.057196012,4.206235926,0,0,15.63071645,13.63675344,12.63712586,11.87936692,1322.61029121,119.744046498,207.720928585,362.147705404,562.371872534,57.0698926954,79.2686040792,100.765324811,115.277619864,4910600,5726300,10636900,RESIDENTIAL A,1,2050,2
31038001,21.25639512,-157.8004562,201.3360634,57.29096653,6.470783266,2.403098562,0,0,0,10.00594274,9.315561394,7.881032296,5.704609046,2419.05154807,104.159177751,181.451635079,321.158832341,511.11390518,25.7758979934,37.7179205047,55.286601994,80.0677206624,788700,5052600,5841300,RESIDENTIAL,2,2030,2
31038002,21.2564214,-157.8007112,276.550663,66.52062329,13.96785626,10.03072024,7.393226148,2.208597026,0,20.08557618,19.12113733,17.5320829,15.20928009,2329.05114432,143.858952911,241.254352214,431.000893408,689.886683806,0,0,0,14.6513872499,3898200,6339600,10237800,RESIDENTIAL,1,2075,3
31038006,0,0,5156.814671,574.7384391,10.11845782,6.006485891,3.071268333,0,0,17.70982226,16.80899182,14.80852452,13.59622736,1987.19442106,116.795735683,200.276095408,357.21734519300003,577.791679666,0,0,0,2.73124345822,1880400,6245700,8126100,RESIDENTIAL,1,2030,1
31038008,0,0,3071.008057,296.2687294,17.03498433,13.13909211,10.40782819,5.062900277,0,24.31489052,23.31462732,21.68204084,20.21752867,1264.30399172,106.450377786,180.914535868,324.868645973,530.903613428,0,0,0,9.87246539898,305100,5824100,6129200,RESIDENTIAL,1,2075,1
31038009,0,0,5016.397823,334.0705894,13.53696965,9.934647271,7.699309621,3.023261016,0,23.31465384,22.31446287,20.3140096,18.31363156,1890.7602235,15.0192596493,74.6688383283,257.67929181,552.493892864,0,0,0,0,444400,6043800,6488200,RESIDENTIAL A,1,2075,1
31038010,0,0,4347.88269,283.1871623,7.575507355,4.179789555,2.141816776,0,0,16.91286989,15.9126491,13.91806607,11.9940858,941.092751605,58.7703035563,110.999821214,220.159101547,378.064799363,0,0,0,0,2521400,8602500,11123900,RESIDENTIAL A,1,2030,1
31038011,0,0,4269.090679,289.2002043,9.998279877,6.49676835,4.404431311,0,0,19.47636433,18.48118881,16.96717179,15.06661892,1049.30902032,107.948312805,173.482635694,312.542840455,519.706944698,0,0,0,0,1191000,5064600,6255600,RESIDENTIAL,1,2050,1
31038023,0,0,2435.775181,235.748356,14.23469251,10.05084123,7.061527712,1.46038672,0,20.88636775,19.90390786,18.13727323,16.8159959,1375.44725556,111.97682248,191.762771554,341.048090104,549.26684167,0,0,0,19.428459155,731100,7801700,8532800,RESIDENTIAL A,1,2075,2
31038024,0,0,4163.820351,305.9604577,12.43128525,8.272862638,5.341063211,0,0,18.47499435,17.75000079,15.83773546,14.59014931,3357.30921975,0,0,186.623625559,651.897043308,0,0,0,0,0,6405500,6405500,RESIDENTIAL A,3,2050,3
31039042,0,0,4188.969177,290.442256,13.11018827,8.770950208,5.471406879,0,0,14.66627395,13.73829511,12.43721844,10.58107545,819.945525461,0,7.20932479869,107.746092916,282.807531958,0,0,0,0,138200,4563000,4701200,RESIDENTIAL A,1,2050,1
31039043,0,0,3629.072716,271.4927072,8.35784602,3.722601592,0.099974873,0,0,13.7508955,12.85219211,11.16695617,9.609210896,1097.99998218,1.7862401536,91.2142609601,270.23942435,512.30979063,0,0,0,0,262700,4679900,4942600,RESIDENTIAL,1,2030,2
31039044,0,0,3348.976421,270.3153399,7.252096644,2.547283939,0,0,0,13.48787281,12.57385842,11.49139522,9.730268314,864.080998222,0,72.162343694,230.727421783,431.343179241,0,0,0,0,338900,4702600,5041500,RESIDENTIAL A,1,2030,1
31039053,0,0,4927.40374,298.570673,8.900591113,4.971736387,2.055104234,0,0,23.9866042,23.09766937,22.03913495,20.47805824,797.204003361,0,0,32.0157935954,209.241472914,0,0,0,0,1126300,5081100,6207400,RESIDENTIAL,1,2030,1
31039061,0,0,5312.730507,318.5269009,14.80990287,10.02423032,6.196640047,0,0,22.88815242,21.90544416,20.17762484,18.558792,3350.28140779,0,143.823794795,521.711557269,685.568405837,0,0,0,0,0,100,100,RESIDENTIAL,1,2075,3
31040003,21.25740838,-157.7968428,3949.928391,275.233651,13.13053274,10.03623614,8.340135948,4.324816205,0,18.9343593,18.0292806,16.27498805,11.8695087,806.319119559,71.8018756025,116.132885072,231.115639737,435.440164715,0,0,0,0,1192600,5137900,6330500,RESIDENTIAL A,1,2075,1
31040004,0,0,4606.009087,399.4851005,20.80808433,17.65430424,15.88968193,11.78855506,5.534147262,27.94678423,26.24033958,24.52563176,22.85740339,2804.8566424,17.84345871,42.1236591261,118.377801261,234.067730953,0,0,0,0,3057900,3018400,6076300,RESIDENTIAL,2,2100,2
31040005,0,0,3964.630493,294.731574,15.94515971,12.67843593,10.76798578,6.47656866,0.007371203,23.06725236,22.15855151,20.16269559,17.71474992,683.038280052,0,0,50.5639288195,166.299063244,0,0,0,0,613500,4295300,4908800,RESIDENTIAL,1,2100,1
35002001,0,0,2175.508205,191.4348423,16.42337999,10.07501077,3.767310604,0,0,17.08565884,17.02576955,16.6145631,16.05159707,1824.75521741,111.533622175,221.185530461,388.109951212,588.406079481,110.29827615,116.627685007,128.625842421,142.493531362,2558500,6289700,8848200,RESIDENTIAL,1,2050,1
35002002,0,0,8640.178177,509.6355832,7.090036564,1.813141762,0,0,0,8.229013948,8.229013948,7.79213,6.892351324,3294.47985783,166.847639476,307.489860115,542.779286651,841.992416789,104.162432499,131.645456826,157.757376098,212.819755731,3894900,9300200,13195100,RESIDENTIAL A,1,2030,2
35002003,0,0,3857.291126,313.125144,6.957842076,3.591771648,1.338501526,0,0,9.452874721,8.414268465,7.54281881,7.076388923,3532.44267213,182.425591275,310.259612793,543.396324114,851.274418665,0,0,0.047734953407,2.57928487224,1866500,8311500,10178000,RESIDENTIAL A,1,2030,4
35002004,0,0,5147.724808,383.2103159,12.82612709,9.172021257,6.398260632,1.382418915,0,15.27740975,14.43080382,13.90809689,13.04924024,1641.03209999,92.6430344681,172.50718066,292.629530453,431.722961145,5.20802078835,7.10920762184,11.2278696537,18.7570581449,5705100,6266400,11971500,RESIDENTIAL A,1,2075,1
35002005,0,0,5155.255772,339.7366474,17.11270356,12.1909986,7.501501068,0.424834898,0,18.32434367,17.87954375,17.44602122,16.97813173,2219.96287197,127.281554723,249.328955581,425.387074857,622.988710063,32.8516988302,40.0049049556,48.1958877868,59.2004102485,4051400,6550000,10601400,RESIDENTIAL,1,2075,3
35002006,0,0,3343.2827,274.549544,15.45763729,10.20427152,5.234441647,0,0,15.73887212,15.73887212,14.95183509,14.41649673,878.101041758,35.1249409105,105.96126554,260.786615224,520.928712894,0,0,0,0.237508187371,1725600,4383100,6108700,RESIDENTIAL,1,2050,1
35002050,0,0,1145.672356,144.0054476,1.005784016,0,0,0,0,1.636119097,1.367693331,1.367693331,0.658443568,3070.01958577,208.414508484,414.277125701,720.818410563,1060.43992748,72.4283165515,84.2931315736,93.0693538268,109.177270437,4605200,5629500,10234700,RESIDENTIAL,1,2024,3
35003002,0,0,2783.103168,232.0905057,10.57497346,2.969055982,0,0,0,10.84857076,10.3500162,9.482894001,8.984339422,1518.06552177,66.7862618393,207.141737349,411.465305606,649.138674291,0,0,0,0,0,6273600,6273600,RESIDENTIAL A,1,2030,2
35003006,0,0,7880.348694,674.7269652,4.781479569,0,0,0,0,6.428286694,5.897200103,5.579032072,5.302098536,1878.6708984,156.996640041,309.301013871,524.065342683,762.233879595,26.5066147342,34.0870877724,44.091180648,56.1973942855,4690300,6572500,11262800,RESIDENTIAL A,1,2024,1
35003007,0,0,2694.725746,266.9868101,10.742399,4.070094177,0,0,0,12.11328637,11.9266682,11.40628359,10.55208485,3193.40633572,186.414580757,368.603198724,649.519419417,992.490259373,30.2107568944,39.6372426635,50.6417463276,66.6073731327,0,8497900,8497900,RESIDENTIAL A,1,2030,2
35003011,0,0,1659.202656,166.0941885,24.5926733,18.53462468,12.20266593,2.861369786,0,25.88384007,25.14061895,24.74401459,23.82161929,1779.99586811,118.678746233,230.008019079,397.77843232,596.222345528,35.7115221939,47.5903844581,59.1188327822,71.5816967971,2203800,6345600,8549400,RESIDENTIAL,1,2075,3
35003012,0,0,7296.336613,431.3748813,10.38666859,4.265846991,0,0,0,11.01659626,10.67029,10.40889281,10.10143041,3880.95726753,261.084878265,512.986098028,889.919282156,1332.39210763,173.500817648,186.648069189,206.626851647,227.54645032,1338500,8798100,10136600,RESIDENTIAL,1,2030,3
35003034,0,0,2624.998226,255.4575638,9.687050155,3.637681782,0,0,0,10.99710412,10.51134445,9.928467308,9.151249699,1764.73791532,111.242290808,217.281746649,377.097702113,566.884948465,57.0368597378,71.0175802843,84.5407058657,95.2393862547,0,6393600,6393600,RESIDENTIAL A,1,2030,1
35003035,0,0,6435.129868,461.7830805,20.20444148,13.23956058,6.379835547,0,0,21.33054613,20.74054415,20.38507284,19.58859903,1737.21425781,129.298950754,257.821600786,448.769910128,674.833400874,20.0620294062,28.58856526,40.8570077709,55.1340906901,4196300,6824700,11021000,RESIDENTIAL A,1,2075,2
35004001,0,0,5077.605186,310.2983001,32.66856525,24.1186612,15.10895081,1.453649899,0,38.44533722,37.59482866,35.91710042,34.27401596,4248.63615213,335.684523974,691.538640434,1187.14865211,1738.59829552,73.1372093053,110.900228266,172.650167233,242.379910376,1727900,12128600,13856500,RESIDENTIAL A,1,2075,3
35004003,0,0,3867.184902,261.2463859,20.8834708,11.54997798,1.238842781,0,0,26.20229998,25.23681016,23.53841034,21.8741826,2100.8705942,191.212625916,401.672945717,688.381513352,1000.13248366,49.3590021258,61.6881367085,82.8456246863,107.020220208,1616500,5114000,6730500,RESIDENTIAL A,1,2050,3
35004004,0,0,1968.293358,191.4015128,83.42884976,67.99612014,49.09968735,23.94010098,0,85.14946256,84.89291383,84.13267887,83.76564368,8287.4950937,1044.69282567,2288.73383119,3932.6133696,5662.26288591,174.016310901,197.751421669,235.355561935,267.369382191,4448300,17653400,22101700,RESIDENTIAL A,1,2100,2
35004006,0,0,9807.023247,493.3608318,25.10708785,9.803060656,0,0,0,25.66224212,25.66224212,24.95353864,24.95353864,4389.50618302,535.941172009,1184.71949164,2064.23718149,3014.57855412,20.653436575,31.1665355237,52.9900372272,75.4581008984,682700,11206100,11888800,RESIDENTIAL A,2,2050,1
35004007,0,0,5465.614582,341.1963533,9.210457243,0,0,0,0,10.91840003,10.47349532,9.892522039,9.370978944,4011.23443932,407.887283106,877.976372304,1515.10042906,2205.18377738,65.5943498069,81.6777165616,107.744514718,136.821140031,1017200,11177000,12194200,RESIDENTIAL A,1,2030,2
35004008,0,0,8011.431408,469.0477806,16.21055837,5.464888801,0,0,0,16.64947537,16.0314693,15.242003,14.47868953,4156.94715255,403.020264902,859.509940765,1479.83424837,2152.05203201,200.210668821,212.138716622,227.194056091,251.619897545,1697100,11877800,13574900,RESIDENTIAL A,4,2030,2
35004009,0,0,6085.556358,460.7984565,44.16082806,35.25129602,25.75357691,11.24107546,0,44.64280616,44.36022573,43.39868604,25.17797854,6141.96919228,531.435511408,1102.00656757,1894.02976915,2774.10656164,256.668563333,275.676307969,302.63980036,462.029018758,2893800,10620100,13513900,RESIDENTIAL A,1,2100,3
35004011,0,0,21977.05561,761.2713075,15.49268134,8.621455367,1.688191541,0,0,16.604121460000002,15.67322009,14.67979687,11.5985013,5100.37866628,388.765152286,786.199042945,1354.54455303,2002.38080293,149.075995794,176.608678027,202.585220825,242.403273969,3922600,11462700,15385300,RESIDENTIAL A,1,2050,1
35005001,0,0,4628.728451,266.8888372,20.46806028,14.4774228,8.691144581,0.015693627,0,28.47877331,27.66320148,26.01471801,24.16581214,3624.87911375,283.581726205,559.133101152,972.364144894,1454.96785485,0,0,0.0157805453974,16.3222713875,559300,12025200,12584500,RESIDENTIAL,1,2075,3
35005002,0,0,5432.79702,396.0084369,20.60701894,13.68049455,6.569288141,0,0,29.01720693,27.94066821,26.5421511,24.39273399,2843.13113152,252.021878502,510.813630876,888.859282849,1323.27444133,0,0,5.91915870516,67.3430465787,4082000,10648900,14730900,RESIDENTIAL A,1,2075,1
35005005,0,0,6948.403831,638.3032682,17.45307526,10.8113299,4.05340109,0,0,20.4344749,19.62922804,18.21476203,16.10337302,2866.72632526,244.794052745,496.781396534,865.386626785,1289.31596517,0.28693956502,16.0477827281,59.7326866099,122.452407585,3204600,9327900,12532500,RESIDENTIAL A,1,2050,2
35005006,0,0,11574.09725,685.1939968,17.86729407,11.23318616,4.505270095,0,0,20.84921782,19.98363151,18.66546598,15.95605476,5189.40481653,208.609872705,410.071344638,714.827964298,1074.46904144,5.12798982483,35.6867078314,92.836265761,180.133922121,0,12846400,12846400,RESIDENTIAL A,1,2050,1
35005009,0,0,6155.545097,458.4972894,17.57117356,12.89043005,8.375459879,0.961802478,0,22.0932951,21.00599538,19.31225971,16.53600424,3421.5159574,190.965787005,354.731684546,620.214854769,951.145824196,71.5599097885,114.542952954,175.271431887,258.651784934,0,11849400,11849400,RESIDENTIAL A,1,2075,2
35005010,0,0,9273.31781,470.7204667,22.13044693,17.68199115,14.08600681,8.092407492,0.437537982,24.84798266,23.94086163,22.51551427,20.31968502,3261.47593203,181.198265446,328.788732258,575.509708966,891.373950435,157.262658451,196.081920435,257.902768211,321.771764881,5250800,11085800,16336600,RESIDENTIAL A,1,2100,1
35005013,0,0,13857.03789,561.5146391,14.08861748,8.667031321,3.894246003,0,0,17.81821317,16.82243147,15.46882178,14.12714769,3095.25577805,240.820833703,450.877009655,772.407863947,1156.34208456,22.4208089537,64.1872364008,128.613814706,183.728760236,0,10928600,10928600,RESIDENTIAL A,1,2050,1
35005014,0,0,15084.10734,639.0640914,16.47849006,9.707055209,3.149400017,0,0,20.31569724,19.84171466,18.08789703,16.85499123,3966.89828767,203.749377197,400.177270699,689.266010974,1027.81232782,237.238449647,260.478053908,303.540743477,348.689108616,8160600,8511400,16672000,RESIDENTIAL A,1,2050,1
35005015,0,0,10710.21547,455.3410158,22.03456574,14.45359232,6.726506143,0,0,25.71992684,25.08915896,23.60591223,22.73647226,3754.00625326,226.486428554,456.161948604,787.534508136,1168.04622123,220.242547462,247.619520288,286.013299002,322.401958251,1024900,8273700,9298600,RESIDENTIAL A,1,2075,2
35022001,0,0,1580.732594,164.471045,6.163015491,3.57432397,2.524646934,0,0,9.772854909,8.733025905,7.621560953,0.920826081,560.965445807,81.326181268,118.154225027,213.355664257,335.10728323,43.5905952836,62.7739894088,100.789296395,235.036294138,202800,2038900,2241700,RESIDENTIAL,1,2030,1
35022003,0,0,2190.022671,187.7929383,0,0,0,0,0,0,0,0,0,572.549700495,109.586939906,181.733561252,267.489247925,267.489248015,237.175553991,262.691360985,306.110603646,370.89948804,390000,2067200,2457200,RESIDENTIAL A,1,2024,1
35022005,0,0,3289.126175,265.361008,8.130623108,5.541773845,4.533528422,1.451684356,0,10.82774404,9.896071976,8.340263806,6.179943126,689.888054432,76.9224404307,105.035896221,187.514670759,325.809706705,18.894002209,55.4112528447,102.623286651,167.560231469,1892900,2366400,4259300,RESIDENTIAL A,1,2030,1
35022006,0,0,2830.05695,215.7632235,8.507019329,6.148737171,5.446272991,3.060914318,0,10.89830336,9.46474031,7.287868004,4.367804417,843.338127477,66.1993564593,78.1861721374,140.303101606,258.343036312,2.82962596577,28.24954418,61.1576585652,105.787317489,234200,2563700,2797900,RESIDENTIAL,1,2050,1
35022007,0,0,4639.818497,295.4274538,8.069754688,6.118645824,5.987580878,4.319611404,0.758601533,11.24748645,9.838051779,7.665404642,5.146784749,973.667142427,57.4821514979,55.5415438015,101.186087116,204.542499808,0,2.81748239126,40.9433873957,114.875257428,320100,3206300,3526400,RESIDENTIAL,1,2050,1
35058011,0,0,8929.202744,567.2425183,13.49332915,10.54963933,9.054905772,5.673423075,0.570802857,16.49161017,14.90612234,13.54169941,9.924684729,2496.26942626,166.923037981,245.180218151,425.364601309,687.169238704,147.816405215,202.746792711,258.89790962,409.870649906,4070200,4603700,8673900,RESIDENTIAL A,1,2075,1
36002003,0,0,4185.888634,296.0344345,10.82357974,6.034992105,1.9989674,0,0,12.13334064,11.51010787,11.19258773,3.477279633,3110.37556475,192.501362551,352.874331613,610.728016917,933.476227706,428.852373662,461.277868807,493.571874577,1093.9052472,76000,1045200,1121200,RESIDENTIAL A,3,2030,3
36002005,0,0,4830.523445,300.0829304,13.23331089,9.617758731,7.027644519,2.277411241,0,11.2024541,10.92507132,10.37019085,9.537999065,980.907991471,74.8680013399,129.093457976,223.951833562,349.514119447,134.84306832,151.989462289,184.798681144,214.36847713,527700,2807000,3334700,RESIDENTIAL A,1,2075,1
36002035,0,0,1709.87661,180.1374338,4.710870831,0.088070157,0,0,0,6.135427279,6.135427279,5.156205743,4.186792948,3516.44970133,117.061355873,211.58841667,369.050930918,570.995225758,132.236831083,144.241460408,162.248404839,187.795166213,493100,5437000,5930100,RESIDENTIAL,1,2024,2
36002040,0,0,6101.555672,367.2239988,5.441296392,1.668296208,0,0,0,6.977486082,6.243353358,5.570112276,4.717211267,1849.67029998,110.632397578,188.511575014,326.775646492,513.02610793,217.073905876,238.425261053,254.987036076,276.423382872,286800,3674200,3961000,RESIDENTIAL,1,2024,2
36002041,0,0,5353.057922,337.4713948,15.05042687,11.37103011,8.854674313,4.256174659,0,15.82629804,15.22151998,14.68924931,14.14322093,4630.46377275,105.327798789,176.339810015,305.377396562,482.959129017,257.500314189,275.747629241,292.903374326,311.246630903,2081600,5884500,7966100,RESIDENTIAL,1,2075,2
36002042,0,0,4370.700516,280.9672103,5.86993191,2.274971527,0,0,0,7.055860503,6.888818055,5.894118804,4.112421851,1393.90307786,100.780371998,165.760543796,287.325371652,457.181718923,242.114460898,257.436983675,280.531630124,305.711911833,263100,3337800,3600900,RESIDENTIAL,1,2024,2
36003005,21.27823901,-157.7468762,943.4652176,123.1045401,4.697383771,2.958131489,2.813185094,1.123097345,0,7.39089773,5.976400895,4.3873843,3.086199973,5763.98327631,51.5136620457,51.1617833378,121.348859438,271.310990746,0,0.22569850829,24.2043272852,89.6023101422,732800,7909400,8642200,RESIDENTIAL,1,2024,3
36003012,0,0,2599.120605,209.8379775,17.82491619,14.34773237,11.98845652,7.53896398,1.540743028,26.73507094,25.35559166,23.62670698,21.32579245,3048.79674714,72.4593865237,120.804412018,213.605445429,341.280447571,0,0,5.13772396383,54.7464487728,73600,4621000,4694600,RESIDENTIAL A,1,2100,2
36003013,0,0,2757.659218,291.1732181,7.720367942,3.686766477,0.607236799,0,0,10.98833776,9.988122491,8.9879085,7.987723238,1948.43226921,85.8968821037,151.436118141,266.065808741,416.094308402,55.9447441719,72.9239705027,102.04086796,131.80312819,325700,2948800,3274500,RESIDENTIAL,1,2030,2
36003014,0,0,4492.876709,370.5835199,7.847476857,3.574155556,0.188382297,0,0,8.122330178,8.122297081,7.122154404,4.687003294,1073.98071755,87.1875911909,155.905293538,272.996159402,424.379198168,155.038759526,162.041447912,176.023801018,195.788633431,27100,2886100,2913200,RESIDENTIAL,1,2030,1
36003015,0,0,1713.78038,165.6519566,11.14630175,6.854135653,3.501490273,0,0,10.42642985,9.813277001,8.901069114,8.009884454,843.067710061,73.5846929552,130.371069261,228.977222845,359.426614728,135.074260205,139.075797964,148.831645648,184.554982895,34700,2622200,2656900,RESIDENTIAL,1,2050,3
36003016,0,0,1100.448196,139.3041164,8.929942883,4.63999788,1.255796362,0,0,1.899349295,1.637108246,0.934112344,0,1270.19445138,95.9626894055,172.675141026,306.947846912,488.562237433,378.648159253,405.169417947,444.629558029,631.49170983,206900,2717100,2924000,RESIDENTIAL,1,2030,1
36003042,0,0,5117.128426,286.137313,12.2681412,9.525384522,8.077323859,4.880595591,0.262847684,17.37319874,16.26259537,14.86145978,11.19418591,5852.03516579,79.9883522444,122.124358661,225.016089097,382.314646025,0,0,0.348531752034,37.5693064358,674400,7376900,8051300,RESIDENTIAL,1,2075,4
37001001,0,0,3773.559532,298.2941443,16.43327686,12.66800961,9.793082724,4.653452174,0,37.16604009,37.04073943,34.59581352,18.73524879,1816.08548065,94.5748518224,162.182782292,288.236084687,458.361458338,0,0,0,1.27365076291,2218000,3598600,5816600,RESIDENTIAL A,1,2075,2
37001008,0,0,6063.912102,412.450369,2.637656965,1.169376662,1.541407951,0.481623153,0,7.393530426,5.960948157,4.528310848,2.256235908,1331.61104319,57.4285696895,46.9623221351,89.719558272,194.567534354,106.934761563,123.925215843,144.44493866,174.480595108,1877000,3054000,4931000,RESIDENTIAL A,1,2024,1
37001009,0,0,1694.283401,165.0260156,4.2936578,2.665976361,2.699091505,1.247246168,0,11.09428328,9.815427599,8.059825306,5.174359583,680.096517901,35.5767009467,30.6753205302,59.7322407536,127.18575188,23.7915447057,57.067238446,98.4354899231,154.712874415,66700,2282600,2349300,RESIDENTIAL,1,2024,1
37001010,0,0,3049.283531,279.4866484,5.38569483,3.620030308,3.415174046,1.553950186,0,11.14855582,9.641068503,8.322728022,7.06358699,680.660339373,40.397546474,44.8239904604,84.6958848426,161.991811846,38.802128442,69.4845730042,99.6420251209,126.855807109,28400,2282000,2310400,RESIDENTIAL,1,2024,1
37001011,0,0,2001.132858,183.6490256,9.889171476,7.8262085,7.282694605,5.138036052,1.412930671,13.90151326,12.52861856,10.9887407,9.394534977,672.715169439,45.9829359003,56.4579229342,104.741308193,192.352039002,19.4449829415,51.4810617958,87.5103780243,120.790374552,513000,2280600,2793600,RESIDENTIAL,1,2075,1
37001012,0,0,3535.917641,237.8843192,6.900372029,4.750578667,4.167173373,1.910236936,0,10.81830609,9.676905849,7.923351228,6.66619031,595.858861367,43.7497655661,55.2486716168,101.456448776,183.334185929,19.393006517,43.0919805513,74.5685788295,104.897695346,602100,2254200,2856300,RESIDENTIAL,1,2030,1
37001014,0,0,2533.331848,203.123489,11.94030495,10.17896049,10.15160861,8.589280634,5.329623143,16.22886924,14.24696086,12.24958855,10.23140595,768.376181353,40.7273305294,41.6288289932,77.9930582888,153.563809448,55.7196023313,85.1497418264,133.21333828,174.499525945,466800,2424700,2891500,RESIDENTIAL A,1,2100,1
37001015,0,0,4388.44735,266.7456779,10.74039859,9.172054471,9.429724967,8.223283699,5.331894663,15.40685408,14.35675558,11.68735388,0,881.373892218,38.3980078069,30.0464981635,58.5685934297,130.55144498,6.24753758881,34.0739975013,81.4585362058,124.988098881,50000,2677800,2727800,RESIDENTIAL,1,2100,1
37001016,0,0,3422.414459,313.7693267,4.793760891,3.490710219,4.125963148,3.393289494,0.957809436,9.99705835,8.576781827,6.130847805,0,925.543699735,32.8237975335,17.8692950279,37.2030946324,99.1483799677,0,0.615938297997,35.9766375041,206.903511882,604900,2800000,3404900,RESIDENTIAL,1,2024,1
37001022,0,0,5851.691589,440.8013627,12.78320449,9.436897424,7.076233558,2.579220549,0,62.29619914,62.05385762,17.38533489,7.100877309,1318.83585183,61.993885028,102.023432524,183.552430609,298.986155815,0,0,0,24.919175639,840400,3209900,4050300,RESIDENTIAL A,1,2075,2
37001025,0,0,2443.810669,216.1460326,15.44374592,12.51096885,10.86845894,7.304017593,2.145503549,85.79705287,85.68096499,15.37051748,1.437921759,1900.1949553,28.9116319438,68.0755513172,163.541765637,309.210274184,0,0,0,426.764511764,444200,2651700,3095900,RESIDENTIAL A,1,2100,1
37002002,0,0,2917.081238,217.5317342,8.312010445,4.613716931,2.078362488,0,0,13.59185581,12.01018856,2.565937051,0,902.516485255,75.2112820242,126.961933402,220.033732011,343.173912249,113.816028366,139.660536783,178.296417799,429.600494221,183100,2164600,2347700,RESIDENTIAL A,1,2030,1
37002003,0,0,2816.176659,261.8172057,11.11464923,5.353852205,0.0648414,0,0,11.33200509,10.33301817,10.33178346,9.331553909,897.558172568,116.255031995,224.30315038,392.283706341,599.031170968,258.628078948,270.649682447,275.651536371,293.717114965,67100,2116800,2183900,RESIDENTIAL,1,2030,1
37002004,0,0,1939.518265,195.3144999,12.89387289,6.943985185,1.407548074,0,0,13.09558091,12.73438793,12.47295756,11.5700895,829.023985715,111.29722435,216.974353997,381.322736863,582.282416381,230.934604432,239.087822365,245.136923513,262.384237551,116400,2091500,2207900,RESIDENTIAL,1,2050,1
37002005,0,0,2443.452126,198.1989387,9.498135214,3.652985939,0,0,0,9.06017793,8.790784995,8.070211671,7.083008819,1002.55662747,127.350943179,246.314019971,430.351069367,654.700160077,263.563006589,268.660966575,292.62305547,318.335240179,148700,2243400,2392100,RESIDENTIAL A,1,2030,1
37002016,0,0,4854.548271,339.5877886,6.39930233,2.116135762,0,0,0,6.44548693,6.44548693,5.805801781,4.889300978,1384.29645803,87.515683379,156.530570635,268.942063152,405.015478936,227.610163884,252.242353513,288.315736294,336.227018245,383200,2471000,2854200,RESIDENTIAL,1,2030,1
37002020,0,0,5611.624649,387.6875384,18.57136281,14.96290252,11.57965534,5.925802473,0,19.24947098,19.03520233,18.12069289,16.81546586,1512.91524179,65.1574599907,126.576777536,230.05477308,359.856986709,0.709047201631,2.60792458634,13.9790783501,31.9568990776,855700,2424000,3279700,RESIDENTIAL,1,2075,2
37002075,0,0,3041.094002,255.872315,9.005343439,3.663656058,0,0,0,4.450836809,3.856126666,2.901105857,1.288562249,948.075852706,103.358808987,195.335055252,341.841313581,523.587520734,273.744683422,284.652695298,303.798592377,338.059250104,1348300,2253800,3602100,RESIDENTIAL A,1,2030,1
37002078,0,0,2029.829216,189.7780385,9.635035222,4.663067677,0.460427987,0,0,10.68374879,9.809999619,8.710373202,0,887.711544178,98.5954659931,184.435948512,322.72178135,497.226653925,199.550540703,217.339997111,245.077573053,291.651319031,3700,1849400,1853100,RESIDENTIAL,1,2030,1
38001002,0,0,1925.34893,181.1606126,4.0806501,0,0,0,0,4.398670189,4.398642221,3.398505569,0,1106.48979782,124.907846462,219.604357366,377.672554464,463.99988783,583.888722465,604.038414814,635.126112952,724.298433857,17900,2804400,2822300,RESIDENTIAL,1,2024,1
38001003,0,0,3311.993454,306.2714236,8.962539067,7.816098108,8.606469059,8.07224976,5.872112227,14.33286203,13.37289585,0,0,572.590227951,19.4518302856,2.59073484178,9.23281400272,46.5652135293,22.9505525819,42.5628989667,63.1405533387,128.865943455,579700,2867100,3446800,RESIDENTIAL A,1,2100,1
38001023,0,0,2686.840355,214.7295553,3.470714201,1.645417471,1.487409694,0,0,6.829961898,5.590655318,4.618148608,0,680.228954108,35.2518855027,31.6051427681,61.1785071921,127.628956245,114.088555571,136.903135088,160.714971662,210.644624791,683700,2982200,3665900,RESIDENTIAL A,1,2024,1
38001024,0,0,3741.890556,346.8250732,10.47657349,9.054884493,9.411276301,8.341348575,5.655009443,15.23563691,14.235488,2.782547536,0,894.04440762,31.0123417065,14.9681914364,33.1681316636,93.0874116026,164.552834457,188.365536497,222.146540268,391.088015032,651800,3212300,3864100,RESIDENTIAL,1,2100,2
38001047,0,0,7236.073639,427.9949673,6.955055635,3.516725869,1.345199568,0,0,9.982571854,9.019610421,7.9807946340000004,0,1107.49813619,70.7002110513,108.896703858,194.389913269,325.020285285,236.055266794,251.628045116,271.233285093,878.438436325,279600,2765800,3045400,RESIDENTIAL,1,2030,1
38001066,0,0,2788.284912,260.54148729999997,5.936498394,1.905783176,0,0,0,8.540487218,7.550335514,6.521103382,0,1057.8739837,92.781082731,156.059090794,276.482500802,446.706831394,366.709475965,382.573003651,405.408194293,725.088982288,45500,2740600,2786100,RESIDENTIAL,1,2024,1
39002001,0,0,8720.331619,376.7681833,18.43899639,12.43759483,6.726075313,0,0,17.86139997,15.97986263,13.55270521,0,1238.97767575,0,11.8169184171,77.4315135286,224.648352213,0,0,0,258.156095913,2464400,3190600,5655000,RESIDENTIAL A,1,2075,1
39002002,0,0,7166.706833,449.8210682,21.0838755,14.82397922,8.601920809,0,0,19.61788194,18.35985751,17.40473763,0,1139.65028525,0,76.5421780364,305.775893326,580.172159709,0,0,0,165.786985255,1117700,3112100,4229800,RESIDENTIAL A,1,2075,1
39002003,0,0,4892.803894,324.7345841,25.27367528,18.31676209,11.21866935,0.816990624,0,32.12466761,25.2808237,24.3080707,2.402126689,1059.02357276,0.32211019821,119.170529572,346.644389957,619.836371316,0,0,0,75.3471198557,2147200,3048000,5195200,RESIDENTIAL,1,2075,1
39002005,0,0,2842.778938,227.5785455,26.29642034,19.06971841,11.45432243,0.40966141,0,63.20116092,36.84851827,32.14645988,9.893625096,1111.02454197,39.9196081352,208.633722893,461.59978577,761.907894864,0,0,0,0,2748900,3089100,5838000,RESIDENTIAL,1,2075,1
39002006,0,0,6308.523048,375.7928632,27.31693904,20.44195304,13.49959437,3.34637941,0,87.5791968,58.737397,51.8747174,2.654138038,952.661524138,0.37768220403,120.71103402,321.868457628,566.147525143,0,0,0,0.19764920766,3425200,3865900,7291100,RESIDENTIAL,1,2075,1
39002007,0,0,4040.204437,288.6990344,36.94294535,30.35875204,23.95392442,14.46479701,3.349000958,110.3279861,80.86080528,73.75826294,7.701693722,1077.98729237,0,76.0980506227,292.968904183,556.782855923,0,0,0,0,3231000,3048000,6279000,RESIDENTIAL,1,2100,1
39002008,0,0,4447.840836,283.1302769,32.89324969,26.39999058,20.18764835,10.87235636,0,121.1420982,102.9744919,95.45721795,28.95038003,1017.53123286,0,2.82316190904,191.365480053,455.541236862,0,0,0,0,895100,3173900,4069000,RESIDENTIAL A,1,2100,1
39002009,0,0,5174.224098,292.7172304,35.53803146,28.85161216,22.34074618,12.67142319,1.297411538,118.4275735,118.4275735,103.6552784,24.64084964,921.582590398,0,0,128.794890005,403.103278827,0,0,0,0,2338200,2933800,5272000,RESIDENTIAL,1,2100,1
39002011,0,0,6268.979691,445.924257,34.4337024,27.75818607,21.11354971,11.26008802,0,86.61926085,86.29633278,50.65872494,0,1627.14450976,0,0,122.541201881,432.941541644,0,0,0,489.183286849,2937700,3131100,6068800,RESIDENTIAL,1,2100,1
39002032,0,0,5029.792419,338.5954587,13.57365805,11.54486098,10.66822564,7.541897042,2.623434447,22.10793448,18.53517035,4.670038302,0,1331.90492519,77.9594476975,114.146146731,214.735849493,369.19017353,43.6232600271,151.08379329,496.448960366,1216.87296305,898000,2858500,3756500,RESIDENTIAL,1,2100,1
39003008,0,0,6907.975143,441.3199832,38.37378115,31.73030637,24.08199781,13.16062824,1.746012472,47.12940637,41.93405532,1.700697,0,1346.25896933,0,0,2.71909322133,157.676219858,0,0,0,0,3534300,3448100,6982400,RESIDENTIAL A,1,2100,1
41001002,21.32410171,-157.6779352,2225.329247,219.1772486,20.27447461,14.13112222,8.566016493,0,0,666.3361072,658.1473673,653.178486,628.4211567,1847.30876387,0,0,0,196.781136857,0,0,0,0,274800,3500100,3774900,RESIDENTIAL,1,2075,3
41001003,21.32419855,-157.6781019,3890.441307,378.4035885,17.55934491,11.92307631,6.912807266,0,0,645.2097223,637.0140873,632.0452755,607.260275,1549.45933447,0,0,0,100.570719265,0,0,0,0,332700,3242700,3575400,RESIDENTIAL A,1,2075,3
41001004,21.32421899,-157.6782723,4793.505699,359.1198507,16.21572052,11.41536834,7.462125856,0.181968696,0,628.2405045,620.0431492,615.0743424,590.2968712,1365.12448392,0,0,0,74.4527229751,0,0,0,0,1836100,3099500,4935600,RESIDENTIAL A,1,2075,1
41001005,21.32429537,-157.6784618,1532.836311,194.6711404,17.6532332,13.60570034,10.48742497,4.643934636,0,611.3264492,603.1123498,598.14431,573.3272676,1542.92901279,0.0111793934449,15.4839861396,115.425401827,259.228579697,0,0,0,0,355500,2840800,3196300,RESIDENTIAL,1,2075,2
41001006,21.3235155,-157.6772599,4946.835495,379.4997143,10.92501155,4.575405293,0,0,0,756.8001552,748.6433565,743.6755609,718.9807814,1134.57701328,0,0,94.0070416749,355.875406662,0,0,0,0,632000,2983700,3615700,RESIDENTIAL A,1,2030,1
41001008,21.3237551,-157.6775338,1717.006416,174.3478004,20.39052292,13.13662374,6.072340938,0,0,722.5895018,714.4251765,709.4569391,684.7443786,1912.82702265,0,0,163.273653648,520.432994257,0,0,0,0,622000,2262400,2884400,RESIDENTIAL A,2,2050,3
41001009,21.32377082,-157.6778427,1710.488464,170.521395,42.70717907,35.46706317,28.36954458,17.50767962,4.281691405,698.1028586,689.9487669,684.9812984,660.3091652,1837.6599756,0,0,52.5116939264,358.62530841,0,0,0,0,720100,3500100,4220200,RESIDENTIAL,1,2100,1
41001011,21.32316368,-157.6769354,1930.329605,194.9077769,17.86423987,12.3680765,7.597153162,0,0,779.1006652,778.5718017,777.6895744,765.1974208,933.489773095,0,0,2.80452970307,264.50210268,0,0,0,0,506900,2240000,2746900,RESIDENTIAL,1,2075,1
41001012,21.32327819,-157.6771482,718.1956406,103.0653151,27.097144,21.27960823,16.11643554,7.738173395,0,782.7402832,774.6479456,769.687832,745.1719644,1079.53886737,0,0,56.6790716077,313.905060134,0,0,0,0,192700,2683900,2876600,RESIDENTIAL A,1,2100,1
41002002,21.32547935,-157.6817597,5418.235161,404.7015184,16.35203589,10.14292299,3.861230573,0,0,240.7703926,232.6975572,227.7419456,203.3440761,1395.28426064,0,6.77814885627,229.476417773,537.039182065,0,0,0,0,3755200,3160000,6915200,RESIDENTIAL A,1,2050,1
41002004,21.32549591,-157.6812903,2094.849037,222.8643245,15.93257401,12.31477663,9.902350895,5.102711393,0,283.7950784,275.5924457,270.62373,245.8484931,919.507484596,0,0,0,20.9932682017,0,0,0,0,92100,2248400,2340500,RESIDENTIAL,1,2075,1
41002009,21.32473516,-157.6791963,1961.756088,191.84638,18.43094109,14.22699967,11.10138006,5.216043718,0,519.9641997,511.7295397,506.7638431,481.9008372,1794.05572053,0,0,0,117.635402141,0,0,0,0,967800,3418800,4386600,RESIDENTIAL A,2,2075,3
41002016,21.32455832,-157.6790391,2494.037277,237.1257353,19.29876953,15.2509414,12.32109204,6.69270002,0,545.3109465,537.0906844,532.1231558,507.2928217,1744.94065144,0,0,2.94467171474,151.939024271,0,0,0,0,226500,3443900,3670400,RESIDENTIAL,1,2100,2
41002017,21.32445388,-157.6788501,626.0033951,103.2472183,24.05027172,20.01681741,17.10355764,11.5058492,3.690406082,568.6609404,560.4546219,555.4861093,530.6883035,1869.92869811,0,0,49.8561394788,216.437016425,0,0,0,0,155300,3418900,3574200,RESIDENTIAL,1,2100,2
41002018,21.32439068,-157.6787493,4115.471115,397.4335258,12.79769416,8.658992036,5.626945908,0,0,577.7140041,569.5127011,564.5439933,539.7580429,1397.63672116,0,0,59.2549505737,174.779665242,0,0,0,0,226600,3099800,3326400,RESIDENTIAL A,3,2050,2
41002020,21.32442352,-157.6785239,472.653801,95.93191268,10.5044184,6.421764347,3.488594248,0,0,601.2417572,593.0155401,588.0486724,563.2036859,811.17758874,0,0,33.443132229,134.006836753,0,0,0,0,105400,2146000,2251400,RESIDENTIAL,1,2050,4
41016083,21.32669374,-157.685883,4882.951859,308.8007526,30.15560808,24.51496127,19.02824291,10.39787018,0,192.1065733,181.0120297,170.0080068,66.99700436,925.348216221,0,0,0,0,0,0,0,0,747400,983400,1730800,RESIDENTIAL,1,2100,1
41016085,21.32698107,-157.6867275,4858.84565,388.4231427,30.28824778,25.35812968,20.66583522,13.03685662,3.60296648,282.3017199,271.2529832,260.3832605,155.1624688,1323.72867437,0,0,0,0,0,0,0,0,450100,1143800,1593900,RESIDENTIAL,1,2100,4
41017014,21.32653871,-157.6855765,1662.544434,168.6019595,36.17087165,30.27508608,24.58231253,15.71916531,5.010662206,166.3895481,155.358837,144.3474359,48.49037842,902.492340522,0,0,0,0,0,0,0,0,61000,977100,1038100,RESIDENTIAL,1,2100,3
43001004,21.38109631,-157.7085688,4706.075653,318.3853777,14.86777324,7.743056423,0.031754803,0,0,13.21964569,13.0100019,12.07291896,11.37393733,958.991718835,0.582182324991,60.303548024,307.305323778,581.773691322,0,0,0,0,124800,3123700,3248500,RESIDENTIAL,2,2050,1
43001014,21.38126446,-157.7085106,1368.775047,153.1180412,7.763650727,0.663181734,0,0,0,5.30320272,5.30320272,4.740606375,3.988764736,890.978697219,45.0225408301,209.215335633,440.893823506,696.921908118,0,0,0,0,143400,4941300,5084700,RESIDENTIAL A,1,2030,1
43001018,21.38077633,-157.7085555,12818.312,614.3261512,22.60577718,19.46024466,16.05088637,10.30726258,1.541600096,15.9095652,15.9095652,15.0480256,14.5106286,2067.24741555,0,0,1.67785488383,10.7507911164,0,0,0,0,3384900,5555300,8940200,RESIDENTIAL,2,2100,1
43003061,0,0,4597.013611,329.3668459,46.39187588,36.03048973,23.13127639,6.011619553,0,42.61716265,41.65703621,40.69872109,39.10457617,1074.56302727,28.488336634,64.0294628075,142.462263258,492.081813621,58.8302195796,58.8302195796,61.0682930268,61.3853986207,1412600,2574800,3987400,RESIDENTIAL,1,2075,2
43003063,21.38369784,-157.7095937,5215.984108,404.0034271,10.17444433,0,0,0,0,9.679207821,9.679207821,9.022382284,2.382202023,3812.31747776,342.187352388,766.601434698,1333.45199214,1934.31986556,1099.53727501,1122.55408278,1159.59467113,1365.97630891,118800,4335900,4454700,RESIDENTIAL A,1,2030,2
43003064,21.38320308,-157.7093931,7475.615364,410.366237,13.20033743,4.190166738,0,0,0,12.93946506,12.93946506,12.00206444,10.71587046,1794.98198731,17.3866741348,223.454592415,510.883165197,826.907311378,0,0,0,0,2519700,8582200,11101900,RESIDENTIAL,1,2030,2
43003065,21.38293039,-157.7092715,3636.561493,331.1238663,20.75173728,13.93868993,6.051484433,0,0,20.52440025,20.11426777,19.21633687,18.40175017,1946.3548163,148.093658199,317.893754948,557.606065819,822.891000192,1.38766115136,7.52900568544,24.3978446646,45.6389643633,3697700,7081900,10779600,RESIDENTIAL A,1,2050,2
43003067,21.38213107,-157.7089322,438.9783478,86.07360225,23.72619449,16.15846228,7.810768606,0,0,24.32810165,23.62382009,22.84321257,21.86969341,1316.3461115,36.4838367113,182.093084526,386.572802712,612.024429148,0,0,0,0,497000,5330000,5827000,RESIDENTIAL A,1,2075,4
43003069,21.3818567,-157.7088549,3925.100563,312.6962586,11.32218752,3.642285697,0,0,0,12.23276827,11.60892938,10.56748392,9.617237153,1800.23329583,155.049629285,354.413031474,630.38033944,929.459427657,0,0,3.27778167801,10.2143351449,7500,5778000,5785500,RESIDENTIAL A,1,2030,2
43003070,21.38163256,-157.7088159,4075.356323,360.8980139,14.53011187,7.00160729,0,0,0,13.19329097,12.59670596,11.91078892,10.97124697,1748.81880508,91.628542463,269.938835817,518.331858643,789.448447177,0,0.12461095698,3.51412858464,14.7166418674,265000,6595900,6860900,RESIDENTIAL,1,2050,4
43003074,21.38322429,-157.7097861,1515.966576,164.7463433,55.67086344,45.47664803,32.95652657,16.27487388,0,51.20423935,49.68661882,46.76045801,20.04230641,2454.92813786,206.69825077,460.394068353,807.833227283,1184.7028919,508.461025101,515.47963486,527.34391321,543.195381705,610800,6129800,6740600,RESIDENTIAL A,1,2100,2
43003076,21.38379808,-157.7099042,4692.096787,345.3605651,38.91355774,28.59828626,15.77371488,0,0,33.52604187,32.58746123,31.64875921,26.53488509,2552.54992893,238.699724954,534.936148516,929.041597095,1345.71993399,574.966113588,578.887274387,585.15905496,598.186627419,36400,6167600,6204000,RESIDENTIAL,1,2075,1
43003091,21.38241559,-157.7089574,4436.629417,347.3236393,9.129406089,1.792000593,0,0,0,9.709090346,8.975954636,8.609351046,7.678787253,1861.85263219,31.9989500073,230.048826852,507.848429589,813.705084758,0,0,0,0,421100,6596900,7018000,RESIDENTIAL A,1,2030,3
43003105,21.38252666,-157.7092425,771.534462,109.5004094,40.7787444,33.83062447,25.93204264,14.86372456,2.715421056,38.46923217,38.10409122,37.5381093,37.17293271,1093.89922101,6.7855520268,194.577030147,458.259986932,748.232808493,0,0,0,0,57600,3707000,3764600,RESIDENTIAL,2,2100,2
43004074,21.38653537,-157.7111987,2967.718491,224.7311812,3.237281548,0,0,0,0,2.903557716,2.903557716,2.807206478,2.585999227,1823.05170501,173.465736563,362.769292678,627.951505379,919.666917356,48.0793117936,52.0807474858,55.0785544394,61.0807078365,287500,6345400,6632900,RESIDENTIAL,1,2024,2
43004075,21.38640833,-157.7114492,1957.72995,196.0630219,31.9536825,24.16641619,15.62172172,3.763734978,0,31.18159478,30.55459011,30.35744968,30.19217079,905.790537193,0,0,0,112.54804205,0,0,0,0,809700,1927600,2737300,RESIDENTIAL A,2,2075,1
43004076,21.38614818,-157.7110585,2837.565048,215.6338756,4.200703563,0,0,0,0,4.717938853,4.717938853,2.955431135,1.997073619,1925.86292939,182.942660693,386.876097807,670.183569898,979.419999572,114.966657863,120.981276818,133.177419504,147.587338917,0,5624500,5624500,RESIDENTIAL A,1,2024,1
43004078,0,0,1272.830933,161.5173329,22.86902319,15.03958124,6.317621816,0,0,24.16338123,24.16338123,22.12453243,21.34531146,1924.77635142,149.534728637,319.915847244,566.508457193,847.840389908,2.21337946009,9.30668339216,26.4337728773,45.8413044085,349200,4107500,4456700,RESIDENTIAL,2,2075,2
43004079,21.38568431,-157.7109695,4474.004944,297.7063475,15.04328086,8.912458963,1.998875111,0,0,15.89414531,15.63462034,14.93933294,14.35027369,2079.50293152,138.673145589,294.128676032,515.910791467,764.365380563,182.67145265,190.674421319,205.806051828,224.814780179,4673400,6356900,11030300,RESIDENTIAL A,1,2050,3
43004082,21.38457775,-157.7104017,1535.90976,162.6057695,41.61555685,32.50396868,21.81158886,2.489223756,0,38.99167998,38.4481798,36.37955462,35.02311114,1567.69455234,129.191576662,278.788191311,448.800067824,587.644975326,551.574974948,554.576050085,559.90739691,571.937838149,342400,3630500,3972900,RESIDENTIAL,1,2075,1
43004083,21.38414911,-157.7101748,3146.054825,247.290342,40.11629193,29.84516873,17.61193146,1.821167017,0,39.57211924,39.5227643,38.83435984,38.10850088,3555.72034247,103.637157185,733.492039255,1585.64499277,2488.66543184,0,0,0.0532387557605,0.533896776184,2573200,10188100,12761300,RESIDENTIAL,1,2075,4
43004086,21.38474754,-157.7102623,1621.139359,188.5701262,14.94960488,6.38204008,0,0,0,12.45245097,12.1114656,11.16363897,9.89751071,1521.61372749,108.772285293,222.767309016,359.830184784,495.573225907,478.223130025,484.225279027,494.498168411,506.321750628,112000,4589800,4701800,RESIDENTIAL A,1,2050,3
43004087,21.38460354,-157.7100743,4250.270905,487.4088173,12.16931713,2.213916551,0,0,0,8.530078084,7.811907523,7.16172506,6.398109776,2570.05620752,251.360380071,566.143611821,990.707438339,1390.39580577,536.019770098,550.024781966,567.030867837,582.804668119,177000,6116100,6293100,RESIDENTIAL A,1,2030,1
43004088,21.38530467,-157.7107503,6539.095474,505.597598,11.47425806,5.26875501,0,0,0,12.04907776,11.64817795,11.35920936,10.2855684,1784.50342741,82.5200569009,241.241053631,464.305045519,709.687384798,0,0,0,0,527800,6702700,7230500,RESIDENTIAL,1,2030,3
43004098,21.38643331,-157.711307,610.6248932,103.914705,19.95974595,12.17965073,3.647960277,0,0,19.38529392,18.60671251,18.4698987,18.38654991,916.270090989,178.561028711,375.544805656,650.376785706,839.146215892,82.4665393449,87.4683337763,92.4701281033,99.2096879878,52600,3173100,3225700,RESIDENTIAL A,1,2050,1
43004099,21.38502891,-157.7104028,3447.78334,302.1108218,12.24374712,5.086168425,0,0,0,9.891454261,9.811996549,6.039497005,4.962679582,948.798238736,1.57135487088,169.760140194,445.672048114,729.247650959,0,0,1.36055816623,7.35663451435,97800,3949900,4047700,RESIDENTIAL A,1,2030,1
43004100,21.38493233,-157.7106782,2462.819382,203.2233099,39.54146633,33.00006472,25.4316111,14.82964311,3.223762824,37.79124845,37.63919688,37.49359927,36.47930928,927.613788656,0,0,0,0.116003108345,0,0,0,0,1087500,1900000,2987500,RESIDENTIAL,1,2100,2
43005057,21.38831163,-157.7119793,5125.780151,312.6564772,6.457318126,2.446485922,0,0,0,6.262567303,5.534082598,4.855005369,4.120453133,1943.36225149,0,120.979320838,316.559460309,544.433021411,0,0,0,0,2348900,6918200,9267100,RESIDENTIAL A,1,2030,3
43005060,21.38692203,-157.7114675,2005.274994,185.3301522,17.22755242,10.07893342,2.473021471,0,0,16.09819415,15.73553159,15.37286902,14.5006587,1218.46040522,91.0585968668,201.888468463,359.433530612,534.74616957600006,0.860800013452,3.10280981609,8.37421784958,15.7942149488,130700,4559900,4690600,RESIDENTIAL,1,2050,2
43005062,21.38720401,-157.7114646,3350.714493,305.6480158,0,0,0,0,0,0,0,0,0,1219.62136269,65.5530032301,155.09574825,285.986614271,434.518439278,0,0,0,0.679062500812,194100,5163600,5357700,RESIDENTIAL A,1,2024,2
43005063,21.38707623,-157.7114441,2744.356201,226.880989,7.438101826,0.841885861,0,0,0,6.677650104,5.9066058870000004,4.943421088,3.751608294,1217.87960017,78.4628100454,179.076255246,323.825048269,486.306308762,0,0.33091995159,5.0373932517,16.4210490999,260400,5037500,5297900,RESIDENTIAL A,1,2030,3
43005094,21.38799522,-157.7118505,5553.320923,344.6355436,13.09686629,8.748810997,4.822517941,0,0,11.269846,10.79278533,10.79278533,9.905057137,2089.62744823,0.0784747125979,101.470523923,378.414606215,708.541500171,0,0,0,2.49446759551,2749800,7405300,10155100,RESIDENTIAL A,1,2050,2
43007032,21.39355989,-157.7170932,5001.747681,330.1201657,15.88512412,12.13682348,9.379289278,4.591018573,0,20.97081073,19.1758661,16.57202395,11.12293652,1044.66958081,0,0,0,26.5632301965,0,0,0,0,2012700,4882400,6895100,RESIDENTIAL,1,2075,1
43008036,21.39575581,-157.7201338,2346.376434,213.8516597,5.426212137,0,0,0,0,5.093939696,4.495041663,4.090953874,3.689014581,486.985169881,93.6770618896,257.629926965,471.603918344,483.734445181,0,0,0,0.088555931345,2728500,3505200,6233700,RESIDENTIAL A,1,2024,1
43008037,21.39559336,-157.7199795,1772.759171,188.0712903,6.587272312,0.738077105,0,0,0,5.208366508,4.861108471,4.327784445,3.902935838,468.396140611,57.4129352592,188.94503982,381.692556291,468.396140649,0,0,0,0,217100,3252100,3469200,RESIDENTIAL,1,2030,1
43008038,21.39548475,-157.7198163,3363.411987,242.4053035,5.797343118,0.177632705,0,0,0,4.362367795,4.134735658,3.80827407,3.224017796,661.67035957,51.3248159228,172.384398162,351.148755729,552.500612901,0,0,0,0.0223107910981,437000,3347400,3784400,RESIDENTIAL,1,2024,1
43008040,21.39522816,-157.7195055,2965.387939,265.6689992,11.09961246,5.770021249,0.263819769,0,0,10.51997287,9.909234895,9.344410123,8.937863014,961.058267098,52.598772797,178.318655809,364.962599975,578.842423228,0,0.00125966604451,0.00125966604451,0.789266518396,1468300,4398800,5867100,RESIDENTIAL A,1,2030,1
43008041,21.39494745,-157.719091,3040.118134,295.568731,6.651631152,1.354808999,0,0,0,5.223526591,5.14596904,4.573386862,4.000723557,1346.81146495,82.6264241725,249.586322263,497.824011161,782.678422082,0,0,0,0.00760483758552,3649000,5070900,8719900,RESIDENTIAL A,1,2030,2
43008042,21.39483782,-157.7190946,581.1894226,112.5012729,24.00253856,18.75363031,13.40608087,5.444131052,0,22.15970045,22.15970045,21.69767809,21.25138906,680.429692517,23.0796884799,104.214133803,225.490754359,365.215855809,0,0,0,0,336500,3482600,3819100,RESIDENTIAL A,1,2075,1
43008043,21.394894,-157.7189164,1893.054504,174.161465,8.41377857,3.208039507,0,0,0,6.129666672,5.82711547,5.82711547,5.018963436,1029.4090974,5.48243061322,117.59942372,291.568988602,493.380937799,0,0,0,0,82100,4121100,4203200,RESIDENTIAL,1,2030,3
43008044,21.3946913,-157.7187448,4369.132797,321.3321936,12.27316882,7.297706861,2.360619222,0,0,9.68844427,9.504153457,9.114461729,8.606974978,1039.968752,0,90.4697030169,252.012845399,441.511005507,0,0,0,0,830600,4874400,5705000,RESIDENTIAL A,1,2050,1
43008045,21.39464242,-157.7185773,3967.774704,358.9278395,6.398795315,1.834460034,0,0,0,3.993371133,3.809080657,3.809080657,3.200042685,1045.29506914,0,84.764989366,235.700928601,414.640488757,0,0,0,0,0,4301000,4301000,RESIDENTIAL A,1,2030,1
43008046,21.39450334,-157.7183824,5429.834366,450.9995159,5.409500486,1.023455175,0,0,0,4.237875636,4.026483859,3.432934563,2.839329352,1045.22948843,0,56.5400857096,203.259392492,378.029175462,0,0,0,0,234100,4447600,4681700,RESIDENTIAL A,1,2024,1
43008047,21.39437376,-157.7181475,4767.574158,310.9205245,2.712964605,0,0,0,0,0.75942185,0.723873652,0.549361411,0,1055.32972552,4.89301544047,108.69407573,269.975622224,459.784437307,0,0,0,0,255800,4447600,4703400,RESIDENTIAL,1,2024,1
43008048,21.39419408,-157.7180222,6348.393433,535.3104643,7.883717974,2.908052112,0,0,0,7.302340957,6.972684273,6.393617978,6.014348652,1044.04337075,0.84301761442,114.421489389,299.296774075,513.112825984,0,0,0,0,664800,4643100,5307900,RESIDENTIAL A,1,2030,2
43008050,21.39398723,-157.7176523,6748.366043,375.5718421,3.389647827,0,0,0,0,5.682368617,4.866921015,3.814925184,2.420388281,1044.04473785,47.3506624554,182.981992713,383.311889145,613.856245633,0,0,0,0,61500,4447600,4509100,RESIDENTIAL A,1,2024,1
43008051,21.39370867,-157.7173244,5339.555176,395.3901654,12.84760298,7.57495523,2.784854765,0,0,16.01586238,15.38658395,13.98984631,11.60347008,976.668657072,0,13.4902630526,121.151141368,276.236542012,0,0,0,0,1968900,4905900,6874800,RESIDENTIAL A,1,2050,1
49007004,21.52802186,-157.8350369,840.801651,118.8316075,13.86308844,10.72284979,9.006413047,5.149851471,0,15.81655424,14.94073072,13.58164111,12.45276209,1404.38016394,125.07117383800001,191.709408907,345.49567231,566.308606649,541.117804763,577.001209074,627.849368154,677.397238686,507500,1149800,1657300,RESIDENTIAL,3,2075,3
49007030,21.53137175,-157.8366052,3525.340698,247.449606,9.265466516,6.886396658,5.983914625,3.129936283,0,7.229258407,6.941763056,5.537212008,4.139356484,891.602058842,31.259192051,42.7486129922,81.3810714246,147.680956255,481.602643482,489.983352583,496.974312905,510.903248976,857900,1194900,2052800,RESIDENTIAL A,1,2050,1
49008012,21.52665395,-157.8345557,882.6204071,120.9573617,2.293639117,0.600224782,0.737084789,0,0,4.206517303,3.528466111,2.328041823,0.379594124,843.271831308,46.8874894538,40.9378109953,83.144733796,178.863463634,245.024295613,274.520035986,323.566910993,371.011123825,888100,1139200,2027300,RESIDENTIAL,1,2024,1
49009003,21.51825861,-157.8356035,1491.637558,156.4524819,10.98365305,6.751282889,3.487919461,0,0,10.35049671,9.996531438,9.660282319,9.191828728,480.907482522,73.2349655377,152.61626396,295.805307735,448.28894174,0.415839369872,0.97491843259,2.16126237476,5.33057383018,223900,735600,959500,RESIDENTIAL,1,2050,1
49009005,0,0,1409.982468,160.228537,0.980502996,0.991939255,0.991939255,0.991939255,0.991939255,0,0,0,0,794.780469111,70.5097876191,84.9192119954,84.9192120061,84.9192119813,607.523600049,629.212641265,686.919753534,721.61974889,585300,1112300,1697600,RESIDENTIAL A,1,2024,1
51001020,21.54319395,-157.8446115,1974.567535,183.0100056,23.73317458,17.76737716,11.97232665,3.003989087,0,24.42462262,23.6567581,22.86093037,22.01532859,442.395920812,0,0,0,167.238748321,0,0,0,0,116600,722600,839200,RESIDENTIAL,1,2075,1
51001021,21.5430508,-157.8444259,2282.881378,208.5263578,22.68268684,16.58067198,10.6080695,1.432954389,0,23.69221739,23.21322017,22.33100085,21.45927352,531.713371196,0,0,0,151.471586922,0,0,0,0,331200,742200,1073400,RESIDENTIAL,1,2075,1
51002002,21.55066223,-157.8475351,3294.951004,306.8065138,4.680036817,0,0,0,0,6.296177203,5.507863408,3.940783148,2.526811667,809.944257711,0,146.602342148,450.635691557,774.171359746,0,0,0,0,354800,752700,1107500,RESIDENTIAL A,1,2024,1
51002003,21.55046806,-157.8473733,1903.199661,187.80153,8.5053786,3.629354807,0,0,0,12.87375607,11.47315613,9.936113016,7.542847602,682.077004757,0,85.7822891496,263.996491078,495.550527225,0,0,0,0,250800,731800,982600,RESIDENTIAL,2,2030,1
51002004,21.55024429,-157.8471194,2399.294006,229.2827472,4.463172297,0,0,0,0,10.04907988,8.70084399,6.556460422,4.223513381,815.020169968,0,87.2292247669,261.110955623,486.628995998,0,0,0,0,636800,752800,1389600,RESIDENTIAL,1,2024,1
51002005,21.55004956,-157.8470101,3309.096329,301.4804961,8.846955305,3.974596513,0,0,0,13.48590304,11.84670502,9.564195948,7.49754868,1040.01848359,5.50974940433,125.876063068,330.993796386,586.450875878,0,0,0,0,430200,788700,1218900,RESIDENTIAL,1,2030,1
51002017,21.54875553,-157.8468313,1437.293945,161.4088981,32.88585168,27.48623941,22.72489453,15.04973505,5.502077439,39.37357619,37.85901853,35.63211481,33.67951882,586.310317297,0,0,0,0,0,0,0,0,0,767900,767900,RESIDENTIAL,1,2100,2
51002061,21.54857942,-157.8467611,2207.365921,263.8615687,24.2625408,18.96829159,14.32105287,6.787353994,0,30.43174387,28.86993574,26.52898984,24.58948093,617.057358647,0,0,0,3.40709089663,0,0,0,0,44700,853000,897700,RESIDENTIAL,1,2100,1
51003031,21.55717561,-157.8562916,2480.491653,255.4753947,23.41264081,18.13253218,13.46914938,5.912728658,0,26.18750825,25.15445242,23.95495577,23.03718471,760.069510432,0,0,0,69.2617195584,0,0,0,0,77600,940000,1017600,RESIDENTIAL A,1,2075,2
51003051,21.5579389,-157.8587387,3477.009949,239.0553863,21.14239955,17.01111213,13.88210834,8.31424532,0.989880972,21.86907381,21.13651886,20.43033749,19.2722282,470.622067745,0,0,0,0,0,0,0,0,314800,815000,1129800,RESIDENTIAL A,1,2100,1
51005016,21.55877624,-157.8611136,1554.112076,170.1983553,20.71875339,16.96426078,14.34571743,9.417952004,2.556455384,21.87851647,21.25878704,19.66013602,17.65412681,505.217325563,0,0,0,0,0,0,0,0,86300,825500,911800,RESIDENTIAL,1,2100,1
51005031,21.56001367,-157.8638276,1317.732727,158.6691374,17.50059595,11.38718076,5.681962107,0,0,15.7234196,15.6297116,14.73154851,14.59946722,758.945692439,0,0,1.03460807464,244.820518758,0,0,0,0,375900,1134600,1510500,RESIDENTIAL,1,2050,2
51006001,21.5401703,-157.841711,3999.618622,272.6383514,20.55520953,14.48764203,8.924361549,0.263540891,0,26.73220638,25.79106282,24.51451357,22.6297086,1337.26886296,0,0,0,456.386465596,0,0,0,0,205100,2102300,2307400,RESIDENTIAL A,1,2075,1
51006003,21.54069674,-157.8419731,1701.964996,165.8443277,30.60905469,24.72284209,19.40121568,11.04435918,0.780494721,35.83656082,35.18274617,33.61330131,31.74225871,586.371138666,0,0,0,146.368644552,0,0,0,0,316400,839900,1156300,RESIDENTIAL,1,2100,1
51006004,21.54084172,-157.8419854,2594.363663,243.6025636,20.45547524,14.61758833,9.35531146,1.07119692,0,25.75998534,24.76524657,23.22941887,21.60229872,579.461397487,0,0,0,133.476664612,0,0,0,0,245600,841600,1087200,RESIDENTIAL,1,2075,1
51006005,21.54103261,-157.8420949,881.570755,127.5697585,32.80059266,27.07138791,21.93624119,13.79686921,3.753512644,38.96865759,38.01924949,36.74973278,34.53252476,575.552885492,0,0,0,124.174492058,0,0,0,0,25700,843300,869000,RESIDENTIAL,1,2100,2
51006006,21.54114327,-157.8421444,1618.58429,165.8791929,31.26634333,25.65266907,20.68260751,12.77146929,2.978788996,37.71184715,36.73808351,34.85428869,32.82079657,450.80115608,0,0,0,83.5601204425,0,0,0,0,343100,777200,1120300,RESIDENTIAL,1,2100,1
51006008,21.54163032,-157.8423363,3085.735931,262.4853501,29.68295558,24.18960041,19.18605866,11.11845822,1.697624489,29.98044313,29.14528209,28.64508284,27.74390399,881.173988367,0,0,0,103.627591423,0,0,0,0,124900,929300,1054200,RESIDENTIAL,1,2100,1
51006009,21.54189767,-157.8423827,1491.952652,158.9257802,24.2146708,17.86913942,11.6305348,2.107157022,0,26.31699719,25.43595115,24.36388729,22.96537366,889.661425319,0,0,0,261.935803437,0,0,0,0,267100,978200,1245300,RESIDENTIAL A,1,2075,2
51006010,21.54220799,-157.8426462,1757.26442,169.024399,19.01253255,12.17613482,5.339422231,0,0,20.66615686,19.41508299,17.43105717,16.043286,539.574508244,0,0,0,235.566696437,0,0,0,0,111900,798000,909900,RESIDENTIAL,1,2050,2
51006012,21.54234078,-157.8431136,4058.315643,266.9687211,28.99236053,21.71544815,14.01477422,2.688916888,0,28.67242436,27.64528105,26.54179585,25.9899179,1251.32821703,0,0,73.7933784344,427.606687185,0,0,0,0,694600,1140000,1834600,RESIDENTIAL,1,2075,1
51006014,21.54251022,-157.8435789,2262.822876,225.769259,36.99058032,30.54275586,24.03846632,14.18468149,2.578496935,37.12798195,36.30147565,35.4840518,34.58858007,1271.29341605,0,0,0,290.565067594,0,0,0,0,14500,1129500,1144000,RESIDENTIAL A,1,2100,1
51010015,21.55392297,-157.8503804,4076.300842,349.8335931,21.61615795,15.46338284,9.63539166,0.640034527,0,21.20503138,20.91151659,20.54143328,19.83563923,1418.62835599,0,0,8.34945954696,289.516515114,0,0,0,0,342800,1212000,1554800,RESIDENTIAL,1,2075,2
51010016,21.55374872,-157.8502261,2614.29184,211.631204,20.70147258,14.9518184,9.763182607,1.557482261,0,20.13685432,19.59127384,18.73278819,17.91459983,1267.17897076,0,0,0,225.162379588,0,0,0,0,393100,1140000,1533100,RESIDENTIAL,1,2075,2
51010019,21.55311816,-157.8497561,3366.019073,233.5804999,18.59658676,13.05473536,8.177129497,0.369358773,0,19.51898034,18.38430076,17.28720634,16.43358208,671.051835691,0,0,0,176.935153026,0,0,0,0,432800,889000,1321800,RESIDENTIAL A,1,2075,1
51010021,21.55263438,-157.8494827,2680.021225,234.8207681,26.78380316,21.33202938,16.56148324,8.88435778,0,28.04304545,26.94552428,25.96415184,24.33819532,1407.54154794,0,0,0,175.216706169,0,0,0,0,81300,1212000,1293300,RESIDENTIAL A,1,2100,1
51010022,21.5524891,-157.8492955,1521.328461,159.6688645,22.64268799,17.50601828,13.10269844,5.802618829,0,26.38454504,25.28491579,23.22582679,21.60449098,1395.99915813,0,0,0,129.343269455,0,0,0,0,103000,1212000,1315000,RESIDENTIAL A,1,2075,1
51010023,21.55227594,-157.849152,2325.580185,216.4770238,22.18290136,17.17392302,12.97535349,6.008904193,0,24.96173901,24.09849329,22.40620541,20.49696178,1368.68282519,0,0,0,106.776877698,0,0,0,0,206000,815400,1021400,RESIDENTIAL,2,2075,2
51010045,21.55350676,-157.8501108,2155.234283,188.5727324,28.68666429,23.12923954,18.22786973,10.38932071,0.645015432,28.13043095,27.62912706,26.5676291,25.87154666,759.169146867,0,0,0,170.36142325,0,0,0,0,102700,927000,1029700,RESIDENTIAL,1,2100,1
51011033,21.55418772,-157.8506361,1934.368561,211.5639427,27.68919816,21.68937842,16.09024742,7.342803388,0,27.62090665,27.52033081,26.81106733,26.10603419,1131.65480504,0,0,19.9945451878,312.478411103,0,0,0,0,120500,1087700,1208200,RESIDENTIAL,1,2100,1
51011035,21.55454926,-157.8508716,1840.7117,174.0083773,19.27999458,13.85811203,9.058879223,1.184224042,0,21.45161992,20.72004872,20.01173877,18.59738726,551.617743677,0,0,0,159.443256675,0,0,0,0,120800,823400,944200,RESIDENTIAL,1,2075,1
51011059,21.55434248,-157.850766,2638.823013,217.3673833,28.399328,22.57957013,17.26309168,8.871654297,0,27.97766093,27.937431,27.2505573,26.402697,626.822636562,0,0,0,201.215855583,0,0,0,0,223000,870700,1093700,RESIDENTIAL,1,2100,2
51012002,21.55507936,-157.8510665,2565.297379,218.8452361,3.085344846,0,0,0,0,3.038784478,3.038784478,2.264649817,1.661775671,855.358842694,114.638415785,345.098289162,670.864007074,851.911353786,0,0,0,0.185410175419,216500,744600,961100,RESIDENTIAL,1,2024,1
51012003,21.5552185,-157.8512241,1845.078751,177.0919653,7.984003967,1.984444238,0,0,0,7.00812571,7.00812571,6.482960198,6.284436521,865.217174789,63.9222135478,215.30840589,450.934656987,737.739858951,0,0,0,0,193800,761800,955600,RESIDENTIAL,1,2030,1
51012004,21.55544122,-157.8514262,2294.383698,221.0769359,7.821737512,1.780195296,0,0,0,8.435787154,7.631330607,6.570646306,6.196103015,1180.35167819,85.2527241785,242.648263534,487.301050526,784.725634625,0,0,0,0,324000,796100,1120100,RESIDENTIAL,1,2030,1
51012005,21.55546798,-157.8516188,2529.829224,261.3064036,12.13532228,5.881211698,0,0,0,13.67906454,12.93664246,11.50909967,10.78911973,1413.20896591,154.427642494,320.179652407,575.191218001,882.11938767,0,0,0.101460144577,13.2433541473,233700,816500,1050200,RESIDENTIAL,1,2030,2
51012006,21.5557175,-157.8518069,3249.65184,281.0893061,13.0315924,6.634188826,0.539319138,0,0,15.64198402,14.54522404,13.13068086,11.02982191,1576.70334294,173.222525364,341.077342951,598.256950775,907.532946172,0,0,1.18319690717,8.46594437598,357300,837700,1195000,RESIDENTIAL A,1,2050,1
51012007,21.55584071,-157.8520682,2932.821442,221.1951473,21.99829827,15.61699305,9.604288544,0.385615388,0,23.32978559,22.62281513,21.20846013,19.81896532,1689.21254937,151.081436176,312.28084295,559.930177436,858.638673926,0,0,1.18242954075,18.0567106417,766500,864100,1630600,RESIDENTIAL,1,2075,2
51012008,21.5560324,-157.8521712,2612.378357,241.1182225,11.71197876,5.558175495,0,0,0,13.32685036,12.61064198,11.12013382,9.797370896,1756.84617604,17.9304812594,154.883974212,387.532382423,671.710539717,0,0,0,0,388700,983400,1372100,RESIDENTIAL A,1,2030,1
51012013,21.55737486,-157.8546544,1523.79393,217.171082,23.72183219,18.81816733,14.76524979,7.964764569,0,35.004229,33.79200291,31.97874506,29.79144396,767.938019661,0,0,0,0,0,0,0,0,63700,931300,995000,RESIDENTIAL,1,2100,3
51012016,21.55753682,-157.8546458,2141.573074,198.4042204,7.679289462,2.499342384,0,0,0,17.029533700000002,16.1385617,14.70262375,12.73816818,861.252723127,19.9338332677,84.17115253,211.69745815,409.952767596,0,0,0,0,391800,662500,1054300,RESIDENTIAL,1,2030,1
51012017,21.55751458,-157.8548458,3320.098846,265.6975575,15.86301183,10.62420168,6.329451622,1.895202224,0,26.83051926,25.2029703,23.80355949,10.39868419,1330.03984843,0,0,0,3.47173624059,0,0,0,94.3124607741,1053700,764500,1818200,RESIDENTIAL,1,2075,1
51013001,21.53746989,-157.8409006,1659.239166,192.4288817,28.0450552,22.15291382,16.82499653,8.458649349,0,33.75433755,32.77415032,30.81771185,29.46213485,5832.28758917,0,0,0,391.952366987,0,0,0,0,474200,1747100,2221300,RESIDENTIAL,1,2100,4
53001004,21.57441406,-157.8768425,2102.924103,183.4861432,20.086191,11.89100424,3.406077118,0,0,18.78198667,18.78198667,18.08032135,17.36755723,2767.75314234,201.333556372,457.832532128,840.267974543,1290.50762693,0,0.00863981568682,1.58945748739,13.4093622285,596900,1016100,1613000,RESIDENTIAL A,1,2050,3
53001005,21.57417075,-157.8767557,3037.37587,242.7871485,29.78985442,21.79039814,13.58158416,1.348450277,0,29.39552115,28.81612364,28.19135615,26.78761436,2911.70118071,201.83994706,452.520871532,829.702560014,1277.39475393,0,0.0327641079081,2.17379373524,13.9964204364,269800,1031600,1301400,RESIDENTIAL A,1,2075,1
53001006,21.57402062,-157.8762519,394.0260925,81.67495517,8.276281315,0.912481469,0,0,0,7.773579744,7.422289039,6.734239782,4.59439985,3090.72706942,206.722419413,438.73208408,793.095930009,1219.7083512,0.878341091366,3.51226187268,11.999231945,26.6926425376,1267400,988800,2256200,RESIDENTIAL,1,2030,3
53001007,21.57377796,-157.8763548,207.521698,60.21253639,34.42316565,27.3201624,20.3973042,9.704421403,0,34.84523085,34.25949593,33.50019601,32.22425395,3121.81126519,210.265338545,413.627467529,730.094141331,1117.73784768,0.251473438104,4.26015062519,19.322211248,52.3669318601,306200,1065600,1371800,RESIDENTIAL,2,2100,2
53001009,21.57333573,-157.8758885,4412.571411,341.6939914,17.3908629,11.30903186,5.652012823,0,0,21.45076161,20.03671402,17.95100534,16.49385009,3543.91414971,204.842043535,395.9463973,702.441379959,1083.16161945,0,0,14.268385521,76.744700322,606600,1050700,1657300,RESIDENTIAL A,1,2050,1
53001011,21.57281691,-157.8753761,1544.877838,163.4011844,18.5608102,12.68908039,7.106230259,0,0,21.27208028,20.09449885,18.98750818,17.64052299,3405.361717,35.3354978309,233.968930313,571.725859289,977.24923208,0,0,0,0,360000,1095700,1455700,RESIDENTIAL A,1,2075,1
53001013,21.57237094,-157.8751348,2837.042038,253.08145149999999,14.23861827,9.373637483,4.926010368,0,0,21.4762925,19.99877493,17.79778289,14.93117021,3357.08614432,0,57.1633284562,300.791962128,618.550675051,0,0,0,0,679500,1056400,1735900,RESIDENTIAL A,1,2050,2
53001015,21.57171493,-157.8752033,2477.305099,225.5496956,16.78821518,10.99033978,5.570000827,0,0,20.09368753,19.09345315,17.09295764,16.09273198,3309.58303314,175.682524095,339.495966904,607.720844856,943.712438345,48.9201071056,73.0900105683,120.318966207,159.772381757,302500,1105800,1408300,RESIDENTIAL A,1,2050,3
53001016,21.57152122,-157.8752688,675.7780762,123.803487,23.7275287,17.8537087,12.12618844,2.820157705,0,25.5113621,24.74794424,23.40356264,22.46393517,3256.42982272,199.943338982,398.007674351,708.351065098,1084.97125697,0,0.0522255643716,0.156368779049,13.4422727927,558500,1084200,1642700,RESIDENTIAL A,1,2075,3
53001017,21.57113933,-157.8752884,2472.294876,208.5336812,23.54751231,16.68634456,9.84504992,0,0,24.8262241,24.31550426,23.65751482,23.33703913,3166.21730139,209.343631869,418.848212644,743.338678178,1134.6780264,28.1649431185,43.737190399,57.5133120425,72.7802748519,630400,1071100,1701500,RESIDENTIAL A,1,2075,1
53001018,21.57078579,-157.8753525,882.3072815,118.8210326,32.39327754,25.06103898,17.33526193,5.654817645,0,33.61227365,32.80915602,32.59501974,31.59482197,3010.13912974,218.298119559,441.571148271,782.334898187,1189.12707708,21.0775609378,31.0956271871,46.946582136400004,73.6118596526,826300,1058100,1884400,RESIDENTIAL A,1,2075,3
53001019,21.5705847,-157.8753345,2028.568848,188.5796845,29.70877334,22.08994034,14.15833604,2.034418819,0,30.94559886,30.14054971,30.08489177,29.14064854,2954.78632986,218.096163546,460.730557627,824.775133238,1253.12115942,0,0,0,5.45650830483,635800,1051600,1687400,RESIDENTIAL A,1,2075,1
53001020,21.5703189,-157.8752196,2390.396393,205.0692112,20.26982542,12.52680739,4.428408641,0,0,21.60442326,20.99916635,20.30219433,19.68225805,3067.80527052,179.334988707,431.845816803,809.780342915,1254.02993827,0,0,0,0,634000,1058300,1692300,RESIDENTIAL A,1,2050,1
53001021,21.57004827,-157.8752498,2466.2509,209.1996468,26.18918511,17.71181726,8.608163448,0,0,26.43908648,26.40817999,26.40625044,25.44017666,3127.24363322,250.118240114,523.858172529,928.483589116,1398.82852352,8.62473457068,14.4256297472,23.3119170648,39.7558249906,630200,1071900,1702100,RESIDENTIAL A,1,2075,1
53001022,21.56981616,-157.875194,4024.1082,357.6189119,11.21255482,2.330234175,0,0,0,12.62136608,11.84045363,11.6211195,10.63173595,3208.63953724,274.550639225,574.788054651,1011.56548936,1512.19510598,80.1948271821,85.9683845675,108.802996327,124.753951434,355000,1078600,1433600,RESIDENTIAL,1,2030,2
53001023,0,0,1467.384338,172.2726007,21.56715548,12.67709419,2.848056588,0,0,20.77046915,20.3553355,19.79458257,19.35546714,3396.13545767,278.74686186,586.630602179,1032.98860627,1541.71858727,135.83284195,150.113113224,166.2966294,186.405617507,683400,1033100,1716500,RESIDENTIAL A,1,2050,1
53001024,21.56924301,-157.8751229,189.9412689,49.17344491,20.13978876,12.49775921,4.093396949,0,0,20.43628724,20.00325275,19.54097409,18.60394354,3329.88128527,216.968217188,447.850530492,794.063379209,1197.7282059,66.5224165975,74.3862266827,92.2092718916,107.117528743,621700,1033100,1654800,RESIDENTIAL A,1,2050,4
53001025,21.56894195,-157.8750733,879.1258392,119.4704444,13.24346679,7.202491498,1.029590829,0,0,14.62322542,14.62321604,14.39347769,13.45070467,3177.54599271,168.126105834,336.151650098,603.596280465,929.486766062,76.2488509059,93.3966609948,104.5158196,135.783305736,443300,1078600,1521900,RESIDENTIAL A,1,2050,1
53001026,21.56858314,-157.8751018,4005.548233,323.9690226,8.10180537,2.646959994,0,0,0,9.77103596,9.771053538,8.770786482,7.77060539,3132.85301104,166.434564398,330.516224,594.939376546,919.855227728,52.2245814192,65.3974942368,89.5856368455,115.773293753,524900,1075100,1600000,RESIDENTIAL A,1,2030,2
53001029,0,0,2197.544662,206.976998,17.39632009,11.37087296,5.182392641,0,0,19.88594387,19.07742023,17.21078844,15.3779479,2254.33584395,187.582743995,380.489609244,681.897555708,1044.90337305,0,2.63322260338,10.1584071382,34.5832883743,687500,817400,1504900,RESIDENTIAL A,1,2050,1
53001030,21.56749332,-157.875052,4070.730637,296.6471401,8.558752792,2.579770333,0,0,0,11.8517521,11.19813943,11.19813943,10.84287219,1765.61123813,184.897375524,375.705537551,672.985082547,1029.63711775,0,0,0,0,395400,871900,1267300,RESIDENTIAL A,1,2030,1
53001031,21.56723306,-157.8751559,1517.969925,176.2462968,18.02240011,11.88099767,5.505055599,0,0,21.94952739,21.94928915,21.56256319,20.94900672,1426.99583739,185.256208314,378.93901406,680.771627285,1044.44886431,0,0,0,0,690800,873600,1564400,RESIDENTIAL A,1,2050,1
53001032,21.56697911,-157.8751155,4025.914658,312.7487003,7.970351198,1.29216861,0,0,0,12.40111748,12.40107953,11.40089722,11.40085085,1171.95410015,207.886884612,427.327211116,760.798320001,1109.87282555,0,0,0,0,407600,921300,1328900,RESIDENTIAL,1,2030,1
53001033,21.56665858,-157.8750997,3919.339981,295.4062559,3.307570095,0,0,0,0,7.850831942,7.85084222,7.850876587,6.850599787,985.286701821,209.773267519,432.657186741,769.338284967,931.394699476,0,0,0,1.32939307867,872100,947300,1819400,RESIDENTIAL A,1,2024,1
53001034,21.56646219,-157.8751761,749.2313385,110.0803918,15.94186671,9.056752407,1.775215009,0,0,16.90785314,16.20743469,15.90762966,14.90740676,864.909689819,187.469663312,407.283652857,742.765885935,855.733666248,0.033049245296,1.83700392114,6.58985757459,20.8256128033,268400,922800,1191200,RESIDENTIAL A,1,2050,1
53001035,21.56605896,-157.8751377,2334.937607,222.9835179,6.934302227,0.198647069,0,0,0,8.470661086,7.691187473,6.723877996,5.767840525,746.769377509,147.664045176,365.133268315,696.028451697,746.769377557,0,0,0,0.00540707610639,583500,902500,1486000,RESIDENTIAL,1,2030,2
53001036,21.565859,-157.8751608,1582.038239,172.8144064,11.17756971,4.526521859,0,0,0,12.81158531,11.8448072,11.00606558,10.00664698,1717.01820398,169.943097378,748.413789286,1499.17469116,1499.32401775,0.00555945657142,0.402888411486,3.731925133,13.3901784231,169500,883400,1052900,RESIDENTIAL A,1,2030,1
53002011,21.57497777,-157.8790395,2934.823364,293.7572844,50.45445022,41.86396923,32.04382502,17.7382742,1.475878342,48.69709297,47.80032721,46.46065538,45.61928629,468.253755172,0,0,0,0,0,0,0,0,486000,642600,1128600,RESIDENTIAL,1,2100,1
53002012,21.57493291,-157.8788573,2259.707108,202.7332566,54.7808719,45.93973131,35.67573,20.62731876,3.390451461,52.97892781,52.3628091,51.46954956,50.7064414,521.43127975,0,0,0,0,0,0,0,0,410300,642600,1052900,RESIDENTIAL,1,2100,1
53002033,21.57554129,-157.8794107,417.6819458,81.80972099,21.79996267,15.36861957,8.361935031,0,0,24.40049902,22.64722587,20.4959652,18.53105026,707.491992281,25.7529204371,203.511044686,496.04399071,707.491992236,0,0,0,0,13000,843500,856500,RESIDENTIAL,1,2075,3
53002034,0,0,2470.312439,233.023557,12.3737028,4.450776597,0,0,0,13.38132292,12.35022643,10.94121026,9.159290288,1372.73020514,199.070275226,418.990050792,747.57880272,893.400196642,419.400589498,449.438615659,489.993047038,543.936250485,902100,911900,1814000,RESIDENTIAL A,1,2030,1
53002035,21.57540767,-157.8789498,2180.965012,206.4077439,7.912029598,0,0,0,0,6.486209804,5.59268455,4.66762123,3.541348199,1246.18556017,175.20015698,365.662012249,629.721829025,702.319500102,541.55191001,558.19900921,579.270031735,597.647730618,259800,938900,1198700,RESIDENTIAL,1,2030,1
53002037,21.57506425,-157.8782046,2391.378738,195.608949,18.97927487,8.828653,0,0,0,19.61898685,18.09856752,15.18150539,12.78556708,1892.25639364,255.529757532,575.426107459,1065.40703377,1418.12779723,422.259629422,452.407257493,493.107458158,537.04209256,752000,875800,1627800,RESIDENTIAL,1,2050,1
53002041,21.57576853,-157.8796598,1589.076447,163.2904376,5.519333596,0,0,0,0,7.371369014,6.470986004,5.604716604,4.097386653,1644.96132755,272.249446361,549.428052224,998.180582709,1309.61803459,231.963698493,283.873040211,362.594593057,428.20013325,349800,985400,1335200,RESIDENTIAL A,1,2024,1
53002043,21.57477967,-157.878567,1877.330276,191.9253552,60.18369752,50.05759126,38.44551036,21.97967235,3.468345358,60.20557421,59.73781052,57.99830633,40.26778636,467.785605272,0,0,0,0,0,0,0,0,113000,630000,743000,RESIDENTIAL,1,2100,1
53002046,21.5751375,-157.8784371,320.1611023,96.82444262,23.24520268,13.15060623,1.579182622,0,0,23.26346757,22.78224519,21.30211692,17.69648842,2420.57791699,329.435885957,706.451140851,1240.94866341,1506.09225972,904.431720847,920.845315365,939.852024858,971.118468371,555700,999300,1555000,RESIDENTIAL A,1,2050,2
53002049,21.57500752,-157.8780107,2173.451553,187.4244754,21.40995504,14.37602955,7.260682368,0.725768124,0,17.20402693,15.91447193,1.935776834,0,729.790598856,0,0,13.738284425,85.0253774944,0,0,0,170.980018597,514600,612200,1126800,RESIDENTIAL,1,2075,2
53002051,21.57530283,-157.8787397,1332.795303,151.9083885,14.85906907,5.885055428,0,0,0,12.87776792,12.19112667,11.63659838,10.73903502,1304.68320093,182.858251702,386.156505276,668.355589357,764.183297359,570.219506847,579.223711851,594.12433932,609.134268152,219500,892900,1112400,RESIDENTIAL A,1,2030,1
53006018,21.58667683,-157.8878231,1411.385071,158.3318043,4.35660341,0.04452978,0,0,0,13.00465258,11.49154762,9.256205104,7.472736537,574.166692272,90.5824288997,176.358624561,323.543477047,505.503993072,0,0,0,0.490181151416,199000,802300,1001300,RESIDENTIAL A,1,2024,1
53006019,21.58683168,-157.8878845,1860.265121,187.5784597,6.798062538,2.192534218,0,0,0,11.17529512,9.887237135,7.449967817,5.350518754,432.660134373,48.0709604403,109.51039232,213.158442414,344.69566082,0,0,0,0.0936639776323,394400,839500,1233900,RESIDENTIAL,1,2030,1
53006020,21.58709482,-157.8880144,4989.817932,307.1287391,0,0,0,0,0,2.209644606,0.881169261,0,0,519.778014783,53.7029332632,124.466078746,241.087849888,387.004413576,0,0,0,2.31067402766,271600,863400,1135000,RESIDENTIAL A,1,2024,1
53006021,21.58717558,-157.8881743,783.3742981,128.0359317,19.98479351,14.99781471,10.70781025,3.61404211,0,21.45418028,20.55459691,19.24979428,17.92216875,795.422210044,103.794767719,203.29258631,366.884339164,572.465565305,0,0,3.61600320111,16.1321108184,210000,907600,1117600,RESIDENTIAL A,1,2075,2
53006024,21.58768597,-157.8883663,2674.588913,237.4746129,5.793347139,0.884372632,0,0,0,10.40443216,8.856256814,6.65499734,4.515121778,445.277507413,22.3610619154,80.4772229218,175.178114415,291.884434303,0,0,0,0,220200,868900,1089100,RESIDENTIAL A,1,2024,1
53006026,21.58847917,-157.8886656,2648.672028,206.6919937,12.1071122,7.413595178,3.403361183,0,0,14.62171767,13.64449189,11.70169782,9.521855469,1036.10980672,132.884702672,247.835634062,443.373381193,695.426823573,89.9862536978,124.441570876,161.166285268,195.809031038,597600,723700,1321300,RESIDENTIAL A,1,2050,1
53006027,21.58857272,-157.8888338,1533.151154,185.6994011,24.73710565,20.28297201,16.5401568,10.1820288,2.098629669,28.78006442,27.59259935,25.17104994,23.04522599,5836.21804902,283.352814136,517.847722566,926.219511935,1456.27286949,272.901309107,337.700298957,485.173220794,644.398213246,11700,1873500,1885200,RESIDENTIAL,1,2100,1
53006040,21.58819636,-157.8885707,442.0055542,100.6388431,13.95089665,9.159385015,5.049617167,0,0,19.97194994,18.24976418,16.53182372,14.61578431,1064.96252945,93.6915486189,173.694087966,305.52821908,469.280900835,19.9071184971,47.9788779277,86.1347894439,124.063379723,0,720900,720900,RESIDENTIAL,1,2050,1
53006041,21.58802745,-157.8886598,1518.032593,169.3247128,23.57827561,18.77389656,14.66700081,7.844292521,0,28.68913211,27.23770021,25.32761823,23.2640193,1244.14420927,113.84719196,211.624794187,374.388037427,580.011732701,37.1232790825,72.3390255912,118.871844401,162.174703968,172100,946800,1118900,RESIDENTIAL A,1,2100,1
53006042,21.58774546,-157.8885336,1591.659698,162.3775558,22.25381126,17.35073168,13.16697334,6.235671304,0,27.4918713,25.90396283,23.77376812,22.10764808,1100.98741348,113.624363126,210.751739106,372.035110622,575.574455243,51.364838674,84.2421014649,133.691777045,176.185100615,202300,869400,1071700,RESIDENTIAL A,1,2100,2
53006043,21.58755068,-157.8883276,1434.282745,156.4313953,14.16780235,9.230389842,4.98135797,0,0,16.44038399,15.17891556,13.12718658,11.41464871,562.141585585,64.9835367928,122.270854848,219.082634234,344.992533892,4.66241426312,20.1122155511,43.2263468076,66.135128434,175500,870000,1045500,RESIDENTIAL A,2,2050,1
53006044,21.5874068,-157.8882499,2418.606339,272.1702854,11.72307213,6.789140413,2.481295556,0,0,12.85441628,11.9557874,11.18778732,10.61877973,808.833843819,101.386593258,195.576254361,349.950636174,543.041001577,0,0,0.81767637756,9.3212723528,392800,892600,1285400,RESIDENTIAL,2,2050,1
53006073,21.58695535,-157.887979,2021.703125,193.5249354,9.016536243,4.27023616,0.30007562,0,0,12.55747474,11.67281844,9.536159038,7.814781162,424.863507928,43.115741713,101.675499082,199.998704446,325.241846303,0,0,0,0,550100,856400,1406500,RESIDENTIAL A,1,2030,1
53008003,21.59268506,-157.8930272,3221.850754,261.5633651,2.899162601,0,0,0,0,3.34702007,3.257478998,2.726417983,1.852903093,631.426776063,26.0786298826,124.071700526,285.67592285,485.798013466,0,0,0,0,301400,865500,1166900,RESIDENTIAL A,1,2024,1
53008011,21.59201581,-157.8919106,3340.129807,242.5040476,15.84210245,12.23862605,9.574719976,4.721510074,0,23.59656982,22.30623719,20.7286514,18.79662645,1402.0663516,8.4563124772,50.5284596221,177.296406967,363.057387217,0,0,0,0,463000,1025400,1488400,RESIDENTIAL A,1,2075,1
53008012,21.59220013,-157.8920821,1443.850876,165.872663,14.901448480000001,10.7906481,7.406607143,1.5968963,0,18.47294471,17.89151376,17.03399868,16.33340078,712.70611041,34.6934963093,80.6938317046,162.182737826,269.910080886,0,0,0,0,479700,901200,1380900,RESIDENTIAL A,1,2075,2
53008013,21.59246572,-157.8923975,2993.948517,299.0313999,1.875977211,0,0,0,0,3.05533757,3.05533757,2.7093266,1.914232042,485.801852373,30.6282567345,91.4847943563,195.207293872,331.765604388,0,0,0,0,283300,768300,1051600,RESIDENTIAL A,1,2024,1
53008014,21.59255296,-157.8926787,1955.514709,207.0496151,1.644052326,0,0,0,0,3.719648832,3.38345296,2.719402765,1.719190671,847.505242352,106.543433955,238.907869316,436.614201303,652.790733896,0,0,0,0.141203576619,277100,916700,1193800,RESIDENTIAL A,1,2024,1
53008017,21.59189052,-157.8917267,2724.112152,244.2060816,10.42840705,7.381315613,5.738306966,2.202576747,0,19.59002926,18.64290336,16.81253727,15.40279389,1356.15541276,0,0,6.45374767257,102.096482632,0,0,0,0,626900,1013900,1640800,RESIDENTIAL,1,2050,3
53008018,21.59235769,-157.8923125,2327.056732,206.9871955,12.82819344,8.143324833,4.167722548,0,0,14.17083287,13.96353951,13.20233486,12.55478097,770.904260388,61.0393070512,127.22303464,233.294401214,360.033553437,0,0,0,0.0660463610656,689700,903400,1593100,RESIDENTIAL A,1,2050,1
53008019,21.59261696,-157.8928028,1933.80098,219.0775901,3.945576176,0,0,0,0,5.490550087,5.049602767,4.592652186,3.97719899,519.553640021,46.1787553144,134.207007613,269.52108056,424.711521231,0,0,0,0,338300,868500,1206800,RESIDENTIAL A,1,2024,1
53008020,21.59272653,-157.8933305,2512.381516,279.8165341,9.731823986,5.332458217,1.559249961,0,0,8.019127662,6.75987594,4.380304478,2.391724744,871.070549025,109.671955124,205.77261645,372.738483742,598.902016677,1.9690617944,3.64967501514,13.5849501637,27.9969066046,276600,926000,1202600,RESIDENTIAL A,1,2030,1
53009031,21.59292126,-157.893637,4488.090302,336.7208979,2.951529179,0,0,0,0,2.796874715,1.9563169,1.115675779,0.275066939,729.481745919,0,38.0052099352,205.87317109,447.198793754,0,0,0,0,518900,898200,1417100,RESIDENTIAL,1,2024,1
53009032,21.59308825,-157.8939001,3329.289963,285.3888942,7.407991479,3.639158767,0.700639284,0,0,6.135557137,5.490073486,4.963721235,4.597409264,796.815179703,0,65.5389307016,283.661500578,562.291421663,0,0,0,0,504100,914100,1418200,RESIDENTIAL A,1,2030,1
53009033,21.59333608,-157.8941212,2988.861877,229.0368924,1.423018077,0,0,0,0,0,0,0,0,585.763107756,0,0.837850270725,185.196118325,477.504573901,0,0,0,0,384700,787000,1171700,RESIDENTIAL A,1,2024,1
53009034,21.59476129,-157.895395,1214.036392,151.8765131,6.703943069,3.348957701,1.016219734,0,0,5.849935617,4.833953685,3.435288887,2.419382654,509.134691414,1.3234136473,56.9819945573,198.078722465,389.124720375,0,0,0,0.223250043394,170300,776500,946800,RESIDENTIAL,1,2030,1
53009035,21.59505783,-157.8955873,1333.438446,153.718655,7.707329567,4.364412166,2.036698036,0,0,9.235103358,7.863304342,5.233902812,4.048642317,445.080365544,0,46.7094691226,155.708641467,307.456503017,0,0,0,0,185800,751800,937600,RESIDENTIAL,1,2030,1
53009036,21.59537387,-157.8956876,2395.521454,217.1418872,1.232091299,0,0,0,0,3.705932002,3.014113279,1.411372202,0.253536196,560.461246322,57.5060190754,178.736019129,384.979263353,537.216216156,0,0,33.9051714116,51.5169475807,230000,865700,1095700,RESIDENTIAL A,1,2024,1
53009037,21.59673719,-157.8960633,309.7757721,70.80337948,0,0,0,0,0,8.67295207,7.228218578,4.561604838,2.279670001,727.998135417,231.467119651,397.192211695,509.083816807,523.739664081,0,0,4.73313440533,105.56599039,455600,897200,1352800,RESIDENTIAL A,1,2024,2
53009041,21.59726777,-157.89643710000001,1889.238144,173.8682185,15.66517945,12.53739567,10.48217892,6.703085979,2.949216987,20.2894611,18.43377728,16.20109661,11.24443127,727.412590769,0,0,0,2.99529476392,0,0,0,0,217200,896300,1113500,RESIDENTIAL A,1,2100,1
53009042,21.59711332,-157.8963375,2166.277084,223.4006869,10.96031848,7.474059388,4.969038599,0.163408707,0,16.08599666,14.53892931,11.99339224,9.229382429,660.225749556,33.7557279356,82.5674023801,190.902063618,344.220495585,0,0,0,5.88207920107,343700,886100,1229800,RESIDENTIAL A,1,2050,1
53009043,21.59695261,-157.8961938,1607.19278,171.1337065,2.999161753,0,0,0,0,8.448545032,6.621550948,4.881319842,3.881166259,482.925719086,81.3547671025,150.076632001,268.086170056,404.228742641,0,0,3.38894477841,30.664262706,200700,854300,1055000,RESIDENTIAL A,1,2024,1
53010016,21.59883834,-157.8970928,1257.808304,172.3006288,9.100264817,4.395182435,0.327242618,0,0,13.636495,12.20833753,9.9810268,8.006687653,796.275781575,111.711957659,229.457829628,417.550289025,648.245970979,0,0,0,0,170300,907300,1077600,RESIDENTIAL A,1,2030,1
53010017,21.59908847,-157.8971413,1845.664566,195.8166057,7.277503733,2.788132549,0,0,0,10.41229876,8.642210579,7.757187756,6.786787823,649.51759254,104.516456699,219.061177784,400.363859559,616.292303525,0,0,0,1.25013610481,362500,879200,1241700,RESIDENTIAL A,1,2030,1
53010018,21.59944592,-157.8971922,4343.356873,369.6061586,0.339089136,0,0,0,0,1.379697996,0.75180651,0.036106324,0,644.641439743,129.588033969,262.380982847,474.29543392,644.641439756,0,0,0,0.558542730602,450800,824500,1275300,RESIDENTIAL,1,2024,2
53010019,21.60110676,-157.89775,1470.125671,178.2131726,4.946299754,0,0,0,0,6.178979633,5.11195207,4.210384159,3.814156219,426.378219707,158.220626113,295.096725939,383.878163589,383.878163582,0,4.22521879664,28.7932848788,63.1442696216,397500,810100,1207600,RESIDENTIAL A,1,2024,1
53010020,21.60132043,-157.8977811,2649.113983,229.7540749,1.169992599,0,0,0,0,3.553283312,2.553075931,1.696259864,0.696115458,621.853103835,158.658844989,314.732813579,538.926280683,607.914061852,0,1.76498586229,8.6954766415600009,20.3164206589,209100,860300,1069400,RESIDENTIAL A,1,2024,1
53010022,21.59972379,-157.8972472,1053.979965,139.9406907,1.035466502,0,0,0,0,0.910019496,0,0,0,423.941058879,77.7584759176,190.784519851,367.389086597,423.941058865,0,0,0.288708321876,21.0789254193,481300,678100,1159400,RESIDENTIAL A,1,2024,2
53010028,21.59858599,-157.8970193,2025.974838,181.1246613,8.406334322,3.661673652,0,0,0,15.08242117,13.42712103,10.59141276,0,832.719829035,68.3100536441,140.526982665,259.188197276,410.186396634,0,0,0,215.78383404,206100,910800,1116900,RESIDENTIAL,1,2030,1
53013009,21.60291279,-157.8991296,2908.761276,231.9460508,22.18810007,15.86029661,9.737027712,1.162092136,0,24.51069258,23.41425924,20.9542483,19.53351823,491.054733962,0,0,3.31728468243,145.97945964,0,0,0,0,623500,646000,1269500,RESIDENTIAL,1,2075,1
53013010,21.60282804,-157.8990527,1064.726532,154.7114235,31.36678903,25.67806743,20.15883212,12.08760096,2.820593893,33.65306443,32.36584704,29.27997687,27.34289036,271.958260421,0,0,0,16.6497875357,0,0,0,0,85200,485000,570200,RESIDENTIAL,1,2100,1
53013011,21.60277177,-157.8990078,1188.951141,173.0302707,35.98222568,30.32426902,24.81783732,16.19966782,5.96212574,38.16563424,37.03934109,34.68012206,32.681193,256.103230163,0,0,0,11.2299085254,0,0,0,0,90100,440700,530800,RESIDENTIAL,1,2100,1
53013022,21.60152217,-157.8978273,2192.831345,222.0621574,2.890173656,0,0,0,0,3.833394499,3.051991278,2.830536543,1.835704827,464.892632808,86.0681468533,178.084593516,313.888967784,457.717345504,0,0,0.579807322341,4.71959491171,203400,758700,962100,RESIDENTIAL,1,2024,1
53013023,21.60164065,-157.8978828,1605.159775,166.7543557,8.988921465,3.230448321,0,0,0,9.57498032,9.175790932,8.665317289,8.570839557,553.404504736,95.8093343572,195.007354048,338.70863069,500.2381524,0,0.114895561483,1.17265276456,7.11324084894,183800,819600,1003400,RESIDENTIAL,1,2030,1
53013024,21.60176467,-157.8979454,1920.69368,187.6882284,11.02901364,4.633994246,0,0,0,11.87923809,11.53253843,11.53253843,10.60749668,591.134626078,97.6479343941,198.292159502,341.816429584,502.396550003,0,0.597138645251,2.62222045472,5.65397270059,654700,872000,1526700,RESIDENTIAL A,1,2030,1
53013026,21.60201116,-157.8980612,2079.754715,211.2481321,15.11658489,7.276165048,0,0,0,15.39789555,13.98336053,11.87453692,10.461787319999999,651.589593836,115.02068554,239.286306308,410.648781989,592.866539906,21.855903808,30.8429889349,43.916584897,65.6691554759,419300,878100,1297400,RESIDENTIAL A,1,2050,1
53013028,21.60230434,-157.8980953,1354.047043,164.947862,2.627205759,0,0,0,0,5.083588701,4.250651716,3.696858184,2.800127292,639.821068402,129.714558909,274.89497731,473.062581844,556.095028949,43.6820247858,53.0830149112,65.418517494,77.7657305486,311600,858600,1170200,RESIDENTIAL,1,2024,1
53013029,21.60239858,-157.8982292,1893.971283,184.6040035,10.33463285,1.420864546,0,0,0,11.48319555,10.97890556,8.726741665,6.585184496,610.120014759,156.832155061,300.634609772,504.270473871,587.741686646,13.104834293,27.9282925403,60.5086981671,90.3066237407,316100,854300,1170400,RESIDENTIAL A,1,2030,1
53013030,21.6025206,-157.8983118,2005.976013,186.6279845,9.399578963,2.534244552,0,0,0,7.961917969,6.550312733,5.140237156,4.418783325,545.074192854,123.428465917,234.771104271,391.154173341,545.045215839,4.08667443965,9.19193294626,16.5401878546,30.9744990875,718600,863400,1582000,RESIDENTIAL A,1,2030,1
53013031,21.60261641,-157.8984263,1484.488861,157.6258758,10.80351422,4.157466811,0,0,0,13.44459372,12.71160949,10.62256871,9.213180865,461.027061269,113.971445517,227.881868385,387.615005226,443.40824357,6.88401891728,23.8126597269,42.1882274646,65.9436763764,809800,791100,1600900,RESIDENTIAL A,1,2030,1
53013032,21.6027355,-157.8985025,1375.321075,149.1004069,6.667927916,0.206762521,0,0,0,9.525141384,8.114468543,5.96701406,3.899067925,420.88706508,105.252532607,208.955250315,342.274543396,344.249211577,23.9508790692,43.7220755819,70.7542289369,97.2595629679,637500,832300,1469800,RESIDENTIAL A,1,2030,1
53013033,21.60285214,-157.8985563,2053.640259,184.2846347,0.663370944,0,0,0,0,3.493027288,2.0814636,0,0,331.532671385,103.589899114,205.678456075,287.234221217,287.234221194,1.96631571426,16.0291793937,54.4461591526,91.3630191385,427600,646100,1073700,RESIDENTIAL A,1,2024,1
53013034,21.60295418,-157.8986747,1153.925964,142.3738166,3.903641522,0,0,0,0,4.940705426,4.162268184,2.0946701,0.041250027,230.288017459,93.7844556115,188.149377505,227.138953274,227.138953255,0,0.0124124130902,12.3756924133,27.0160082546,182100,465500,647600,RESIDENTIAL,2,2024,1
53013035,21.60306618,-157.8987666,1196.373169,145.7832205,0,0,0,0,0,1.057816081,0.297878142,0,0,291.745174741,141.355471243,254.219095015,274.100609541,274.100609582,0,0.0230025960408,9.29684295657,67.3379141173,214500,509000,723500,RESIDENTIAL,1,2024,1
53013038,21.60269352,-157.898926,2258.549744,277.6882936,33.12096043,26.90378958,20.77176213,11.79899764,1.518973141,34.43316599,33.534689,31.41883911,29.43590124,516.289114288,0,0,0,5.82507208646,0,0,0,0,302400,640400,942800,RESIDENTIAL,1,2100,1
53014003,0,0,3023.14212,256.64252,22.88669694,18.02552839,13.50260748,6.197151211,0,0,0,0,0,1621.52468855,0,0,223.292399248,692.872486258,551.796798841,592.696560339,640.489625635,707.588135729,396800,510200,907000,RESIDENTIAL,2,2100,1
53014004,21.60427454,-157.9006649,2744.075272,235.7818137,21.75370539,16.94613709,13.01997761,6.85868492,0,19.74608039,19.11098772,18.56044378,17.92535081,473.031561038,0,0,0,70.4589891757,0,0,0,0,345700,630000,975700,RESIDENTIAL,1,2100,1
53014012,21.60451876,-157.9009053,2062.528015,218.6209929,20.20842827,15.37728816,11.43789562,5.287531393,0,18.46010449,17.92892733,17.28192169,17.0503399,486.628534254,0,0,0,108.285400887,0,0,0,0,276300,630000,906300,RESIDENTIAL,1,2075,1
53014049,21.60372161,-157.8998335,273.909729,65.6285565,21.77671904,17.29282506,13.81093836,8.218101677,1.181791435,10.9219639,9.592870441,8.560457254,7.560277441,863.80815393,0,0,0,106.052000051,206.491789384,217.497065973,238.528907762,300.836799181,625200,656700,1281900,RESIDENTIAL A,1,2100,1
53014050,21.60380387,-157.9000385,1155.626617,142.0413557,24.33335299,19.76297686,16.16052772,10.41391061,3.233310557,6.146047957,5.268141194,3.909528883,0,645.963435412,0,0,0,59.412733981,153.14411792,160.145663537,194.664835589,307.689053574,166500,617000,783500,RESIDENTIAL,1,2100,2
53014051,21.60388338,-157.9001208,2100.103958,234.643108,20.81433424,16.22472486,12.59613299,6.800530573,0,4.750565879,3.92919753,2.752672565,0.912310728,793.494750336,0,0,0,71.9041486757,187.310420635,192.314633753,212.800083283,250.7986792,385000,664700,1049700,RESIDENTIAL,1,2100,2
53014052,21.60396558,-157.9003253,2233.476776,235.7832822,25.60035138,20.8621037,17.01015684,10.92841262,3.423027881,6.630582579,6.630582579,6.318182244,4.020937702,828.967502437,0,0,0,78.8972458382,143.982580687,143.982580687,151.898745478,182.946785502,512300,703800,1216100,RESIDENTIAL,1,2100,1
53016010,21.60560605,-157.9027171,2805.015015,237.3979451,17.67938984,14.30416111,12.30260031,8.572682447,3.394558828,21.39550906,20.49732732,18.69069,16.92776322,469.33132155,0,0,0,0,0,0,0,0,471700,568000,1039700,RESIDENTIAL A,1,2100,1
53016034,21.60551499,-157.9025347,2795.901108,208.8198785,19.16714133,15.72263796,13.62702326,9.773454129,4.473911078,22.18080685,21.2456447,19.91786297,18.1108727,484.094614113,0,0,0,0,0,0,0,0,315400,569100,884500,RESIDENTIAL,1,2100,1
53016035,21.60542489,-157.9023536,2304.658173,218.4347078,19.33807541,15.74948143,13.46164952,9.366954936,3.826496276,21.4320228,20.54218345,19.66291239,17.94242251,433.935188666,0,0,0,0,0,0,0,0,504200,568000,1072200,RESIDENTIAL A,1,2100,1
54003010,21.62281847,-157.9165116,1500.959808,159.1578729,6.246281537,2.544545289,0.121026993,0,0,49.83599284,39.9736181,36.4588229,9.707576844,707.463007211,66.5094364401,109.26848095,192.071643358,302.107076674,0,0,0,0.370136889275,418400,936900,1355300,RESIDENTIAL A,1,2030,1
54003017,21.62236493,-157.9159436,3390.604248,313.7575158,1.890631114,0,0,0,0,59.76650223,18.53113453,12.0928564,3.260121694,552.251978788,67.4768174667,109.465368426,188.820859669,297.961828131,0,0,0,1.11505776369,219200,988800,1208000,RESIDENTIAL,1,2024,1
54003055,21.62252156,-157.9160541,1993.405151,179.975049,5.63916269,2.362781123,0.486085233,0,0,77.98414904,36.74648526,30.30240309,6.827754387,591.172940109,64.5245774544,102.007465734,175.594570862,279.064936116,0,0,0,0,427100,1015900,1443000,RESIDENTIAL,1,2024,2
54009021,21.60729128,-157.9073362,1893.627396,203.3087233,8.312521081,4.884544977,2.764451767,0,0,11.73169531,10.84420854,9.096637312,6.874589161,688.62375418,84.1093059581,136.337586843,233.45326606,369.492870558,0,0,0,19.7856456577,453300,741800,1195100,RESIDENTIAL A,1,2030,1
54009022,21.60740978,-157.9075622,1893.0215,209.6499992,5.069672064,1.69922779,0,0,0,9.894580439,8.98272406,7.159062923,5.336148527,460.148156796,55.786632172,89.6579868135,153.622976474,244.261081677,0,0,0,7.97070795172,346400,726600,1073000,RESIDENTIAL,1,2024,1
54009024,21.60756633,-157.9078423,1654.569855,183.4630324,4.922000397,1.676719446,0,0,0,9.08947134,8.328230081,6.868254601,5.016375068,422.199279527,53.7064759173,84.828292845000007,144.59877093,229.632665689,0,0,0,4.18978855793,336000,647000,983000,RESIDENTIAL,1,2024,1
54009025,21.60763561,-157.9079884,1807.298004,192.5977255,5.222805762,2.008735676,0.202235781,0,0,10.64604214,9.864433283,8.23368467,6.468351596,431.746438768,59.6018765401,93.16213536,157.743812998,249.13022744,0,0,0,4.27210466801,475000,653400,1128400,RESIDENTIAL A,1,2024,1
54009026,21.60775288,-157.9081188,2046.955322,226.057765,1.054330797,0,0,0,0,6.571048347,5.761212503,4.078759659,2.172556244,384.787876703,58.6674479735,91.7078578145,155.124962778,244.654745494,0,0,0,0.0865894911353,270500,550500,821000,RESIDENTIAL,1,2024,1
54009027,21.60786079,-157.9082392,1532.244629,166.7786485,2.200535739,0,0,0,0,6.860704955,6.082701038,4.707321605,2.97072132,337.161005128,50.2157116274,85.1977778598,151.316699403,244.200902099,0,0,0,0,207800,555000,762800,RESIDENTIAL,1,2024,1
54009028,21.60797389,-157.9083843,1633.172058,187.1557371,1.062033675,0,0,0,0,4.463234285,3.760924506,2.931886362,0.984785228,315.081876346,47.247475496,86.768161928,161.240114865,267.328254886,0,0,0,0,215700,585600,801300,RESIDENTIAL,1,2024,1
54009029,21.60813506,-157.9085402,1016.379074,140.5504961,6.278205822,2.980590906,0.870942252,0,0,8.238204372,7.184302847,5.960019981,4.038059652,326.486762506,58.8790707463,105.911357981,191.028696828,306.156270556,0,0,0,12.2877369397,240500,543900,784400,RESIDENTIAL,1,2030,1
54009030,21.6083107,-157.908649,867.1698456,124.8237573,1.197214687,0,0,0,0,7.196555203,6.353523556,4.972223227,3.132790171,288.584291363,47.3217950997,96.5685282888,188.624060369,286.027493946,0,0,0,5.23742158386,219200,504000,723200,RESIDENTIAL,1,2024,1
54009052,21.60723565,-157.9071473,1664.795136,179.3307867,8.619365623,5.254432306,3.140367713,0,0,13.31543613,12.17851955,10.3716983,8.409311065,735.471728429,86.8568738841,155.771244162,281.628327808,454.630853755,0,0,0,5.70712486596,447800,750700,1198500,RESIDENTIAL,1,2030,1
54010001,21.60711588,-157.9055302,2774.87944,233.9547365,3.647997767,0,0,0,0,8.705690588,7.213867344,5.990961248,3.990477543,575.412718181,0,21.897130363,158.367133038,388.066459242,0,0,0,0.0215898280424,193600,817500,1011100,RESIDENTIAL A,1,2024,1
54010002,21.60716599,-157.9056794,1238.047089,142.5685567,1.322263871,0,0,0,0,6.731429691,5.731242943,3.73074866,1.73028593,176.522988867,0,1.26498541051,48.501174234,107.931225135,0,0,0,0,174000,439600,613600,RESIDENTIAL,1,2024,1
54010004,21.60713531,-157.9057756,1226.11203,167.198,1.393932829,0,0,0,0,7.712122283,6.509226941,4.409845447,2.382172789,142.813678315,0,6.75615498332,44.9176094719,95.8105831661,0,0,0,0,47400,339700,387100,RESIDENTIAL,1,2024,1
54010006,21.60708925,-157.9058594,351.3162842,79.0154,10.45651228,6.990641229,4.765066047,0.68612015,0,16.63557057,15.09980632,13.63783676,11.61320241,343.21146612,0,2.38829100477,84.0313488195,215.787835637,0,0,0,0,183900,626400,810300,RESIDENTIAL,1,2050,2
54010009,21.6071266,-157.9061195,976.9179688,134.1295735,5.168342058,1.712428299,0,0,0,8.878660636,7.878412797,5.877879577,3.87747031,115.716727982,0,0,15.4697611266,64.8774419019,0,0,0,0,173600,369700,543300,RESIDENTIAL,1,2024,1
54010010,21.60712736,-157.9062147,1174.580276,138.8309203,5.076055156,1.572682509,0,0,0,8.446613985,7.446369457,5.445816119,3.50785696,139.40830956,0,0,17.481138133399998,75.1162008835,0,0,0,0,302600,414600,717200,RESIDENTIAL,1,2024,1
54010011,21.60714439,-157.906305,1467.005142,173.0377594,0.755006834,0,0,0,0,4.182743762,2.724628495,1.075147855,0,128.500942002,0,0,24.49224329,77.0254319932,0,0,0,0,170400,383100,553500,RESIDENTIAL,1,2024,1
54010012,21.60713663,-157.9063977,1229.050003,143.8342145,4.535560537,0.922175737,0,0,0,7.792463254,6.535801276,4.944751032,3.05342043,126.644723983,0,0,32.1327985459,85.0382570762,0,0,0,0,180200,382000,562200,RESIDENTIAL,1,2024,1
54010013,21.60712041,-157.9065149,804.0357208,121.3059064,9.415512226,5.796417976,3.429475423,0,0,13.1299155,12.24886342,10.26630364,8.551611288,257.394808111,0,3.65086873314,73.3434817382,168.55496658,0,0,0,0,303000,500500,803500,RESIDENTIAL,1,2030,1
54010014,21.60716179,-157.9066886,1435.99646,152.5363291,5.16370599,1.585846076,0,0,0,2.06084736,2.06084736,2.06084736,2.06084736,269.305002225,2.62080547392,21.7896189148,93.4383795186,191.455402063,8.67961805255,8.67961810029,8.67961816278,8.6796182005,274200,500500,774700,RESIDENTIAL,3,2024,1
54011001,21.61524419,-157.9130815,2179.663361,210.4546955,9.976042819,3.56711438,0,0,0,14.35694614,12.83844135,10.84613842,9.793155832,830.068277396,123.019468649,237.687415179,400.421418879,531.421828727,206.135186954,226.461665287,254.861030709,287.503802565,458200,825700,1283900,RESIDENTIAL A,1,2030,1
54011003,21.61589131,-157.9130105,2021.453613,196.9308779,5.815878037,0,0,0,0,8.325461664,7.584165631,6.381982016,5.410242212,1263.42232035,129.803914415,263.481698153,463.963911859,704.552683663,290.610386136,304.076218616,325.410043712,341.194475133,454400,882700,1337100,RESIDENTIAL A,1,2024,2
54011014,21.61779752,-157.9129065,932.786911,128.9830349,3.939050387,0,0,0,0,7.750727508,7.018262614,5.330368758,4.120911195,591.312600424,83.5593949707,153.701978973,243.659004388,245.583890763,283.407202931,295.035578294,313.462018659,330.202945719,173600,498300,671900,RESIDENTIAL,1,2024,1
54011023,21.61540519,-157.9130752,1470.949997,156.7298515,10.88487342,4.245781493,0,0,0,15.63601275,14.68812246,13.74774198,11.86778265,788.72285608,109.950266015,215.396580102,365.131255788,524.273501623,173.406003027,186.879083921,212.290858288,239.252479081,173800,816100,989900,RESIDENTIAL,1,2030,1
54011024,21.61556538,-157.9131085,1363.437698,151.9950567,16.18496003,9.369323651,2.686263292,0,0,21.24455379,20.51676809,18.84647259,17.41155234,841.473103083,108.204720782,214.554728859,366.686273186,538.521598656,187.931196997,203.357667597,223.789533991,244.750161605,194300,821500,1015800,RESIDENTIAL,1,2050,1
54011025,21.61571056,-157.9129854,1948.127747,192.2037626,2.834639611,0,0,0,0,7.627734716,6.627490876,4.524836401,2.656457506,936.639603549,109.052688149,217.160999764,373.594568316,553.797120823,212.356246852,229.496970714,252.653874879,274.897991837,641100,791900,1433000,RESIDENTIAL A,1,2024,2
54011027,21.61755041,-157.9128577,1257.980286,151.0312144,5.810337141,1.278588738,0,0,0,9.051183838,8.103252172,6.844650434,5.205384493,551.424720475,62.9609253414,116.564773242,201.554870262,295.508487414,187.723316285,200.195706153,220.670869365,237.285198739,203600,476100,679700,RESIDENTIAL,1,2024,1
54011028,21.61735093,-157.9128303,1604.325485,177.4828168,15.04012585,10.88456041,7.398351704,1.980105295,0,7.361964242,6.314613231,3.843732768,1.044302288,479.462815255,53.3154601168,113.78733578,227.834833996,349.666244981,72.7779800998,78.9316513582,88.2752816712,104.488491336,347300,478800,826100,RESIDENTIAL,1,2075,1
54011029,21.61635194,-157.9132383,1636.607452,164.7216188,29.83929999,23.40608425,17.24540509,8.240404334,0,30.31147859,30.31141252,28.37154398,0,448.620796662,0,0,0,105.562103646,0,0,0,33.7055929781,160800,600800,761600,RESIDENTIAL,1,2100,1
54011030,21.61599554,-157.913159,1245.948181,142.9270851,23.49582071,16.47219928,9.542837153,0,0,24.60768462,24.57995653,23.58034195,9.346818517,431.2463722,0,0,74.2577296531,238.172875764,0,0,0,0,178400,600000,778400,RESIDENTIAL,1,2075,1
54011031,21.61622478,-157.9129808,2187.514832,194.798727,5.836590584,0,0,0,0,5.974317224,5.002841895,5.002841895,0.457110403,786.565417565,116.085490799,232.84036631,409.694211355,482.99984104,189.947497425,200.003318782,206.208049336,236.936923387,342600,663500,1006100,RESIDENTIAL A,1,2024,1
54011033,21.61638347,-157.913026,2377.358704,209.3737976,6.384692921,0,0,0,0,6.977551837,6.952267032,4.951803048,0,862.551179242,107.425397465,213.44811009,374.098619537,465.367814121,263.412425048,272.747035428,290.17649065,323.864870031,341400,730200,1071600,RESIDENTIAL A,1,2030,1
54011034,21.61656428,-157.9130362,2247.209488,212.3760147,5.9943157,0,0,0,0,9.289839628,8.289607301,7.28938439,6.289124154,1066.10238022,116.036459245,226.182370188,387.327806685,533.219688329,382.72123183,396.070054122,411.243304855,433.858455539,569300,792600,1361900,RESIDENTIAL,1,2024,1
54011035,21.61654067,-157.9133426,2293.136536,213.9955119,36.5728459,30.22013212,24.2035345,15.41324813,5.178569378,39.0203547,38.17104957,37.7067669,21.78962243,478.599389415,0,0,0,44.2128280711,0,0,0,0,502400,608900,1111300,RESIDENTIAL,1,2100,1
54011037,21.61605795,-157.9129834,1728.071167,184.6975085,5.254121824,0,0,0,0,6.277083258,6.277051207,5.281692813,5.27680252,763.966825263,127.292754918,252.582198873,358.518016537,400.339940088,291.387781094,294.32961705500003,303.333905121,312.272780306,182000,640000,822000,RESIDENTIAL,1,2024,1
54011039,21.61766988,-157.9129074,1115.186249,152.5665134,5.017800639,0,0,0,0,7.809140673,6.866923177,5.604590336,4.204301261,639.763399257,74.7237142549,137.866881889,230.951685001,306.834106837,273.119456287,287.519335163,307.818714181,332.331296433,184100,505700,689800,RESIDENTIAL,1,2024,1
54011040,21.61672907,-157.9129899,2565.542801,202.6148595,5.60865318,0,0,0,0,8.18867906,7.645854755,6.559628559,4.75116591,1260.49156253,118.295187767,229.4728513,391.479000232,578.121573237,382.458440576,397.4951833,424.579639261,457.234229463,408400,661000,1069400,RESIDENTIAL A,1,2024,1
54011042,21.61694612,-157.913103,3076.414291,296.2014868,23.38361854,18.09756344,13.33650086,6.331328348,0,0,0,0,0,3434.14559084,235.307089777,450.083655623,777.233912929,1166.53566311,1575.14808055,1766.18065556,1915.25122996,2030.95011532,539000,881900,1420900,RESIDENTIAL,1,2100,1
54012038,21.61980975,-157.9127031,3136.19104,247.4066722,0,0,0,0,0,0,0,0,0,944.457764806,126.918832643,251.115673958,427.939167377,629.687502396,138.421441707,148.426313413,160.746155411,177.412601507,431500,810000,1241500,RESIDENTIAL,1,2024,1
54012040,21.61945302,-157.9126844,3336.327591,319.3273956,8.444799063,2.261577067,0,0,0,8.452336997,8.021855423,7.389932167,6.706603781,931.453618004,115.407158606,222.889885828,377.798698274,557.084232913,169.536945412,175.410676347,186.416034392,194.349862181,730300,831500,1561800,RESIDENTIAL,1,2030,1
54012041,21.61929088,-157.9126149,2296.82074,233.0576863,6.529297989,0.836377216,0,0,0,10.79337644,9.793998888,8.784588668,7.784342685,838.7239939,115.913065461,222.809567775,404.542161515,598.953203442,76.5734152579,80.1352912234,91.4531981936,99.3542060114,279400,793500,1072900,RESIDENTIAL,1,2030,1
54012043,21.61911453,-157.9125829,1760.476532,169.7094161,1.592688354,0,0,0,0,5.977820817,5.36956364,3.994505664,3.159473277,723.035352734,141.472398205,248.398141379,370.096251105,429.581231432,113.195009664,141.467666063,188.064273412,233.318047661,326000,728400,1054400,RESIDENTIAL,1,2024,1
54012044,21.61897502,-157.9126359,1405.767868,159.879179,3.901252552,0,0,0,0,6.194749601,5.577076421,5.082735146,4.196030321,742.097653067,164.378399457,287.082482139,414.285870596,460.739528719,185.261289547,201.797124933,224.217589022,244.143000674,196600,685500,882100,RESIDENTIAL,1,2024,2
54012045,21.61880705,-157.9127638,2787.526794,239.0213733,3.548752441,0,0,0,0,6.685093481,6.256366967,5.966055996,4.993445156,592.364514273,110.99418266,214.666227824,375.260382306,532.764951173,0.899002217937,1.92531829136,4.15359725436,5.19791252501,196700,570200,766900,RESIDENTIAL,1,2024,1
55002002,21.63484571,-157.9188927,1657.497559,196.0785027,8.050210051,0,0,0,0,20.38713285,19.38682554,17.57586837,16.36468863,2011.47432873,275.968501921,577.433545728,994.955018076,1451.46876781,0,0,0,0,161900,1121300,1283200,RESIDENTIAL A,1,2030,2
55002006,21.6407019,-157.9186505,1894.281006,184.9341135,12.77218857,7.601870294,3.036053085,0,0,18.6948056,17.53939102,16.27454085,14.34425,553.905567648,78.1176392974,147.221310401,248.920017086,366.989315512,0,0,0.448266084546,21.4430218516,386100,1181800,1567900,RESIDENTIAL,1,2050,1
55002007,21.64083416,-157.918672,1769.486969,179.9677827,13.53056573,8.313094081,3.698541647,0,0,19.09977967,18.13064141,16.45537306,14.00685819,793.854442672,77.5600645346,146.432549503,247.884328272,366.435876968,22.4069368766,35.9340375947,60.29390149,90.5685541121,384400,1359800,1744200,RESIDENTIAL,1,2050,1
55002008,21.6410569,-157.9188529,2380.424774,211.0009318,19.60600845,15.25734704,11.40988558,5.766452293,0,27.62504534,26.66067868,24.90979402,23.43234734,828.445562194,73.9787740439,140.520414949,239.575474956,357.864123097,21.664917446,36.6248054211,63.5211040232,85.6960173289,462500,1360600,1823100,RESIDENTIAL A,1,2075,1
55002019,21.63434771,-157.919341,960.5666199,124.0508208,42.64749663,34.76426973,26.04420221,14.00263767,0.90716741,10.94257454,10.94257454,10.94257454,10.45293471,5418.51098442,403.683889906,789.81713519,1293.80431688,1703.09017817,523.903223715,566.957247955,623.525328683,700.576684987,1021700,2144800,3166500,RESIDENTIAL,1,2100,2
55002020,21.64349157,-157.9192382,3373.074249,352.8487536,10.04970471,6.013051966,2.923621618,0,0,17.63225485,16.69466838,15.40393289,13.45627896,5288.7108708,225.739100838,398.897072731,679.26169265,1027.97291189,0,0,2.01395345945,86.2721152844,341500,2263600,2605100,RESIDENTIAL A,1,2030,3
55002024,21.64007254,-157.9186382,2608.553375,210.7339234,24.14350306,19.22753838,14.85965263,8.303912938,0.640612499,32.72641975,31.58427565,29.84854016,27.74684493,1907.19229113,163.426236969,306.458395467,517.227401207,757.468311638,40.2856848,81.1944146069,132.693807825,192.793145523,1107900,1639500,2747400,RESIDENTIAL A,2,2100,1
55002025,21.63973455,-157.9184051,1682.084991,176.953391,4.143531359,0,0,0,0,12.60266594,11.60241415,9.609776004,8.601672793,2024.08550175,155.858107122,295.641116348,504.973223538,748.187888765,40.5735384971,72.7382195323,121.044947449,173.263478416,461800,726600,1188400,RESIDENTIAL A,2,2024,2
55002027,21.63921261,-157.9185252,1965.596649,194.5569067,20.06414071,14.99420856,10.49937168,3.77341387,0,21.80007577,21.39505067,20.40285965,19.53769008,2199.78621273,152.227427059,287.632271811,490.207564,726.424115358,9.66564789799,33.5087279099,63.2994068004,81.3090847016,806900,1796900,2603800,RESIDENTIAL,1,2075,3
55002028,21.6390123,-157.9185121,2164.34024,186.9773846,13.80920563,8.493433486,3.674477545,0,0,15.40661396,14.41083933,13.2877595,11.94512532,2434.98751119,162.809251707,310.583652796,529.132669759,781.704067654,2.72570061411,23.8053844857,55.4939648461,73.7847928545,913300,1833200,2746500,RESIDENTIAL,1,2050,4
55002029,21.63869211,-157.9186187,2188.154419,222.0051759,16.24538938,10.83032767,5.791440924,0,0,17.64393483,16.8179622,16.01195689,14.61114015,2586.18170207,166.06918953,320.294554828,546.590353068,806.227775809,21.4681746384,49.787012641,89.4083175929,115.836621663,738500,1894500,2633000,RESIDENTIAL A,1,2050,2
55002030,21.63844846,-157.9186869,1748.800049,177.2965096,10.46098605,5.784816857,1.175620218,0,0,13.73484522,13.73484522,13.40529423,12.6472784,745.701049229,0,0,0,0,0,0,0,0,82000,780100,862100,RESIDENTIAL,1,2030,3
55002031,21.63816417,-157.919247,4316.264648,412.8347628,42.97312595,35.52386387,27.8563768,17.26114347,5.677466116,46.28938269,45.16964333,43.97863432,43.00024983,752.786979338,0,0,0,0,0,0,0,0,266400,797100,1063500,RESIDENTIAL A,1,2100,1
55002032,21.63795211,-157.9190292,2236.458282,196.9940763,20.1294272,12.64367097,4.795544816,0,0,22.61737746,21.99126792,20.92064883,20.18218638,2993.11548759,231.625722758,472.305476797,805.768586797,1172.02020181,523.317383621,550.851482661,583.387443783,604.917494375,1232600,1806400,3039000,RESIDENTIAL,1,2050,3
55002033,21.63767155,-157.9190268,1483.036896,152.4264612,11.03614584,2.938617178,0,0,0,14.13443773,12.9512112,11.96767279,11.75067204,1760.19601155,218.934737554,448.350700645,761.902353448,888.061114736,561.30731774,581.878827978,606.383277308,620.036194634,529900,1262800,1792700,RESIDENTIAL A,1,2030,2
55002036,21.63693347,-157.9197016,1730.417114,181.1341802,56.16750454,43.91551937,29.72774642,11.50189881,0,56.98856096,56.8135195,55.90208177,55.64871401,479.289122405,0,0,0,206.436275445,0,0,0,0,225300,750000,975300,RESIDENTIAL,1,2100,1
55002037,21.63666651,-157.9194486,245.7169189,63.72810707,34.23909339,22.09272667,7.743240222,0,0,35.72237614,35.69494812,35.09006856,34.09627082,3519.78559681,386.912698288,836.838891382,1430.52193599,2052.90944397,1155.42971627,1173.4385526,1188.47715197,1206.48598924,2025500,1859600,3885100,RESIDENTIAL,1,2075,3
55002038,21.63635248,-157.9197085,1917.952271,187.7765645,60.68303579,48.20826043,33.83544585,14.6412314,0,62.01688454,61.34123697,60.881713070000004,60.34666904,3704.81112334,382.668767485,828.262033961,1425.76943573,2064.25019473,973.888260954,991.282822499,1008.56728655,1025.57563167,1225700,1893000,3118700,RESIDENTIAL A,1,2100,3
55002041,21.64244634,-157.9190507,1334.41333,160.1947676,9.68878745,5.517405728,2.290413579,0,0,19.62790427,18.64632204,17.15815131,14.7434688,2356.93163091,124.484256838,219.721144268,371.705930772,561.093593935,0,0,4.04713230787,37.5807372848,559400,1741800,2301200,RESIDENTIAL,1,2030,4
55002042,21.64229782,-157.9191046,1422.650513,153.750033,17.68526262,13.29237835,9.800155316,4.379771061,0,28.05809946,26.73365657,25.31536797,23.58202775,991.354003663,66.1450594172,119.672116986,203.349154323,306.223706763,0,0,0,0,693400,1434600,2128000,RESIDENTIAL A,1,2075,2
55002046,21.64568644,-157.9188147,2984.177521,269.8099849,15.78159823,11.60396273,8.370378268,3.274017302,0,21.82472162,20.84878132,19.32976766,17.52257685,3848.62046337,130.806313638,232.324061125,391.604158303,584.101304049,0,0,10.0976046937,73.083784034,1054500,2256800,3311300,RESIDENTIAL A,1,2075,2
55002054,21.6409511,-157.918761,1903.365723,174.6214889,21.1212972,15.89020276,11.25924287,4.463622749,0,26.03883793,25.15729421,23.59212325,22.08290907,812.201265985,80.8676465452,152.470668086,257.305610525,379.368759203,22.1008094292,34.0684503829,58.9897227174,77.9462978861,449700,1358700,1808400,RESIDENTIAL,1,2075,1
55002061,21.64412966,-157.919299,1916.958649,171.4424614,22.8816301,18.82831544,15.62827086,10.52732865,4.287261267,30.21281957,29.29329806,27.09774588,25.14529091,2619.18414241,91.5453134323,164.62173701,284.80947296,437.621044277,0,0,27.587333208,74.7566350059,433000,1807100,2240100,RESIDENTIAL A,1,2100,3
55002064,21.64187304,-157.919132,1315.329102,147.436827,27.90028552,23.07128868,18.98330558,12.84605466,5.512167468,38.24611634,37.28662143,35.08561602,32.84485182,1008.47273674,74.5940979824,137.815926546,233.153191376,347.574430582,15.0210920768,31.9755992134,62.8002964658,92.8220305391,374600,1428400,1803000,RESIDENTIAL A,1,2100,2
55002065,21.64037088,-157.9185124,2764.939575,262.6626971,8.020409687,2.971890563,0,0,0,15.24459569,13.82042635,12.21514752,10.24766575,1097.79260067,179.514569793,332.196799504,550.032976286,789.076596925,0,0,0,0.0380564299211,394200,1261200,1655400,RESIDENTIAL A,2,2030,1
55002069,21.64269157,-157.9192035,1841.042389,180.6393006,17.97756697,14.0555906,11.14217934,6.453523612,0.613434206,27.83636442,26.64354069,24.68780921,22.7397857,1526.63075926,120.425837104,209.336829533,352.935646896,531.876183443,0,0,0,4.1785123538,0,971300,971300,RESIDENTIAL,2,2100,1
55002076,21.63717055,-157.919498,2254.219177,236.2001802,48.52861669,38.41700398,27.30774175,13.25261947,0,45.77416322,45.77416322,45.02821207,44.36250396,488.278262451,0,0,0,119.618523459,0,0,0,0,468900,750800,1219700,RESIDENTIAL A,1,2100,1
55002077,21.63700855,-157.9193075,2276.439331,224.6188091,18.32058266,8.457530282,0,0,0,15.10652694,15.10652694,14.30350799,13.71352574,633.122686141,130.575020291,278.388456756,475.11651135,560.606339215,54.0639533534,57.4911297349,66.8196714237,73.8515665373,493500,1212800,1706300,RESIDENTIAL,1,2050,1
55002078,21.6360604,-157.9196367,2388.33194,216.8037278,60.44101057,49.43945815,36.94306405,20.13814231,2.507885026,62.4498364,61.57504858,60.70426772,60.21493233,544.151773389,0,0,0,11.6162203662,0,0,0,0,604800,763100,1367900,RESIDENTIAL,1,2100,1
55002079,21.63604369,-157.919452,1917.874023,205.9395,44.08290514,32.89858695,20.20051071,3.691397185,0,44.16010682,43.94547448,43.33147012,42.7293647,467.77142012,0,0,30.4688592871,382.587054884,0,0,0,0,113700,750700,864400,RESIDENTIAL,1,2075,1
55002080,21.63604824,-157.9193078,735.5762939,110.2106492,33.75060221,22.55057541,9.833248636,0,0,34.03975021,33.69318986,33.00449907,32.4782733,1147.43682164,182.368465785,391.773217885,641.399005642,647.69474504,470.948949104,475.855326349,485.860234845,495.056168343,293300,1287000,1580300,RESIDENTIAL A,2,2075,2
55002081,21.63588184,-157.9190673,1963.801758,191.1555069,9.981435682,0,0,0,0,9.889905232,9.391472925,9.061643812,8.514774763,992.572642083,174.272582196,372.935618659,509.27447389,509.274473847,453.953562164,460.560665466,471.361218177,475.1716657,380700,1186100,1566800,RESIDENTIAL A,1,2030,1
55002082,21.6395767,-157.9184723,2753.723419,234.1092471,5.934039928,0.981952585,0,0,0,15.20939302,13.97533322,12.2086495,10.8125896,629.660024981,76.3030661994,144.693252117,247.418088266,366.595663243,0,0,0,0.20960954679,563400,1160400,1723800,RESIDENTIAL A,2,2024,1
55002084,21.63811089,-157.9190494,1740.014465,167.2851641,27.65002915,20.23829202,12.62297859,2.097612817,0,31.50517744,29.8999483,28.64875441,27.69138328,538.60907074,0,0,6.82883817036,265.923065493,0,0,0,0,182100,697700,879800,RESIDENTIAL,1,2075,1
55002085,21.63816472,-157.9188507,3358.076141,314.1851832,8.452682406,2.119428326,0,0,0,12.17917691,11.25312446,9.954150542,9.021404388,1093.00758202,217.862612264,439.663951223,742.334720791,824.836070013,12.3090692975,25.5581728966,63.7047573073,102.003174585,603800,1265400,1869200,RESIDENTIAL,1,2030,1
55002086,21.63712529,-157.9193347,714.5311279,107.0983822,34.99639448,25.20691032,13.90773548,0,0,32.31028926,32.31028926,31.5936445,30.896109,980.51399512,180.696473626,381.111370233,650.094302811,834.754822119,82.6384396016,87.6408936036,96.7481175657,109.726039728,523900,1372500,1896400,RESIDENTIAL,1,2075,2
55002088,21.63405617,-157.9194045,4420.179016,388.2178279,8.085245226,0.717774257,0,0,0,15.17410166,13.78482495,12.40111684,11.02539255,3503.12582967,355.925381006,734.157356381,1249.51431319,1776.61046773,75.8186765673,91.0242872508,149.401585191,229.51302795,939300,1824200,2763500,RESIDENTIAL A,1,2030,2
55002089,21.6345128,-157.9189361,2431.749359,219.2872775,15.33871621,8.157819299,0.541777288,0,0,22.8808876,21.59211061,19.72277087,18.35900431,2138.48490375,276.086480864,550.548316815,903.879006774,1247.97516352,0,1.43224196889,32.8144984392,77.8758791909,494300,1141900,1636200,RESIDENTIAL A,1,2050,1
55002090,21.64057169,-157.918592,1494.737274,176.4897091,13.09363035,7.960537854,3.434548428,0,0,19.03396093,18.06526644,16.45233209,14.47401703,942.273237475,77.1106681223,145.434018555,246.812713441,365.114840051,0,0.310688391565,8.40164105801,28.5305787207,823900,1433700,2257600,RESIDENTIAL A,1,2050,1
55002091,21.63694333,-157.9195022,150.5477295,49.84813968,42.5043123,30.94707821,18.6615896,4.12795675,0,42.75022155,42.23435794,41.51575931,40.82637843,556.535630841,0,0,299.572363616,535.841108955,0,0,0,0,335400,825000,1160400,RESIDENTIAL,1,2075,2
55002092,21.63689552,-157.9192671,1877.676453,174.7483085,11.40306203,0.945267048,0,0,0,11.49990942,11.19797871,10.31911303,10.03731541,879.221523154,178.661109038,414.465561779,608.35304446,683.487827407,187.496360469,195.2637743,207.943161771,219.038858028,229500,1000400,1229900,RESIDENTIAL,1,2030,1
55002093,21.6367433,-157.9192732,1197.897766,142.4769462,12.45101272,0.213061773,0,0,0,13.63736963,13.58805357,12.63774978,12.62526008,721.712476002,191.826035517,383.914708489,455.723767207,531.16484579,135.798181662,137.609973371,141.304582523,148.217724131,241500,934700,1176200,RESIDENTIAL,1,2030,1
55002097,21.63508216,-157.9191006,2894.800446,217.5742154,18.74333124,9.609062132,0.044305814,0,0,25.03445538,25.03445538,24.82631662,24.82618072,2026.84405111,280.880419891,594.650743758,1022.000488,1482.15059616,0,0,0,0,912600,1510500,2423100,RESIDENTIAL,1,2050,1
55002099,21.64143718,-157.9189312,2593.861755,207.1757322,17.07939468,12.0775135,7.710469773,1.316235613,0,29.28141994,28.04850308,26.12079586,24.20472145,1402.01620918,137.010595136,257.290768032,434.005590626,641.98456186400006,0,0,0,4.95737868886,838500,1484900,2323400,RESIDENTIAL,1,2075,1
55003026,21.65052386,-157.9242606,2499.317139,231.47582,13.24778291,10.38445544,9.090088489,5.638096385,0.104590312,309.7713215,309.362376,309.1064587,308.2091993,1036.33521409,0,0.646173244169,104.935278189,279.761612107,0,0,0,0,687100,1529200,2216300,RESIDENTIAL,2,2075,1
55003028,21.65037055,-157.9241098,2649.933075,244.5048006,13.32476193,10.41951786,9.06973485,5.550801936,0,291.8174771,291.522967,291.239119,290.3296112,1165.66555548,15.7022251187,46.0574839355,125.502337191,251.921735093,0,0,0,0,1091000,1479400,2570400,RESIDENTIAL A,1,2075,3
55003041,21.65098847,-157.9251568,1846.272888,189.4049749,12.72689497,10.31378014,9.557419232,6.76891682,1.94023157,345.2098095,337.6689394,324.6116761,290.6724081,1082.41770244,0,0,0,78.6643409898,0,0,0,0,758500,1466600,2225100,RESIDENTIAL A,1,2100,2
55003043,21.65025125,-157.9239841,2240.365448,200.7571746,17.02803403,14.13550635,12.79108923,9.277918173,3.695090317,275.7731077,275.4916239,275.2171736,274.3571399,1212.60947728,14.4284810328,41.9816967485,118.07396021,241.419957024,0,0,0,0,445200,1508800,1954000,RESIDENTIAL,1,2100,1
56001026,21.66180589,-157.9310911,3422.692383,246.646309,19.43476067,16.10044483,13.70930042,9.860579244,5.267089803,26.55639779,25.61529575,24.27112079,22.72245234,4677.07472447,100.22740754,171.955845044,287.537554616,425.597899109,294.440147747,324.705608268,365.773169091,413.338653931,843700,1946900,2790600,RESIDENTIAL A,2,2100,2
56001028,21.66214222,-157.9319475,3948.206146,270.8266893,14.90423288,12.26307103,11.05869181,8.791620019,5.752996754,23.52350015,22.63383732,20.97374955,19.27177417,3812.80587847,85.5555378964,127.316282656,204.02260847,305.059182731,192.320014789,227.214999911,276.161163468,332.062642923,1286800,1920100,3206900,RESIDENTIAL A,2,2100,2
56001029,21.66223988,-157.9322239,4151.996887,273.2948076,14.33518476,11.75018259,10.63193259,8.507088685,5.608115005,23.82645449,22.93427778,21.58987394,19.81641659,4091.74049795,85.9850724088,123.527280562,194.733262911,291.742055348,205.625309713,240.844080213,292.509783545,348.662218519,1877200,2614900,4492100,RESIDENTIAL A,1,2100,3
57003037,21.6955639,-158.0116117,2269.328949,191.2017169,15.66188922,11.85497334,9.39541899,4.008843922,0,24.75414891,21.78953938,19.57882376,17.68906887,592.130095372,56.5656431324,92.1172129694,171.04400796,289.74498278,0,0,0,17.0221141529,870800,1850300,2721100,RESIDENTIAL A,3,2075,1
57003039,21.69562592,-158.0119744,4158.963989,292.2115953,7.087086365,3.226048207,0.58304364,0,0,11.34872826,10.65234704,9.223290608,7.244306343,929.503157964,101.800988624,171.194657793,319.85966226,544.883120101,62.4518036714,85.7273403301,114.535328734,163.742769734,1658900,2143100,3802000,RESIDENTIAL,1,2030,1
57003040,21.69565856,-158.0121937,1938.914581,193.3517102,8.048214237,4.027714689,1.217393451,0,0,13.42687839,12.44629971,10.7488139,9.311419772,599.100747681,65.3049719415,113.567384973,221.028797988,397.340352621,71.8196469017,82.0257330155,100.72184984,126.79216035,917400,1830700,2748100,RESIDENTIAL A,1,2030,1
57003041,21.69570685,-158.0125241,1142.315674,144.3609072,10.56739419,6.131458695,2.826772059,0,0,19.01593256,18.04829396,16.44411747,14.58383896,1116.71290128,133.621163831,227.878236528,408.216375916,609.803844397,267.088884801,293.895872981,338.759193091,394.662843107,1401900,2460600,3862500,RESIDENTIAL,1,2050,2
57003042,21.69577644,-158.012697,1670.442047,187.4923892,8.886573698,4.151016013,0.457169244,0,0,17.72852843,16.85248223,15.04444866,12.38805195,920.622768866,103.959821767,185.796352831,345.592886265,544.155188611,173.977327284,194.734450317,225.253736436,269.270099067,926500,2283500,3210000,RESIDENTIAL A,1,2030,1
57003043,21.69586108,-158.012889,2683.391022,211.6158216,10.77411255,5.950076355,2.1165621040000002,0,0,18.95711927,17.65660901,16.30650199,13.68940933,1052.65613875,103.004957064,187.636246014,348.176909194,580.242453542,161.002201485,179.961231641,210.869793966,256.620644311,1163000,2501000,3664000,RESIDENTIAL A,1,2030,1
57003044,21.69592926,-158.0131044,4847.175995,305.2226768,12.44667955,7.583861268,3.625312009,0,0,19.82359754,18.80055259,17.38254182,14.32898269,1335.81460455,88.7835972051,166.213552822,317.870708615,549.043908059,113.7602326,128.959368535,153.18228048,198.08116279,1591000,2586900,4177900,RESIDENTIAL,1,2050,2
57003045,21.69613342,-158.0132159,1749.525909,182.5180671,8.991672372,3.852487493,0,0,0,14.40199564,12.79004347,11.25977346,8.907732111,2327.3127069,116.739128543,216.783227301,406.589914343,684.961541546,189.053235328,211.983435784,253.949808775,309.55486331,971200,2860900,3832100,RESIDENTIAL A,1,2030,1
57003055,21.69799552,-158.0132474,3151.065521,325.2304429,13.07019043,10.09768484,7.296191673,1.653984385,0,12.51758414,11.83994373,11.33560767,11.20948478,2007.00484472,17.0271439021,27.2475983711,44.4345766391,60.1126631672,521.659858699,567.215540075,616.09231665,673.426026091,1293300,3302600,4595900,RESIDENTIAL A,1,2075,1
57003056,21.69790153,-158.0136978,1901.076172,207.9815336,15.38129952,11.15080499,5.801684627,0,0,25.09984107,24.3875396,22.51738181,20.46323229,2506.98810924,217.639580407,416.516466603,703.146493033,1071.06708021,191.214119924,267.168047153,426.486142103,556.412305123,1206700,2598800,3805500,RESIDENTIAL A,1,2050,1
57003057,21.69770855,-158.0139817,975.4686279,135.2176517,19.84807482,15.09606222,11.39716426,4.464946471,0,28.01053836,27.16627384,25.6560441,23.88464798,1779.2896862,160.489211099,287.038773784,521.063913841,843.448203663,148.989031148,180.384834758,228.799983617,276.351201483,551300,2659500,3210800,RESIDENTIAL A,1,2075,1
57003058,21.6976144,-158.0142583,1792.898865,192.2603484,7.25197701,2.451745185,0,0,0,18.19611046,16.89370919,15.252258,13.35741308,1876.28523305,157.888885305,281.014216439,511.595916309,831.174210872,37.5181640205,68.9830279941,119.177634476,172.610378528,1240000,2333800,3573800,RESIDENTIAL,1,2030,2
57003059,21.69724274,-158.0143671,1089.121552,164.9403713,30.22781038,25.0540874,20.7456408,13.07367006,2.791823321,41.42987651,40.01541951,38.52765652,36.31399685,1921.21012726,152.460865954,276.17404416,501.283689521,807.166175006,0.5688371855,24.5379914147,70.9688102277,131.195556097,1249300,2659700,3909000,RESIDENTIAL A,1,2100,3
57003062,21.69689362,-158.0150412,1915.508301,185.9562597,13.85101349,8.769650884,4.608450878,0,0,27.19876117,26.24603872,24.99300679,23.51942572,2052.22638336,94.3910385585,248.16476606,511.396212192,840.990258886,0,0,0,0,1957600,1565200,3522800,RESIDENTIAL,1,2050,3
57005001,21.69662198,-158.0153169,2147.745514,189.5536412,11.95759404,6.795716188,2.451882851,0,0,59.89200041,59.17817008,58.48118942,57.56943825,1980.87287676,34.0168390487,165.662067737,400.487246876,714.81284174,0,0,0,0,1033200,2413100,3446300,RESIDENTIAL,1,2050,1
57005002,21.69637985,-158.0154051,2042.068756,214.3575389,14.052863,9.171553785,5.04198128,0,0,91.52375587,90.65053008,89.78482829,88.63116993,3102.8549031,90.8684042083,220.033401198,451.992379306,760.982140375,0,0,0,0,1000,1105000,1106000,RESIDENTIAL A,2,2050,3
57005003,21.69611041,-158.0155251,2797.044739,236.9581238,24.11635367,19.38709926,15.35310063,8.042606583,0,98.45253558,95.0682872,86.66158047,75.06178783,3760.02903406,48.575291465,174.621996229,403.318057785,709.240686981,0,0,0,0,2018000,2590200,4608200,RESIDENTIAL A,1,2100,3
58001021,21.68737969,-158.0283389,362.0028076,82.93206225,14.61467677,9.648545094,5.579605948,0,0,25.72200949,24.84948512,23.47645752,21.66630684,1861.29905232,212.670218774,485.304541396,979.756489841,1648.93860932,0,0,0,0,0,1573500,1573500,RESIDENTIAL,1,2050,2
58001034,21.69040458,-158.0227499,1226.448853,182.4998398,19.44894544,12.97524074,6.787232946,0,0,28.36847363,26.97846206,24.81929174,21.98326328,1243.24595114,0,0,79.3693554506,422.873900699,0,0,0,0,49200,657900,707100,RESIDENTIAL,1,2075,2
58003068,21.68062131,-158.0369515,2027.39566,183.4736167,28.13641302,23.43662725,19.66815885,12.78350761,2.970464363,53.29807106,52.28297814,50.28244333,48.28104882,2924.66491012,149.785337268,270.606141184,474.934649702,730.617268737,359.655124385,380.63038184,412.154429086,452.46149495,762400,2741300,3503700,RESIDENTIAL A,1,2100,1
58003069,0,0,4718.832123,398.7153127,14.75466078,11.33275341,9.378329567,4.749058351,0,35.57138439,34.57111229,32.6449787,29.74277916,2623.68562281,107.570090085,177.42513561,317.763493086,515.953970059,284.083960068,314.10512983900003,365.595269556,432.39031379,2850000,2855400,5705400,RESIDENTIAL A,1,2075,1
58006034,21.68313854,-158.0313724,7989.075134,545.1288744,27.47717044,23.16224953,20.03969268,13.76416441,4.662821755,42.87174808,42.05562178,40.79880671,38.67565623,2079.36856717,51.8605343496,123.36373019,262.569022735,467.125805507,0,0,0,0,1903900,3009100,4913000,RESIDENTIAL A,1,2100,1
58006039,21.68200837,-158.0322279,3753.412231,265.1421508,21.41321567,18.28842539,16.47669333,12.03846512,5.166998802,36.76030108,35.77375609,34.25112407,32.19226868,1680.55559474,76.0011668521,126.868583293,254.559792513,457.207527265,0,0,0,0,1915500,2614200,4529700,RESIDENTIAL,1,2100,3
58006041,0,0,2392.190704,282.2961278,24.88057849,21.12605713,18.52058209,13.03708636,5.104067753,46.33048801,44.96802488,42.60876662,39.57270685,1216.26195397,67.7900774604,138.106557518,285.977549011,503.021130239,0,0,0,0,1665400,2682200,4347600,RESIDENTIAL A,1,2100,1
59001010,21.67657849,-158.0387444,5691.103302,384.7903745,15.74339619,12.13549515,9.411583258,3.730363618,0,38.22865273,36.33612736,32.71846226,28.70957404,937.66421575,0,0,0,53.8592392686,0,0,0,0,2842700,3298300,6141000,RESIDENTIAL A,1,2075,1
59001012,21.67727501,-158.03862,3634.854767,277.845319,15.16562735,10.92658287,7.613803498,1.222828625,0,38.61353203,37.61786585,36.61294972,34.61241355,754.916429238,0,0,0.0734484572107,185.616831735,0,0,0,0,653800,3180000,3833800,RESIDENTIAL,1,2075,1
59001026,21.67932778,-158.0384504,4116.591248,282.9399284,15.56590333,10.59862234,6.242831661,0,0,28.51689702,27.55129125,21.05691893,17.39156806,1575.86532281,0,0,25.179566854,334.19352308,0,0,0,0,1365700,2936100,4301800,RESIDENTIAL A,2,2075,2
59001027,21.67900223,-158.0386382,1102.411896,146.727686,20.10547264,14.06396062,8.409861509,0,0,30.28974736,29.15677218,28.10214386,26.11527689,2366.37236208,0,0.418157645748,224.812379414,600.002093572,0,0,0,0,1494300,3854800,5349100,RESIDENTIAL,1,2075,3
59001028,21.67623593,-158.0388555,7173.465271,400.030309,15.40590479,13.16675823,12.09362553,8.512981948,2.694930319,34.62343266,32.66579715,29.72941381,26.58681921,1945.35467112,0,0,0,0.404189029886,0,0,0,0,3123300,4744400,7867700,RESIDENTIAL A,1,2100,1
59001032,21.67549517,-158.0393342,667.9815674,115.9609442,13.99580483,11.65622472,10.4264097,6.67328888,0.519424719,31.26698845,30.67986846,29.26891071,27.40401678,495.213200137,0,0,0,0,0,0,0,0,313200,3025200,3338400,RESIDENTIAL,1,2100,1
59001033,21.67500499,-158.0395895,3917.817383,277.5525835,12.43121124,8.611935741,5.69242566,0.069392933,0,47.10203362,46.13878639,45.09229386,42.47777586,709.512407809,0,0,7.01344049316,198.707808346,0,0,0,0,1054500,3165300,4219800,RESIDENTIAL A,1,2050,1
59001057,21.6768699,-158.0387602,2364.905518,207.026554,17.15328781,13.24680159,10.17879897,4.008363038,0,38.02359174,35.9249301,31.84955727,27.8635379,474.647334121,0,0,0,107.869250581,0,0,0,0,1147600,2875400,4023000,RESIDENTIAL A,1,2075,1
59001071,21.6776534,-158.038688,2076.380554,184.0553599,13.53882707,9.075645136,5.299464825,0,0,34.71467191,34.61133307,32.95758796,29.47729254,1049.58367653,0,0,2.16966012526,337.458737983,0,0,0,0,365700,3287000,3652700,RESIDENTIAL A,1,2050,2
59001087,21.67978476,-158.0381894,2740.7229,245.115877,10.26338904,5.677327598,1.826765755,0,0,28.28274411,27.58425229,26.17009795,24.75319836,480.970522191,0,0,52.9845921243,227.757269952,0,0,0,0,1149400,2873100,4022500,RESIDENTIAL A,1,2030,1
59001088,21.67992637,-158.0380263,1848.64447,207.0872406,17.38291203,12.49573583,8.425303862,1.095301033,0,33.09264243,32.52466784,31.32603504,29.91715331,489.546497857,0,0,25.9811972209,242.138642375,0,0,0,0,840300,2868500,3708800,RESIDENTIAL A,1,2075,1
59001089,21.68007365,-158.0378978,2897.234161,239.7485838,15.42189625,10.30036714,6.025272377,0,0,30.08032689,29.54926398,28.42087863,27.02856018,500.647423,0,0,0,174.756436869,0,0,0,0,595000,3025100,3620100,RESIDENTIAL,1,2050,1
59001098,21.67946112,-158.0382762,4030.933136,385.3569777,16.7347152,12.14154343,8.271605172,1.185093677,0,36.5456257,35.28256671,34.03137629,24.54845312,839.734062084,0,0,1.4602834738,128.061435502,0,0,0,0,1266400,3033700,4300100,RESIDENTIAL A,1,2075,2
59001099,21.67957731,-158.0381418,1513.686279,232.7033701,24.65845916,20.18529203,16.41029926,9.498880794,0.23675168,43.74252677,43.08937952,41.97802786,38.4943704,1074.94923156,0,0,30.0436962136,176.94478572,0,0,0,0,1401200,3238700,4639900,RESIDENTIAL,1,2100,2
59001110,21.67916315,-158.0386605,1555.290283,165.555208,10.85005203,4.916377192,0,0,0,20.17905,19.26598529,17.94597429,13.12518508,2616.25445063,0,0,97.5678027728,461.870566185,0,0,0,0,540900,936200,1477100,RESIDENTIAL,4,2030,4
59002001,21.6723354,-158.0424002,1129.866028,140.100914,29.97349207,20.8485491,10.28848784,0,0,41.43034615,40.67735482,38.55871769,37.14413489,473.731467166,0,0,299.290336629,473.73146718,0,0,0,0,294300,1106300,1400600,RESIDENTIAL,1,2075,1
59002002,21.67243584,-158.0425426,1626.979004,176.6705294,12.92110858,3.203152611,0,0,0,22.36891548,21.37461622,19.27145623,17.82963746,497.197826276,138.61246004,315.509338855,416.322667224,416.322667199,0,0,0.0976742264255,15.1034265244,377300,1210900,1588200,RESIDENTIAL A,1,2030,1
59002003,21.67236295,-158.0426884,1619.465179,175.0982,10.40601566,0.314268059,0,0,0,18.7737885,17.90403558,16.53908105,14.59337329,467.36049474,151.998470214,324.181437994,363.964065833,363.964065866,0,0,2.94099836992,28.5905945373,427300,1162200,1589500,RESIDENTIAL,1,2030,1
59002004,21.67229607,-158.0428288,1599.990631,183.3541131,7.776326791,0,0,0,0,16.97176144,16.00800779,14.74581117,13.08816491,567.596286645,171.128515123,367.543608295,446.608394563,446.608394563,0,0,0.42703535028,19.2156371649,354300,1844000,2198300,RESIDENTIAL A,1,2030,1
59002005,21.67221111,-158.0429802,1538.809479,160.7205263,8.191212952,0,0,0,0,19.45570657,18.74264367,17.1514889,15.37590852,656.282165712,157.224236323,338.761872325,550.773767249,550.773767207,0,0,0,0.216929990493,569500,1844700,2414200,RESIDENTIAL A,1,2030,1
59002008,21.67209043,-158.0428817,1219.037201,143.9459428,24.36572587,14.5589215,3.433741596,0,0,35.42137462,34.7862725,33.18505215,31.39075535,920.951995457,145.037509747,310.950434071,558.016777436,811.692361438,0,0,0,0,1350200,2512700,3862900,RESIDENTIAL,1,2050,3
59002011,21.67187194,-158.043054,2863.190521,269.557262,23.30526611,14.38360239,4.482033156,0,0,39.36615728,38.06825699,36.86048872,34.96718039,956.738157537,125.485055113,264.010413074,474.89541513,728.04421812,0,0,0,0,587200,2065900,2653100,RESIDENTIAL A,1,2050,3
59002012,21.67171887,-158.0432645,2030.218445,217.6726612,28.40597685,20.12943275,11.23127431,0,0,42.37429199,40.95000258,39.59354487,38.83297998,1037.32150523,127.489468944,265.073278633,474.37704816,724.824658597,0,0,0,1.24480380807,1369700,2130000,3499700,RESIDENTIAL A,1,2075,2
59002017,21.67180045,-158.0435756,1971.5867,193.337604,9.122441693,1.556505196,0,0,0,20.26586497,17.10895273,14.87401964,14.00764051,496.382230776,133.580135119,275.293482209,404.385694703,404.385694701,0,0,2.59492993308,11.2466731827,797400,2100000,2897400,RESIDENTIAL,1,2030,1
59002018,21.67174835,-158.0437412,2927.691376,245.4030399,5.747010018,0,0,0,0,13.86117466,12.1454018,8.036161324,5.537724796,583.145425997,117.173101117,243.961187177,467.806338847,568.904450068,0,0,0,1.6706363712,894800,2307100,3201900,RESIDENTIAL A,1,2024,1
59002019,21.67160518,-158.0434999,2271.493805,200.640471,31.13992523,23.49178781,15.44192697,3.375075069,0,42.990327,40.75926334,38.72178632,37.88904971,446.222723189,0,0,18.5677947666,340.581112391,0,0,0,0,287600,1100000,1387600,RESIDENTIAL,1,2075,1
59002020,21.67157974,-158.0433658,1007.024658,127.2603005,40.82479002,32.75905764,24.24576412,11.75375271,0,53.40631787,51.69409713,49.90849423,49.13130208,447.995618167,0,0,0,22.0970862777,0,0,0,0,226000,1100000,1326000,RESIDENTIAL A,1,2100,2
59002022,21.67140703,-158.0436506,2177.576141,215.6586798,48.98574531,41.23196424,33.07122893,20.69334728,5.981780842,57.24599332,55.11454483,51.42978779,48.3087313,334.37959272,0,0,0,4.82484383651,0,0,0,0,453800,1017500,1471300,RESIDENTIAL,2,2100,1
59002023,21.67155592,-158.0436859,905.3426514,132.825152,33.72329328,25.97759687,17.82494105,5.457866109,0,41.70547588,39.47130415,35.85334458,32.71546387,368.163607147,0,0,0.425687428463,283.166021283,0,0,0,0,247200,1017500,1264700,RESIDENTIAL,1,2075,2
59002025,21.67166893,-158.0438502,2857.413971,241.559652,11.81718224,3.880229398,0,0,0,19.40854961,17.7871003,13.36306235,10.07094525,382.072372728,66.0516320203,181.26252003,355.957643722,382.072372666,0,0,0,0,558000,2305800,2863800,RESIDENTIAL,1,2030,1
59002026,21.67150274,-158.044074,4228.191864,423.760299,4.712042372,0,0,0,0,17.05192055,15.7299085,13.49911331,10.77471204,596.544752013,62.4545201219,191.352821772,388.320503523,596.544751998,0,0,0,0,817900,2433900,3251800,RESIDENTIAL A,1,2024,2
59002030,21.67126048,-158.0438979,3068.271301,233.2152068,48.56327996,41.18643726,33.24884878,20.58887727,5.541128931,60.47977626,59.095918760000004,55.97519566,51.21084071,1133.27241807,0,0,0,0,0,0,0,0,191800,1522100,1713900,RESIDENTIAL,1,2100,1
59002033,21.67110839,-158.0442236,1634.108063,175.0803377,38.2618108,31.42725392,24.38094328,12.71834568,0,56.97134239,55.94512804,54.22158156,51.85773788,464.454707804,0,0,0,113.344110868,0,0,0,0,296100,1100000,1396100,RESIDENTIAL,1,2100,1
59002035,21.67133631,-158.0444248,1929.717285,189.868883,2.263021762,0,0,0,0,21.38851249,20.76176019,18.89037572,16.76437202,454.000874001,81.5543391331,190.146318547,361.73846256,454.000874001,0,0,0,0,1258300,1982400,3240700,RESIDENTIAL A,1,2024,1
59002036,21.6711989,-158.0444897,1971.118591,205.9959699,7.183341581,0.524532762,0,0,0,31.02789168,29.92867926,27.25339361,24.88960634,453.459368789,85.5988382275,187.403659689,350.500489786,453.459368708,0,0,0,0,689100,1977400,2666500,RESIDENTIAL A,1,2030,2
59002038,21.670912,-158.0444433,996.881012,136.0465059,37.91967927,31.36654655,24.85178372,14.40200278,1.342160008,62.97925469,61.08365616,58.91282431,55.99980288,429.64848223,0,0,0,43.3460600621,0,0,0,0,920100,952900,1873000,RESIDENTIAL A,1,2100,1
59002045,21.67101496,-158.0446878,2414.714294,252.7160724,4.020078578,0,0,0,0,30.80508834,29.96133738,28.38810362,25.69677968,430.005235787,79.9392974004,171.375602429,318.018679217,430.005235711,0,0,0,0,218700,1540200,1758900,RESIDENTIAL,1,2024,2
59002046,21.67085273,-158.0447456,1361.832642,164.8491322,19.3982821,13.04838089,6.735561067,0,0,48.06063192,47.03829307,44.80508354,41.70914724,522.033426654,69.2264499517,166.900190951,322.633680266,514.306528201,0,0,0,0,695800,2652000,3347800,RESIDENTIAL,1,2075,1
59002048,21.67069205,-158.0451023,1626.788849,161.3754505,12.39908443,6.153380174,0,0,0,46.5416721,45.58390286,42.85670476,40.21920542,563.974338992,53.0660156528,163.047247248,338.260507486,548.883643958,0,0,0,0,0,1189100,1189100,RESIDENTIAL A,1,2050,1
59002057,21.67038465,-158.0452504,1921.750031,203.4492914,32.0632925,26.11978721,19.96739755,10.15514344,0,71.90639226,70.05714187,66.98300696,63.28513363,466.687575449,0,0,0,211.953760014,0,0,0,0,254300,990300,1244600,RESIDENTIAL,1,2100,1
59002058,21.67056974,-158.0453274,1370.640289,167.5205751,13.11068456,7.14464753,0.972106329,0,0,52.87287368,51.02876768,48.01232094,44.21499363,714.341494764,64.6053432371,248.981724398,544.802746801,697.251836833,0,0,0,0,763700,2152600,2916300,RESIDENTIAL,1,2050,1
59002066,21.67025971,-158.0458264,2773.923309,236.9548725,13.08664644,7.869582419,2.502454945,0,0,48.72830051,48.13985753,46.74895189,45.12488097,500.341756811,0,44.0354257555,177.457034561,342.704614846,0,0,0,0,949100,2275000,3224100,RESIDENTIAL,1,2050,1
59002067,0,0,2621.176544,250.1389976,14.88697467,9.781920171,4.546223245,0,0,49.74524038,49.0908409,47.7067991,46.14651442,656.541572853,0,10.0779812635,146.923330144,321.53534885,0,0,0,0,1649000,2209300,3858300,RESIDENTIAL,1,2050,1
59003002,21.6595275,-158.056783,2234.61673,212.1896235,21.57413752,14.19009764,6.540674283,0,0,57.13301483,56.42155656,55.00690386,53.59224566,1324.25210575,42.2712223363,278.063357224,639.909801846,1072.27047605,0,0,0,0,1025300,2651400,3676700,RESIDENTIAL A,2,2075,2
59003003,21.65909987,-158.0571665,1655.156738,170.1604535,25.84330236,18.40119718,10.49010426,0,0,63.6026928,62.08668935,59.4759822,56.54931739,518.227968845,0,21.9447442566,205.124691409,424.955882921,0,0,0,0,33000,3028400,3061400,RESIDENTIAL A,1,2075,2
59003004,21.65859705,-158.0576456,1850.718536,180.2445008,19.54183597,12.60054267,5.089438722,0,0,83.42903088,80.13173686,77.57689261,73.54347331,1250.80729434,0,0,440.67490184,1068.12875685,0,0,0,0,1228000,2850000,4078000,RESIDENTIAL A,2,2050,3
59003005,21.65707226,-158.0586987,3512.919464,300.8028311,23.85910337,14.05805684,2.375266013,0,0,265.7745656,261.3595634,258.1236667,252.8358652,501.697972153,0,0,236.433080323,501.697972205,0,0,0,0,1196300,3026300,4222600,RESIDENTIAL,1,2050,1
59003006,21.65683035,-158.0588578,2205.401459,203.4612311,28.4691449,17.88908648,5.168602722,0,0,297.7141073,293.2964508,290.0602256,284.7743193,1026.40435998,0,0.318120232426,469.623707849,1026.31081449,0,0,0,0,1061900,2587200,3649100,RESIDENTIAL,2,2050,2
59003007,21.65657271,-158.0589794,4106.787079,371.2284727,22.22458551,11.62027639,0,0,0,327.0834426,322.6606156,319.4246624,314.145248,563.327164126,0,56.7687393851,331.09513483,563.327164116,0,0,0,0,2042600,3072900,5115500,RESIDENTIAL A,1,2050,1
59003008,21.65637857,-158.0591988,2023.511688,196.040941,17.9671551,7.186111276,0,0,0,358.3221331,298.4229826,296.0492901,290.8806068,683.370759152,0,165.389644512,441.628162444,683.370759114,0,0,0,0,319900,3142500,3462400,RESIDENTIAL A,1,2050,1
59003009,21.6558677,-158.0592961,2627.103516,215.4669126,45.88230663,34.94951017,21.90461577,3.55454858,0,402.5953077,272.5610631,269.8227923,263.7711138,707.265250943,0,0,59.7551441322,615.916334063,0,0,0,0,245200,722500,967700,RESIDENTIAL,2,2075,1
59003010,21.6556507,-158.0597601,2031.128693,191.4598833,19.13547219,8.097780511,0,0,0,352.5044289,221.0872173,218.2830532,212.0763048,1079.46443536,160.88155177,360.537270197,641.1252673,953.789161798,0,0,0,0,649800,2934600,3584400,RESIDENTIAL A,2,2050,2
59003011,21.65532136,-158.0595366,1632.710968,173.8154904,63.3037302,52.36748008,39.11775152,20.5027447,0,345.9469509,244.8694186,241.8395146,235.0649005,924.158802815,0,0,125.10432151,668.995449255,0,0,0,0,535900,951700,1487600,RESIDENTIAL A,2,2100,2
59003014,21.65492628,-158.06023,563.8003235,94.98755239,40.98214085,31.13226724,19.35481639,3.069953977,0,268.9617945,182.5251338,179.367448,172.3516812,410.808065117,0,0,0,134.472213881,0,0,0,0,550500,1064300,1614800,RESIDENTIAL A,1,2075,2
59003015,21.65479013,-158.0603827,1334.724548,165.0878936,40.4545751,31.08526285,19.91798667,4.515358898,0,245.5869469,167.6679844,164.5054327,157.4970426,408.065542355,0,0,50.4310753287,391.797514944,0,0,0,0,388900,1011000,1399900,RESIDENTIAL,1,2075,1
59003016,21.65497376,-158.0605883,1237.545197,142.413709,14.17496168,5.022664532,0,0,0,244.7921259,142.8671276,139.7113744,132.6979387,558.147911644,102.676073351,306.760803846,552.911971854,558.147911641,0,0,0,0,498600,2748100,3246700,RESIDENTIAL A,1,2030,1
59003033,21.66054661,-158.0557059,1471.049438,180.1169593,9.803699759,2.882174676,0,0,0,91.19636231,86.06101122,79.99650651,41.21044666,469.708866584,0,74.9945044428,255.947093308,465.978611562,0,0,0,0,1082100,3002800,4084900,RESIDENTIAL A,1,2030,1
59003034,21.66045882,-158.0555551,757.9432373,111.2333028,27.08619518,20.31533181,12.65646989,0.958187634,0,109.270679,104.3500743,98.53045904,55.59382763,437.777351868,0,83.5851026305,261.855390959,437.777351801,0,0,0,0,1331300,2896200,4227500,RESIDENTIAL A,1,2075,1
59003035,21.66040345,-158.0557603,2228.727844,197.3973156,17.24834823,10.11762401,2.116016674,0,0,83.50043053,78.81179892,73.29905532,48.39250832,537.691846925,0,75.9582517194,273.071645387,501.645326362,0,0,0,0,447500,3026400,3473900,RESIDENTIAL,1,2050,1
59003037,21.66019118,-158.0559979,638.894165,101.1089399,28.07526833,20.63409876,12.56159671,0.376265459,0,71.66873791,68.73599385,65.37545436,54.53368034,553.771449756,0,67.0809372665,244.833349738,457.513151624,0,0,0,0,711600,3065400,3777000,RESIDENTIAL A,1,2075,2
59003038,0,0,384.8005371,79.50093656,38.96723952,31.56330885,23.63380925,11.60630709,0,77.42863235,75.72081794,73.72331087,69.1936243,614.826870648,0,70.5429930738,262.669226555,488.16159431,0,0,0,0,1072800,3072600,4145400,RESIDENTIAL,1,2100,3
59003040,21.65988038,-158.0562498,1718.634949,168.0143882,34.48558978,27.35806009,19.97781919,8.52834446,0,72.40531831,71.67176284,70.25818807,68.16453114,630.099078043,0,87.4871242157,266.200688386,481.193743739,0,0,0,0,1345200,3087100,4432300,RESIDENTIAL A,1,2100,2
59003041,21.65982846,-158.0566044,1192.055725,150.379354,11.57379757,4.497155124,0,0,0,50.15700817,48.74253276,46.03861609,43.12799368,647.227756193,0.54509304888,104.045267274,278.840061654,494.537094961,0,0,0,0,1017900,3094400,4112300,RESIDENTIAL A,1,2030,2
59003044,21.65644957,-158.0590448,2470.710419,230.396315,27.06866895,16.46573999,3.841772648,0,0,343.4029959,316.8993277,314.5302294,309.3690567,607.205847844,0,96.2606498228,372.899697979,607.205847959,0,0,0,0,634300,3099900,3734200,RESIDENTIAL A,1,2050,1
59003045,21.65576588,-158.0596577,1927.346527,185.230421,22.89982549,11.80673799,0,0,0,368.6453623,235.3139743,232.5685161,226.5053479,500.889064104,124.181821654,319.108105672,500.889064047,500.889064082,0,0,0,0,878200,2644400,3522600,RESIDENTIAL,1,2050,1
59003048,21.65612257,-158.059119,1970.451355,183.630725,45.06809861,34.27039233,21.45600122,3.386381559,0,379.0126794,298.0330367,295.4314048,289.7108954,498.237190798,0,0,94.6155135121,498.237190755,0,0,0,0,319200,1113800,1433000,RESIDENTIAL A,1,2075,1
59003063,21.65617895,-158.0594192,2063.496826,204.7338264,13.68134041,2.805858487,0,0,0,388.2015321,270.0095073,267.5468744,262.1694474,522.54950238,20.5417849609,215.254561924,449.503520385,522.549502437,0,0,0,0,467800,2705100,3172900,RESIDENTIAL,1,2030,1
59003064,21.65629968,-158.0591173,202.4295349,60.1248974,38.13221752,27.46519341,14.96330549,0,0,365.8820567,310.6510107,308.167769,302.7325578,482.907117242,2.52991520971,199.334122691,420.263023075,482.907117051,0,0,0,0,537100,2534000,3071100,RESIDENTIAL A,1,2075,2
59003068,21.65672233,-158.0589286,1396.164856,154.6050322,28.1348309,17.30203421,4.657786888,0,0,313.0581396,308.6405836,305.404366,300.1183776,544.962039336,0,24.1060162002,295.172431138,544.962039372,0,0,0,0,0,2755100,2755100,RESIDENTIAL A,1,2050,1
59003070,21.65594721,-158.0595737,2885.857391,253.9497684,15.32601785,4.316706541,0,0,0,385.9770476,245.3015574,242.6957743,236.9750352,533.97778266,73.9267756305,272.666649068,533.977782655,533.977782645,0,0,0,0,672600,2751000,3423600,RESIDENTIAL,1,2030,1
59003071,21.6560562,-158.0594711,1356.169861,152.93152,21.82018863,10.88221838,0,0,0,402.3845026,262.7836211,260.224591,254.6143403,615.124925964,49.0114660598,261.847225994,520.962727146,613.879571534,0,0,0,0,898900,2712800,3611700,RESIDENTIAL,1,2050,1
59003072,21.65548566,-158.0598592,4043.822601,267.5485718,19.65170308,8.783023537,0,0,0,328.7646962,207.528354,204.5861176,198.0322857,1275.48324373,277.206687913,688.047144216,1136.92227747,1226.33551274,0,0,0,0,892900,3077100,3970000,RESIDENTIAL,2,2050,1
59003075,21.65930944,-158.0570842,3818.713104,316.8697442,14.93989284,7.277379567,0,0,0,51.03008081,50.31551376,48.90086871,47.30289866,1287.36507721,13.9579394365,245.272316521,637.058651834,1093.50312383,0,0,0,0,1143300,3872900,5016200,RESIDENTIAL,1,2050,2
59003081,21.65566384,-158.0594611,2481.117035,218.7846474,43.45580163,32.37408871,19.06631972,0.462594987,0,376.6114253,250.7875616,247.9662829,241.7117571,484.06065955,0,0,89.4723177163,388.040241739,0,0,0,0,714500,1109400,1823900,RESIDENTIAL,1,2075,1
59019001,21.6700558,-158.0460279,190.8457947,58.29860468,34.05503689,29.13036533,24.14639,15.87488228,5.49513553,66.07957132,65.40673511,64.43922239,63.09911866,1115.65921486,0,0,192.161729142,508.399659516,0,0,0,0,1329600,2289700,3619300,RESIDENTIAL,1,2100,1
59019012,0,0,2644.087555,224.8592323,19.52264884,15.42907995,11.16768481,3.731361654,0,60.46906401,59.74533325,41.27303715,40.335234,574.668032871,0,0,0,100.59751182,0,0,0,0,2180900,2411400,4592300,RESIDENTIAL,1,2075,3
59019013,21.6697011,-158.046494,1525.14679,162.8363791,19.51822403,15.3130504,10.97260917,3.631530924,0,81.44541482,80.50712598,38.18700541,35.77595947,525.241472367,0,0,0,121.194604181,0,0,0,0,605000,2137100,2742100,RESIDENTIAL A,1,2075,1
59019014,21.66958747,-158.0465756,2658.278931,231.3236445,14.38288473,10.64244252,6.91597887,0.079910662,0,72.66948869,72.65710531,33.22195833,29.66365737,499.332937484,0,0,0,102.39307889,0,0,0,0,602300,2148700,2751000,RESIDENTIAL A,1,2075,1
59019036,21.66859383,-158.0470461,2733.589905,235.7596281,14.70548876,12.06228424,10.14296963,5.629764075,0,52.03289543,51.21573977,49.53178635,47.48903156,762.52302,0,2.80825673844,70.1350415738,196.9432742,0,0,0,0,1255300,2679700,3935000,RESIDENTIAL,1,2075,1
59019038,21.66839333,-158.047267,1547.104156,172.3177319,10.53094237,6.544763404,2.899620495,0,0,47.68821483,46.99059149,45.66544185,43.91292814,903.184757987,0,35.2403843622,134.473396525,280.364710205,0,0,0,0,440700,2783400,3224100,RESIDENTIAL A,1,2050,2
59019041,0,0,891.0905151,121.8396556,18.64806506,13.69311924,8.479975906,0,0,52.80511516,52.33105352,50.99431293,49.65486824,1962.8300681,59.5427879701,291.559946443,688.71086856,1198.90806598,0,0,0,0,1206700,4558700,5765400,RESIDENTIAL A,1,2075,3
59019042,21.66781169,-158.0476542,2035.593811,190.6505506,14.53724196,8.336913417,1.65236178,0,0,49.75025329,49.0735836,47.57488967,45.53292917,785.573909095,16.4631775306,146.274317013,353.701303645,603.98759836,0,0,0,0,1162400,3199700,4362100,RESIDENTIAL,1,2050,1
59019045,21.6675199,-158.0477938,1019.895905,134.0241986,22.23079814,15.70610031,8.52961567,0,0,55.66435123,54.84002843,53.20954443,51.16803065,1099.84918917,69.7763387084,280.602512914,604.862472637,991.580023568,0,0,0,0,1643800,3221900,4865700,RESIDENTIAL A,1,2075,2
59019048,21.66729301,-158.0480434,2136.495728,199.9952547,19.16300903,12.32426136,4.739962327,0,0,50.153043,49.37669976,47.8489581,45.93688703,421.26403459,0,83.1169755109,264.507947132,421.264034613,0,0,0,0,1036800,2414600,3451400,RESIDENTIAL A,1,2050,1
59019050,21.66719859,-158.0481769,1768.157623,193.2017777,14.36014942,7.179235793,0,0,0,46.15885007,45.45375766,43.43534324,41.27298575,401.579078918,14.6519351727,135.150036575,318.333770282,401.579078884,0,0,0,0,436600,2069600,2506200,RESIDENTIAL,1,2050,2
59019051,21.66698795,-158.0483969,2835.016296,298.0102163,11.6393247,3.585196738,0,0,0,44.99833937,44.17833393,42.71693227,40.67991458,880.685264048,158.039261318,433.223114095,834.002267223,880.685264038,0,0,0,0,268100,2729500,2997600,RESIDENTIAL,1,2030,2
59019054,21.66919851,-158.0467748,1165.344086,136.8492806,14.5616537,13.2036183,12.74089771,10.16795496,5.562621026,52.93070601,51.49108478,46.6094289,30.62273071,462.784118544,0,0,0,0,0,0,0,0,604300,2232500,2836800,RESIDENTIAL,1,2100,2
59020001,21.6667884,-158.0487499,171.8547974,54.16233275,12.04074114,3.482162074,0,0,0,45.0712177,44.21560584,42.80256877,40.84803658,948.762068059,235.652885572,535.717055225,948.762068006,948.762067986,0,0,0,0,1013700,2930000,3943700,RESIDENTIAL,1,2030,2
59020004,21.6666573,-158.048843,1302.24527,152.2192701,13.26859326,4.410447929,0,0,0,46.82086921,45.7226818,44.05931647,42.37699346,509.942600683,80.9914981485,245.12371142,479.71211509,509.942600755,0,0,0,0,1189800,2546500,3736300,RESIDENTIAL,1,2030,2
59020006,0,0,2214.968262,217.5484407,15.61139542,6.067769867,0,0,0,53.67478268,52.27751355,50.36963292,48.02554517,509.841853056,52.7177189726,224.321736804,464.177780254,509.841853062,0,0,0,0,995600,2262200,3257800,RESIDENTIAL,1,2030,1
59020008,21.6662526,-158.0493112,2457.890045,259.4808972,17.26625612,7.134275104,0,0,0,54.34609415,53.63948552,52.22489993,50.25604501,615.503752656,39.1326607169,239.74660612,524.254273619,615.503752608,0,0,0,0,1130800,2746700,3877500,RESIDENTIAL,1,2050,1
59020009,21.66608428,-158.0495312,1905.312836,190.4142113,20.10534802,9.34943472,0,0,0,54.03677348,53.54817691,51.9197517,50.27657748,591.807407041,29.346338462,225.495859186,494.591519141,591.807407017,0,0,0,0,289500,2603500,2893000,RESIDENTIAL A,1,2050,2
59020011,21.66584395,-158.0496436,240.9844971,67.52647575,39.10765688,28.12083158,14.7840236,0,0,72.2176021,71.573970310000007,69.89653564,68.42885089,656.010626615,34.3165999726,241.12401698,531.169139308,656.010626568,0,0,0,0,433000,2468000,2901000,RESIDENTIAL A,1,2075,2
59020012,21.66591575,-158.0497881,1779.748444,191.5886648,18.25978624,7.245241937,0,0,0,51.56122436,50.8850306,49.2678002,47.53301902,641.958272178,40.9462021732,238.212028094,517.0372063,641.95827223,0,0,0,0,371600,2429100,2800700,RESIDENTIAL,1,2050,3
59020014,21.66564323,-158.050109,2132.834381,205.3025079,18.48181034,7.131385319,0,0,0,52.36639563,51.56042001,50.39197664,48.56573986,721.29571671,48.203072517,264.191326831,568.217434479,721.295716645,0,0,0,0,1278200,2494400,3772600,RESIDENTIAL A,1,2050,1
59020015,21.66540803,-158.0500921,1445.489044,154.768026,43.70790067,32.25277172,18.35746065,0,0,78.45018865,77.68515492,76.14310825,74.54450872,447.74237657,0,0,133.814705346,447.742376603,0,0,0,0,692200,1100000,1792200,RESIDENTIAL A,1,2075,2
59020016,21.66516584,-158.0503757,1478.119781,158.5539194,46.23500185,34.5022504,20.29957906,0.510304478,0,84.6725,83.91973551,82.7956834,81.13718244,443.542329304,0,0,84.2508722421,443.542329352,0,0,0,0,487200,1045000,1532200,RESIDENTIAL A,1,2075,1
59020017,21.66556336,-158.0502375,2886.560211,227.2420262,15.43259868,3.969895193,0,0,0,50.25834348,49.47098253,48.0658776,46.5268245,420.58080412100003,52.0362084997,270.416550791,420.580804098,420.580804107,0,0,0,0,636600,2137000,2773600,RESIDENTIAL A,1,2030,1
59020019,21.66541148,-158.0503916,3835.555969,294.2508505,20.76263012,9.033010224,0,0,0,58.45578078,57.735407789999996,56.3339348,54.57617403,863.343718605,114.912605786,544.789418361,863.343718539,863.343718586,0,0,0,0,603500,2263500,2867000,RESIDENTIAL A,2,2050,1
59020020,21.665342,-158.0505952,1521.502869,173.3163597,14.08066004,2.344381656,0,0,0,52.81787027,52.49461942,51.13788291,49.48169371,434.939652151,49.0776835398,255.292911293,434.939652213,434.939652194,0,0,0,0,315800,2028200,2344000,RESIDENTIAL A,1,2030,1
59020028,21.66449262,-158.0512511,3158.280914,303.5231439,24.61267689,13.63473958,0.163133885,0,0,94.34708744,92.82073722,90.38873417,88.03743354,776.86212486,80.645768541,287.990720777,576.629251073,776.862124846,0,0,0,0,826100,3192100,4018200,RESIDENTIAL,1,2050,1
59020029,0,0,743.3114319,111.8737081,40.8890973,30.33184758,17.31402058,0,0,122.6373502,120.8956275,118.2065919,115.5676524,734.32824855,57.2259741012,259.590716826,541.440492821,734.328248479,0,0,0,0,1175000,3176500,4351500,RESIDENTIAL,1,2075,3
59020033,0,0,1112.037476,139.7711577,32.8227854,22.88966816,10.58977172,0,0,150.5365834,148.3190739,145.0799835,88.04641158,301.942426503,0,0,157.273926628,301.942426536,0,0,0,0,838900,816800,1655700,RESIDENTIAL A,1,2075,1
59020034,21.66392436,-158.0519542,1945.914795,195.9039154,12.42060449,3.442695837,0,0,0,164.8041264,162.2979264,158.6931607,56.31921386,564.41879769,75.3313657402,235.657060288,456.220781711,564.418797707,0,0,0,0,507200,2941200,3448400,RESIDENTIAL A,1,2030,1
59020035,21.66383306,-158.0520635,1845.329224,186.1917936,12.5253903,3.692141035,0,0,0,177.8635664,175.3055302,171.6366714,44.47127547,607.960671193,93.7206845938,255.710524609,490.390959633,607.960671145,0,0,0,0,887100,3104400,3991500,RESIDENTIAL A,1,2030,1
59020036,21.66371391,-158.0521498,2080.467011,202.9483682,12.55209141,4.600799376,0,0,0,192.5310368,189.9250366,186.1980809,37.42752683,600.513620145,73.2877953714,223.615139507,437.991623693,600.51362015,0,0,0,0,558200,3076700,3634900,RESIDENTIAL A,1,2030,1
59020037,21.66360102,-158.0520759,514.5829163,90.74549859,33.30716834,25.61608544,16.47005009,3.364584084,0,206.473654,203.9814164,200.3900171,54.11792819,561.134493335,39.5092079353,167.131452344,355.676748809,558.923940543,0,0,0,0,388700,3061100,3449800,RESIDENTIAL,1,2075,1
59020038,21.66362172,-158.0522712,1990.767517,187.6477373,10.77664809,4.212822651,0,0,0,207.0907025,204.4412289,200.6628831,28.88934949,559.926267043,26.1547597688,147.602830587,327.278719306,534.700937394,0,0,0,0,870700,3045500,3916200,RESIDENTIAL A,1,2030,1
59020040,21.6634738,-158.0523389,1670.559235,181.7676186,16.02539964,10.22725147,3.552013066,0,0,225.2509377,222.6062481,218.8327193,34.41008661,472.068575529,29.4146497114,114.912168385,249.332474116,412.154620378,0,0,0,0,1135900,2697000,3832900,RESIDENTIAL,1,2050,0
59020041,21.66326006,-158.0525315,1933.697815,190.8109412,14.11123911,9.581590515,4.687296112,0,0,253.7222911,251.0365581,247.2155456,36.70923292,449.330976548,21.7967267148,92.6395792699,209.340255768,356.094386518,0,0,0,0,331300,2544900,2876200,RESIDENTIAL A,1,2050,1
59020043,21.66319628,-158.0526546,1670.719055,176.6722483,11.39497389,7.399583357,2.968681582,0,0,266.2738246,263.5602168,259.7080309,37.86974397,841.347732899,6.28497822735,91.8119767666,280.494839005,528.506060052,0,0,0,0,2002400,3250800,5253200,RESIDENTIAL A,1,2050,2
59020045,21.66284403,-158.0529694,3189.590454,325.9319273,10.91151443,7.823006539,5.025223266,0,0,310.9285804,308.1678708,304.2647102,69.26870579,739.922843458,0,5.02303083462,161.037389447,388.842916329,0,0,0,0,1542800,3029000,4571800,RESIDENTIAL A,1,2050,1
59020048,21.66219662,-158.0536516,2712.907928,281.5709115,8.814545799,2.94860563,0,0,0,349.5393418,343.8672001,337.1182164,161.2165451,653.185800442,0,95.0712027542,392.583602859,653.185800494,0,0,0,0,1633000,3108600,4741600,RESIDENTIAL A,1,2030,1
59020049,21.6620393,-158.0537987,1505.254639,164.59775,9.905873799,3.949850479,0,0,0,334.6712566,328.9942189,322.2376823,189.9614923,605.919810607,0,147.836562623,453.745782702,605.91981054,0,0,0,0,475400,3088500,3563900,RESIDENTIAL A,1,2030,1
59020050,21.66192722,-158.0539402,735.3263855,116.2233471,9.70751332,3.694341517,0,0,0,319.7479612,314.0666207,307.3027676,184.7309767,640.714505096,0,171.877230817,483.314582737,640.714505029,0,0,0,0,593000,3110700,3703700,RESIDENTIAL A,1,2030,2
59020051,21.66165945,-158.0542354,2118.844452,189.2789175,10.30892439,4.269290689,0,0,0,273.2283839,267.545048,260.7758508,138.2186956,1033.05652136,0,159.747986867,471.006040249,845.796300189,0,0,0,0,1821500,3372700,5194200,RESIDENTIAL A,1,2030,2
59020052,0,0,1806.413361,225.2778485,12.73937795,7.22337446,1.315280151,0,0,248.5060346,242.8318592,236.0688115,114.087477,1057.66430505,0,82.7118104241,369.429271452,716.520372088,0,0,0,0,1450100,3395000,4845100,RESIDENTIAL,1,2050,3
59020056,21.66410248,-158.0518676,1689.718658,173.0983994,10.91484515,1.108185619,0,0,0,143.8089914,141.3532393,137.8135477,71.58137536,363.482555219,54.3343002193,248.230568407,363.4825552,363.482555195,0,0,0,0,1066900,2406200,3473100,RESIDENTIAL A,1,2030,1
59020057,21.66644365,-158.0490141,2548.998077,222.8602794,18.69118222,9.274679276,0,0,0,55.93440017,54.51565541,52.61571496,50.5199337,484.572769688,45.1336792797,208.971668959,442.69914442,484.572769787,0,0,0,0,739000,2564300,3303300,RESIDENTIAL A,1,2050,1
59020058,21.66661409,-158.0487336,500.855896,89.52007219,27.02014792,18.32185362,8.089145254,0,0,60.16027368,58.95792762,57.58136357,55.5984693,480.144712521,84.0997029159,242.171133886,469.684398984,480.144712519,0,0,0,0,378200,2636300,3014500,RESIDENTIAL,1,2075,1
59020062,0,0,2404.867371,200.2767275,16.53585096,6.075741716,0,0,0,125.8020247,123.5337519,120.2359639,93.09115392,686.705990852,55.0455315224,253.611990353,531.14572632,686.705990831,0,0,0,0,1456900,2923400,4380300,RESIDENTIAL A,2,2030,1
59020063,0,0,2541.448395,207.2441938,19.3411717,8.861916483,0,0,0,113.7299684,111.6136229,108.518252,105.493029,712.168480225,51.0051348585,250.78512933,529.744072272,712.168480297,0,0,0,0,1457500,2938800,4396300,RESIDENTIAL A,2,2050,1
61004057,21.61493425,-158.0898917,1727.417297,176.4733631,11.99891982,7.414880552,3.65149574,0,0,242.0294582,218.9927233,198.0659973,27.1305684,1886.32594544,1.7683503881,95.9985796489,294.330630523,555.508352536,0,0,0,0,1154500,2535200,3689700,RESIDENTIAL,2,2050,2
61004065,21.61395612,-158.091738,4209.507401,325.191065,11.7569789,5.405591754,0,0,0,32.44635907,23.20228006,19.23465288,16.07246342,1689.18944605,113.527516899,315.746260893,633.122159377,1010.07508843,0,0,0,0,1568600,3163800,4732400,RESIDENTIAL,1,2030,1
61004068,21.61425412,-158.0911978,2744.981033,238.3326104,16.22952794,10.43049031,4.850522072,0,0,88.61447672,65.75877037,45.21011572,17.58880741,1696.28826319,30.6118215686,205.004274317,486.27684967,829.776428136,0,0,0,0,1371600,3166900,4538500,RESIDENTIAL A,1,2050,1
61004069,21.61437581,-158.090961,3536.69838,275.4694429,17.10877935,12.54977102,8.804450694,1.860145971,0,112.7695612,89.71014694,68.77934121,23.32912125,1599.45121948,1.08891405958,84.4957395102,309.846513767,602.897791832,0,0,0,0,2909300,3098500,6007800,RESIDENTIAL A,1,2075,2
61004070,21.61453338,-158.0906942,2828.6698,256.6866698,13.19245413,8.770697294,5.271350822,0,0,145.0727814,121.9837677,101.0039998,43.52030596,1520.56379646,6.36862372815,104.627900256,318.162401,606.978437425,0,0,0,0,1396700,3049200,4445900,RESIDENTIAL A,1,2050,1
61004071,21.6146645,-158.0904455,3302.586365,268.2127248,11.14369128,6.63456249,3.004445521,0,0,175.0977313,152.0235167,131.0593549,22.94099031,1198.63271635,33.6546587891,134.967552933,324.957497373,583.846456733,0,0,0,0,1328500,2688200,4016700,RESIDENTIAL,1,2050,1
61004073,21.61474624,-158.0900685,5711.530289,442.6467982,11.58069901,6.762323812,2.604294186,0,0,209.4992032,186.4163113,165.4395779,14.65203365,1345.80153353,16.1533057232,151.437536366,416.131031587,770.871973223,0,0,0,0,1380100,2785600,4165700,RESIDENTIAL A,1,2050,1
61004080,21.61383447,-158.0919597,3813.956467,278.8691758,12.44707733,6.216949345,0.092714247,0,0,26.21467459,23.13068045,20.62303246,17.46428001,1509.9110147,57.4322289501,202.901505394,450.89124081,776.340358417,0,0,0,0,1537100,3035400,4572500,RESIDENTIAL,1,2050,1
61004081,21.61365571,-158.0921677,5275.313248,482.2709062,11.97743528,6.404426708,1.285388679,0,0,28.69340188,27.41348833,24.85350453,21.76651766,1492.46803902,80.908277641,220.096596827,456.392023357,759.627307093,0,0,0,0,1900500,3023000,4923500,RESIDENTIAL A,1,2050,1
61004082,21.61365152,-158.0924437,2862.595993,268.9657312,8.506053117,3.24494168,0,0,0,28.60517848,26.99126884,24.22702786,20.10284345,1464.3816878,78.9151247822,204.60848139,423.410546311,708.46833089,0,0,0,0,1137200,3003200,4140400,RESIDENTIAL,1,2030,2
61004083,21.61353378,-158.0927,2449.443802,204.7889307,12.52562923,7.635844847,3.337754326,0,0,35.97862399,34.31503865,32.08708739,28.5619487,1476.41683173,58.8055059767,180.161027298,393.856009162,672.969283511,0,0,0,0,1419500,3011700,4431200,RESIDENTIAL,1,2050,1
61004086,21.61336135,-158.0932321,1377.421555,187.9416605,13.37331675,8.811515184,4.699756022,0,0,37.00826937,36.47758272,34.84303578,33.36859412,1677.97763755,18.402721677,144.152335803,366.287464645,653.706639632,0,0,0,0,1047500,3160900,4208400,RESIDENTIAL A,1,2050,2
61004087,21.61326549,-158.0934495,5926.372955,465.0467929,12.93037325,8.482244903,4.313894785,0,0,40.04106349,36.44071578,34.63232574,33.43357388,1733.4993574,10.208784769,139.722770403,366.1796414,659.795360708,0,0,0,0,1715700,3192900,4908600,RESIDENTIAL A,1,2050,1
61004088,21.61326471,-158.0938329,2641.937424,241.418906,15.47750296,10.64160629,5.871170579,0,0,58.78108528,51.01370326,46.26817557,42.59848427,2027.6881898,6.66708458754,162.712697177,453.357479679,812.708563321,0,0,0,0,2777100,3396800,6173900,RESIDENTIAL A,1,2050,3
61004089,21.61315495,-158.0940963,5058.618652,317.757633,19.26715259,13.98233164,8.782481295,0.174294006,0,70.71992003,69.7211691,66.87087632,40.40994597,2217.80754886,0,111.489156941,384.662391508,731.009888789,0,0,0,0,6929200,3531000,10460200,RESIDENTIAL A,1,2075,1
61004090,21.61302608,-158.0943453,6144.314636,351.0780138,18.34851827,13.21959711,8.231209883,0.057473254,0,46.78604193,45.86190915,43.75447277,24.06183197,2219.4058471,0.963927147455,125.393531649,396.700163087,729.449863945,0,0,0,0,7268000,3368100,10636100,RESIDENTIAL A,1,2075,3
61004093,21.61250759,-158.0946653,6506.958572,452.4760649,16.42996807,11.1954446,6.087118025,0,0,44.92936287,44.12105175,27.35851982,23.78425918,2378.94441916,87.6110491664,176.982394306,331.775420677,538.68995508,0,0,0,0,2443500,3639200,6082700,RESIDENTIAL,1,2050,1
61008005,21.62469989,-158.0774287,3681.837997,382.2856001,10.77938547,5.875898187,1.706137004,0,0,119.1582682,93.65023232,87.39707228,33.44877912,513.472078972,2.34232504138,161.750832087,465.360705957,513.472078979,0,0,0,0,2254900,2474300,4729200,RESIDENTIAL A,1,2030,3
61008006,21.62443496,-158.0778824,2042.974487,181.0605126,11.95091291,7.96095265,4.844421647,0,0,189.5221687,163.9279084,157.6085381,29.56321622,711.84978848,0,18.272723848,279.098843154,628.267605845,0,0,0,0,1767700,1765000,3532700,RESIDENTIAL A,1,2050,1
61008008,21.62418104,-158.0783292,2518.433487,200.1638971,14.46183744,11.17468662,8.955399045,4.034324006,0,190.9776929,186.9678737,180.0503932,73.40134378,602.993770834,0,1.23398118166,95.5401167808,261.500224813,0,0,0,0,1313000,1596500,2909500,RESIDENTIAL A,3,2075,1
61008009,21.62405496,-158.0784848,1775.988602,172.3159888,21.51718556,18.40450392,16.46684424,11.83492896,4.868287468,174.5333433,170.5145088,163.5365562,95.259862,756.401591271,0,0,22.2023013735,191.135665318,0,0,0,0,992300,1734900,2727200,RESIDENTIAL A,1,2100,1
61008010,21.62400045,-158.0789118,193.8134918,55.68932836,12.83239735,10.17418346,8.983505872,5.277020348,0,136.6718097,132.6535222,125.6682691,120.7389256,870.134271122,0,0,0.0627558411967,139.831916901,0,0,0,0,1715000,2526100,4241100,RESIDENTIAL A,1,2075,2
61008011,21.62386746,-158.0789699,3127.265793,245.5770812,17.06883513,14.4430329,13.30250007,9.658017064,3.612335083,125.0768455,121.0758642,114.0743503,109.0733053,970.447682222,0,0,10.5416268315,155.336836357,0,0,0,0,7500,2523900,2531400,RESIDENTIAL A,1,2100,2
61008013,21.62369561,-158.0793929,3405.630814,258.771662,20.32802902,17.53507282,16.21735984,12.33621683,6.029338518,83.82536859,79.89654029,73.04014152,68.16082096,1314.55166137,0,0,0,114.709135287,0,0,0,0,2989200,2714900,5704100,RESIDENTIAL,1,2100,2
61008014,21.6237109,-158.07966,1617.687027,177.4739355,16.63305548,13.5900691,11.91519857,7.588812686,0.863056215,58.91827708,55.20610326,48.52606418,43.80258012,1500.38107451,0,0,0,146.155618897,0,0,0,0,1848100,2889600,4737700,RESIDENTIAL,1,2100,3
61008015,0,0,3669.145004,343.923604,22.28410224,19.03817704,17.07361609,12.38555248,5.294873733,37.41099255,35.24125436,32.29745912,30.41692717,2519.05973608,0,5.0011000027,119.684977139,354.335787899,0,0,0,0,4099800,3562200,7662000,RESIDENTIAL,1,2100,2
61010001,21.61701159,-158.087127,2913.82431,269.5608371,9.62556563,3.984831214,0,0,0,19.53162317,17.57763289,14.22370707,12.84802597,1129.72309521,164.533325543,452.61832312,913.67438181,1126.05638302,0,0,0,0,1280800,2141800,3422600,RESIDENTIAL A,1,2030,1
61010002,21.61683014,-158.087379,2849.080643,322.3271713,10.74763142,4.378994782,0,0,0,15.91618793,14.55584994,12.34811292,9.382687908,1020.27530468,131.574096853,337.111897106,662.110001556,1008.46839602,0,0,0,2.56578237355,1031500,2036800,3068300,RESIDENTIAL A,1,2030,1
61010004,21.61660607,-158.0878643,1501.85553,169.5702491,7.583648478,1.956108988,0,0,0,15.7611974,14.27506055,12.09669236,8.597431396,765.174474162,75.9618617119,159.50793579,303.413798163,489.884104985,0,0,0,0,884200,1899500,2783700,RESIDENTIAL,1,2030,1
61010006,21.61634696,-158.0881285,2292.269409,207.7817327,19.08537547,14.35115172,10.23348105,2.828622207,0,33.88424129,32.94224197,30.72146806,25.56594513,1698.79273773,58.883085633,170.323647268,379.428824445,665.468695562,0,0,0,0,1855800,2397400,4253200,RESIDENTIAL A,1,2075,3
61010007,21.61626957,-158.0883139,1378.978806,160.5581316,13.71372402,9.513013515,6.087708183,0,0,42.24690943,40.09425921,35.15693019,30.00182583,890.528184927,32.5000324707,81.5951058954,177.554495014,309.961616683,0,0,0,0,1437000,1966000,3403000,RESIDENTIAL A,1,2050,3
61010008,21.61616693,-158.0884175,3111.963074,251.6118988,10.90573221,6.917985658,3.791833888,0,0,52.07033363,49.46630772,43.21610058,35.39290446,880.118205189,20.7219009194,63.5970677199,150.254274705,272.003723881,0,0,0,0,1353500,1982500,3336000,RESIDENTIAL A,1,2050,2
61010009,0,0,4490.133942,436.1156766,14.40861044,10.6745617,7.869130807,2.146219712,0,72.2234405,69.51988503,62.72589544,53.57768368,1930.14484376,12.8027606226,96.6212884993,272.49264822599997,520.935464713,0,0,0,0,2433400,2477900,4911300,RESIDENTIAL A,1,2075,2
61010010,21.61586206,-158.0887087,3331.403519,334.039454,13.64167878,10.03497307,7.391160804,1.906001986,0,95.04611716,92.15086124,84.96250891,75.04858777,974.42515395,0,28.4542222952,114.565060038,236.360987662,0,0,0,0,1015100,2032000,3047100,RESIDENTIAL,1,2075,2
61010011,21.6157979,-158.0888657,2345.578842,194.6001825,12.36313076,8.750564391,6.101517676,0.666032324,0,110.2603878,107.3350012,100.0562688,89.96659433,924.867129611,0,21.2233216058,103.90531541,220.466006969,0,0,0,0,2054400,2005800,4060200,RESIDENTIAL A,1,2075,1
61010012,21.61568826,-158.0889583,1399.616302,163.6490783,14.73846744,11.08765651,8.390993493,2.920540565,0,127.4968755,124.5781493,117.3125062,107.228009,957.894258906,0,25.7383983897,113.211596833,235.735270748,0,0,0,0,0,1745400,1745400,RESIDENTIAL A,1,2075,2
61010013,21.61559048,-158.0890657,1585.295197,182.0444758,11.23966095,7.506488,4.726119384,0,0,142.5548376,139.6146341,132.2877064,122.0945222,890.685086628,0,28.0076634164,111.25581221,227.596225229,0,0,0,0,2144700,1993300,4138000,RESIDENTIAL,2,2050,2
61010014,21.61545035,-158.0891594,1945.349152,196.9428289,14.57397969,10.7068519,7.788357389,2.045458844,0,159.8947144,156.9722954,149.6902002,111.7060919,1799.68200815,4.82223543433,89.1634327082,266.406468126,511.121001568,0,0,0,0,2010200,2480000,4490200,RESIDENTIAL,1,2075,3
61010015,21.61523887,-158.0894136,1863.326874,190.1910663,13.50688678,9.407078154,6.255605644,0.119352984,0,194.3122851,191.3353939,183.9052044,80.18112943,1905.38020182,11.2387533839,110.051035743,300.739864463,562.634679137,0,0,0,0,1953200,2533700,4486900,RESIDENTIAL A,1,2075,2
61010016,21.61505956,-158.0896564,2127.121658,195.4607067,15.62152097,11.31355007,7.92323595,1.475214834,0,223.2809118,220.2906418,212.8238473,48.61849267,1940.90700838,0.0018811602829,74.4049516728,264.48293965,521.77045958,0,0,0,0,1851700,2552100,4403800,RESIDENTIAL A,1,2075,2
61012001,21.6311866,-158.0715961,3365.086685,245.3529728,4.823518607,0.033630612,0,0,0,6.683243199,5.763427,4.437319425,3.794828118,823.039273241,123.09355891,227.132675962,417.385086033,546.480028696,195.338459481,217.174043361,259.004584014,293.224023055,1091500,1945600,3037100,RESIDENTIAL A,1,2024,1
61012002,21.63098584,-158.0717596,1579.465286,174.7121293,5.841132901,0.333321715,0,0,0,3.919782895,3.919782895,3.393035814,3.393035814,983.747223422,165.841999487,314.195281203,563.541651701,681.381804838,305.771211283,319.888089501,332.946251459,339.591758877,831900,2036300,2868200,RESIDENTIAL A,1,2024,1
61012004,21.63047252,-158.0720859,1313.09964,151.7243419,2.797374882,0,0,0,0,8.289632379,7.418702382,5.184853069,3.329863393,528.623006983,92.0226341554,178.822077139,274.693159285,274.693159226,160.392429952,176.352086368,199.236677695,226.24463781,1139500,1784500,2924000,RESIDENTIAL A,1,2024,1
61012005,21.63033891,-158.0722083,699.8359985,110.4482908,2.047910289,0,0,0,0,8.063575751,7.031997527,5.863866457,4.303202271,526.815483778,89.9586922388,173.100235587,274.466640753,274.46664079,152.586684042,166.0162114,183.447657177,209.24344199,849400,1387400,2236800,RESIDENTIAL A,1,2024,1
61012006,21.63020473,-158.0721837,1472.893356,160.8350437,12.636024280000001,6.778734213,1.428119554,0,0,18.62167086,17.96124935,16.74184861,15.35124471,535.241332375,88.8504818292,169.567235552,289.217668871,289.21766888,130.917090342,145.268352828,168.625141573,192.055979418,1207800,1498500,2706300,RESIDENTIAL A,1,2050,1
61012007,21.63003826,-158.0723832,4352.813522,426.4830354,5.411928934,0,0,0,0,13.00074385,12.19083429,10.4329373,9.066580372,1358.02054728,177.65091326,335.570518751,606.671945519,759.062878635,243.516082288,273.64116669,317.63406736,376.964530328,1209000,1731800,2940800,RESIDENTIAL A,3,2024,1
61012008,21.62952475,-158.0727136,2253.545578,205.9724639,18.85110405,13.74370109,9.38924373,1.728707502,0,29.79327416,29.14845147,25.84169748,21.95078865,608.80252202,81.3984827273,150.817679495,272.426794272,433.089305916,0,0,1.17326582438,18.2076293734,966900,1713400,2680300,RESIDENTIAL A,1,2075,1
61012009,21.62913734,-158.0731756,1972.600311,182.6641929,7.509347779,2.793180118,0,0,0,19.78210676,19.05495903,16.82255012,14.31372627,743.97959199700006,70.0361886458,125.595677101,228.293655169,368.965649343,5.03576361351,11.4790561889,40.6447247292,77.6170854733,1140900,1912800,3053700,RESIDENTIAL A,1,2030,1
61012010,21.62888827,-158.0733053,2558.779022,231.4127879,7.772291044,2.934854481,0,0,0,19.63853178,16.6391775,13.25197597,10.82201647,634.107245785,75.9075497027,137.818141423,249.1057627,398.4204009,0,0,0.312428835055,7.55658803472,885400,1716600,2602000,RESIDENTIAL,1,2030,1
61012012,21.6257659,-158.0759774,3378.304581,319.411383,4.941440237,0.516737408,0,0,0,11.97820686,11.2497519,9.525196129,7.554078385,560.10044114,161.61405388,291.919308945,503.140832365,511.072078909,0,0,0,0.00445555278787,1377500,1575900,2953400,RESIDENTIAL A,1,2024,1
61012015,21.62621338,-158.0755808,1316.884949,152.0595973,7.653282738,2.914735875,0,0,0,14.49584673,13.61280322,11.90254815,10.02269084,630.443110817,147.006501114,272.424048272,461.812696211,467.182683601,0,0.809432934728,24.0973319099,83.4476024401,888500,1609100,2497600,RESIDENTIAL A,2,2030,2
61012017,21.62660132,-158.0754329,1506.149414,157.1111754,3.205914588,0,0,0,0,9.750846185,8.440049993,6.893007801,5.080348093,1027.84303899,185.135261444,347.91211867,620.125295146,791.425372006,0.780576737118,16.8017641124,73.8118305222,137.712586714,2147600,1796400,3944000,RESIDENTIAL,2,2024,2
61012019,21.62676069,-158.0752434,2344.264084,266.7112171,12.60980713,6.468085713,0.685359564,0,0,23.625115,22.96070189,21.69796146,20.62757196,1190.02911198,179.119002382,347.254109442,623.044154727,960.920411631,0,0,3.19448256571,10.9663796655,1192700,2675600,3868300,RESIDENTIAL A,1,2050,1
61012021,21.62696786,-158.0750038,2426.016983,222.5359506,14.19638169,9.409249144,5.456838591,0,0,30.17910396,29.17881487,27.40498635,20.69646991,1356.36784041,170.7718338,342.42582368,604.483017595,943.427574673,0,0,0,0,2173800,2786900,4960700,RESIDENTIAL A,1,2050,2
61012023,21.62712066,-158.0747788,5474.583771,392.0745792,6.967033694,2.026066428,0,0,0,13.87721038,12.58713952,11.15181631,8.915765462,1004.24002741,158.916978403,290.521014515,529.194076588,833.243941643,0,0,0,1.04117675208,1546200,2551300,4097500,RESIDENTIAL,1,2030,1
61012025,21.62729899,-158.0745194,1030.060974,128.8724442,7.063483484,2.188016556,0,0,0,16.26320813,15.13256905,12.90499939,9.8609066,1125.82980948,200.179688368,356.994916915,564.110461396,626.051401877,0,0,4.06471613094,88.2379062326,1450000,2237500,3687500,RESIDENTIAL,1,2030,1
61012032,21.62942516,-158.0729434,4033.586639,313.2808309,8.683660067,3.454957083,0,0,0,15.31097276,14.47652121,12.09981676,9.540963265,1629.60052984,158.281210836,291.384606195,527.318179662,841.891618816,175.094899189,209.286664429,266.013444096,332.363232921,1294500,2959900,4254400,RESIDENTIAL A,1,2030,1
61012033,21.62876181,-158.073358,2071.29837,195.3980114,14.10658447,9.09255946,4.921489801,0,0,19.57214643,18.57961492,16.30822609,14.505030379999999,664.156772105,20.2411225521,39.1784344705,77.3562894423,137.188836655,0.478631197341,5.11735243894,30.2345184031,60.6590762808,1471600,1857500,3329100,RESIDENTIAL A,1,2050,1
61012034,21.62921853,-158.073001,3013.659836,252.0383974,13.91717948,8.956667473,4.913989038,0,0,23.85786283,22.64575336,20.66052172,19.04784206,791.622544522,76.1220660438,137.903304221,250.624690977,403.890995524,0.971926923245,5.23938601906,19.3243131181,48.0907998042,1121200,1871600,2992800,RESIDENTIAL,1,2050,1
61012035,0,0,2302.086014,258.184073,2.010807431,0,0,0,0,16.56395003,14.6942614,11.81402966,9.705348172,638.321245208,72.9084204405,130.976874088,237.540645092,382.688968548,0,0,0,0,2371600,1839000,4210600,RESIDENTIAL,1,2024,1
61012036,21.62963248,-158.0725752,1635.27034,168.5012363,28.45239444,23.28564251,18.89821715,11.22116129,1.124157686,38.69455919,37.96226087,35.35476123,32.97429098,470.570264587,0,0,81.7702133708,364.466382561,0,0,0,0,301800,853100,1154900,RESIDENTIAL A,1,2100,1
61012037,21.62976916,-158.0727705,1005.233032,147.0792243,2.941355516,0,0,0,0,13.64463208,12.83973148,10.38919188,8.260305591,738.669947492,162.453360404,301.58155423,463.663315467,502.839556023,0,0,0.204590060174,27.2984655421,934200,1863100,2797300,RESIDENTIAL A,1,2024,1
61012038,21.62987769,-158.0724644,2150.124466,223.5918938,12.59399673,7.203536614,2.504805553,0,0,22.98431823,22.1168279,20.75032019,18.51697073,581.128563318,82.7355340028,154.670900309,279.053101138,436.294711656,0,0,0,4.60965342923,872700,1701900,2574600,RESIDENTIAL A,1,2050,1
61012039,21.63057856,-158.0720121,1692.084991,174.7776063,2.412923569,0,0,0,0,7.47208089,6.542394354,4.657851747,2.476425985,528.623008632,93.8042305274,183.374483547,273.46593418,273.465934197,164.869231993,181.310457405,210.135901181,246.818861855,1065400,1673000,2738400,RESIDENTIAL,1,2024,1
66006010,21.59016688,-158.1109453,1657.745163,184.1474988,0.725980838,0,0,0,0,14.70498007,14.00071764,13.29035562,11.95192108,2430.14564098,114.344211594,116.748177122,212.24865097,411.928110912,0,0,0,0,312400,2168500,2480900,RESIDENTIAL,1,2024,3
66030029,21.58895679,-158.1160084,2499.211746,226.4227431,4.750820515,0.542159356,0,0,0,17.8030853,16.85422189,15.58568631,13.69439552,1243.60804598,121.097225289,201.880042384,327.277849076,468.539980213,90.451002135,119.587482891,170.614311918,239.121277975,504100,1556400,2060500,RESIDENTIAL,1,2024,1
66030031,21.58896987,-158.115818,2272.867477,209.6922844,5.734456407,1.757488662,0,0,0,17.98390186,16.98360523,15.72654175,13.9826879,750.710896325,76.6445230808,126.646224843,212.537997778,321.350519344,3.0367878349,12.6107380223,35.7826574019,77.4450138744,497100,1467900,1965000,RESIDENTIAL,1,2024,1
66030034,21.58894882,-158.1154761,1954.682739,225.0839552,7.014739531,3.115528134,0.510199604,0,0,16.52955629,15.53128672,14.5289373,12.53296591,660.767790924,62.717321292,104.631357125,181.459870201,286.939848553,33.7641415352,49.6964632325,65.6247730588,92.0895947818,496900,1389500,1886400,RESIDENTIAL A,1,2030,1
66030035,21.58895154,-158.1153221,2399.608704,208.7501624,9.966029468,6.285657194,3.88463001,0,0,17.91978949,17.13199537,15.71035866,14.22563951,647.492270615,58.984026719,97.6906734828,169.638334869,269.160258954,24.191155741,37.453332346,58.7164949066,82.220280211,429800,1477600,1907400,RESIDENTIAL,1,2050,1
66030036,21.58894294,-158.1151899,2556.417694,227.2028461,9.494642388,6.157033418,4.256410721,0,0,19.41202265,18.67511673,17.45860432,15.80272873,690.824434556,57.9689188456,93.2036029709,160.827062874,254.662541534,16.8284498665,29.04594344,50.9487950706,80.5284289607,664000,1500100,2164100,RESIDENTIAL,1,2050,1
66030039,21.58890329,-158.1147683,2637.295273,269.2100673,8.789559039,6.739426478,6.296186602,4.133065629,0.265804672,37.54371371,31.28637468,20.30705883,19.1087701,766.520732822,35.7399588008,42.0575327615,75.1424037327,138.373232051,0,0,0.278490503652,11.6494207708,476400,1534200,2010600,RESIDENTIAL A,1,2075,1
66030040,21.5889221,-158.1145839,2077.618179,182.3511763,8.965369026,7.525971826,7.962058373,6.75259691,3.475154073,47.48989442,44.50264926,28.36869776,22.47490318,799.108984834,29.9744446504,27.9966294342,50.9314687242,104.25613789,0,0,0,0,539900,1529500,2069400,RESIDENTIAL A,2,2100,2
66031007,21.58866448,-158.1129696,2587.293655,232.1579794,8.070052024,6.666342984,7.263585859,6.526584836,4.060879781,22.88056838,21.71697062,20.31993856,18.56567754,701.716526558,21.4124384112,12.1236489856,23.2099349092,60.8374396128,0,0,0.250852055111,14.5330066808,457900,1435000,1892900,RESIDENTIAL A,1,2100,1
66031008,21.58869796,-158.1128357,2866.69429,267.8654069,9.197973359,7.7580568,8.283111717,7.473092465,4.961580251,22.24529631,21.28979243,19.79459965,17.85238075,714.409670708,21.0246719044,13.5326458217,25.4921875698,62.4421058156,9.0679693507e-4,3.96769960731,21.431541881,45.8513345398,474800,1512100,1986900,RESIDENTIAL,1,2100,1
66031009,21.58876072,-158.1126941,2540.678482,216.1428077,10.59662576,9.039688723,9.476250924,8.514440897,5.810482933,22.97299499,21.71063654,20.44177355,18.54292793,773.182539885,22.4678056338,15.5267288239,29.0484830081,68.7361130554,5.87298215893,20.6189924476,39.1492416921,66.6036587778,979900,1532600,2512500,RESIDENTIAL,1,2100,2
67013001,21.58203568,-158.1323439,4302.245468,325.2705881,25.11112032,20.29427302,16.05951823,9.099459951,0.388087134,35.64926435,34.85821289,33.51088254,31.18013393,3540.45513735,153.341504826,290.141639858,510.95776413,784.112011854,0,0,0,0,834300,2496100,3330400,RESIDENTIAL,2,2100,3
67013002,21.58221277,-158.1327368,3693.216461,252.2461052,15.73628552,10.67159154,6.146521352,0,0,26.98043096,26.32503453,25.08386452,21.25655953,1189.07148493,0,24.3856125532,140.676316764,283.784693876,0,0,0,0,942500,1513800,2456300,RESIDENTIAL A,2,2075,1
67013003,21.58231148,-158.1329494,3275.153793,252.4441444,15.05117684,9.921364267,5.330900633,0,0,24.98236902,24.46394559,23.31117074,19.1930752,4272.19259065,167.508681942,316.988647735,555.879236185,850.293851099,0,0,0,26.5925990302,1979700,2846200,4825900,RESIDENTIAL,1,2050,3
67013004,21.58235065,-158.1332745,3945.756454,412.2916577,16.31369241,11.12586467,6.474906989,0,0,24.277420330000002,23.90730796,22.62658293,19.87310484,4522.61832678,165.210889572,313.526800441,550.538801047,842.774660055,0,0,0,36.7849137515,644400,2728900,3373300,RESIDENTIAL,2,2075,1
67013020,21.58290488,-158.1347189,1307.323349,152.2013343,34.90845957,28.29896158,21.78566041,11.57012904,0,44.63819649,43.81784251,39.69050867,37.85456846,1104.21974365,141.52370049,282.186799745,484.331429448,713.365926121,0,0,0,0,1724300,1697100,3421400,RESIDENTIAL,1,2100,2
67013022,21.5829144,-158.1343646,1749.533783,167.3291956,11.71298893,5.848524464,0.351540387,0,0,20.97380937,20.37397775,18.78015035,15.19346552,719.524683317,136.368710002,278.931286347,471.03567193,662.286248955,0,0,0,0,652700,1542000,2194700,RESIDENTIAL,1,2030,1
67013023,21.58283429,-158.1341938,2354.313843,194.0880524,10.49190516,4.893693563,0,0,0,18.35731376,17.60200718,16.56925469,13.46202974,765.71154492,92.4051584634,211.162100194,393.299663936,610.581543054,0,0,0,0,845500,1553100,2398600,RESIDENTIAL A,1,2030,1
67013024,21.58275028,-158.1340375,3201.400131,286.742901,6.633768402,1.184597005,0,0,0,14.38533283,13.80033111,12.6478182,9.501658671,705.661382049,69.7139926616,161.84653642,306.267652613,482.171096601,0,0,0,0,1095900,1583100,2679000,RESIDENTIAL,1,2030,1
67013025,21.58268322,-158.13385,2576.093704,211.380616,10.2924151,5.001132932,0.206455852,0,0,19.02798455,18.18368462,17.22406784,14.68791358,973.061044957,89.1774739901,182.356759303,346.565069772,575.517859451,0,0,0,0,1186600,1618200,2804800,RESIDENTIAL,1,2030,1
67014018,21.58210247,-158.1312209,2407.944717,213.04952,13.41991093,10.493228,8.688033636,4.78836876,0,35.84086496,31.88604083,22.62903724,18.59985725,951.115847402,58.1732780121,91.5432248557,167.15881879,277.629791979,0,0,7.00460270668,100.288779037,781000,1521800,2302800,RESIDENTIAL,1,2075,1
67014019,21.58203958,-158.1318151,2388.620148,244.7053483,16.16844838,12.55656796,9.914417322,4.625486282,0,28.46397934,27.50672206,25.65732709,21.67850668,2651.88455178,101.296242448,182.416619499,323.921863422,507.07720754,0,0,0,0,642200,2213800,2856000,RESIDENTIAL A,1,2075,1
67014025,21.58208687,-158.1316368,3341.284134,237.9413534,12.29609416,8.918031857,6.593662281,2.123124629,0,25.21999519,24.21972536,22.23049806,18.21792157,1049.39129553,74.1449251851,125.564809547,225.078388662,361.346168136,0,0,0,14.1637566461,1093100,1466600,2559700,RESIDENTIAL A,1,2075,1
67014026,21.58208055,-158.1314013,4019.379074,317.4054716,12.09001501,9.130623398,7.341002489,3.530178461,0,25.4374485,24.37829232,21.55269831,16.44525166,1057.78474942,61.1707034293,97.3081571689,176.367378908,290.316556267,0,0,0,100.433060918,1207500,1553100,2760600,RESIDENTIAL A,1,2075,1
67014027,21.58213108,-158.1310364,2990.33255,245.6919357,9.743363836,6.83820856,5.00742935,1.066643628,0,49.51941087,44.62519422,24.4703068,16.08184185,960.371605446,64.0060644546,105.887635515,192.530159647,314.856412746,0,0,0,50.7116094709,780300,1516100,2296400,RESIDENTIAL A,1,2050,1
67014028,21.58213191,-158.1308305,3535.710999,268.773943,10.40876167,7.072546049,4.672977295,0.078688154,0,51.06810372,48.19474595,41.64664319,25.01536476,905.448311961,67.2194764655,115.455734218,208.504336061,336.105984316,0,0,0,0,1025600,1534700,2560300,RESIDENTIAL,1,2050,1
67014029,21.58211995,-158.130638,3306.860138,250.4048626,12.78040097,9.606934951,7.582977619,3.410460599,0,37.47210498,35.26790903,31.62479922,21.57747488,808.472606566,64.7311971712,112.561486857,205.756053018,333.729514934,0,0,0,0,914900,1541700,2456600,RESIDENTIAL A,1,2075,1
67014030,21.58212582,-158.1304373,2336.30661,223.5561393,11.10079594,8.543547723,7.346039674,4.175506015,0,25.377185,25.32708466,23.21892702,17.12609093,715.250258561,37.4241099848,71.6324374959,153.451250821,276.108432979,0,0,0,0,831400,1431600,2263000,RESIDENTIAL,1,2075,1
67014031,21.58203995,-158.1302054,3799.674118,276.9029221,9.141959744,7.777158504,8.224197516,7.139205763,4.264181236,1.809006919,1.809007369,1.809008951,1.809029152,743.671831135,14.3615778987,19.1123604285,55.2713438977,130.473528639,0,0,0,0,855700,1477200,2332900,RESIDENTIAL A,1,2100,1
67015038,21.58251803,-158.1242742,4526.811386,326.7812047,29.58501078,24.77737031,20.78872393,14.20569535,5.804142887,33.82479437,32.97337958,32.0737832,31.65595238,720.67562452,0,0,0,0,0,0,0,0,873900,908700,1782600,RESIDENTIAL,1,2100,1
67015039,21.5827537,-158.1242101,2508.131958,212.1612265,8.113853454,3.37411949,0,0,0,11.13885955,11.02431721,10.02400886,9.023762693,958.135497381,105.819377784,177.793160612,298.085934015,453.604317014,203.288892073,219.543597622,243.439275182,275.48196066,960500,1311600,2272100,RESIDENTIAL A,2,2030,1
67015040,21.58278637,-158.1244341,2638.267517,244.765002,0.502355982,0,0,0,0,5.386906572,5.345407604,4.345129088,3.344842988,911.764107551,112.488154221,205.472696027,357.95505146,550.714158729,165.047716255,184.059083308,204.199767768,229.120313018,484500,1268200,1752700,RESIDENTIAL A,1,2024,1
67015042,21.58268113,-158.1246436,1575.081573,166.9568327,9.907554282,5.219633736,1.384833652,0,0,17.88885608,16.94904712,16.01659741,14.99426732,813.267472706,84.4639578589,152.983477112,266.7671071,412.092685016,25.4926438486,42.2143518172,61.1214948905,83.0238086332,329100,1350300,1679400,RESIDENTIAL A,1,2030,1
67015043,21.58266966,-158.1248228,3402.682526,263.9884886,4.521164943,0,0,0,0,9.942178379,9.699703142,8.720586142,7.566439538,797.6574033,78.3707717312,140.050356339,245.684595593,384.4530248,1.25368832954,10.3565117773,27.228445235,48.4076512874,1089000,1335800,2424800,RESIDENTIAL A,1,2024,1
67015046,21.58253483,-158.1250639,988.5318604,130.021426,19.10762559,15.13989914,12.24507587,7.016443975,0,23.16852276,22.49803497,21.55057095,20.05188779,1005.9420822,95.6037038831,166.255157864,290.494973631,455.435599436,43.1911394691,60.0486299345,80.4619586548,108.313593536,506100,979400,1485500,RESIDENTIAL A,2,2100,2
67015049,21.58259773,-158.1252507,2301.963455,207.0177833,4.19684028,0.422608642,0,0,0,8.384828055,7.514797034,6.536428504,5.371465487,921.328214162,91.0705436017,153.232523578,268.590165145,426.258401361,92.1925195935,106.930615749,134.66940683,168.40471265,484100,813400,1297500,RESIDENTIAL A,2,2024,1
67015050,21.58253072,-158.1255185,3086.298584,275.5756202,5.883798346,2.445704282,0.258374286,0,0,10.35404161,10.00826118,9.009672429,7.442425957,1111.01931396,94.3841563444,151.735280852,268.394785811,434.545765218,102.190606432,124.164894754,153.377484529,186.589923974,781900,1532700,2314600,RESIDENTIAL A,1,2024,1
67015053,21.5824891,-158.1257997,1724.555954,186.5842714,7.44203655,4.651846323,3.23814896,0,0,13.79996369,12.79965485,11.79929293,10.79901498,917.388722229,76.3342914729,111.825779408,202.256818431,341.427232967,4.94686358398,13.3120958549,27.8017615107,59.4165748613,457400,1350800,1808200,RESIDENTIAL A,1,2030,1
67015054,21.58245428,-158.1260594,1676.306168,167.5887362,12.04148468,9.740561862,8.863295868,6.159519738,1.754640506,19.18617561,18.28621778,17.28739494,16.18523503,917.392634154,36.340427316,46.2858988962,86.6583396736,155.777774926,0,0,0,3.47276822478,520000,1402200,1922200,RESIDENTIAL A,1,2100,2
67015055,21.5824159,-158.1262679,2170.566238,202.1256779,13.44866407,11.62685286,11.32441627,9.368470942,5.82083283,21.09581065,20.16071266,19.16111578,17.23302282,887.494215071,25.8275771914,23.6749199832,48.2401229022,100.418282096,0,0,0,0,560500,1399900,1960400,RESIDENTIAL A,1,2100,1
67015056,21.58250109,-158.1264307,1735.757141,174.003899,8.747246025,7.47937576,7.850686052,6.752231697,4.137898092,16.32967359,15.75251628,14.79109513,13.23393259,1002.95426128,8.8183381644,1.88859786998,6.4437909081700004,27.1826567161,0,0,0,0,474200,1416200,1890400,RESIDENTIAL,1,2100,1
68004001,21.58036032,-158.1559198,2647.60994,239.596401,13.26898769,9.543480134,6.640170506,1.616245277,0,26.19042642,25.36290994,24.26010097,22.34583306,5174.4013605,234.073520688,415.410853596,729.102247805,1141.04237937,0,0,0,0,1475100,3352300,4827400,RESIDENTIAL A,1,2075,2
68004005,21.58043452,-158.1547118,2025.326736,214.620337,20.77596846,16.16283069,12.23153429,5.664756285,0,28.34479594,27.16463554,26.16608408,25.16767414,1908.72644762,0,69.7539061817,216.070721088,399.421826939,0,0,0,0,1747100,2097400,3844500,RESIDENTIAL A,1,2075,3
68004011,21.58024164,-158.1532246,1329.38562,154.727925,17.81589876,13.71865026,10.61018384,5.299343646,0,25.09455148,24.35279995,23.36642773,21.69411337,1069.79708467,0,9.66289244492,111.494398088,273.194773789,0,0,0,0,920100,1808500,2728600,RESIDENTIAL A,2,2075,3
68004012,21.58024388,-158.1530248,1529.237076,153.5655432,13.31732123,8.869838498,5.367924571,0,0,19.77483533,18.78459342,17.59951932,16.28711504,920.222233268,3.91612832534,72.2797198122,202.676178483,374.454245619,0,0,0,0,1085400,1757000,2842400,RESIDENTIAL A,1,2050,1
68004013,21.58017296,-158.1528225,2495.316757,214.8740537,18.45444845,13.90163247,10.27312613,4.144465051,0,24.46841953,24.46845081,23.46815213,21.92071414,698.029438655,20.2915406911,88.3602189204,203.269464731,352.56080452,0,0,0,0,1744600,1680500,3425100,RESIDENTIAL A,1,2075,1
68004014,0,0,2388.431854,213.5681669,14.55010813,10.01904335,6.414983377,0.293822523,0,21.13310276,20.50858122,19.49767362,18.27376578,643.023625788,35.5706375861,102.587723773,215.6457174,362.500310174,0,0,0,0,1184200,1661500,2845700,RESIDENTIAL A,1,2075,1
68004015,21.58023965,-158.1524849,2623.212112,264.9472843,8.392110367,3.961652651,0.512350202,0,0,15.23053486,14.8236082,13.53385272,12.24399862,597.972140783,38.7598034376,103.139098915,212.637163004,355.769958663,0,0,0,0,1055900,1646100,2702000,RESIDENTIAL,1,2030,1
68004017,21.58028417,-158.151829,1344.347061,149.2420416,15.30481986,10.65308405,6.862989903,0.443222764,0,22.78501884,21.85897295,19.11063127,15.20051883,449.265961587,37.9117164859,94.2361918708,188.748226047,310.58989732,0,0,0,0,1040300,1023900,2064200,RESIDENTIAL A,2,2075,1
68004018,21.58042415,-158.1512806,4441.270721,418.8988945,11.86728365,6.681222215,2.130027374,0,0,19.016586620000002,17.68043593,14.54299798,11.41990008,1199.43367912,47.5081056021,214.675335486,482.835570806,817.166179966,0,0,0,0,1400400,2880100,4280500,RESIDENTIAL A,1,2050,1
68004019,21.58044313,-158.1509959,1552.847031,173.6788566,20.29352033,15.03147917,10.39675472,2.990646412,0,28.73618759,28.07197344,26.51768968,24.00852916,574.153322452,0,33.4895041522,168.837066148,336.978706955,0,0,0,0,708000,1637800,2345800,RESIDENTIAL A,1,2075,2
68004020,21.58056034,-158.1508371,1155.258438,153.6050845,15.32654976,9.946850666,5.151754483,0,0,22.92240028,22.15734489,21.17820505,19.35826943,585.300389022,0,35.7772843865,174.694305508,346.159080618,0,0,0,0,952900,1641600,2594500,RESIDENTIAL A,1,2050,2
68004021,21.58051086,-158.1506614,2312.824524,246.667718,23.08281782,17.58058605,12.61369593,4.787185939,0,30.07141649,29.45081296,28.21897876,26.58279261,596.449825499,0,33.7753903878,177.070356836,353.073109159,0,0,0,0,737300,1645400,2382700,RESIDENTIAL A,1,2075,1
68004022,21.58054243,-158.1505061,1726.496017,203.3427531,23.96474797,18.39497359,13.33613393,5.397352439,0,31.77858044,30.85850187,29.93617153,28.53553837,607.596753621,0,26.9779431735,172.216109656,350.169079772,0,0,0,0,930500,1649300,2579800,RESIDENTIAL A,1,2075,1
68004023,21.58065691,-158.1503412,1195.220444,146.0577484,17.9439027,12.35569852,7.267965732,0,0,26.19253891,25.51789629,24.26712519,22.35481299,618.746033279,0,24.8228926177,170.790138599,349.584925804,0,0,0,0,1187800,1653100,2840900,RESIDENTIAL A,1,2075,1
68004024,0,0,2420.523315,229.4991325,17.41985668,11.86911893,6.826564287,0,0,25.9631065,25.29062881,24.03850914,21.17793887,629.8940626,0,12.7216082843,156.755866884,333.787541416,0,0,0,0,1590200,1657000,3247200,RESIDENTIAL A,1,2075,1
68004025,21.58069362,-158.1499816,2986.53746,223.2782794,20.69899008,15.3251151,10.50625917,2.865603261,0,30.28732097,29.50231711,27.88319867,25.99069803,641.044319495,0,0.613831489213,136.534244567,308.118613258,0,0,0,0,1352000,1660800,3012800,RESIDENTIAL,1,2075,1
68004026,21.58068668,-158.1497449,750.5561981,121.713604,27.65182522,22.85505965,18.76088545,11.99872698,3.422039954,35.95140388,35.91844681,35.01028131,34.01272671,1070.26479432,0,0,49.7780598839,343.203394296,0,0,0,0,1570400,2441300,4011700,RESIDENTIAL,1,2100,2
68004028,21.58086536,-158.1491791,1705.954742,193.2119573,19.23700976,15.00471612,11.74649446,6.084403121,0,23.13272242,22.60662623,21.9660408,20.98272673,435.225984385,0,0,0,76.5641936689,0,0,0,0,889900,1305600,2195500,RESIDENTIAL A,1,2075,1
68004029,21.58048719,-158.154104,2647.466599,292.5005596,7.015102993,3.588394097,1.453996819,0,0,20.15086629,19.20073618,17.68207669,15.74448598,929.029129396,0,0,34.1367781431,166.564277553,0,0,0,0,894900,1455300,2350200,RESIDENTIAL A,1,2030,1
68004030,21.58033212,-158.1519952,1670.273117,178.3485187,6.727173287,2.228094953,0,0,0,13.14896659,12.16360489,10.66191593,7.866020124,443.824981983,29.6402859577,83.3656445468,174.751194472,293.859045446,0,0,0,0,750100,1017500,1767600,RESIDENTIAL A,2,2030,1
68004031,21.58037563,-158.1515272,2256.829788,253.1561889,7.995906869,2.922443124,0,0,0,15.65413977,14.31097649,10.92333313,9.176583955,545.976070158,41.0341286013,121.035566632,250.266348918,412.094383398,0,0,0,0,917400,1628200,2545600,RESIDENTIAL A,1,2030,1
68004032,21.58034242,-158.1516973,2296.435089,207.2635808,7.80671577,2.994751623,0,0,0,15.18490296,13.63892018,10.65167399,8.693971171,453.935096692,40.9706411801,102.440647607,203.466444907,331.58434963,0,0,0,0,1310600,1502100,2812700,RESIDENTIAL,1,2030,1
68004033,21.58080182,-158.1498322,1841.960724,207.8393598,11.5977513,6.742789695,2.57236147,0,0,20.56181245,20.35676455,19.56147269,17.7947939,618.743609624,0,0,92.395321009,255.134532222,0,0,0,0,1526300,1570500,3096800,RESIDENTIAL,1,2050,1
68005005,21.58113508,-158.1482166,2813.624466,212.3005712,19.03797832,15.77644179,13.7563241,9.635635155,3.783758465,44.03566379,42.19142346,34.29116875,26.80941635,821.863550686,0,0,28.0592264066,132.17856791,0,0,0,0,1204500,1734200,2938700,RESIDENTIAL A,1,2100,2
68005009,21.58142753,-158.1475042,5610.965637,388.6024377,12.9251931,10.3196647,9.154939981,6.140222963,1.415333272,89.00924823,86.82434848,82.33158182,79.95385554,1747.82830288,0.159209106806,8.94943774843,54.0433607754,186.339590525,0,0,0,0,2666700,2042000,4708700,RESIDENTIAL A,1,2100,2
68005014,21.58178469,-158.1461625,2564.20018,256.603011,13.25871461,9.672415139,7.25874991,2.648624126,0,58.33660215,58.33660215,55.57829756,50.09436434,1250.96123002,0,0,0.253869510185,96.949289817,0,0,0,0,950700,1317100,2267800,RESIDENTIAL,2,2075,2
68005015,21.58190099,-158.1460998,240.4151306,62.88874332,12.98282538,9.339715993,6.850569212,2.146505222,0,52.58860945,52.58860945,49.86860305,44.4795593,1272.3872827,0,0,13.8622640064,134.468657725,0,0,0,0,929700,1863400,2793100,RESIDENTIAL A,1,2075,3
68005016,21.58186416,-158.1456615,2871.470489,250.0175656,16.87627459,12.59686563,9.235662365,3.484214214,0,28.82687344,28.55679579,27.55652302,25.8178746,1242.3312153,0,3.93419640222,88.9348503696,220.392746312,0,0,0,0,1227500,1874900,3102400,RESIDENTIAL A,1,2075,2
68005020,21.58203665,-158.145174,1701.666138,186.0084631,16.69570634,12.17737619,8.452377988,2.181447197,0,25.15740007,24.58537286,23.88652769,22.3543716,622.851286035,0,0.442240071705,105.135723241,243.204106898,0,0,0,0,915100,1651500,2566600,RESIDENTIAL A,1,2075,1
68005021,21.58206315,-158.1450271,2859.778854,291.1607888,15.09802182,10.46844214,6.656518267,0.273542939,0,23.03541451,22.30026292,21.33674014,20.11195114,659.090582975,0,0,89.4961135489,226.64983087,0,0,0,0,794700,1658000,2452700,RESIDENTIAL A,1,2075,1
68005022,21.58219394,-158.144857,1310.284561,146.0727497,12.29580942,7.587833108,3.680301405,0,0,20.50790581,19.77305193,18.55564386,17.16381928,661.771342601,0,0,72.2262614949,210.538001033,0,0,0,0,1048800,1664400,2713200,RESIDENTIAL A,1,2050,1
68005023,21.58206207,-158.1448122,567.8896332,104.26485220000001,29.22010886,24.49398051,20.56455104,14.03668761,5.713719532,37.25064068,36.42770476,35.36660108,33.9223929,666.718536885,0,0,59.9483000305,202.452063481,0,0,0,0,890200,1670900,2561100,RESIDENTIAL A,2,2100,2
68005025,21.58230243,-158.1444286,1296.008728,154.2043079,17.97008132,12.95340227,8.564571066,1.466776478,0,25.60147491,24.73314365,23.36167666,21.12743439,800.549136291,0,3.33555023421,112.301835899,261.933520645,0,0,0,0,1190600,1705000,2895600,RESIDENTIAL A,1,2075,3
68005027,21.58238149,-158.1441841,1937.814743,234.0256447,15.660901,10.72328426,6.482208781,0,0,26.3718185,25.4906467,23.82432777,21.79697091,892.155522267,0,12.4610705726,130.403416581,278.927059892,0,0,0,0,1641500,1741600,3383100,RESIDENTIAL,1,2075,2
68005028,21.58250241,-158.1441701,281.7981567,67.16861752,10.72044375,5.87404392,1.749667763,0,0,22.23363749,21.42977285,19.44652493,17.03305093,993.581906961,0,2.2847536192,117.667229314,267.969926173,0,0,0,0,1449000,1766800,3215800,RESIDENTIAL A,1,2030,3
68005029,0,0,2440.348419,223.2450056,23.61447613,18.9429094,15.00501077,8.540632559,0.388060341,34.71823675,33.79758355,31.97054035,29.74356947,928.48549064,0,0,87.7283850944,215.958264689,0,0,0,0,2075900,1757100,3833000,RESIDENTIAL A,1,2100,2
68005030,21.58259773,-158.1437912,255.753479,65.93655443,18.08158214,13.47413681,9.661355589,3.306035651,0,28.24710787,27.56789576,26.4338985,24.64979322,939.139847735,0,0,70.4372805485,192.37177948,0,0,0,0,896400,1771300,2667700,RESIDENTIAL A,2,2075,2
68005045,21.58173425,-158.1463394,1782.24382,207.8007625,21.10934536,17.67588472,15.45659351,11.08796224,4.961132558,77.85234705,77.85234705,75.08698761,69.57811007,601.970720193,0,0,0,28.1440114705,0,0,0,0,818900,1419100,2238000,RESIDENTIAL,1,2100,1
68005051,0,0,2584.662537,245.5417033,16.85569976,14.31080583,13.17916949,10.16448722,5.40819644,105.7717708,92.445468,87.13178297,86.01115127,780.552695739,0,0,8.02528930594,91.0782937492,0,0,0,0,1398800,1505800,2904600,RESIDENTIAL A,1,2100,2
68006002,21.57955885,-158.1595999,3070.400986,255.9890372,8.245114346,2.320991342,0,0,0,19.93324669,18.97565488,17.93031392,15.92969971,914.157442182,89.6759014689,214.993746689,413.039128096,661.278358973,0,0,0,0,868800,1630100,2498900,RESIDENTIAL A,1,2030,1
68006003,21.57959862,-158.1584791,2797.420364,263.7132025,3.133542041,0,0,0,0,11.83088757,10.83053827,9.830270039,8.036104504,2125.18020608,471.344889498,925.129668045,1542.62911729,1681.87290663,0,0,0,3.24566470772,1016700,1554300,2571000,RESIDENTIAL A,2,2024,2
68006004,21.57970197,-158.1577316,4020.883636,336.9383986,5.660022511,0,0,0,0,12.62447498,12.00908696,10.71880624,9.464240776,1852.18718735,430.293087109,893.104892914,1531.84435142,1830.79723282,0,0,0,0,1090500,1694700,2785200,RESIDENTIAL A,2,2024,2
68006005,21.57976652,-158.15743990000001,2308.444687,207.8361455,5.936699953,0.325370586,0,0,0,14.29721145,13.60122617,12.35782596,11.14360684,934.350272146,118.146532292,226.32526828,393.711838845,596.442809548,19.4870587235,34.253310421,61.3764774712,89.8563313543,925400,1695000,2620400,RESIDENTIAL,1,2024,1
68006006,21.57991249,-158.1568948,2250.769501,262.6830159,7.085892109,2.56776294,0,0,0,16.3958946,15.10681872,13.80973101,12.87642468,1004.69294563,84.9241677632,154.058629071,269.237337135,416.337822941,0,0,0.819174585636,9.69133986578,890800,1741700,2632500,RESIDENTIAL A,1,2030,1
68006012,21.57976037,-158.15727330000001,493.0410767,102.992979,16.88909904,11.7715035,7.26032851,0.245734603,0,24.33124861,23.09528584,21.84660709,20.61938026,920.047718064,102.847902891,193.709669674,337.376367571,514.39826158,1.09606840574,14.6376162433,39.8163555708,61.0003978881,977500,1701100,2678600,RESIDENTIAL A,2,2075,2
68006013,21.57976147,-158.1571858,642.4786377,115.0745301,17.13274198,12.08200895,7.706687908,0.797120628,0,24.85174798,23.77798783,22.43518536,21.15346497,921.407655439,90.5649493428,167.512126893,292.12970451,448.318393978,0,0.558693461711,11.2445917075,28.7674846087,2034700,1721200,3755900,RESIDENTIAL A,1,2075,2
68006018,21.5795547,-158.159337,1883.526138,178.5758109,7.731098474,1.862943964,0,0,0,19.55082826,18.95375385,17.51574294,15.80787503,1120.9464083,125.400263973,245.590503332,437.574737316,680.635718749,72.5701542671,88.3001550276,113.145791225,150.159727386,824900,1544800,2369700,RESIDENTIAL A,1,2030,1
68006019,21.57954663,-158.1591403,2928.418671,252.9436311,8.190398894,2.33289183,0,0,0,21.26807369,20.2677815,18.93334693,16.53685448,958.439360369,121.472834074,240.744065422,435.976692422,667.664078367,30.6700079776,46.5269865419,67.3297144618,106.199429568,1301000,1691900,2992900,RESIDENTIAL A,1,2030,1
68006020,21.58003719,-158.1566847,1994.132736,221.2900983,6.220491352,2.296215445,0,0,0,15.72148046,14.83410397,13.48502045,12.13593694,1087.96984872,122.628494347,218.625257355,383.601143983,598.621753845,0,0,0,0.07159766211,871600,1554000,2425600,RESIDENTIAL,1,2030,3
68006021,21.57981778,-158.1567049,2274.021576,252.67324,20.17709395,16.18318045,13.02146847,7.724986212,0.964602717,30.9426002,30.03602776,28.70728713,27.3870133,696.790113207,0,0,0,0,0,0,0,0,346000,687500,1033500,RESIDENTIAL,1,2100,1
68006031,21.58014627,-158.156408,2523.194077,233.8488253,10.50385179,6.609873194,3.580622334,0,0,16.56613397,15.7840515,14.39876318,13.01979485,881.554642956,91.0295053331,164.040856177,291.087279832,458.066177929,0,0,0,0,1003100,1524200,2527300,RESIDENTIAL A,1,2050,1
68009010,21.5809299,-158.1750961,2190.809586,287.4760089,8.062208521,1.195832971,0,0,0,13.73199487,12.92562269,11.75291767,9.430345834,1181.24868919,158.972708095,306.220428094,508.69813695,736.631947598,45.2920764447,62.8252709763,84.5176131899,111.220051493,502100,1578300,2080400,RESIDENTIAL A,1,2030,1
68009011,21.58094326,-158.1752429,1669.838669,179.169693,2.35926571,0,0,0,0,9.153535906,8.546472709,7.245612912,5.031640204,490.258809333,152.143413655,257.413624401,310.992801219,354.44943254,0,0.140794251817,4.78184627142,44.4752107889,1296400,1061600,2358000,RESIDENTIAL,1,2024,2
68009012,21.58068284,-158.1755626,2480.602158,241.4615065,11.90377059,6.15122108,0.907648802,0,0,19.80708582,19.21968981,18.1759128,16.53673288,1068.23359542,161.844040935,307.016279601,527.911242859,793.421769741,0,0,0,10.0881844615,1356500,1557100,2913600,RESIDENTIAL A,1,2050,1
68009013,21.58051088,-158.1757722,2778.362915,236.0774351,14.88423154,9.207373483,4.057639434,0,0,23.67620138,22.90341006,21.57337959,20.25491244,1024.31274815,136.137070832,259.615488007,451.054806705,684.4104109,0,0,0,2.37505653645,1504500,1470600,2975100,RESIDENTIAL A,1,2050,3
68009014,21.58032628,-158.1758264,2174.832962,201.7396544,33.14585293,27.52716751,22.4722011,14.55439502,4.79440828,41.93495128,41.33255569,40.07436258,38.77511841,704.36466128,0,0,0,0,0,0,0,0,636000,621200,1257200,RESIDENTIAL A,1,2100,1
68009020,21.58047701,-158.176164,2491.372757,215.5963085,5.931800473,0.484494728,0,0,0,13.19563317,12.22849551,11.26704855,10.04367246,7393.73392038,292.859512715,605.166721764,1090.49434707,1682.36592426,7.47567527077,18.9935051536,51.7620346952,110.593971651,1098900,3322700,4421600,RESIDENTIAL,1,2024,4
68009023,21.58076064,-158.1753696,1677.247574,210.5944511,12.66599205,6.812146234,1.340456373,0,0,21.28851839,20.1905162,19.09066635,17.40389565,459.790843282,0.0301544423179,33.5713136108,183.80555846,377.794177964,0,0,0,0,0,358700,358700,RESIDENTIAL,1,2050,1
68010005,21.57983068,-158.1775646,2676.738358,237.0502631,30.74546609,23.70334748,16.41590686,5.603451206,0,37.90913334,36.95642124,35.42348009,33.2319279,649.471072625,0,0,0,197.798747932,0,0,0,0,441000,583600,1024600,RESIDENTIAL A,1,2075,1
68010007,21.57972434,-158.177851,1298.069229,138.4662708,41.60132031,33.98209717,26.05161798,14.47976669,1.138431709,45.4779769,44.4985163,42.98957461,41.99973373,615.322800694,0,0,0,96.4578955279,0,0,0,0,320600,613100,933700,RESIDENTIAL,1,2100,1
68010008,21.58016905,-158.1770167,5855.347137,344.9207876,5.610972734,0,0,0,0,16.39151222,15.44329796,14.1836279,12.63334324,5808.47111694,474.01900268,898.931845009,1564.03492969,2367.61901857,902.300662609,1059.90735982,1317.32811727,1614.76857603,1292800,1381700,2674500,RESIDENTIAL A,1,2024,1
68010009,21.58021115,-158.1772834,2618.668732,229.3179399,0,0,0,0,0,8.837021996,7.671496402,5.883499771,2.721263437,960.11783892,142.433632064,265.296285931,421.06454166,443.245057721,246.01702375,273.841174368,319.900516278,393.661884741,720900,879800,1600700,RESIDENTIAL A,1,2024,1
68010010,21.58017122,-158.1774501,2732.390945,230.9472008,0,0,0,0,0,8.806980571,7.553508099,5.653696819,2.816741496,731.459646596,123.813796822,247.803266033,385.933249686,385.933249675,161.945411052,180.900814429,215.812092073,263.101614613,563100,800200,1363300,RESIDENTIAL A,1,2024,1
68010011,21.58011247,-158.1776158,2660.894104,226.7106702,0.516885302,0,0,0,0,9.695553638,8.434941296,6.844596044,4.692151655,725.462968562,132.874772107,269.85243033,406.74093623,406.740936215,168.034040141,186.867862617,214.094310464,246.307068885,559200,875000,1434200,RESIDENTIAL,1,2024,1
68010013,21.58006276,-158.177821,2608.851593,231.4290796,1.94707051,0,0,0,0,7.720426968,6.773664508,5.503921352,3.897381647,729.202928176,138.976957531,284.614445818,483.979474727,483.979474889,164.920023874,182.440697063,206.80557141,225.536123922,688100,804000,1492100,RESIDENTIAL A,1,2024,1
68010014,21.58001235,-158.1779895,2543.47821,237.5520073,4.118406788,0,0,0,0,8.687122605,8.001942114,6.18417099,5.218983043,872.578177819,159.171376614,327.196590113,572.838649697,606.279796143,160.556875987,178.379330518,210.411551483,226.638017504,447100,1124300,1571400,RESIDENTIAL A,1,2024,1
68010015,21.57998159,-158.1782622,2572.763168,273.6195112,1.696494659,0,0,0,0,4.385530171,3.906593713,3.385254913,3.384862959,1021.19601786,221.441731037,479.182065837,689.231867356,726.156262333,185.791139481,199.853184847,226.854508295,239.705248407,426300,1065000,1491300,RESIDENTIAL,1,2024,1
68010016,21.57979201,-158.1782008,2178.170105,198.845213,23.06730228,15.34282212,7.226533784,0,0,27.38486702,26.40490742,24.9615532,24.84549425,559.220672,0,0,34.899492282,333.495526613,0,0,0,0,467000,615100,1082100,RESIDENTIAL A,1,2075,1
68010017,21.57978997,-158.1783635,1867.669632,176.1897615,25.23790834,17.31503495,9.010384891,0,0,28.39217556,27.72321218,27.39953951,27.29130341,566.429473237,0,6.30031798693,201.574545834,481.348665496,0,0,0,0,306600,611900,918500,RESIDENTIAL,1,2075,1
68010018,21.57994603,-158.178525,3682.951996,275.4810366,2.803757462,0,0,0,0,7.303121309,6.976682924,6.392755279,5.513592272,1039.59858125,152.717083901,312.62824309,542.337255831,784.416970712,162.384733917,167.507149097,181.515859232,201.637621855,727900,1087800,1815700,RESIDENTIAL,1,2024,1
68010019,21.57988621,-158.1787162,3339.276627,278.5466904,6.815097515,0,0,0,0,10.34007924,10.32102673,9.683982757,9.076931497,984.089494916,158.530115433,325.059697934,563.892266092,719.458188589,187.510061341,193.019752022,201.765373102,213.110697046,541100,995400,1536500,RESIDENTIAL A,1,2030,1
68010020,21.5798893,-158.1788814,2575.807388,224.3729504,9.290165084,0.838375525,0,0,0,13.35180357,12.57547147,12.575444,11.57509849,930.049711816,159.333308717,327.646505646,569.165326197,648.475425616,205.341788348,220.351137902,220.611107644,239.36385358,491100,978400,1469500,RESIDENTIAL,1,2030,1
68010021,21.57992808,-158.1790433,3022.8004,233.8030226,4.380942115,0,0,0,0,7.326920645,7.165792047,6.511319164,6.165410967,876.950344123,165.34347776,339.791670481,588.623538045,616.257555261,183.863158301,192.497193421,201.502685857,210.559269381,860100,1189900,2050000,RESIDENTIAL A,1,2024,1
68010022,21.57988685,-158.1792871,644.0677643,105.7339162,16.93110763,8.197278744,0,0,0,20.77168598,19.87956181,19.77438474,19.71086006,851.926733305,174.979777469,359.623107893,589.285692125,589.344499569,170.081406475,174.455347534,189.427247836,198.640925355,446600,957600,1404200,RESIDENTIAL,1,2050,2
68010023,21.57996944,-158.1794017,2982.027985,248.425622,0.2426942,0,0,0,0,2.97804306,2.851916145,2.85189815,2.187334422,783.247638835,168.585233198,349.01088585,503.208633817,503.20863374,222.753334512,229.757691672,232.797009701,237.719068852,465000,810300,1275300,RESIDENTIAL,1,2024,1
68010024,21.58000565,-158.1797523,2069.962936,182.0084494,3.293981668,0,0,0,0,6.316647183,6.316647183,6.05026813,5.687746955,738.888414844,164.785677265,339.730055502,445.981473357,445.981473349,225.837064817,233.842040628,245.806833409,252.892212991,472300,1030000,1502300,RESIDENTIAL,1,2024,2
68010026,21.58002835,-158.1799852,2410.028931,211.9733879,4.315662397,0,0,0,0,7.150158562,7.113893462,6.502027653,6.113625801,748.696620658,175.459520441,361.730423385,453.050244705,453.050244715,229.985485982,232.987352195,239.991707694,246.830093167,699900,950200,1650100,RESIDENTIAL,1,2024,1
68010027,21.58008443,-158.1801646,2901.561981,228.2654831,0,0,0,0,0,2.475121135,2.426427198,1.646322538,1.487434831,687.686096601,158.979177532,330.508312846,415.474109706,415.474109794,207.550813763,210.55268087,217.272740702,226.444316324,486000,862300,1348300,RESIDENTIAL,1,2024,1
68010028,21.58012767,-158.1803412,2552.839874,227.7064635,0,0,0,0,0,2.414978763,2.142754242,1.835782771,1.154343024,743.450981114,167.352922431,346.440358262,446.116077508,446.116077425,223.971480525,228.974593339,234.262000811,244.717441866,487500,946900,1434400,RESIDENTIAL,1,2024,1
68010029,21.58013979,-158.1805125,2405.891998,203.9647624,2.653587626,0,0,0,0,5.810031861,5.810031861,5.414430667,4.872669034,741.757563805,165.494088068,348.258682233,453.520701726,453.520701812,229.554247432,231.55549269,236.558604313,248.387138317,549900,947900,1497800,RESIDENTIAL,2,2024,1
68010030,21.58020701,-158.1806813,1777.5569,172.5170054,0,0,0,0,0,3.625270048,3.483650655,3.342031325,2.493468988,695.605905557,158.026591632,347.069562722,430.358505502,430.358505447,194.657012341,197.65888048,201.661370491,209.061141882,443700,801100,1244800,RESIDENTIAL A,1,2024,2
68011039,21.58344158,-158.1393973,1720.142639,179.434148,16.81423326,13.57546015,11.51786755,7.162146698,0.813502602,50.45965973,26.59325786,25.30379791,22.78443639,930.575279542,13.9520291919,53.0286920286,148.131142017,283.306492567,0,0,0,0,1154300,1120000,2274300,RESIDENTIAL,2,2100,1
68011040,21.58348962,-158.1393124,1457.125092,161.2743196,17.30859522,13.68156029,11.17053709,6.392455729,0,56.87466522,26.18128531,24.90347848,22.30801592,930.552585194,0,19.6998120303,136.674329767,295.191571358,0,0,0,0,1232100,1120000,2352100,RESIDENTIAL A,2,2100,2
68011041,21.58354181,-158.1390947,1418.286835,161.9502693,19.18789514,15.13421368,12.03632686,6.527921428,0,37.91028967,29.09443879,25.55820844,23.66388702,931.160865054,0,40.2451603311,177.64655095,356.489090912,0,0,0,0,1151500,1120000,2271500,RESIDENTIAL,2,2100,3
68011048,21.58364462,-158.1362594,2192.241379,204.0323939,13.76373941,7.050455673,0.377633297,0,0,23.10114803,22.56769318,21.5892319,20.09650264,979.688761504,73.7632662759,258.733011223,542.326850828,863.177589699,0,0,0,0,1178100,1125800,2303900,RESIDENTIAL,2,2050,1
68011049,21.58362499,-158.1361141,1853.321487,188.6652512,16.0150092,9.419901824,2.910860379,0,0,26.16659385,25.16629085,24.16598019,22.77903217,1133.97815684,28.226817156,201.949956108,463.516682919,773.368908719,0,0,0,0,937500,1127900,2065400,RESIDENTIAL,2,2050,2
68011075,21.58363102,-158.1387954,1417.741226,161.8369453,14.22302457,9.523469123,5.579194037,0,0,23.44215588,22.45774254,21.44161687,19.44162035,934.895896538,1.1214799171,97.52840332,260.552989835,463.38112021,0,0,0,0,1154600,1120100,2274700,RESIDENTIAL,2,2050,1
68012040,21.58281699,-158.1430077,3083.34552,254.1470301,2.538474763,0,0,0,0,16.17069685,15.17042563,11.8149606,9.277663104,770.816912344,38.8330747739,82.5896959104,179.345512713,329.152993437,0,0,0,0,1686400,1343300,3029700,RESIDENTIAL A,1,2024,1
68012041,21.58274185,-158.1427665,3160.998627,265.927047,8.616591309,6.012781494,4.876011522,1.855729505,0,32.63959958,29.23716279,22.20547585,16.04640803,805.260420492,7.47993192872,31.0729288192,97.6114690949,200.466790804,0,0,0,0,1218000,1222100,2440100,RESIDENTIAL,1,2030,1
68012042,21.58273367,-158.1425704,2509.974716,226.473395,8.216222712,5.965963805,5.17184006,2.694267084,0,44.5242465,40.77951467,32.6132989,17.00316163,817.982072047,10.1505931021,23.1469213194,72.7629251271,155.862880188,0,0,0,0,1136600,1291900,2428500,RESIDENTIAL,1,2030,1
68012043,21.58280397,-158.1423717,817.9337463,114.5903391,8.004819944,5.589415075,4.712405582,2.076105453,0,27.1414865,24.32431756,19.02878051,16.8891411,806.477585428,44.5710803897,60.3301396017,109.189274716,190.91790292,0,0,0,0,1033100,1428300,2461400,RESIDENTIAL A,1,2030,2
68012045,21.58272768,-158.1420219,3690.819153,266.1219472,8.579891621,6.007569997,4.964472831,2.113389121,0,19.49247963,19.29779709,18.29743049,16.30389658,796.22140023,50.8683595258,71.3176108475,127.338022546,218.395547588,0,0,0,0,1022800,1285700,2308500,RESIDENTIAL,1,2030,1
68012046,21.58276195,-158.1418587,2396.012375,235.476606,7.271031435,4.590798555,3.439683199,0.431171271,0,17.50270855,16.74888117,15.51034936,14.33342211,807.434212806,53.7682915932,77.0265497935,137.753645897,235.233909241,0,0,0,0,1080400,1288600,2369000,RESIDENTIAL A,1,2030,1
68012047,21.58276388,-158.1416605,1970.469788,204.0240104,13.42473641,10.70758506,9.558784691,6.546770977,1.676639492,20.29833233,19.84169014,18.87545548,17.45921613,842.543779779,27.0227527397,50.0638569952,110.983405222,210.073608846,0,0,0,0,1145400,1298200,2443600,RESIDENTIAL,1,2100,1
68012049,21.58281531,-158.1412411,2989.655746,247.5494269,11.63951658,9.104917806,8.196679613,5.46905965,0.873402683,22.77141503,22.09976277,20.75513487,19.09800463,824.295881199,44.3508509372,60.6346559246,108.928783552,191.536017202,0,0,0,0,1107000,1301000,2408000,RESIDENTIAL,1,2075,1
68012050,21.58286169,-158.1410641,2437.483109,242.024228,13.67383484,11.16147642,10.28399469,7.611173935,3.082423009,23.84442774,22.86807623,21.89182202,20.15717919,910.029738789,45.7767874569,63.0446819709,115.861960417,206.254422013,0,0,0,0,914900,1315700,2230600,RESIDENTIAL A,1,2100,1
68012051,21.5829354,-158.1409121,2094.917175,200.7113014,12.97555748,10.37676426,9.368779884,6.51971033,1.819638,21.02609905,20.2550895,19.39525163,18.11055039,869.491064,34.6811296763,51.9951522866,102.791523452,188.480042551,0,0,0,0,991700,1314500,2306200,RESIDENTIAL A,1,2100,1
68012052,21.5830074,-158.1407266,2539.015549,261.3312974,11.75513856,9.0416218,7.874585661,4.823275122,0,19.71531417,19.07516171,17.81983774,16.55203786,864.601006693,30.7240128075,50.4780250637,104.222077824,192.600441079,0,0,0,0,940800,1301800,2242600,RESIDENTIAL A,1,2075,1
84001007,0,0,1191.142334,125.7354852,20.44409586,15.61875611,11.57252592,5.120632328,0,32.88452534,30.88389269,27.88293595,25.88229844,2632.5989699,143.330200188,261.676216351,444.007837711,659.871656275,3.0135890372,25.3417011645,105.046269751,230.32864204,338700,1087200,1425900,RESIDENTIAL A,2,2075,2
84001014,21.47877289,-158.2243112,3607.913757,290.3682812,15.54329514,11.5138305,8.333722042,2.905960119,0,27.391195,26.69634289,23.98390103,21.80225967,1858.70169374,95.4323268471,172.082374846,289.032022735,425.916772382,42.2248961279,66.5435572796,119.246612271,169.508195829,1149300,1126800,2276100,RESIDENTIAL,1,2075,3
84001015,21.47879368,-158.2240816,6045.228775,426.8579379,17.50703474,13.55545153,10.33261918,5.071742737,0,22.58355174,20.64491834,18.58229715,15.66305788,1695.13981008,73.8881440588,132.662317043,228.166277019,348.489000499,57.1284276593,76.7856449524,127.71541697,188.47601153,1051000,1146600,2197600,RESIDENTIAL,1,2075,1
84001017,21.47850226,-158.223869,2378.644073,208.4703534,4.372866673,0.467170932,0,0,0,6.609436681,6.38982813,5.639943148,4.526153859,1172.89917987,79.5900638708,144.588526598,250.463241183,382.765903328,105.354018939,120.2206848,132.849177651,147.841013812,422400,943800,1366200,RESIDENTIAL,1,2024,1
84003004,21.46114836,-158.2097191,2450.780869,211.3424823,5.754284359,0,0,0,0,23.50577761,22.81185726,21.83118859,19.87106066,1757.18507314,114.814816683,230.621193404,396.419870625,586.351077059,11.4257833176,20.9528228743,42.2324630201,70.172394102,323500,1188200,1511700,RESIDENTIAL A,1,2024,1
84006010,21.468394,-158.21735,231.5641632,60.87393351,3.459059936,0.079672865,0,0,0,33.94413787,32.84990513,32.84706789,28.54576891,1297.43073005,10.1618274098,39.7321594063,102.469936381,205.681655391,0,0,0,0,495000,1123200,1618200,RESIDENTIAL,1,2024,3
84008019,21.47558795,-158.2194204,3059.300247,227.2006655,16.17266954,12.61600793,9.518705125,4.211746091,0,39.92757456,38.19245314,34.56435967,32.08616064,1258.02207171,83.3860093636,159.858114378,286.691172227,445.46837499,0,0,0,0,689100,1120600,1809700,RESIDENTIAL,1,2075,1
84009005,21.4786797,-158.2251539,521.1619873,93.25764529,29.36514057,24.43808367,20.20114951,13.50407259,5.297186169,39.64407157,38.44014249,35.77229231,33.3414386,1548.29907961,148.332808901,293.312925897,520.759506862,774.670228898,2.67967085786,9.23334000731,67.0089517047,133.441575301,561800,1188400,1750200,RESIDENTIAL,1,2100,2
84009006,21.47849862,-158.2252142,2245.602219,189.5603876,7.60571532,2.549842315,0,0,0,16.23872822,16.23870003,14.23802965,11.23709685,1060.94613954,85.3376408724,154.530699937,254.050844656,359.701442994,120.743778633,145.395085478,201.146309706,264.710599818,416500,1048900,1465400,RESIDENTIAL,1,2030,1
87001021,21.42811891,-158.1786415,3256.313675,265.1516823,68.94875993,54.75248971,38.17625362,19.10808725,0,35.27292275,35.27288053,34.71164606,34.27259712,3797.06586001,0,0,0,606.548149674,0,0,0,0,51300,571300,622600,RESIDENTIAL,1,2100,4
87008007,21.38443015,-158.1482785,1049.791656,138.2331111,49.08555392,40.02226539,29.97202519,15.66111441,0,117.9351449,117.3502233,117.3502233,117.293897,937.82690976,0,0,0,0,0,0,0,0,6600,739400,746000,RESIDENTIAL,1,2100,2
87008066,21.38497105,-158.1488226,2204.746193,219.4394484,50.40181749,42.1053834,32.67707146,19.16835943,3.975598707,116.9440611,116.9440611,116.9440611,116.9439907,473.82312715,0,0,0,0,0,0,0,0,45200,424900,470100,RESIDENTIAL,1,2100,1
87008085,21.38512816,-158.1490305,1475.46505,173.9721147,48.35371929,40.1771033,31.11833981,18.07400145,3.257408708,120.0811639,120.0706596,120.0706596,120.0706596,469.777007428,0,0,0,0,0,0,0,0,17600,382400,400000,RESIDENTIAL,1,2100,2
87008086,21.38506618,-158.1489456,1530.169792,191.8513953,48.88510896,40.6894253,31.56910138,18.42352078,3.54488553,119.6015761,119.58718,119.58718,118.9078653,462.97496702,0,0,0,0,0,0,0,0,13200,424900,438100,RESIDENTIAL,1,2100,1
87011007,21.42488256,-158.177663,1024.68544,131.7457807,121.3130473,102.0272983,77.40331362,42.95540233,5.213687879,142.6857055,141.3371139,139.3637108,137.0038246,466.006657302,0,0,0,0,0,0,0,0,182000,455000,637000,RESIDENTIAL,1,2100,2
87011008,21.42515011,-158.1777013,1522.771225,165.1013981,115.8062956,96.13744088,71.64775611,38.57540776,2.91006082,141.8551051,140.8758934,139.0744263,136.9622532,445.380584284,0,0,0,0,0,0,0,0,112800,455000,567800,RESIDENTIAL,1,2100,1
87011035,21.42580172,-158.1779567,3121.745407,246.9085585,99.13442411,81.41809382,59.10915616,28.16620489,0,130.2833958,129.5443216,128.3604238,127.1333889,480.686244292,0,0,0,25.264489947,0,0,0,0,116400,455000,571400,RESIDENTIAL,1,2100,2
87011036,21.42551616,-158.1779098,2427.413986,228.0429673,99.97279328,80.75223578,56.89841415,24.7998121,0,128.5223474,128.006175,126.5811684,125.134906,480.06894858,0,0,0,91.1909416017,0,0,0,0,53000,455000,508000,RESIDENTIAL,1,2100,1
87011041,21.42609461,-158.1782203,2962.825089,247.2222869,60.05770513,43.56725208,22.88475158,0,0,109.5263572,108.5758918,107.3145489,106.055917,453.860287248,0,0,18.8681816486,453.860287278,0,0,0,0,917800,455000,1372800,RESIDENTIAL A,1,2075,1
87011042,21.42623468,-158.1782145,1244.237335,145.7623023,66.91315185,50.39527948,30.14885789,2.001263667,0,122.9582841,121.9961949,120.7613861,118.7741387,471.066039751,0,0,81.9433350172,471.066039719,0,0,0,0,2000,455000,457000,RESIDENTIAL,1,2075,1
87011045,21.42644515,-158.178061,3681.911514,303.3491174,77.35205309,60.54594389,40.23442991,12.40590184,0,141.4898881,140.5428233,139.1289096,137.0948443,474.64695573,0,0,0,390.184207861,0,0,0,0,162000,455000,617000,RESIDENTIAL,1,2100,1
87011046,21.42613565,-158.178007,1976.035645,199.570738,87.45533894,71.13919645,50.71286292,22.25425979,0,137.1615885,136.4726613,135.1730045,133.6086526,482.439928041,0,0,0,178.075298739,0,0,0,0,25700,455000,480700,RESIDENTIAL,1,2100,1
87011048,21.42649061,-158.1779271,2368.459946,223.1715611,93.61988102,76.5194485,55.56181369,27.25552039,0,159.3901889,158.4618748,156.9447155,154.2944695,453.61399655500003,0,0,0,1.34226143321,0,0,0,0,178000,455000,633000,RESIDENTIAL,1,2100,1
87011073,21.4268692,-158.1779828,3423.917755,259.2668686,92.20894165,75.05054772,53.97795806,25.13396067,0,164.5423021,162.5662151,159.3588105,154.6991215,460.319514501,0,0,0,54.9869053898,0,0,0,0,382800,455000,837800,RESIDENTIAL,1,2100,1
87011075,21.42711187,-158.178172,2530.8345639999998,317.8578636,78.862487,61.63154546,40.50649103,11.48397381,0,142.4317592,142.3622721,141.5138863,138.7469921,473.961645105,0,0,0,424.786226151,0,0,0,0,46900,455000,501900,RESIDENTIAL,1,2100,1
87011076,21.42686176,-158.1781336,2388.03566,292.8519464,76.66469995,59.44838025,38.29345306,9.326491823,0,148.1443955,146.1804587,142.9546185,138.3041678,476.74866771,0,0,0,476.748667789,0,0,0,0,35800,455000,490800,RESIDENTIAL,1,2100,1
87011078,21.42688873,-158.1784214,1110.58876,170.485668,46.72468167,29.52145314,8.383601184,0,0,118.3510831,116.3776241,113.3855572,108.9507882,489.976051144,0,0,265.665088337,489.97605107,0,0,0,0,0,457800,457800,RESIDENTIAL,2,2075,1
87011079,0,0,1449.286865,168.6050133,55.79655692,38.55759305,17.53090912,0,0,126.5383444,124.7514044,121.1058194,116.0741,550.679157309,0,0,245.722364164,550.679157277,0,0,0,0,311200,462400,773600,RESIDENTIAL,1,2075,1
87011080,21.42714172,-158.178413,2056.618866,196.0428461,54.1374444,37.15812321,16.236516,0,0,123.1056807,121.3953959,117.7675609,111.3553737,465.773564364,0,0,227.761488245,465.773564272,0,0,0,0,327300,455100,782400,RESIDENTIAL,1,2075,1
87011087,21.42749902,-158.1782286,3134.733414,263.1611087,80.67402861,62.99023649,41.34970978,11.75440458,0,100.811865,100.8118953,99.81160175,99.81160052,466.394359572,0,0,0,393.781989353,0,0,0,0,200000,448300,648300,RESIDENTIAL,1,2100,1
87011088,21.42777549,-158.1782757,2192.597168,214.1565712,85.64629376,68.39277026,47.34972212,18.65545692,0,72.65377784,72.65375552,71.65340829,70.9376613,474.859250453,0,0,0,165.370346822,0,0,0,0,29500,448300,477800,RESIDENTIAL,1,2100,1
87011089,21.42777325,-158.1781271,2142.538406,229.1342726,99.48926369,82.22475319,61.162357,32.44439733,2.354619071,73.1277675,73.12757856,72.12752285,72.12728623,458.38233426,0,0,0,0,0,0,0,0,9400,448300,457700,RESIDENTIAL,1,2100,1
87011090,21.42748914,-158.1780782,1925.552734,237.9478187,97.3635382,79.70104553,58.08523779,28.52076533,0,105.5459575,105.4974763,105.4870943,104.4868442,436.646754775,0,0,0,0,0,0,0,0,47500,448300,495800,RESIDENTIAL,1,2100,1
87011103,21.42482082,-158.1778193,1234.914825,151.7887581,105.0629081,85.33819526,59.87147805,24.85343059,0,123.8752381,122.4055197,120.43830319999999,118.1152145,486.353128846,0,0,0,254.627704329,0,0,0,0,40600,455000,495600,RESIDENTIAL,1,2100,2
87012044,0,0,2105.863663,223.5476383,105.709732,85.24188608,60.07341308,27.59180772,0,119.3558479,117.3018356,116.2818758,114.2813019,464.553865599,0,0,0,114.202826122,0,0,0,0,872700,455000,1327700,RESIDENTIAL,1,2100,1
87012078,21.42430085,-158.177714,1182.698441,138.1642175,119.0925412,97.82146169,70.91805382,35.44545009,0,132.5389639,130.5383231,128.5377385,126.0832018,1412.94391575,0,0,0,765.652755479,0,0,0,0,20600,437100,457700,RESIDENTIAL,3,2100,3
87023040,21.40740092,-158.1779544,930.8451691,123.8476654,13.88086254,7.76543696,2.339978756,0,0,96.80371058,92.95670378,65.98596352,62.66192907,1719.911438,255.620194539,490.259965031,892.275144374,1367.78055764,0,0,0,0,376300,1274500,1650800,RESIDENTIAL A,2,2050,2
87023041,21.4070033,-158.1782198,3772.173737,345.2799671,3.83356347,0,0,0,0,47.14374583,46.20132628,40.28027339,34.77782152,2203.3939986,233.53846565,440.025426004,810.692559728,1368.21915781,0,0,0,0,370700,1452700,1823400,RESIDENTIAL A,1,2024,1
87023043,21.40649463,-158.1780216,2865.874619,244.8309306,25.78168377,20.79253055,16.80714426,8.982090001,0,38.45317109,37.0080388,35.63750667,32.88512003,824.213888612,0,0,0,0,0,0,0,0,412700,649700,1062400,RESIDENTIAL,1,2100,3
87023044,0,0,2905.657898,252.1351367,17.7592983,12.80644836,8.802476552,0.967754134,0,30.4639148,28.99525176,27.6282819,24.87181605,818.877706851,3.52823027362,109.018185344,341.534020286,670.681416982,0,0,0,0,642000,991100,1633100,RESIDENTIAL A,1,2075,1
87023046,21.40618882,-158.1779624,1905.342926,196.1333211,24.88823086,20.07735944,16.40761715,9.104135247,0,40.79127307,39.48219415,37.55586088,35.59893482,1396.24781792,8.06620062324,120.739417821,344.219206441,662.492926229,0,0,0,0,488100,1109100,1597200,RESIDENTIAL,1,2100,4
87023051,21.40671053,-158.1782137,2829.702606,344.9333262,5.801230435,0.558000475,0,0,0,18.60410929,17.7287347,15.3996305,12.42199197,2177.58567375,182.491213053,327.657838353,590.495663227,943.187846532,0,0,0,18.1614691134,219700,1489000,1708700,RESIDENTIAL A,1,2024,2
87023054,21.40725557,-158.1777122,3826.708817,289.2913276,36.72895549,30.56843585,25.07486306,15.50849244,2.925579449,102.8655713,102.1261798,79.91810145,76.37151302,783.114661141,0,0,0,0,0,0,0,0,158800,614400,773200,RESIDENTIAL,1,2100,1
87023055,21.40741473,-158.1777551,2269.098282,211.642776,28.89643027,22.89143868,17.62855128,8.361304526,0,90.73905949,85.46867563,61.65226481,58.05541415,714.346599135,0,0,0,67.1279972711,0,0,0,0,49100,615900,665000,RESIDENTIAL,1,2100,1
87028001,21.41126274,-158.1769641,2994.176849,297.8825646,0,0,0,0,0,15.35114289,14.41867121,12.55372824,9.296535135,886.304818796,245.577329131,510.405042323,787.044012801,787.044012848,0,0,0,0,301400,884100,1185500,RESIDENTIAL A,1,2024,1
87028002,21.41152882,-158.1769164,3780.3302,268.1401103,0,0,0,0,0,16.25455721,16.23557514,14.23496352,10.23369446,875.835596239,242.224441867,513.405081465,838.397358655,838.397358642,0,0,0,0,396500,895500,1292000,RESIDENTIAL A,1,2024,1
87028004,21.4119577,-158.1768945,3061.281097,265.8113558,4.649236326,0,0,0,0,23.35938945,22.40158253,19.47281749,15.82037093,860.404038665,119.921879926,328.203857956,656.983738572,860.404038687,0,0,0,0,253200,937000,1190200,RESIDENTIAL,1,2024,1
87028005,21.4121682,-158.176832,3038.528015,250.5974818,11.33734718,2.818086497,0,0,0,29.17275315,29.02292912,25.03980153,22.37281864,862.566570226,111.404681199,280.708224327,551.89827345,860.325178454,0,0,0,0,275900,914000,1189900,RESIDENTIAL A,1,2030,1
87028006,21.41233012,-158.1768549,3491.469147,290.8494339,13.36343271,4.857615796,0,0,0,32.47216482,31.68561349,30.2885102,24.76772184,915.541183095,97.3931220622,266.332853792,531.798007283,860.206342608,0,0,0,0,970700,957200,1927900,RESIDENTIAL,1,2030,1
87028007,21.41250797,-158.1769084,3057.679321,291.0052664,11.98239807,3.303299194,0,0,0,32.06252982,31.53345251,30.31852869,25.2223556,1110.07121689,116.241749184,317.273357973,625.572258287,996.930799251,0,0,0,0,265500,1024900,1290400,RESIDENTIAL,2,2030,1
87028008,0,0,2145.296387,206.29906,21.96051696,12.8315567,2.619370816,0,0,44.81686949,43.93387364,42.47531822,39.12198412,1177.8329298,172.482169723,366.367412342,660.595254065,1012.17158368,0,0,0,0,679500,1035500,1715000,RESIDENTIAL,1,2050,1
87028009,21.41284838,-158.1767263,1039.312546,132.5275222,41.72681903,32.33133705,21.81318946,5.990776458,0,65.39833413,64.45034934,63.02029116,59.07184758,1082.23544797,96.9744462983,291.659710222,580.863016402,918.945508406,0,0,0,0,538800,1077200,1616000,RESIDENTIAL A,1,2075,2
87028010,21.41320023,-158.1766767,199.1517029,64.21233957,60.2140614,49.73990957,37.72169766,20.07667981,0,85.56339365,84.61060395,83.0267456,76.66617045,1399.40047741,127.621053865,383.679244201,753.858543857,1173.91398602,0,0,0,0,990500,1138200,2128700,RESIDENTIAL A,1,2100,3
87028011,21.41320729,-158.1769233,2463.255753,242.4580343,26.11154133,15.52370523,3.391395605,0,0,51.62891456,50.67381869,49.14591544,42.57800628,1369.01959354,195.131110214,418.225752806,748.23608638,1135.13812226,0,0,0,0,570700,1154700,1725400,RESIDENTIAL A,1,2050,1
87028012,21.41338969,-158.1769114,5407.838486,379.8850415,25.27587347,14.17569713,1.354863025,0,0,51.94995197,50.9610599,49.26574607,41.82975446,1666.25313094,236.917653822,511.359992137,908.345610787,1362.06397493,0,0,0,0,922100,1201500,2123600,RESIDENTIAL A,1,2050,1
87028013,21.41357577,-158.1767551,463.0967102,90.37527229,61.49275217,50.10940525,36.85519407,17.66636426,0,87.10853621,86.138720180000007,84.47138872,76.58361919,1524.00942266,210.562000717,455.890964378,809.232864365,1211.56237281,0,0,0,0,296600,1206500,1503100,RESIDENTIAL A,1,2100,3
87028014,21.41373977,-158.1769746,4004.365891,357.7424884,30.58834752,18.81744638,5.060068878,0,0,57.45917572,55.94827457,53.58223919,44.42679649,1612.10217952,228.013425792,492.506534908,868.718040672,1290.73281537,0,0,0,0,529100,1232900,1762000,RESIDENTIAL,1,2050,1
87028015,21.41401616,-158.1772596,8154.730957,484.07283,11.8200272,0.140253307,0,0,0,39.03539226,37.7694236,33.4034329,25.34814689,2707.98476196,293.229374666,636.697412019,1130.55886742,1692.36329119,0,0,1.38378882943,177.048912689,1337200,1421200,2758400,RESIDENTIAL A,1,2030,1
87028016,21.41411312,-158.1768912,1674.852234,168.6469953,59.30780424,47.60720476,33.95717943,14.4455133,0,85.97187109,84.67489956,79.86881925,72.53688179,2762.29837463,285.474375804,619.100600792,1098.04886385,1641.78613208,0,0,3.44561404996,130.140648974,116400,1484200,1600600,RESIDENTIAL A,1,2100,1
91006003,0,0,627.4649048,108.3836728,20.0000851,16.38246192,14.07599901,10.55653909,6.093180655,27.30458494,26.32188803,24.99668225,15.05726126,1161.27687926,55.336692215,91.2272822399,145.445709206,214.023753103,0,0,0,208.153206979,216500,1460900,1677400,RESIDENTIAL,1,2100,3
91006005,0,0,1913.472839,186.1918059,9.692273608,6.08526474,3.549467735,0,0,16.39816545,15.84674477,14.3406639,12.82766011,1161.27509993,55.2185775893,93.6852426218,149.076155122,218.788505866,0,0,0,5.48462916347,426700,1328100,1754800,RESIDENTIAL,1,2030,2
91006006,0,0,2088.905937,209.8289775,2.697265707,0,0,0,0,9.297958284,8.575302222,7.128043113,5.127562838,1161.27036341,53.8020644707,92.5829704576,147.396544733,216.492163407,0,0,0,32.8393822189,232700,1328100,1560800,RESIDENTIAL,1,2024,2
91006007,0,0,2029.0763240000001,200.4185282,9.183352722,5.697356034,3.156890704,0,0,15.1815843,14.22729555,12.58122819,11.38490849,1007.01601152,106.217971377,183.501481384,291.003562473,427.034506795,0,0,0,0,303100,1269700,1572800,RESIDENTIAL A,1,2030,2
91006009,0,0,1465.013412,157.3074052,0,0,0,0,0,3.050351563,2.346064432,0.951155795,0,1161.28078857,51.9289867542,90.934080762,144.853634184,213.039610353,0,0,0,103.940496732,202700,1328100,1530800,RESIDENTIAL A,1,2024,3
91006012,0,0,636.4088287,107.2277332,0,0,0,0,0,3.293561958,2.336528947,1.37949593,0.131618376,1272.32393918,48.504816702,94.800887307,158.838528906,238.528934448,0,0,0,473.611620269,266700,1435600,1702300,RESIDENTIAL,1,2024,3
91006042,0,0,1208.691925,144.9171954,14.76833436,11.19975232,8.528487449,4.857265349,0.249245181,19.35909901,18.39858149,16.75644876,15.23778828,638.678511978,51.1160516552,95.2301456201,155.928964146,232.327923955,0,0,0,0,91700,1140800,1232500,RESIDENTIAL A,1,2075,1
91007009,0,0,5232.033638,358.6586347,5.736726281,1.545555989,0,0,0,16.89671978,16.11502973,14.4596133,12.39645771,1734.17081335,100.96628384,172.180117826,279.188028,408.797217616,0,0,0,0,196500,1458700,1655200,RESIDENTIAL,1,2024,1
91007011,0,0,4627.655876,331.6115674,7.328226923,2.995286429,0,0,0,19.68205173,18.70278828,17.27837293,15.31577185,1434.75636836,98.8638971426,170.675078703,277.197014659,405.374864739,0,0,0,0,594400,1425200,2019600,RESIDENTIAL,1,2030,1
91007013,0,0,2962.399574,237.6176955,24.6713157,19.96210587,16.30452679,10.97060691,4.691670668,35.78589697,34.74869359,33.3939387,31.52256873,511.949694268,0,0,0,0,0,0,0,0,177400,615200,792600,RESIDENTIAL,1,2100,1
91007015,0,0,1120.870514,135.2760748,9.594298855,4.540910598,0.417511318,0,0,17.92216222,16.92940021,15.47932935,14.09477903,1399.55899368,114.865889516,208.652762107,342.157194361,497.127455906,0,0.129338771358,17.5839705101,54.94928973,187400,1410600,1598000,RESIDENTIAL,1,2030,2
91007050,0,0,1873.02285,173.3326731,6.38647147,2.54997647,0,0,0,10.06577242,9.218531839,7.977225178,6.622281028,1394.03862841,47.0243111909,98.7040480091,171.111592896,260.710529082,0,0,0,160.743446617,460400,1406300,1866700,RESIDENTIAL,1,2030,3
91007052,0,0,2079.51918,202.9096487,0,0,0,0,0,3.065002915,2.275487973,0.975780968,0,465.504379897,46.9104208491,105.065764156,187.582940373,289.088870932,0,0,0,0,106400,1028100,1134500,RESIDENTIAL A,1,2024,1
91007053,0,0,1635.975815,177.7995666,12.44065785,8.257055543,5.112332576,0.576609334,0,17.30459619,16.61150102,15.23986307,12.75352497,582.646601392,43.1611965425,92.2506825199,162.803842353,248.344768698,0,0,0,0,125900,1132500,1258400,RESIDENTIAL,1,2050,1
91007064,0,0,1113.887253,133.5010532,0,0,0,0,0,3.651940333,2.968393975,1.323605183,0,492.089370449,39.4394124248,84.9833250706,150.072557051,229.584321783,0,0,0,0,207800,1069200,1277000,RESIDENTIAL A,1,2024,2
91007070,0,0,3134.021179,304.5226902,0,0,0,0,0,2.246958078,1.246703556,0,0,789.604037373,71.3974734546,138.822818569,236.72105511,354.371742072,0,0,0,0,190000,1253800,1443800,RESIDENTIAL A,1,2024,1
91007072,0,0,2709.835152,208.348214,6.561580921,1.737485616,0,0,0,15.5447108,14.57664853,13.36831935,11.67406594,1423.92288245,111.488023662,199.7000805,327.4183252,476.727399945,0,0.137780644798,16.4730918318,60.9990118845,436800,1345700,1782500,RESIDENTIAL A,1,2030,2
91007078,0,0,2842.713493,231.8821762,9.879914528,5.411594693,2.115190578,0,0,6.753482619,6.753482619,6.753482619,6.753482619,963.583837518,89.5051523852,155.927738709,253.91458574,381.877012771,0,0,0,0,964800,1196600,2161400,RESIDENTIAL A,1,2030,1
91007080,21.31036479,-158.0069176,1468.651924,156.0371176,10.80140885,6.149463598,2.59819552,0,0,22.68707245,21.70633936,20.39942595,18.77679196,702.12558775,100.060494078,177.155608528,289.675562248,422.393705157,0,0,0,0,592600,1079800,1672400,RESIDENTIAL,1,2050,1
91023026,21.31231776,-157.9975727,234.1220932,62.89496671,1.725780768,1.882116785,47.76514179,176.4676947,160.0819745,94.29950719,79.24077862,56.75507224,30.99680149,1161.29678959,1.89190588329,0,0,0,0,0,0,0,150200,1314800,1465000,RESIDENTIAL A,1,2024,4
91023029,0,0,2039.30764,189.836323,5.249983115,5.453096672,87.33655841,130.4511836,114.0118111,50.51388019,36.40145238,18.63195122,14.40211387,1135.05260817,0,0,0,0,0,0,0,0,747700,1306100,2053800,RESIDENTIAL A,1,2024,2
91024009,0,0,1361.534851,185.2466406,8.316219482,6.692477089,7.162440512,6.999613064,5.809999167,21.86251497,21.00976573,19.40499015,17.73929,1158.86531341,24.6154657137,17.1810086385,19.397816894,35.9458619856,0,0,0,0,271200,1460900,1732100,RESIDENTIAL,1,2100,3
91024010,0,0,1584.178596,169.231883,7.065110108,5.320473457,5.637092134,5.263740609,3.789442057,20.21268044,19.29896081,17.90580824,16.24532072,1159.08494894,27.1889096238,23.2023312028,29.7349441053,50.6038853774,0,0,0,0,212400,1328200,1540600,RESIDENTIAL,1,2030,2
91024013,0,0,3158.240387,266.1681412,3.080474846,0.444599957,0,0,0,12.47445834,11.52095443,10.06803881,8.691826643,659.815445097,29.3547662285,39.1142021828,61.8965037759,97.5966323156,0,0,0,0,125900,1125400,1251300,RESIDENTIAL A,1,2024,1
91024020,0,0,1133.817482,135.9703011,8.394719148,5.643019062,4.571817781,2.492650773,0,20.1151335,19.25083936,17.64481828,14.8842783,1161.28082332,43.0113473187,59.8740984976,92.503740271,139.549157541,0,0,0,14.3417053586,225400,1328100,1553500,RESIDENTIAL A,1,2030,2
91024022,0,0,2040.694176,204.9769612,5.992826899,3.195257812,2.117371215,0.016449223,0,18.61319723,17.64795386,16.33651537,14.40602879,1161.27713069,42.5536365591,59.0287804633,91.1032582973,137.504408789,0,0,0,111.15180101,235800,1328100,1563900,RESIDENTIAL A,1,2024,2
91024024,0,0,964.2464752,127.0040798,10.89617621,8.00506228,6.784307346,4.525515043,1.325320828,23.41242455,22.4261702,21.17658147,19.184254,692.750312134,43.5289647676,61.4909400683,95.2109171825,143.285803761,0,0,0,55.4834110664,91700,1125000,1216700,RESIDENTIAL A,1,2075,1
91024025,0,0,2171.633949,205.7447343,3.394120001,0.485563524,0,0,0,15.2384388,14.46317266,12.91271929,10.845755,697.50712679,44.5179566197,63.9667972747,99.3635096768,149.130405742,0,0,0,34.2390237153,109300,1136700,1246000,RESIDENTIAL A,1,2024,1
91024029,0,0,2899.812668,243.6876914,13.68379211,10.27845573,8.354575056,5.234368057,1.173042138,25.29316925,24.55493812,23.34132581,1.054479635,1161.27308426,51.3053670854,79.8911550991,126.616712843,187.759101742,0,0,0,349.84622637,173900,1261700,1435600,RESIDENTIAL,1,2075,3
91024095,0,0,1387.436523,171.7123689,8.158209008,5.347552878,4.246837509,2.120993738,0,20.92694231,20.12891656,18.41002469,16.54656096,697.47510384,42.8434933769,59.7911553122,92.3799107277,139.296451777,0,0,0,46.8669362525,101000,1125000,1226000,RESIDENTIAL A,1,2030,1
91025001,0,0,1257.007141,144.9507637,17.60782767,13.62541119,10.74237079,6.579024673,1.472642882,25.72128566,24.72261216,23.57530622,21.81754418,1172.02685031,65.3385011379,113.496123496,182.32515272,266.135998255,0,0.0138421507097,10.428303576,35.9345227451,191500,1302400,1493900,RESIDENTIAL,1,2100,3
91025003,0,0,1884.219376,191.1705967,2.854862915,0,0,0,0,11.0210663,10.0544516,8.830636728,7.033038084,663.704196239,60.8239385702,103.942769072,166.686229022,243.910657453,1.31154789983,8.65339368036,29.9135330823,54.4144405562,135300,1108800,1244100,RESIDENTIAL,1,2024,1
91025004,0,0,2025.761742,190.3835416,13.20461868,9.385307436,6.819754441,2.976504327,0,21.29316494,20.46513067,18.98318227,17.5260419,1123.42345272,58.7735183953,98.8749011627,158.499089476,232.60097337,8.6543583192,20.6011507182,42.5949339603,66.5817912544,415100,1249400,1664500,RESIDENTIAL,1,2075,3
91025005,21.309688,-158.0101192,413.6731796,81.61726267,0.439580367,0,0,0,0,8.570480767,7.952525642,6.593906845,4.815051454,1117.70180039,57.4526561691,95.32999124,152.64317945,224.244931644,17.0796671435,29.0013538189,48.9268381241,75.7692284584,440800,1315000,1755800,RESIDENTIAL A,1,2024,3
91025006,0,0,1574.073791,164.5365249,14.66624756,10.92696855,8.522829418,4.838060125,0.212304453,23.47603539,22.51206743,21.17560377,19.35308271,1115.33046658,56.4076177111,92.7443040703,148.415698241,218.315468009,13.4121774024,27.029550565,49.652137242,73.8870415826,282300,1314800,1597100,RESIDENTIAL A,1,2075,2
91025007,0,0,1514.711754,163.3246208,9.42839564,5.753779222,3.413433346,0,0,17.30693225,16.32136344,14.58889244,12.4024408,1355.85220573,67.4087085912,110.099232508,175.973679775,259.135824844,9.54106771242,28.1732302626,59.0190555632,99.8973617421,237300,1427800,1665100,RESIDENTIAL A,1,2030,2
91025010,0,0,1520.819916,159.6527243,12.81156243,9.33359451,7.250550426,3.992801526,0,21.86472971,20.89947845,19.14743539,10.4905538,1161.4357908,54.8178324563,87.8811087453,139.549482531,206.067061148,0,0,5.6905166424900004,419.307347168,389100,1248300,1637400,RESIDENTIAL,1,2075,3
91025011,0,0,1986.932014,188.2651325,8.77974628,5.319385902,3.256108634,0.025601827,0,18.47541656,17.48937127,16.25483044,11.8125463,1089.70310949,51.7753942649,82.7046653459,131.079058942,193.448472451,0,0,0.439150500613,65.9834199019,478800,1313800,1792600,RESIDENTIAL,1,2030,2
91025012,0,0,2416.144089,217.6818986,9.884514122,6.401002656,4.31595962,1.049490619,0,19.79660362,18.86490987,17.36055463,11.45641839,1122.53805777,52.6157054309,84.1117157777,133.455839209,197.190768077,0,0,0.836637807139,310.21095761,298800,1313600,1612400,RESIDENTIAL,1,2050,1
91025013,0,0,2354.452461,215.3814766,9.515755554,5.977642365,3.840877205,0.488048995,0,18.8226854,17.86015991,16.62534705,8.266848917,1133.13980298,53.8867607451,86.4103032745,137.424274003,202.988740805,0,0,4.9587492161,373.58379925,132800,1313400,1446200,RESIDENTIAL A,1,2030,1
91025016,0,0,1145.746376,135.411647,8.945151841,6.611374493,5.967746943,5.944457811,5.944453277,11.31658662,10.37133241,9.315834627,4.89103095,693.252701709,0,0,0,0,15.6586238982,29.5981159573,48.6388648704,116.577889881,85800,1011600,1097400,RESIDENTIAL A,1,2050,1
91025054,0,0,1395.871872,158.3765318,13.2516215,8.296706583,4.178957998,0,0,25.53346617,24.57072814,22.92828592,21.16186348,2041.74099783,153.509218295,281.142407403,459.96857002,667.725597825,0,0,4.23925812657,52.7899139487,146200,1542400,1688600,RESIDENTIAL A,1,2050,1
91025074,0,0,880.4577179,118.6931464,9.701796174,5.407872314,1.998842595,0,0,17.27648264,16.54995211,15.58443875,14.09172613,1587.69721671,137.472478606,246.582216248,400.22625218,582.648350541,0,0,0.0312088030837,7.32617515449,409800,589400,999200,RESIDENTIAL,3,2030,3
