tmk,year_tce,lat,long,shape_area,shape_length,near_line,near_ce05,near_ce11,near_ce20,near_ce32,near_pf05,near_pf11,near_pf20,near_pf32,area,sa_ce05,sa_ce11,sa_ce20,sa_ce32,sa_pf05,sa_pf11,sa_pf20,sa_pf32,building_value,land_value,total_value,land_class,n,point_count,percenthazard_ce05,landvalue_ce05,percenthazard_ce11,landvalue_ce11,percenthazard_ce20,landvalue_ce20,percenthazard_ce32,landvalue_ce32,public_costce,public_costce_discounted,discount_countywide,capped_discounted
31033065,2100,0,0,2360.81916,274.2175303,42.82677746,36.75594718,30.45408288,18.35366569,4.016113304,47.79938102,46.98874927,45.70305617,42.49815807,509.175722115,0,0,0,0,0,0,0,0,806900,2190300,2997200,RESIDENTIAL A,1,1,0,2190300,0,2190300,0,2190300,0,2190300,2997200,317019.98882917676,317019.98882917676,317019.98882917676
31033066,2030,0,0,4045.04443,289.9972043,6.903976239,0.09804878,0,0,0,10.81168779,10.7417403,9.741492998,9.741498734,836.41164561,175.286040327,359.355115718,573.978324851,655.795644597,95.0219560739,103.878297161,116.426389386,125.466359634,1038200,4916900,5955100,RESIDENTIAL A,2,1,0.20956910541239873,3886470.1839,0.42963906301892785,2804408.0009,0.6862390401467858,1542731.4608999998,0.7840584812980745,1061765.2197999998,4924670.1839000005,4124333.748375647,4124333.748375647,779700
31036002,2030,0,0,4865.299191,288.6441927,10.96565892,5.828235006,1.528720028,0,0,12.24683681,11.75142673,11.33662882,10.84125807,1678.63598392,126.689459349,232.651706283,411.857387362,644.827741177,145.232883823,154.236726089,161.239714279,177.2815856,5222600,6243800,11466400,RESIDENTIAL A,1,2,0.07547166899946411,5772567.9264,0.13859568632605201,5378434.2952000005,0.24535241190303722,4711871.1824,0.3841379235009483,3845319.1556,10995167.9264,9208280.03795306,9208280.03795306,779700
31036004,2030,0,0,3241.424938,309.0259162,6.71614425,1.604860792,0,0,0,9.427891311,8.632028814,8.111312395,7.650150613,2729.85223336,190.574371247,351.104571201,621.296277254,972.360997238,209.741825635,222.747378334,238.587758258,258.50169528,1429900,4303200,5733100,RESIDENTIAL,4,3,0.06981124066647161,4002789.3048,0.12861669467319406,3749735.3256,0.22759337287985226,3323821.8024000004,0.3561954692474996,2770421.676,5432689.3048,4549791.764223667,4549791.764223667,779700
31036005,2075,0,0,543.0462646,94.24726939,17.40008876,12.72060134,8.988593121,2.406594499,0,19.08954221,18.95547887,18.30549218,17.68827199,1358.06113854,85.4992496356,154.29748685,273.331650795,430.805419867,101.803283764,110.752303097,120.143856159,132.022350906,3556100,5741300,9297400,RESIDENTIAL A,1,2,0.06295684870823783,5379844.9759,0.11361600922906857,5088996.4592,0.20126608665707676,4585771.5142,0.31722093184268757,3920039.0727000004,8141871.5142,1803124.7913859615,1803124.7913859615,779700
31036008,2050,0,0,582.2241631,97.11206155,9.90900881,6.900437551,5.222261517,1.405611562,0,16.72055534,15.77685621,14.03409638,12.30380603,4504.8265145,238.79202996,392.487421921,695.377727265,1123.73892721,0.483547575835,21.3410558504,108.718659966,218.797785845,1359500,8628200,9987700,RESIDENTIAL,1,4,0.053008041306670396,8170836.3744,0.08712597935962092,7876459.4468,0.1543628206384284,7296325.1634,0.24945220944534557,6475878.2536,9235959.446800001,4282665.6983170025,4282665.6983170025,779700
31036009,2024,0,0,3836.641441,320.1324054,0,0,0,0,0,5.487386936,4.487233361,2.766883078,1.918663929,2410.79490566,183.30872223,337.352260366,573.865710381,857.36798701,0,1.00524116825,32.5370706371,72.8125177107,936900,5457500,6394400,RESIDENTIAL A,1,2,0.07603663082232033,5042528.0725,0.13993403568838367,4693810.195,0.23804003776252114,4158396.6999999997,0.3556370494217879,3516611.0725000002,5979428.0725,5979428.0725,5979428.0725,779700
31036021,2075,0,0,531.3582039,92.91676122,18.13965872,13.92290408,10.70290329,4.761690509,0,19.7158337,19.67745093,18.97696181,18.30441342,1669.469721,91.6224678449,162.140735515,289.747509897,461.791184638,140.436347892,144.438058079,151.883997936,161.373802454,2709600,6242500,8952100,RESIDENTIAL A,1,3,0.054881179749710476,5899905.3575,0.09712109987707887,5636222.1575,0.1735566127688997,5159070.4275,0.2766094999083844,4515768.3175,7868670.4275,1742620.8087815691,1742620.8087815691,779700
31037002,2024,0,0,1692.287418,189.1674509,4.751138641,0.432448367,0,0,0,10.62737666,9.627128811,8.184870395,6.362460231,485.011996831,113.71161928,196.322864978,349.007832389,419.24248483,0,0.0320321382576,7.07271724225,25.5424210773,687600,4974300,5661900,RESIDENTIAL,1,1,0.2344511476478431,3808070.3907000003,0.4047793998102025,2960807.8203,0.719585978634277,1394863.3602000002,0.8643961130225053,674534.9771999997,4495670.3907,4495670.3907,4495670.3907,779700
31037004,2024,0,0,6496.352314,499.8651811,1.606843772,0,0,0,0,4.233853546,4.220376863,3.23366364,3.23366347,1576.67775852,187.875371847,359.325633243,675.127271842,1085.1953263,90.083307679,97.6335910543,110.099567482,124.173976292,1280900,5574400,6855300,RESIDENTIAL,1,1,0.11915901701014375,4910160.0704,0.2279004896855352,4303994.24,0.4281961029727027,3187464.2176,0.6882797200860207,1737651.9679999999,6191060.0704,6191060.0704,6191060.0704,779700
31037005,2024,0,0,7043.891224,418.2628898,4.633603359,0.653035848,0,0,0,5.832245557,5.509288405,5.316912478,4.545170056,2377.26342121,168.578010587,283.566203023,505.498361288,814.388606818,214.79439823,227.205214469,245.233781731,266.776117733,3477700,7226200,10703900,RESIDENTIAL,1,3,0.0709126338641915,6713768.4794,0.11928261735448234,6364237.1854,0.21263876639750215,5689628.0582,0.342573986354228,4750691.7612000005,10191468.4794,10191468.4794,10191468.4794,779700
31037006,2050,0,0,4617.760162,288.6892813,12.69651077,7.976639757,4.255370966,0,0,13.9616929,13.73329378,12.96166606,12.020188,1327.74158183,121.847946617,219.023615485,383.726705188,593.844960779,111.860818997,119.990025764,130.391616124,146.79018492,3984100,5740200,9724300,RESIDENTIAL A,1,1,0.09177082971903266,5213416.1058,0.1649595211013306,4793296.608,0.289007070682472,4081242.0186,0.44725944333272677,3172843.8881999995,8777396.608,4070032.527766209,4070032.527766209,779700
31037009,2100,21.25621348,-157.8133875,1837.673641,234.9506645,23.83941177,18.69323305,14.24064146,6.849313216,0,25.41295101,25.28156937,25.18934092,24.42458151,2264.53705074,285.088496682,510.935433982,867.296132423,1312.4021722,140.102670453,155.562166697,168.567694649,187.343362136,5118200,6951000,12069200,RESIDENTIAL A,1,3,0.1258926174728912,6075917.757,0.22562467406529638,5382680.625,0.38299048016882176,4288836.510000001,0.579545462403071,2922582.705,8040782.705,850490.0718393626,850490.0718393626,779700
31037010,2050,0,0,2635.067482,206.0021108,10.85927955,7.103674662,4.690867874,0,0,13.17048011,12.3876989,12.18996179,11.40719969,1241.67451451,85.9377216026,142.78908079,253.989689707,410.525718688,54.2405622148,81.9374694875,99.9060126464,110.910800008,2989000,5649300,8638300,RESIDENTIAL,1,1,0.06921115042496742,5258306.2977,0.11499719058528686,4999647.4479,0.20455416193126225,4493713.0878,0.33062265021200427,3781511.4861,7988647.4479,3704293.700956291,3704293.700956291,779700
31037011,2100,21.25617803,-157.813489,1624.060909,175.5714681,25.127228,20.25888876,16.19455111,9.278864923,0.419596887,27.00813544,26.89850901,26.89850901,26.58193494,1685.73135273,119.440948839,217.49585825,391.598379091,625.80899324,70.494569351,79.0926776775,90.628249467,105.333663696,2733800,6266800,9000600,RESIDENTIAL A,1,1,0.0708540827965075,5822772.1528,0.12902166047856373,5458244.9304,0.2323017712500964,4811009.8264,0.3712388645002763,3940319.4348,6674119.4348,705935.2958310714,705935.2958310714,705935.2958310714
31037012,2024,0,0,1430.77206,165.7110092,3.489645666,0,0,0,0,9.88182807,8.881608276,6.881192239,5.880960754,510.740618997,150.401288149,264.426181102,403.410719115,404.268541923,0,0,2.75503295306,34.2657813677,2876800,4986000,7862800,RESIDENTIAL A,1,1,0.2944768490204681,3517737.678,0.5177308623333778,2404593.2339999997,0.7898543881378065,1047787.9560000002,0.7915339545871808,1039411.4760000003,6394537.677999999,6394537.677999999,6394537.677999999,779700
31037013,2050,0,0,4582.930107,299.8873385,11.13572663,7.057196012,4.206235926,0,0,15.63071645,13.63675344,12.63712586,11.87936692,1322.61029121,119.744046498,207.720928585,362.147705404,562.371872534,57.0698926954,79.2686040792,100.765324811,115.277619864,4910600,5726300,10636900,RESIDENTIAL A,1,2,0.09053615210301386,5207863.7032,0.15705376705859814,4826961.6798,0.27381285917009346,4158364.6181,0.42519847023079627,3291488.6926,9737561.6798,4515256.009030482,4515256.009030482,779700
31038001,2030,21.25639512,-157.8004562,201.3360634,57.29096653,6.470783266,2.403098562,0,0,0,10.00594274,9.315561394,7.881032296,5.704609046,2419.05154807,104.159177751,181.451635079,321.158832341,511.11390518,25.7758979934,37.7179205047,55.286601994,80.0677206624,788700,5052600,5841300,RESIDENTIAL,2,2,0.04305785787578676,4835045.1492,0.07500941235575082,4673609.5266,0.13276229379949808,4381806.7188,0.21128690109468057,3985051.3038,5623745.1492,4709798.026056068,4709798.026056068,779700
31038002,2075,21.2564214,-157.8007112,276.550663,66.52062329,13.96785626,10.03072024,7.393226148,2.208597026,0,20.08557618,19.12113733,17.5320829,15.20928009,2329.05114432,143.858952911,241.254352214,431.000893408,689.886683806,0,0,0,14.6513872499,3898200,6339600,10237800,RESIDENTIAL,1,3,0.061767193589474266,5948021.9268,0.10358482371774523,5682912.534,0.18505428464252852,5166431.661599999,0.2962093320657509,4461753.4236,9064631.6616,2007482.1919391423,2007482.1919391423,779700
31038006,2030,0,0,5156.814671,574.7384391,10.11845782,6.006485891,3.071268333,0,0,17.70982226,16.80899182,14.80852452,13.59622736,1987.19442106,116.795735683,200.276095408,357.21734519300003,577.791679666,0,0,0,2.73124345822,1880400,6245700,8126100,RESIDENTIAL,1,1,0.05877418658447087,5878615.2282,0.10078334222635833,5616239.616900001,0.17975963569908515,5122972.967999999,0.29075749888518565,4429719.005100001,7759015.2282,6498053.100986231,6498053.100986231,779700
31038008,2075,0,0,3071.008057,296.2687294,17.03498433,13.13909211,10.40782819,5.062900277,0,24.31489052,23.31462732,21.68204084,20.21752867,1264.30399172,106.450377786,180.914535868,324.868645973,530.903613428,0,0,0,9.87246539898,305100,5824100,6129200,RESIDENTIAL,1,1,0.08419682171625628,5333728.2523,0.1430941743859228,4990706.2346,0.2569545363303316,4327568.3845,0.4199176913977322,3378455.5762,4632668.3845,1025965.4920607862,1025965.4920607862,779700
31038009,2075,0,0,5016.397823,334.0705894,13.53696965,9.934647271,7.699309621,3.023261016,0,23.31465384,22.31446287,20.3140096,18.31363156,1890.7602235,15.0192596493,74.6688383283,257.67929181,552.493892864,0,0,0,0,444400,6043800,6488200,RESIDENTIAL A,1,1,0.007943503074915412,5995788.052800001,0.039491437042228426,5805124.2942,0.13628343171563445,5220132.8046,0.29220727514632955,4277759.3334,5664532.8046,1254485.4722626877,1254485.4722626877,779700
31038010,2030,0,0,4347.88269,283.1871623,7.575507355,4.179789555,2.141816776,0,0,16.91286989,15.9126491,13.91806607,11.9940858,941.092751605,58.7703035563,110.999821214,220.159101547,378.064799363,0,0,0,0,2521400,8602500,11123900,RESIDENTIAL A,1,1,0.06244900245599528,8065282.4775,0.11794780166428205,7587852.33,0.2339398546758824,6590031.149999999,0.4017295837399917,5146617.675000001,10586682.4775,8866179.905414954,8866179.905414954,779700
31038011,2050,0,0,4269.090679,289.2002043,9.998279877,6.49676835,4.404431311,0,0,19.47636433,18.48118881,16.96717179,15.06661892,1049.30902032,107.948312805,173.482635694,312.542840455,519.706944698,0,0,0,0,1191000,5064600,6255600,RESIDENTIAL,1,1,0.10287561691986581,4543574.2104,0.16533035772540514,4227269.682,0.2978558598111414,3556078.5024,0.49528493001947976,2556179.589,5418269.682,2512423.0833833,2512423.0833833,779700
31038023,2075,0,0,2435.775181,235.748356,14.23469251,10.05084123,7.061527712,1.46038672,0,20.88636775,19.90390786,18.13727323,16.8159959,1375.44725556,111.97682248,191.762771554,341.048090104,549.26684167,0,0,0,19.428459155,731100,7801700,8532800,RESIDENTIAL A,1,2,0.0814112079015416,7166555.8012999995,0.13941848426308842,6714002.5894,0.24795432084027502,5867237.2782,0.39933689892483104,4686192.5271,6598337.2782,1461288.7844641476,1461288.7844641476,779700
31038024,2050,0,0,4163.820351,305.9604577,12.43128525,8.272862638,5.341063211,0,0,18.47499435,17.75000079,15.83773546,14.59014931,3357.30921975,0,0,186.623625559,651.897043308,0,0,0,0,0,6405500,6405500,RESIDENTIAL A,3,3,0,6405500,0,6405500,0.05558726150726647,6049437.4715,0.19417247582471509,5161731.254,6405500,2970196.576607337,2970196.576607337,779700
31039042,2050,0,0,4188.969177,290.442256,13.11018827,8.770950208,5.471406879,0,0,14.66627395,13.73829511,12.43721844,10.58107545,819.945525461,0,7.20932479869,107.746092916,282.807531958,0,0,0,0,138200,4563000,4701200,RESIDENTIAL A,1,1,0,4563000,0.008792443613417713,4522882.104,0.13140640392594574,3963394.422,0.34491014729179287,2989175.67,4661082.104,2161319.195782769,2161319.195782769,779700
31039043,2030,0,0,3629.072716,271.4927072,8.35784602,3.722601592,0.099974873,0,0,13.7508955,12.85219211,11.16695617,9.609210896,1097.99998218,1.7862401536,91.2142609601,270.23942435,512.30979063,0,0,0,0,262700,4679900,4942600,RESIDENTIAL,1,2,0.0016268125524497266,4672285.8027,0.08307309876180567,4291126.6673,0.24611969830223407,3528083.012,0.466584516342929,2496328.8585,4934985.8027,4132972.916718596,4132972.916718596,779700
31039044,2030,0,0,3348.976421,270.3153399,7.252096644,2.547283939,0,0,0,13.48787281,12.57385842,11.49139522,9.730268314,864.080998222,0,72.162343694,230.727421783,431.343179241,0,0,0,0,338900,4702600,5041500,RESIDENTIAL A,1,1,0,4702600,0.08351340191774478,4309871.7662,0.26702059443242315,3446907.0454,0.4991929924724246,2355094.9982,5041500,4222176.880070643,4222176.880070643,779700
31039053,2030,0,0,4927.40374,298.570673,8.900591113,4.971736387,2.055104234,0,0,23.9866042,23.09766937,22.03913495,20.47805824,797.204003361,0,0,32.0157935954,209.241472914,0,0,0,0,1126300,5081100,6207400,RESIDENTIAL,1,1,0,5081100,0,5081100,0.04016010137984995,4877043.024,0.2624691697882112,3747468.7641,6207400,5198599.774938116,5198599.774938116,779700
31039061,2075,0,0,5312.730507,318.5269009,14.80990287,10.02423032,6.196640047,0,0,22.88815242,21.90544416,20.17762484,18.558792,3350.28140779,0,143.823794795,521.711557269,685.568405837,0,0,0,0,0,100,100,RESIDENTIAL,1,3,0,100,0.04292886993330892,95.7071,0.15572171222868858,84.42779999999999,0.20463009592057896,79.537,84.42779999999999,18.69764942822655,18.69764942822655,18.69764942822655
31040003,2075,21.25740838,-157.7968428,3949.928391,275.233651,13.13053274,10.03623614,8.340135948,4.324816205,0,18.9343593,18.0292806,16.27498805,11.8695087,806.319119559,71.8018756025,116.132885072,231.115639737,435.440164715,0,0,0,0,1192600,5137900,6330500,RESIDENTIAL A,1,1,0.08904895575559538,4680375.142899999,0.1440284401733107,4397898.5388,0.28663048429684274,3665223.723,0.5400345274624707,2363254.1734999996,4857823.723,1075829.1102785615,1075829.1102785615,779700
31040004,2100,0,0,4606.009087,399.4851005,20.80808433,17.65430424,15.88968193,11.78855506,5.534147262,27.94678423,26.24033958,24.52563176,22.85740339,2804.8566424,17.84345871,42.1236591261,118.377801261,234.067730953,0,0,0,0,3057900,3018400,6076300,RESIDENTIAL,2,2,0.0063616294823296525,2999196.9392,0.015018114826024236,2973069.6688,0.042204581678623336,2891008.428,0.08345087139737663,2766511.5016,5824411.5016,616059.9456738825,616059.9456738825,616059.9456738825
31040005,2100,0,0,3964.630493,294.731574,15.94515971,12.67843593,10.76798578,6.47656866,0.007371203,23.06725236,22.15855151,20.16269559,17.71474992,683.038280052,0,0,50.5639288195,166.299063244,0,0,0,0,613500,4295300,4908800,RESIDENTIAL,1,1,0,4295300,0,4295300,0.0740279575775029,3977327.5316,0.24346960939193565,3249523.3090000004,3863023.3090000004,408599.8953243125,408599.8953243125,408599.8953243125
35002001,2050,0,0,2175.508205,191.4348423,16.42337999,10.07501077,3.767310604,0,0,17.08565884,17.02576955,16.6145631,16.05159707,1824.75521741,111.533622175,221.185530461,388.109951212,588.406079481,110.29827615,116.627685007,128.625842421,142.493531362,2558500,6289700,8848200,RESIDENTIAL,1,1,0.06112251172697416,5905254.6669,0.12121380903622996,5527300.3042,0.21269151473525916,4951931.1276,0.32245754053311604,4261535.9174,8085800.3042,3749342.9681781917,3749342.9681781917,779700
35002002,2030,0,0,8640.178177,509.6355832,7.090036564,1.813141762,0,0,0,8.229013948,8.229013948,7.79213,6.892351324,3294.47985783,166.847639476,307.489860115,542.779286651,841.992416789,104.162432499,131.645456826,157.757376098,212.819755731,3894900,9300200,13195100,RESIDENTIAL A,1,2,0.05064460754842763,8829191.371,0.09333487329849291,8432165.833,0.16475416759977296,7767954.849199999,0.255576738400095,6923282.784600001,12724091.371,10656226.203816833,10656226.203816833,779700
35002003,2030,0,0,3857.291126,313.125144,6.957842076,3.591771648,1.338501526,0,0,9.452874721,8.414268465,7.54281881,7.076388923,3532.44267213,182.425591275,310.259612793,543.396324114,851.274418665,0,0,0.047734953407,2.57928487224,1866500,8311500,10178000,RESIDENTIAL A,1,4,0.05164290215218145,7882269.2055,0.08783146439738793,7581492.6435,0.1538301890647079,7032941.955,0.24098746892095962,6308536.5495,9748769.2055,8164440.731648666,8164440.731648666,779700
35002004,2075,0,0,5147.724808,383.2103159,12.82612709,9.172021257,6.398260632,1.382418915,0,15.27740975,14.43080382,13.90809689,13.04924024,1641.03209999,92.6430344681,172.50718066,292.629530453,431.722961145,5.20802078835,7.10920762184,11.2278696537,18.7570581449,5705100,6266400,11971500,RESIDENTIAL A,1,1,0.056454126929427244,5912636.6544,0.10512114946505385,5607669.7656,0.17832041826286224,5148975.552,0.2630801439823333,4617835.488,10854075.552000001,2403778.133965123,2403778.133965123,779700
35002005,2075,0,0,5155.255772,339.7366474,17.11270356,12.1909986,7.501501068,0.424834898,0,18.32434367,17.87954375,17.44602122,16.97813173,2219.96287197,127.281554723,249.328955581,425.387074857,622.988710063,32.8516988302,40.0049049556,48.1958877868,59.2004102485,4051400,6550000,10601400,RESIDENTIAL,1,3,0.057334992548794324,6174455.75,0.11231221869929064,5814356.4,0.1916190041860973,5294895.55,0.2806302384283384,4711873.5,9346295.55,2069860.3735557941,2069860.3735557941,779700
35002006,2050,0,0,3343.2827,274.549544,15.45763729,10.20427152,5.234441647,0,0,15.73887212,15.73887212,14.95183509,14.41649673,878.101041758,35.1249409105,105.96126554,260.786615224,520.928712894,0,0,0,0.237508187371,1725600,4383100,6108700,RESIDENTIAL,1,1,0.04000102407369681,4207771.6169,0.12067092566916959,3854186.9399,0.2969893017116718,3081367.5141000003,0.5932446132293341,1782847.8405,5579786.9399,2587317.7842618544,2587317.7842618544,779700
35002050,2024,0,0,1145.672356,144.0054476,1.005784016,0,0,0,0,1.636119097,1.367693331,1.367693331,0.658443568,3070.01958577,208.414508484,414.277125701,720.818410563,1060.43992748,72.4283165515,84.2931315736,93.0693538268,109.177270437,4605200,5629500,10234700,RESIDENTIAL,1,3,0.06788702894601469,5247330.1334999995,0.13494282825465884,4869838.3815,0.23479277262728263,4307732.8065,0.34541796814433945,3684969.369,9852530.133499999,9852530.133499999,9852530.133499999,779700
35003002,2030,0,0,2783.103168,232.0905057,10.57497346,2.969055982,0,0,0,10.84857076,10.3500162,9.482894001,8.984339422,1518.06552177,66.7862618393,207.141737349,411.465305606,649.138674291,0,0,0,0,0,6273600,6273600,RESIDENTIAL A,1,2,0.04399432098387298,5997599.2416,0.13645111780648408,5417561.0064,0.27104581436396036,4573165.8144,0.42760912818448826,3590952.1776,5997599.2416,5022894.942737825,5022894.942737825,779700
35003006,2024,0,0,7880.348694,674.7269652,4.781479569,0,0,0,0,6.428286694,5.897200103,5.579032072,5.302098536,1878.6708984,156.996640041,309.301013871,524.065342683,762.233879595,26.5066147342,34.0870877724,44.091180648,56.1973942855,4690300,6572500,11262800,RESIDENTIAL A,1,1,0.08356793101692729,6023249.32,0.1646382099889987,5490416.744999999,0.27895537378543983,4739068.262499999,0.40573039175949793,3905839.5750000007,10713549.32,10713549.32,10713549.32,779700
35003007,2030,0,0,2694.725746,266.9868101,10.742399,4.070094177,0,0,0,12.11328637,11.9266682,11.40628359,10.55208485,3193.40633572,186.414580757,368.603198724,649.519419417,992.490259373,30.2107568944,39.6372426635,50.6417463276,66.6073731327,0,8497900,8497900,RESIDENTIAL A,1,2,0.05837483901495741,8001835.0875,0.11542633788909705,7517021.394599999,0.2033939158170288,6769478.127400001,0.3107936025151114,5856803.6674,8001835.0875,6701410.910360121,6701410.910360121,779700
35003011,2075,0,0,1659.202656,166.0941885,24.5926733,18.53462468,12.20266593,2.861369786,0,25.88384007,25.14061895,24.74401459,23.82161929,1779.99586811,118.678746233,230.008019079,397.77843232,596.222345528,35.7115221939,47.5903844581,59.1188327822,71.5816967971,2203800,6345600,8549400,RESIDENTIAL,1,3,0.06667360770843425,5922513.4656,0.12921828819929934,5525634.259199999,0.22347154813475,4927536.0768,0.3349571514236542,4220096.8608,7131336.0768,1579328.395609869,1579328.395609869,779700
35003012,2030,0,0,7296.336613,431.3748813,10.38666859,4.265846991,0,0,0,11.01659626,10.67029,10.40889281,10.10143041,3880.95726753,261.084878265,512.986098028,889.919282156,1332.39210763,173.500817648,186.648069189,206.626851647,227.54645032,1338500,8798100,10136600,RESIDENTIAL,1,3,0.06727331951046323,8206225.418699999,0.13218030054592314,7635167.142,0.22930406619044816,6780660.477600001,0.3433153255196723,5777580.2985,9544725.418699998,7993557.272529549,7993557.272529549,779700
35003034,2030,0,0,2624.998226,255.4575638,9.687050155,3.637681782,0,0,0,10.99710412,10.51134445,9.928467308,9.151249699,1764.73791532,111.242290808,217.281746649,377.097702113,566.884948465,57.0368597378,71.0175802843,84.5407058657,95.2393862547,0,6393600,6393600,RESIDENTIAL A,1,1,0.06303615389134337,5990573.0304000005,0.12312408815084608,5606394.3936,0.21368481905406383,5027383.584,0.32122897317713417,4339790.2656000005,5990573.0304000005,5017010.601473691,5017010.601473691,779700
35003035,2075,0,0,6435.129868,461.7830805,20.20444148,13.23956058,6.379835547,0,0,21.33054613,20.74054415,20.38507284,19.58859903,1737.21425781,129.298950754,257.821600786,448.769910128,674.833400874,20.0620294062,28.58856526,40.8570077709,55.1340906901,4196300,6824700,11021000,RESIDENTIAL A,1,2,0.07442890257935098,6316744.403700001,0.148410939886609,5811839.4483,0.258327323823451,5061695.7231,0.3884572083380902,4173597.5120999995,9257995.7231,2050305.2127207455,2050305.2127207455,779700
35004001,2075,0,0,5077.605186,310.2983001,32.66856525,24.1186612,15.10895081,1.453649899,0,38.44533722,37.59482866,35.91710042,34.27401596,4248.63615213,335.684523974,691.538640434,1187.14865211,1738.59829552,73.1372093053,110.900228266,172.650167233,242.379910376,1727900,12128600,13856500,RESIDENTIAL A,1,3,0.07900994859390556,11170319.314,0.16276720709239972,10154464.1638,0.27941876159831625,8739638.7166,0.4092132706276521,7165419.208199999,10467538.7166,2318174.4555629226,2318174.4555629226,779700
35004003,2050,0,0,3867.184902,261.2463859,20.8834708,11.54997798,1.238842781,0,0,26.20229998,25.23681016,23.53841034,21.8741826,2100.8705942,191.212625916,401.672945717,688.381513352,1000.13248366,49.3590021258,61.6881367085,82.8456246863,107.020220208,1616500,5114000,6730500,RESIDENTIAL A,1,3,0.09101589904865735,4648544.176,0.1911935684310698,4136233.884,0.3276648810509587,3438321.19,0.4760562056611797,2679449.616,5752733.884,2667512.370367626,2667512.370367626,779700
35004004,2100,0,0,1968.293358,191.4015128,83.42884976,67.99612014,49.09968735,23.94010098,0,85.14946256,84.89291383,84.13267887,83.76564368,8287.4950937,1044.69282567,2288.73383119,3932.6133696,5662.26288591,174.016310901,197.751421669,235.355561935,267.369382191,4448300,17653400,22101700,RESIDENTIAL A,1,2,0.12605652417992455,15428065.3562,0.27616714161675376,12778113.482199999,0.4745237644351066,9276438.0184,0.683229711980686,5592067.518,10040367.518,1061990.257038966,1061990.257038966,779700
35004006,2050,0,0,9807.023247,493.3608318,25.10708785,9.803060656,0,0,0,25.66224212,25.66224212,24.95353864,24.95353864,4389.50618302,535.941172009,1184.71949164,2064.23718149,3014.57855412,20.653436575,31.1665355237,52.9900372272,75.4581008984,682700,11206100,11888800,RESIDENTIAL A,2,1,0.1220960057152192,9837880.0144,0.2698981257214923,8181596.0222000005,0.47026637972971147,5936252.177399999,0.6867694060396461,3510097.9091000003,8864296.0222,4110327.327948244,4110327.327948244,779700
35004007,2030,0,0,5465.614582,341.1963533,9.210457243,0,0,0,0,10.91840003,10.47349532,9.892522039,9.370978944,4011.23443932,407.887283106,877.976372304,1515.10042906,2205.18377738,65.5943498069,81.6777165616,107.744514718,136.821140031,1017200,11177000,12194200,RESIDENTIAL A,1,2,0.10168622384862316,10040455.578,0.21887934639213907,8730589.417,0.3777142552946483,6955290.622,0.5497519057384816,5032421.896,11057655.578,9260612.462405194,9260612.462405194,779700
35004008,2030,0,0,8011.431408,469.0477806,16.21055837,5.464888801,0,0,0,16.64947537,16.0314693,15.242003,14.47868953,4156.94715255,403.020264902,859.509940765,1479.83424837,2152.05203201,200.210668821,212.138716622,227.194056091,251.619897545,1697100,11877800,13574900,RESIDENTIAL A,4,2,0.09695101960937244,10726235.4122,0.20676470237004335,9421886.683,0.3559906330447872,7649410.1002,0.5177001181479693,5728662.9399999995,12423335.4122,10404347.823218036,10404347.823218036,779700
35004009,2100,0,0,6085.556358,460.7984565,44.16082806,35.25129602,25.75357691,11.24107546,0,44.64280616,44.36022573,43.39868604,25.17797854,6141.96919228,531.435511408,1102.00656757,1894.02976915,2774.10656164,256.668563333,275.676307969,302.63980036,462.029018758,2893800,10620100,13513900,RESIDENTIAL A,1,3,0.08652526490624132,9701195.8475,0.17942235349456662,8714620.4178,0.3083750031717279,7345126.6625,0.451664030670627,5823383.153599999,8717183.1536,922034.3340371546,922034.3340371546,779700
35004011,2050,0,0,21977.05561,761.2713075,15.49268134,8.621455367,1.688191541,0,0,16.604121460000002,15.67322009,14.67979687,11.5985013,5100.37866628,388.765152286,786.199042945,1354.54455303,2002.38080293,149.075995794,176.608678027,202.585220825,242.403273969,3922600,11462700,15385300,RESIDENTIAL A,1,1,0.07622280181983994,10588978.617899999,0.1541452300674805,9695782.1085,0.26557725252543796,8418470.5221,0.3925945373758791,6962501.2935,13618382.1085,6314771.979954307,6314771.979954307,779700
35005001,2075,0,0,4628.728451,266.8888372,20.46806028,14.4774228,8.691144581,0.015693627,0,28.47877331,27.66320148,26.01471801,24.16581214,3624.87911375,283.581726205,559.133101152,972.364144894,1454.96785485,0,0,0.0157805453974,16.3222713875,559300,12025200,12584500,RESIDENTIAL,1,3,0.07823205058875185,11084444.5536,0.15424875798784007,10170324.9252,0.2682473302918156,8799476.1756,0.40138382803745715,7198477.1232,9358776.1756,2072624.3726427506,2072624.3726427506,779700
35005002,2075,0,0,5432.79702,396.0084369,20.60701894,13.68049455,6.569288141,0,0,29.01720693,27.94066821,26.5421511,24.39273399,2843.13113152,252.021878502,510.813630876,888.859282849,1323.27444133,0,0,5.91915870516,67.3430465787,4082000,10648900,14730900,RESIDENTIAL A,1,1,0.08864236886860143,9704960.2062,0.1796658709170786,8735654.7326,0.3126339383346685,7319691.7974,0.46542856453565984,5692593.121900001,11401691.7974,2525054.9714249508,2525054.9714249508,779700
35005005,2050,0,0,6948.403831,638.3032682,17.45307526,10.8113299,4.05340109,0,0,20.4344749,19.62922804,18.21476203,16.10337302,2866.72632526,244.794052745,496.781396534,865.386626785,1289.31596517,0.28693956502,16.0477827281,59.7326866099,122.452407585,3204600,9327900,12532500,RESIDENTIAL A,1,2,0.08539149711920903,8531381.291100001,0.17329222959186522,7711449.5532,0.30187277353952263,6512058.8433,0.44975202334776915,5132658.319200001,10916049.553199999,5061714.622276276,5061714.622276276,779700
35005006,2050,0,0,11574.09725,685.1939968,17.86729407,11.23318616,4.505270095,0,0,20.84921782,19.98363151,18.66546598,15.95605476,5189.40481653,208.609872705,410.071344638,714.827964298,1074.46904144,5.12798982483,35.6867078314,92.836265761,180.133922121,0,12846400,12846400,RESIDENTIAL A,1,1,0.040199190481441605,12329987.5664,0.07902088180359043,11831264.625599999,0.13774758176911395,11076834.0928,0.20705053458490164,10186540.0336,11831264.625599999,5486095.025820405,5486095.025820405,779700
35005009,2075,0,0,6155.545097,458.4972894,17.57117356,12.89043005,8.375459879,0.961802478,0,22.0932951,21.00599538,19.31225971,16.53600424,3421.5159574,190.965787005,354.731684546,620.214854769,951.145824196,71.5599097885,114.542952954,175.271431887,258.651784934,0,11849400,11849400,RESIDENTIAL A,1,2,0.05581320951959387,11188049.4378,0.10367675877085769,10620889.7562,0.18126902299771808,9701471.1114,0.27798959175942967,8555385.294,9701471.1114,2148518.6843554447,2148518.6843554447,779700
35005010,2100,0,0,9273.31781,470.7204667,22.13044693,17.68199115,14.08600681,8.092407492,0.437537982,24.84798266,23.94086163,22.51551427,20.31968502,3261.47593203,181.198265446,328.788732258,575.509708966,891.373950435,157.262658451,196.081920435,257.902768211,321.771764881,5250800,11085800,16336600,RESIDENTIAL A,1,1,0.055557137082173406,10469906.2094,0.10080979872611112,9968240.502,0.17645683149585364,9129632.9894,0.2733038566009571,8056006.5168,13306806.516800001,1407488.2067622957,1407488.2067622957,779700
35005013,2050,0,0,13857.03789,561.5146391,14.08861748,8.667031321,3.894246003,0,0,17.81821317,16.82243147,15.46882178,14.12714769,3095.25577805,240.820833703,450.877009655,772.407863947,1156.34208456,22.4208089537,64.1872364008,128.613814706,183.728760236,0,10928600,10928600,RESIDENTIAL A,1,1,0.07780320948297083,10078322.134200001,0.1456671247825118,9336663.6238,0.24954573041250055,8201411.584399999,0.3735853084453303,6845838.969,9336663.6238,4329361.694222936,4329361.694222936,779700
35005014,2050,0,0,15084.10734,639.0640914,16.47849006,9.707055209,3.149400017,0,0,20.31569724,19.84171466,18.08789703,16.85499123,3966.89828767,203.749377197,400.177270699,689.266010974,1027.81232782,237.238449647,260.478053908,303.540743477,348.689108616,8160600,8511400,16672000,RESIDENTIAL A,1,1,0.05136239006437303,8074237.4732,0.1008791357073207,7652778.4794000005,0.1737543947411991,7032510.2044,0.2590972223852244,6306121.794199999,15813378.479400001,7332580.223887288,7332580.223887288,779700
35005015,2075,0,0,10710.21547,455.3410158,22.03456574,14.45359232,6.726506143,0,0,25.71992684,25.08915896,23.60591223,22.73647226,3754.00625326,226.486428554,456.161948604,787.534508136,1168.04622123,220.242547462,247.619520288,286.013299002,322.401958251,1024900,8273700,9298600,RESIDENTIAL A,1,2,0.060331926287367776,7774531.1316,0.12151336940578253,7268337.8919,0.20978508159172635,6538001.8455,0.3111465837904937,5699363.0660999995,7562901.8455,1674904.324964604,1674904.324964604,779700
35022001,2030,0,0,1580.732594,164.471045,6.163015491,3.57432397,2.524646934,0,0,9.772854909,8.733025905,7.621560953,0.920826081,560.965445807,81.326181268,118.154225027,213.355664257,335.10728323,43.5905952836,62.7739894088,100.789296395,235.036294138,202800,2038900,2241700,RESIDENTIAL,1,1,0.14497538462641824,1743310.4725000001,0.21062656516574627,1609452.6097,0.3803365534397014,1263430.8907,0.5973759805257124,820910.0736,1946110.4725000001,1629836.8824859378,1629836.8824859378,779700
35022003,2024,0,0,2190.022671,187.7929383,0,0,0,0,0,0,0,0,0,572.549700495,109.586939906,181.733561252,267.489247925,267.489248015,237.175553991,262.691360985,306.110603646,370.89948804,390000,2067200,2457200,RESIDENTIAL A,1,1,0.19140161947732431,1671533.7856,0.3174109795095195,1411047.9808,0.4671895692089981,1101424.832,0.46718956936618977,1101424.832,2061533.7856,2061533.7856,2061533.7856,779700
35022005,2030,0,0,3289.126175,265.361008,8.130623108,5.541773845,4.533528422,1.451684356,0,10.82774404,9.896071976,8.340263806,6.179943126,689.888054432,76.9224404307,105.035896221,187.514670759,325.809706705,18.894002209,55.4112528447,102.623286651,167.560231469,1892900,2366400,4259300,RESIDENTIAL A,1,1,0.11149988746222303,2102546.4,0.1522506376885716,2006113.2336,0.27180448995219225,1723203.0144000002,0.472264600918835,1248832.104,3995446.4,3346123.458423382,3346123.458423382,779700
35022006,2050,0,0,2830.05695,215.7632235,8.507019329,6.148737171,5.446272991,3.060914318,0,10.89830336,9.46474031,7.287868004,4.367804417,843.338127477,66.1993564593,78.1861721374,140.303101606,258.343036312,2.82962596577,28.24954418,61.1576585652,105.787317489,234200,2563700,2797900,RESIDENTIAL,1,1,0.07849681438849145,2362457.2410999998,0.0927103490166017,2326019.373,0.16636636840521177,2137187.4858,0.3063338747471081,1778351.5242,2560219.373,1187160.2243460126,1187160.2243460126,779700
35022007,2050,0,0,4639.818497,295.4274538,8.069754688,6.118645824,5.987580878,4.319611404,0.758601533,11.24748645,9.838051779,7.665404642,5.146784749,973.667142427,57.4821514979,55.5415438015,101.186087116,204.542499808,0,2.81748239126,40.9433873957,114.875257428,320100,3206300,3526400,RESIDENTIAL,1,1,0.059036758038910286,3017009.6669,0.057043666548154244,3023399.8228,0.1039226679291854,2873091.6851,0.21007435795578921,2532739.7338,3343499.8228,1550363.2390239325,1550363.2390239325,779700
35058011,2075,0,0,8929.202744,567.2425183,13.49332915,10.54963933,9.054905772,5.673423075,0.570802857,16.49161017,14.90612234,13.54169941,9.924684729,2496.26942626,166.923037981,245.180218151,425.364601309,687.169238704,147.816405215,202.746792711,258.89790962,409.870649906,4070200,4603700,8673900,RESIDENTIAL A,1,1,0.06686899908520294,4295855.1847,0.09821865203001655,4151529.1896999995,0.17040011660371793,3819229.52,0.2752784741403261,3336402.6714,7889429.52,1747218.1835090062,1747218.1835090062,779700
36002003,2030,0,0,4185.888634,296.0344345,10.82357974,6.034992105,1.9989674,0,0,12.13334064,11.51010787,11.19258773,3.477279633,3110.37556475,192.501362551,352.874331613,610.728016917,933.476227706,428.852373662,461.277868807,493.571874577,1093.9052472,76000,1045200,1121200,RESIDENTIAL A,3,3,0.061890070360835187,980512.572,0.11345071495935657,926621.0148,0.1963518566177033,839972.8896,0.3001168856536555,731517.7116,1056512.5720000002,884812.6460383559,884812.6460383559,779700
36002005,2075,0,0,4830.523445,300.0829304,13.23331089,9.617758731,7.027644519,2.277411241,0,11.2024541,10.92507132,10.37019085,9.537999065,980.907991471,74.8680013399,129.093457976,223.951833562,349.514119447,134.84306832,151.989462289,184.798681144,214.36847713,527700,2807000,3334700,RESIDENTIAL A,1,1,0.07632520276200996,2592755.725,0.13160608242410937,2437581.958,0.22831074423825917,2166131.023,0.35631692522237257,1806818.181,2693831.023,596584.3962170624,596584.3962170624,596584.3962170624
36002035,2024,0,0,1709.87661,180.1374338,4.710870831,0.088070157,0,0,0,6.135427279,6.135427279,5.156205743,4.186792948,3516.44970133,117.061355873,211.58841667,369.050930918,570.995225758,132.236831083,144.241460408,162.248404839,187.795166213,493100,5437000,5930100,RESIDENTIAL,1,2,0.033289643195728,5256002.27,0.060171034606288414,5109850.273,0.10494986769707432,4866386.85,0.1623783287848641,4554150.814,5749102.27,5749102.27,5749102.27,779700
36002040,2024,0,0,6101.555672,367.2239988,5.441296392,1.668296208,0,0,0,6.977486082,6.243353358,5.570112276,4.717211267,1849.67029998,110.632397578,188.511575014,326.775646492,513.02610793,217.073905876,238.425261053,254.987036076,276.423382872,286800,3674200,3961000,RESIDENTIAL,1,2,0.05981195544913936,3454438.7496,0.10191631179677714,3299740.2328,0.17666696951101685,3025090.1086,0.2773608398943029,2655120.2138,3741238.7496,3741238.7496,3741238.7496,779700
36002041,2075,0,0,5353.057922,337.4713948,15.05042687,11.37103011,8.854674313,4.256174659,0,15.82629804,15.22151998,14.68924931,14.14322093,4630.46377275,105.327798789,176.339810015,305.377396562,482.959129017,257.500314189,275.747629241,292.903374326,311.246630903,2081600,5884500,7966100,RESIDENTIAL,1,2,0.02274670615259917,5750645.2785,0.03808253744533088,5660400.5865,0.06594963518754375,5496417.225000001,0.10430037955575537,5270746.649999999,7578017.225000001,1678251.8250400012,1678251.8250400012,779700
36002042,2024,0,0,4370.700516,280.9672103,5.86993191,2.274971527,0,0,0,7.055860503,6.888818055,5.894118804,4.112421851,1393.90307786,100.780371998,165.760543796,287.325371652,457.181718923,242.114460898,257.436983675,280.531630124,305.711911833,263100,3337800,3600900,RESIDENTIAL,1,2,0.07230084616264987,3096473.7222,0.11891827088185006,2940875.4996,0.20613009341590552,2649779.286,0.3279867346479295,2243044.9913999997,3359573.7222,3359573.7222,3359573.7222,779700
36003005,2024,21.27823901,-157.7468762,943.4652176,123.1045401,4.697383771,2.958131489,2.813185094,1.123097345,0,7.39089773,5.976400895,4.3873843,3.086199973,5763.98327631,51.5136620457,51.1617833378,121.348859438,271.310990746,0,0.22569850829,24.2043272852,89.6023101422,732800,7909400,8642200,RESIDENTIAL,1,3,0.008937163689808297,7838713.6922,0.008876115853436839,7839196.1656,0.02105295133952668,7742883.4018,0.047070051688229135,7537104.542,8571513.692200001,8571513.692200001,8571513.692200001,779700
36003012,2100,0,0,2599.120605,209.8379775,17.82491619,14.34773237,11.98845652,7.53896398,1.540743028,26.73507094,25.35559166,23.62670698,21.32579245,3048.79674714,72.4593865237,120.804412018,213.605445429,341.280447571,0,0,5.13772396383,54.7464487728,73600,4621000,4694600,RESIDENTIAL A,1,2,0.023766552031279992,4511172.693,0.03962363582660064,4437897.496,0.07006221245459472,4297243.498000001,0.11193938982359078,4103729.881,4177329.881,441844.7458329128,441844.7458329128,441844.7458329128
36003013,2030,0,0,2757.659218,291.1732181,7.720367942,3.686766477,0.607236799,0,0,10.98833776,9.988122491,8.9879085,7.987723238,1948.43226921,85.8968821037,151.436118141,266.065808741,416.094308402,55.9447441719,72.9239705027,102.04086796,131.80312819,325700,2948800,3274500,RESIDENTIAL,1,2,0.04408512600672911,2818802.152,0.07772203352103198,2719613.3664,0.1365537888822163,2546129.5648,0.213553385959219,2319074.9136,3144502.152,2633471.047407871,2633471.047407871,779700
36003014,2030,0,0,4492.876709,370.5835199,7.847476857,3.574155556,0.188382297,0,0,8.122330178,8.122297081,7.122154404,4.687003294,1073.98071755,87.1875911909,155.905293538,272.996159402,424.379198168,155.038759526,162.041447912,176.023801018,195.788633431,27100,2886100,2913200,RESIDENTIAL,1,1,0.0811817100308795,2651800.6298,0.14516582187216195,2467136.4074,0.2541909318677227,2152479.3548999997,0.3951460126175335,1745669.1294,2678900.6298,2243537.1026774263,2243537.1026774263,779700
36003015,2050,0,0,1713.78038,165.6519566,11.14630175,6.854135653,3.501490273,0,0,10.42642985,9.813277001,8.901069114,8.009884454,843.067710061,73.5846929552,130.371069261,228.977222845,359.426614728,135.074260205,139.075797964,148.831645648,184.554982895,34700,2622200,2656900,RESIDENTIAL,1,3,0.08728206771182803,2393329.1396,0.1546389070595137,2216705.6142,0.27160003889655837,1910010.4799999997,0.4263318478915457,1504272.2296000002,2251405.6142,1043964.9126299868,1043964.9126299868,779700
36003016,2030,0,0,1100.448196,139.3041164,8.929942883,4.63999788,1.255796362,0,0,1.899349295,1.637108246,0.934112344,0,1270.19445138,95.9626894055,172.675141026,306.947846912,488.562237433,378.648159253,405.169417947,444.629558029,631.49170983,206900,2717100,2924000,RESIDENTIAL,1,1,0.0755496052602352,2511823.095,0.13594386342846757,2347726.5576,0.2416542180439516,2060501.9165999999,0.38463578305054213,1672005.5244,2718723.095,2276887.790344759,2276887.790344759,779700
36003042,2075,0,0,5117.128426,286.137313,12.2681412,9.525384522,8.077323859,4.880595591,0.262847684,17.37319874,16.26259537,14.86145978,11.19418591,5852.03516579,79.9883522444,122.124358661,225.016089097,382.314646025,0,0,0.348531752034,37.5693064358,674400,7376900,8051300,RESIDENTIAL,1,4,0.013668467461029331,7276072.5308,0.020868698700738878,7222951.4739,0.03845091198569785,7093250.8181,0.06533020311633571,6894967.123,7767650.8181,1720248.684410952,1720248.684410952,779700
37001001,2075,0,0,3773.559532,298.2941443,16.43327686,12.66800961,9.793082724,4.653452174,0,37.16604009,37.04073943,34.59581352,18.73524879,1816.08548065,94.5748518224,162.182782292,288.236084687,458.361458338,0,0,0,1.27365076291,2218000,3598600,5816600,RESIDENTIAL A,1,2,0.05207621162664131,3411199.3064,0.08930349590920839,3277234.2242,0.15871284020388549,3027455.3982,0.25238980390611715,2690349.346,5245455.3982,1161675.2553891267,1161675.2553891267,779700
37001008,2024,0,0,6063.912102,412.450369,2.637656965,1.169376662,1.541407951,0.481623153,0,7.393530426,5.960948157,4.528310848,2.256235908,1331.61104319,57.4285696895,46.9623221351,89.719558272,194.567534354,106.934761563,123.925215843,144.44493866,174.480595108,1877000,3054000,4931000,RESIDENTIAL A,1,1,0.04312713534721403,2922290.142,0.03526729698981568,2946294.582,0.06737670037420862,2848230.642,0.14611438929486129,2607767.844,4799290.142,4799290.142,4799290.142,779700
37001009,2024,0,0,1694.283401,165.0260156,4.2936578,2.665976361,2.699091505,1.247246168,0,11.09428328,9.815427599,8.059825306,5.174359583,680.096517901,35.5767009467,30.6753205302,59.7322407536,127.18575188,23.7915447057,57.067238446,98.4354899231,154.712874415,66700,2282600,2349300,RESIDENTIAL,1,1,0.05231125290348688,2163194.9114,0.045104363458401554,2179645.6096,0.08782906423040249,2082121.5246,0.18701132638134477,1855728.6914,2229894.9114,2229894.9114,2229894.9114,779700
37001010,2024,0,0,3049.283531,279.4866484,5.38569483,3.620030308,3.415174046,1.553950186,0,11.14855582,9.641068503,8.322728022,7.06358699,680.660339373,40.397546474,44.8239904604,84.6958848426,161.991811846,38.802128442,69.4845730042,99.6420251209,126.855807109,28400,2282000,2310400,RESIDENTIAL,1,1,0.05935052204042442,2146561.0179999997,0.06585368335356553,2131721.1720000003,0.12443193755143543,1998046.176,0.237992141565382,1738902.256,2174961.0179999997,2174961.0179999997,2174961.0179999997,779700
37001011,2075,0,0,2001.132858,183.6490256,9.889171476,7.8262085,7.282694605,5.138036052,1.412930671,13.90151326,12.52861856,10.9887407,9.394534977,672.715169439,45.9829359003,56.4579229342,104.741308193,192.352039002,19.4449829415,51.4810617958,87.5103780243,120.790374552,513000,2280600,2793600,RESIDENTIAL,1,1,0.06835424261154499,2124711.8676,0.08392544943097117,2089200.645,0.15569934045094797,1925512.8606,0.285933850967578,1628498.9196,2438512.8606000002,540040.8229720624,540040.8229720624,540040.8229720624
37001012,2030,0,0,3535.917641,237.8843192,6.900372029,4.750578667,4.167173373,1.910236936,0,10.81830609,9.676905849,7.923351228,6.66619031,595.858861367,43.7497655661,55.2486716168,101.456448776,183.334185929,19.393006517,43.0919805513,74.5685788295,104.897695346,602100,2254200,2856300,RESIDENTIAL,1,1,0.07342303421607377,2088689.8734,0.0927210707080034,2045188.3217999998,0.17026926232705833,1870379.6202,0.3076805562787145,1560625.4898,2690789.8734,2253494.157016303,2253494.157016303,779700
37001014,2100,0,0,2533.331848,203.123489,11.94030495,10.17896049,10.15160861,8.589280634,5.329623143,16.22886924,14.24696086,12.24958855,10.23140595,768.376181353,40.7273305294,41.6288289932,77.9930582888,153.563809448,55.7196023313,85.1497418264,133.21333828,174.499525945,466800,2424700,2891500,RESIDENTIAL A,1,1,0.05300441569868163,2296181.2012,0.054177667142021005,2293334.6034,0.1015037428040331,2178583.2512,0.19985498402305524,1940111.5815,2406911.5815000003,254583.9726010764,254583.9726010764,254583.9726010764
37001015,2100,0,0,4388.44735,266.7456779,10.74039859,9.172054471,9.429724967,8.223283699,5.331894663,15.40685408,14.35675558,11.68735388,0,881.373892218,38.3980078069,30.0464981635,58.5685934297,130.55144498,6.24753758881,34.0739975013,81.4585362058,124.988098881,50000,2677800,2727800,RESIDENTIAL,1,1,0.04356608261934152,2561138.9652,0.03409052438334339,2586511.1202000002,0.06645147303184876,2499857.5121999998,0.14812265955764126,2281156.2306,2331156.2306,246571.17382352788,246571.17382352788,246571.17382352788
37001016,2024,0,0,3422.414459,313.7693267,4.793760891,3.490710219,4.125963148,3.393289494,0.957809436,9.99705835,8.576781827,6.130847805,0,925.543699735,32.8237975335,17.8692950279,37.2030946324,99.1483799677,0,0.615938297997,35.9766375041,206.903511882,604900,2800000,3404900,RESIDENTIAL,1,1,0.035464341168221496,2700700.8,0.01930680856345984,2745940.4,0.04019593525735406,2687451.2,0.10712447180623452,2500052.8,3305600.8,3305600.8,3305600.8,779700
37001022,2075,0,0,5851.691589,440.8013627,12.78320449,9.436897424,7.076233558,2.579220549,0,62.29619914,62.05385762,17.38533489,7.100877309,1318.83585183,61.993885028,102.023432524,183.552430609,298.986155815,0,0,0,24.919175639,840400,3209900,4050300,RESIDENTIAL A,1,2,0.04700652089642397,3059012.2306999997,0.07735870418023105,2961585.3459,0.13917761664903558,2763152.5378,0.22670460118302865,2482199.6205,3603552.5378,798054.2196762265,798054.2196762265,779700
37001025,2100,0,0,2443.810669,216.1460326,15.44374592,12.51096885,10.86845894,7.304017593,2.145503549,85.79705287,85.68096499,15.37051748,1.437921759,1900.1949553,28.9116319438,68.0755513172,163.541765637,309.210274184,0,0,0,426.764511764,444200,2651700,3095900,RESIDENTIAL A,1,1,0.015215087201005369,2611354.3845,0.03582556154426393,2556700.1958,0.0860657824508224,2423478.7878,0.16272555261845875,2220199.4658,2664399.4658,281818.99402254785,281818.99402254785,281818.99402254785
37002002,2030,0,0,2917.081238,217.5317342,8.312010445,4.613716931,2.078362488,0,0,13.59185581,12.01018856,2.565937051,0,902.516485255,75.2112820242,126.961933402,220.033732011,343.173912249,113.816028366,139.660536783,178.296417799,429.600494221,183100,2164600,2347700,RESIDENTIAL A,1,1,0.0833350783647454,1984213.059,0.14067547294288785,1860094.895,0.2438002359024289,1636870.52,0.3802411566499403,1341530.3313999998,2167313.059,1815090.5662173918,1815090.5662173918,779700
37002003,2030,0,0,2816.176659,261.8172057,11.11464923,5.353852205,0.0648414,0,0,11.33200509,10.33301817,10.33178346,9.331553909,897.558172568,116.255031995,224.30315038,392.283706341,599.031170968,258.628078948,270.649682447,275.651536371,293.717114965,67100,2116800,2183900,RESIDENTIAL,1,1,0.12952367383874763,1842623.5968000002,0.24990374689391684,1587803.2127999999,0.43705658121148705,1191637.7423999999,0.6674009432214453,704045.5632,1909723.5968000002,1599363.4469372828,1599363.4469372828,779700
37002004,2050,0,0,1939.518265,195.3144999,12.89387289,6.943985185,1.407548074,0,0,13.09558091,12.73438793,12.47295756,11.5700895,829.023985715,111.29722435,216.974353997,381.322736863,582.282416381,230.934604432,239.087822365,245.136923513,262.384237551,116400,2091500,2207900,RESIDENTIAL,1,1,0.13425090982622245,1810714.0335,0.2617226494476735,1544106.3455,0.4599658676149453,1129481.111,0.7023710126780044,622491.0535,1660506.3455,769968.0372865289,769968.0372865289,769968.0372865289
37002005,2030,0,0,2443.452126,198.1989387,9.498135214,3.652985939,0,0,0,9.06017793,8.790784995,8.070211671,7.083008819,1002.55662747,127.350943179,246.314019971,430.351069367,654.700160077,263.563006589,268.660966575,292.62305547,318.335240179,148700,2243400,2392100,RESIDENTIAL A,1,1,0.12702618454617995,1958429.8716,0.24568589266881144,1692228.0276000001,0.4292536277506954,1280411.5764,0.6530306040958179,778390.2546,2107129.8716,1764688.09425285,1764688.09425285,779700
37002016,2030,0,0,4854.548271,339.5877886,6.39930233,2.116135762,0,0,0,6.44548693,6.44548693,5.805801781,4.889300978,1384.29645803,87.515683379,156.530570635,268.942063152,405.015478936,227.610163884,252.242353513,288.315736294,336.227018245,383200,2471000,2854200,RESIDENTIAL,1,1,0.06322033323956058,2314783.38,0.11307590200567263,2191589.204,0.19428068430857143,1990931.649,0.29257857057033854,1748037.2910000002,2697983.38,2259518.605544153,2259518.605544153,779700
37002020,2075,0,0,5611.624649,387.6875384,18.57136281,14.96290252,11.57965534,5.925802473,0,19.24947098,19.03520233,18.12069289,16.81546586,1512.91524179,65.1574599907,126.576777536,230.05477308,359.856986709,0.709047201631,2.60792458634,13.9790783501,31.9568990776,855700,2424000,3279700,RESIDENTIAL,1,2,0.043067488641074965,2319605.592,0.08366415648390267,2221198.464,0.15206058259272445,2055404.136,0.23785667350620154,1847434.632,2911104.136,644702.3916765372,644702.3916765372,644702.3916765372
37002075,2030,0,0,3041.094002,255.872315,9.005343439,3.663656058,0,0,0,4.450836809,3.856126666,2.901105857,1.288562249,948.075852706,103.358808987,195.335055252,341.841313581,523.587520734,273.744683422,284.652695298,303.798592377,338.059250104,1348300,2253800,3602100,RESIDENTIAL A,1,1,0.10901955649644814,2008090.724,0.20603315092824512,1789442.8246,0.36056325304068854,1441163.1106,0.5522633228549968,1009109.6506000002,3356390.724,2810924.390629052,2810924.390629052,779700
37002078,2030,0,0,2029.829216,189.7780385,9.635035222,4.663067677,0.460427987,0,0,10.68374879,9.809999619,8.710373202,0,887.711544178,98.5954659931,184.435948512,322.72178135,497.226653925,199.550540703,217.339997111,245.077573053,291.651319031,3700,1849400,1853100,RESIDENTIAL,1,1,0.11106700891717824,1643992.6901999998,0.2077656303126973,1465157.5596,0.3635435220669939,1177061.7264,0.5601218742574989,813510.3732,1647692.6901999998,1379916.6878952375,1379916.6878952375,779700
38001002,2024,0,0,1925.34893,181.1606126,4.0806501,0,0,0,0,4.398670189,4.398642221,3.398505569,0,1106.48979782,124.907846462,219.604357366,377.672554464,463.99988783,583.888722465,604.038414814,635.126112952,724.298433857,17900,2804400,2822300,RESIDENTIAL,1,1,0.11288657763324411,2487819.6972000003,0.1984693919443842,2247813.5364,0.341324931515942,1847188.17,0.41934402716063895,1628391.6864000002,2505719.6972000003,2505719.6972000003,2505719.6972000003,779700
38001003,2100,0,0,3311.993454,306.2714236,8.962539067,7.816098108,8.606469059,8.07224976,5.872112227,14.33286203,13.37289585,0,0,572.590227951,19.4518302856,2.59073484178,9.23281400272,46.5652135293,22.9505525819,42.5628989667,63.1405533387,128.865943455,579700,2867100,3446800,RESIDENTIAL A,1,1,0.03397164208548912,2769698.8788,0.0045245879431978445,2854126.3725,0.016124644731991666,2820868.0125,0.08132380061031162,2633935.9596,3213635.9596,339912.86401088774,339912.86401088774,339912.86401088774
38001023,2024,0,0,2686.840355,214.7295553,3.470714201,1.645417471,1.487409694,0,0,6.829961898,5.590655318,4.618148608,0,680.228954108,35.2518855027,31.6051427681,61.1785071921,127.628956245,114.088555571,136.903135088,160.714971662,210.644624791,683700,2982200,3665900,RESIDENTIAL A,1,1,0.05182355924399985,2827650.4672,0.04646250733261502,2843638.0414,0.08993811101781869,2713986.8964,0.18762646822695572,2422661.7428,3511350.4672,3511350.4672,3511350.4672,779700
38001024,2100,0,0,3741.890556,346.8250732,10.47657349,9.054884493,9.411276301,8.341348575,5.655009443,15.23563691,14.235488,2.782547536,0,894.04440762,31.0123417065,14.9681914364,33.1681316636,93.0874116026,164.552834457,188.365536497,222.146540268,391.088015032,651800,3212300,3864100,RESIDENTIAL,1,2,0.03468769721300167,3100871.7375999996,0.016742111811029862,3158519.6733999997,0.037098975599987885,3093126.8823,0.10411944955889192,2877838.5363000003,3529638.5363000003,373337.10441373877,373337.10441373877,373337.10441373877
38001047,2030,0,0,7236.073639,427.9949673,6.955055635,3.516725869,1.345199568,0,0,9.982571854,9.019610421,7.9807946340000004,0,1107.49813619,70.7002110513,108.896703858,194.389913269,325.020285285,236.055266794,251.628045116,271.233285093,878.438436325,279600,2765800,3045400,RESIDENTIAL,1,1,0.06383776978128551,2589236.8595999996,0.09832676037959301,2493847.1834,0.1755216617679715,2280341.2524,0.2934725347738556,1954112.3766,2868836.8595999996,2402605.7049087747,2402605.7049087747,779700
38001066,2024,0,0,2788.284912,260.54148729999997,5.936498394,1.905783176,0,0,0,8.540487218,7.550335514,6.521103382,0,1057.8739837,92.781082731,156.059090794,276.482500802,446.706831394,366.709475965,382.573003651,405.408194293,725.088982288,45500,2740600,2786100,RESIDENTIAL,1,1,0.08770523158768934,2500235.677,0.14752143752337182,2336303.9474,0.2613567448128179,2024325.0058,0.42226847268859624,1583332.3192,2545735.677,2545735.677,2545735.677,779700
39002001,2075,0,0,8720.331619,376.7681833,18.43899639,12.43759483,6.726075313,0,0,17.86139997,15.97986263,13.55270521,0,1238.97767575,0,11.8169184171,77.4315135286,224.648352213,0,0,0,258.156095913,2464400,3190600,5655000,RESIDENTIAL A,1,1,0,3190600,0.009537636269311128,3160168.0571999997,0.062496294359563644,2991200.2624,0.18131751411663805,2612086.7892,5455600.262399999,1208214.6061711423,1208214.6061711423,779700
39002002,2075,0,0,7166.706833,449.8210682,21.0838755,14.82397922,8.601920809,0,0,19.61788194,18.35985751,17.40473763,0,1139.65028525,0,76.5421780364,305.775893326,580.172159709,0,0,0,165.786985255,1117700,3112100,4229800,RESIDENTIAL A,1,1,0,3112100,0.06716286480778556,2903082.0277,0.26830677558153143,2277101.7852999996,0.5090791159515484,1527795.2441000002,3394801.7852999996,751823.6133105092,751823.6133105092,751823.6133105092
39002003,2075,0,0,4892.803894,324.7345841,25.27367528,18.31676209,11.21866935,0.816990624,0,32.12466761,25.2808237,24.3080707,2.402126689,1059.02357276,0.32211019821,119.170529572,346.644389957,619.836371316,0,0,0,75.3471198557,2147200,3048000,5195200,RESIDENTIAL,1,1,3.0415772273182236e-4,3047073.4080000003,0.11252868457065676,2705011.608,0.327324526925859,2050313.4000000001,0.585290438531598,1264036.08,4197513.4,929594.68354598,929594.68354598,779700
39002005,2075,0,0,2842.778938,227.5785455,26.29642034,19.06971841,11.45432243,0.40966141,0,63.20116092,36.84851827,32.14645988,9.893625096,1111.02454197,39.9196081352,208.633722893,461.59978577,761.907894864,0,0,0,0,2748900,3089100,5838000,RESIDENTIAL,1,1,0.03593044674280284,2978108.637,0.18778498134979413,2509013.3565,0.4154721775556099,1805665.4447999997,0.6857705352872152,970684.8038999999,4554565.4448,1008668.5663346093,1008668.5663346093,779700
39002006,2075,0,0,6308.523048,375.7928632,27.31693904,20.44195304,13.49959437,3.34637941,0,87.5791968,58.737397,51.8747174,2.654138038,952.661524138,0.37768220403,120.71103402,321.868457628,566.147525143,0,0,0,0.19764920766,3425200,3865900,7291100,RESIDENTIAL,1,1,3.964495200661531e-4,3864369.1036,0.12670925713014744,3376055.6769000003,0.3378623461456967,2559759.2942,0.5942798263583378,1568472.9479999999,5984959.294199999,1325448.142971365,1325448.142971365,779700
39002007,2100,0,0,4040.204437,288.6990344,36.94294535,30.35875204,23.95392442,14.46479701,3.349000958,110.3279861,80.86080528,73.75826294,7.701693722,1077.98729237,0,76.0980506227,292.968904183,556.782855923,0,0,0,0,3231000,3048000,6279000,RESIDENTIAL,1,1,0,3048000,0.07059271585233186,2832832.536,0.2717739868147199,2219632.848,0.5165022443807197,1473701.9039999999,4704701.904,497625.9659184194,497625.9659184194,497625.9659184194
39002008,2100,0,0,4447.840836,283.1302769,32.89324969,26.39999058,20.18764835,10.87235636,0,121.1420982,102.9744919,95.45721795,28.95038003,1017.53123286,0,2.82316190904,191.365480053,455.541236862,0,0,0,0,895100,3173900,4069000,RESIDENTIAL A,1,1,0,3173900,0.0027745211329826894,3165092.4275,0.18806840898153498,2576990.9748,0.44769263306208207,1752967.1872999999,2648067.1873,280091.49544133036,280091.49544133036,280091.49544133036
39002009,2100,0,0,5174.224098,292.7172304,35.53803146,28.85161216,22.34074618,12.67142319,1.297411538,118.4275735,118.4275735,103.6552784,24.64084964,921.582590398,0,0,128.794890005,403.103278827,0,0,0,0,2338200,2933800,5272000,RESIDENTIAL,1,1,0,2933800,0,2933800,0.13975403978646983,2523789.7148,0.43740331363346774,1650547.0786000001,3988747.0786,421897.95619250747,421897.95619250747,421897.95619250747
39002011,2100,0,0,6268.979691,445.924257,34.4337024,27.75818607,21.11354971,11.26008802,0,86.61926085,86.29633278,50.65872494,0,1627.14450976,0,0,122.541201881,432.941541644,0,0,0,489.183286849,2937700,3131100,6068800,RESIDENTIAL,1,1,0,3131100,0,3131100,0.07531058313872475,2895293.7279,0.2660744261171111,2297995.6986000002,5235695.6986,553790.2682113776,553790.2682113776,553790.2682113776
39002032,2100,0,0,5029.792419,338.5954587,13.57365805,11.54486098,10.66822564,7.541897042,2.623434447,22.10793448,18.53517035,4.670038302,0,1331.90492519,77.9594476975,114.146146731,214.735849493,369.19017353,43.6232600271,151.08379329,496.448960366,1216.87296305,898000,2858500,3756500,RESIDENTIAL,1,1,0.058532291774789295,2691186.278,0.08570142250560168,2613523.6914999997,0.1612246080270086,2397638.3375,0.2771895850428918,2066152.3849999998,2964152.385,313524.4748367401,313524.4748367401,313524.4748367401
39003008,2100,0,0,6907.975143,441.3199832,38.37378115,31.73030637,24.08199781,13.16062824,1.746012472,47.12940637,41.93405532,1.700697,0,1346.25896933,0,0,2.71909322133,157.676219858,0,0,0,0,3534300,3448100,6982400,RESIDENTIAL A,1,1,0,3448100,0,3448100,0.0020197400970210257,3441134.838,0.11712175996604249,3044251.6318,6578551.6318,695826.8933756166,695826.8933756166,695826.8933756166
41001002,2075,21.32410171,-157.6779352,2225.329247,219.1772486,20.27447461,14.13112222,8.566016493,0,0,666.3361072,658.1473673,653.178486,628.4211567,1847.30876387,0,0,0,196.781136857,0,0,0,0,274800,3500100,3774900,RESIDENTIAL,1,3,0,3500100,0,3500100,0,3500100,0.10652314367023055,3127258.8477,3774900,836001.3742702334,836001.3742702334,779700
41001003,2075,21.32419855,-157.6781019,3890.441307,378.4035885,17.55934491,11.92307631,6.912807266,0,0,645.2097223,637.0140873,632.0452755,607.260275,1549.45933447,0,0,0,100.570719265,0,0,0,0,332700,3242700,3575400,RESIDENTIAL A,1,3,0,3242700,0,3242700,0,3242700,0.06490697563185852,3032226.0711,3575400,791819.469009985,791819.469009985,779700
41001004,2075,21.32421899,-157.6782723,4793.505699,359.1198507,16.21572052,11.41536834,7.462125856,0.181968696,0,628.2405045,620.0431492,615.0743424,590.2968712,1365.12448392,0,0,0,74.4527229751,0,0,0,0,1836100,3099500,4935600,RESIDENTIAL A,1,1,0,3099500,0,3099500,0,3099500,0.054539145588618075,2930456.3695,4935600,1093053.6922430168,1093053.6922430168,779700
41001005,2075,21.32429537,-157.6784618,1532.836311,194.6711404,17.6532332,13.60570034,10.48742497,4.643934636,0,611.3264492,603.1123498,598.14431,573.3272676,1542.92901279,0.0111793934449,15.4839861396,115.425401827,259.228579697,0,0,0,0,355500,2840800,3196300,RESIDENTIAL,1,2,7.245565643156111e-6,2840780.1144,0.010035449467374457,2812292.572,0.07480927565052531,2628282.5927999998,0.16801069754223505,2363514.3512,2983782.5927999998,660797.9941467058,660797.9941467058,660797.9941467058
41001006,2030,21.3235155,-157.6772599,4946.835495,379.4997143,10.92501155,4.575405293,0,0,0,756.8001552,748.6433565,743.6755609,718.9807814,1134.57701328,0,0,94.0070416749,355.875406662,0,0,0,0,632000,2983700,3615700,RESIDENTIAL A,1,1,0,2983700,0,2983700,0.0828564659556523,2736482.5527999997,0.313663508511585,2047820.7232000001,3615700,3028091.826891089,3028091.826891089,779700
41001008,2050,21.3237551,-157.6775338,1717.006416,174.3478004,20.39052292,13.13662374,6.072340938,0,0,722.5895018,714.4251765,709.4569391,684.7443786,1912.82702265,0,0,163.273653648,520.432994257,0,0,0,0,622000,2262400,2884400,RESIDENTIAL A,2,3,0,2262400,0,2262400,0.08535724961779517,2069288.3232,0.27207530429803345,1646857.5199999998,2884400,1337481.071823621,1337481.071823621,779700
41001009,2100,21.32377082,-157.6778427,1710.488464,170.521395,42.70717907,35.46706317,28.36954458,17.50767962,4.281691405,698.1028586,689.9487669,684.9812984,660.3091652,1837.6599756,0,0,52.5116939264,358.62530841,0,0,0,0,720100,3500100,4220200,RESIDENTIAL,1,1,0,3500100,0,3500100,0.028575304802649804,3400084.6425,0.19515324552514565,2817044.9847,3537144.9847,374131.0768506515,374131.0768506515,374131.0768506515
41001011,2075,21.32316368,-157.6769354,1930.329605,194.9077769,17.86423987,12.3680765,7.597153162,0,0,779.1006652,778.5718017,777.6895744,765.1974208,933.489773095,0,0,2.80452970307,264.50210268,0,0,0,0,506900,2240000,2746900,RESIDENTIAL,1,1,0,2240000,0,2240000,0.0030043496821304614,2233271.04,0.2833476169782119,1605300.4800000002,2740171.04,606847.0039406328,606847.0039406328,606847.0039406328
41001012,2100,21.32327819,-157.6771482,718.1956406,103.0653151,27.097144,21.27960823,16.11643554,7.738173395,0,782.7402832,774.6479456,769.687832,745.1719644,1079.53886737,0,0,56.6790716077,313.905060134,0,0,0,0,192700,2683900,2876600,RESIDENTIAL A,1,1,0,2683900,0,2683900,0.05250303932621064,2542987.1983000003,0.2907769878621818,1903483.6097,2096183.6097,221717.63797244008,221717.63797244008,221717.63797244008
41002002,2050,21.32547935,-157.6817597,5418.235161,404.7015184,16.35203589,10.14292299,3.861230573,0,0,240.7703926,232.6975572,227.7419456,203.3440761,1395.28426064,0,6.77814885627,229.476417773,537.039182065,0,0,0,0,3755200,3160000,6915200,RESIDENTIAL A,1,1,0,3160000,0.004857898169911947,3144648.7199999997,0.16446571085646874,2640287.44,0.38489589341362357,1943728.64,6899848.72,3199423.4715873105,3199423.4715873105,779700
41002004,2075,21.32549591,-157.6812903,2094.849037,222.8643245,15.93257401,12.31477663,9.902350895,5.102711393,0,283.7950784,275.5924457,270.62373,245.8484931,919.507484596,0,0,0,20.9932682017,0,0,0,0,92100,2248400,2340500,RESIDENTIAL,1,1,0,2248400,0,2248400,0,2248400,0.022830992192438455,2197066.7796,2340500,518334.5827649689,518334.5827649689,518334.5827649689
41002009,2075,21.32473516,-157.6791963,1961.756088,191.84638,18.43094109,14.22699967,11.10138006,5.216043718,0,519.9641997,511.7295397,506.7638431,481.9008372,1794.05572053,0,0,0,117.635402141,0,0,0,0,967800,3418800,4386600,RESIDENTIAL A,2,3,0,3418800,0,3418800,0,3418800,0.06556953655054155,3194629.284,4386600,971470.4040832355,971470.4040832355,779700
41002016,2100,21.32455832,-157.6790391,2494.037277,237.1257353,19.29876953,15.2509414,12.32109204,6.69270002,0,545.3109465,537.0906844,532.1231558,507.2928217,1744.94065144,0,0,2.94467171474,151.939024271,0,0,0,0,226500,3443900,3670400,RESIDENTIAL,1,2,0,3443900,0,3443900,0.0016875483485985214,3438086.6968,0.08707403552413853,3144025.8514,3370525.8514,356507.42952064576,356507.42952064576,356507.42952064576
41002017,2100,21.32445388,-157.6788501,626.0033951,103.2472183,24.05027172,20.01681741,17.10355764,11.5058492,3.690406082,568.6609404,560.4546219,555.4861093,530.6883035,1869.92869811,0,0,49.8561394788,216.437016425,0,0,0,0,155300,3418900,3574200,RESIDENTIAL,1,2,0,3418900,0,3418900,0.026662053761296507,3327745.2882000003,0.11574613333853863,3023176.0006,3178476.0006,336193.9230628648,336193.9230628648,336193.9230628648
41002018,2050,21.32439068,-157.6787493,4115.471115,397.4335258,12.79769416,8.658992036,5.626945908,0,0,577.7140041,569.5127011,564.5439933,539.7580429,1397.63672116,0,0,59.2549505737,174.779665242,0,0,0,0,226600,3099800,3326400,RESIDENTIAL A,3,2,0,3099800,0,3099800,0.0423965324297719,2968377.7794,0.12505371574448737,2712157.6108,3326400,1542434.1413514398,1542434.1413514398,779700
41002020,2050,21.32442352,-157.6785239,472.653801,95.93191268,10.5044184,6.421764347,3.488594248,0,0,601.2417572,593.0155401,588.0486724,563.2036859,811.17758874,0,0,33.443132229,134.006836753,0,0,0,0,105400,2146000,2251400,RESIDENTIAL,1,4,0,2146000,0,2146000,0.041227879928175934,2057524.7119999998,0.1652003687147625,1791480.8,2251400,1043962.3093550479,1043962.3093550479,779700
41016083,2100,21.32669374,-157.685883,4882.951859,308.8007526,30.15560808,24.51496127,19.02824291,10.39787018,0,192.1065733,181.0120297,170.0080068,66.99700436,925.348216221,0,0,0,0,0,0,0,0,747400,983400,1730800,RESIDENTIAL,1,1,0,983400,0,983400,0,983400,0,983400,1730800,183070.2644686838,183070.2644686838,183070.2644686838
41016085,2100,21.32698107,-157.6867275,4858.84565,388.4231427,30.28824778,25.35812968,20.66583522,13.03685662,3.60296648,282.3017199,271.2529832,260.3832605,155.1624688,1323.72867437,0,0,0,0,0,0,0,0,450100,1143800,1593900,RESIDENTIAL,1,4,0,1143800,0,1143800,0,1143800,0,1143800,1593900,168590.07079768612,168590.07079768612,168590.07079768612
41017014,2100,21.32653871,-157.6855765,1662.544434,168.6019595,36.17087165,30.27508608,24.58231253,15.71916531,5.010662206,166.3895481,155.358837,144.3474359,48.49037842,902.492340522,0,0,0,0,0,0,0,0,61000,977100,1038100,RESIDENTIAL,1,3,0,977100,0,977100,0,977100,0,977100,1038100,109801.96530213812,109801.96530213812,109801.96530213812
43001004,2050,21.38109631,-157.7085688,4706.075653,318.3853777,14.86777324,7.743056423,0.031754803,0,0,13.21964569,13.0100019,12.07291896,11.37393733,958.991718835,0.582182324991,60.303548024,307.305323778,581.773691322,0,0,0,0,124800,3123700,3248500,RESIDENTIAL,2,1,6.070775310742467e-4,3121803.9140999997,0.06288224062795643,2927275.4966,0.3204462747095667,2122722.8298,0.6066514234645831,1228704.2713,3052075.4966,1415231.3155176737,1415231.3155176737,779700
43001014,2030,21.38126446,-157.7085106,1368.775047,153.1180412,7.763650727,0.663181734,0,0,0,5.30320272,5.30320272,4.740606375,3.988764736,890.978697219,45.0225408301,209.215335633,440.893823506,696.921908118,0,0,0,0,143400,4941300,5084700,RESIDENTIAL A,1,1,0.050531557006501124,4691606.228399999,0.23481519399512138,3781008.6405,0.49484216051647034,2496137.2254,0.7821981718455145,1076225.0226000003,4835006.228399999,4049241.5972524122,4049241.5972524122,779700
43001018,2100,21.38077633,-157.7085555,12818.312,614.3261512,22.60577718,19.46024466,16.05088637,10.30726258,1.541600096,15.9095652,15.9095652,15.0480256,14.5106286,2067.24741555,0,0,1.67785488383,10.7507911164,0,0,0,0,3384900,5555300,8940200,RESIDENTIAL,2,1,0,5555300,0,5555300,8.1163719021199e-4,5550789.0964,0.005200534312212313,5526406.8847,8911306.8847,942567.199066115,942567.199066115,779700
43003061,2075,0,0,4597.013611,329.3668459,46.39187588,36.03048973,23.13127639,6.011619553,0,42.61716265,41.65703621,40.69872109,39.10457617,1074.56302727,28.488336634,64.0294628075,142.462263258,492.081813621,58.8302195796,58.8302195796,61.0682930268,61.3853986207,1412600,2574800,3987400,RESIDENTIAL,1,2,0.026511554846974907,2506536.9024,0.05958651208219137,2421375.3924,0.1325769262878279,2233440.7404,0.4579366692628231,1395703.8124,3646040.7404,807463.7923175871,807463.7923175871,779700
43003063,2030,21.38369784,-157.7095937,5215.984108,404.0034271,10.17444433,0,0,0,0,9.679207821,9.679207821,9.022382284,2.382202023,3812.31747776,342.187352388,766.601434698,1333.45199214,1934.31986556,1099.53727501,1122.55408278,1159.59467113,1365.97630891,118800,4335900,4454700,RESIDENTIAL A,1,2,0.08975835679589275,3946718.2878,0.20108541305128433,3464015.5485,0.3497746449289672,2819310.5775,0.507386878675316,2135920.7067,4065518.2878,3404807.5612919857,3404807.5612919857,779700
43003064,2030,21.38320308,-157.7093931,7475.615364,410.366237,13.20033743,4.190166738,0,0,0,12.93946506,12.93946506,12.00206444,10.71587046,1794.98198731,17.3866741348,223.454592415,510.883165197,826.907311378,0,0,0,0,2519700,8582200,11101900,RESIDENTIAL,1,2,0.009686266635386161,8499072.810800001,0.12448848734681402,7513819.086399999,0.28461743282595325,6139559.9826,0.46067721972921954,4628577.8506,11018772.810800001,9228048.757018898,9228048.757018898,779700
43003065,2050,21.38293039,-157.7092715,3636.561493,331.1238663,20.75173728,13.93868993,6.051484433,0,0,20.52440025,20.11426777,19.21633687,18.40175017,1946.3548163,148.093658199,317.893754948,557.606065819,822.891000192,1.38766115136,7.52900568544,24.3978446646,45.6389643633,3697700,7081900,10779600,RESIDENTIAL A,1,2,0.07608769837789622,6543052.3928,0.16332775107896957,5925227.4368,0.2864873666143788,5053027.7147,0.4227857085977299,4087771.8266000003,9622927.4368,4462100.714967477,4462100.714967477,779700
43003067,2075,21.38213107,-157.7089322,438.9783478,86.07360225,23.72619449,16.15846228,7.810768606,0,0,24.32810165,23.62382009,22.84321257,21.86969341,1316.3461115,36.4838367113,182.093084526,386.572802712,612.024429148,0,0,0,0,497000,5330000,5827000,RESIDENTIAL A,1,4,0.027715990796467666,5182273.72,0.13833222352022728,4592690.4399999995,0.2936710940494923,3764733.57,0.46494187493788175,2851859.14,4261733.57,943817.0868880204,943817.0868880204,779700
43003069,2030,21.3818567,-157.7088549,3925.100563,312.6962586,11.32218752,3.642285697,0,0,0,12.23276827,11.60892938,10.56748392,9.617237153,1800.23329583,155.049629285,354.413031474,630.38033944,929.459427657,0,0,3.27778167801,10.2143351449,7500,5778000,5785500,RESIDENTIAL A,1,2,0.08612752005206867,5280352.416,0.19687061243392753,4640479.362,0.3501659151067763,3754740.852,0.5162994317514117,2794824.3780000005,5287852.416,4428493.150066625,4428493.150066625,779700
43003070,2050,21.38163256,-157.7088159,4075.356323,360.8980139,14.53011187,7.00160729,0,0,0,13.19329097,12.59670596,11.91078892,10.97124697,1748.81880508,91.628542463,269.938835817,518.331858643,789.448447177,0,0.12461095698,3.51412858464,14.7166418674,265000,6595900,6860900,RESIDENTIAL,1,4,0.052394531781586394,6250307.8195,0.15435494805572586,5577789.8555,0.2963896872205059,4640941.199,0.4514180913904838,3618392.0138000003,5842789.8555,2709270.8495265283,2709270.8495265283,779700
43003074,2100,21.38322429,-157.7097861,1515.966576,164.7463433,55.67086344,45.47664803,32.95652657,16.27487388,0,51.20423935,49.68661882,46.76045801,20.04230641,2454.92813786,206.69825077,460.394068353,807.833227283,1184.7028919,508.461025101,515.47963486,527.34391321,543.195381705,610800,6129800,6740600,RESIDENTIAL A,1,2,0.08419727143222293,5613689.229400001,0.1875387149842736,4980223.4377999995,0.32906593672725637,4112691.2331999997,0.4825814954130284,3171674.9862000006,3782474.9862000006,400080.13408239844,400080.13408239844,400080.13408239844
43003076,2075,21.38379808,-157.7099042,4692.096787,345.3605651,38.91355774,28.59828626,15.77371488,0,0,33.52604187,32.58746123,31.64875921,26.53488509,2552.54992893,238.699724954,534.936148516,929.041597095,1345.71993399,574.966113588,578.887274387,585.15905496,598.186627419,36400,6167600,6204000,RESIDENTIAL,1,1,0.09351422365871613,5590843.0536,0.20956931829350706,4875062.2356,0.36396608213828113,3922803.2983999997,0.5272061160245788,2916004.2744000005,3959203.2983999997,876817.7696038679,876817.7696038679,779700
43003091,2030,21.38241559,-157.7089574,4436.629417,347.3236393,9.129406089,1.792000593,0,0,0,9.709090346,8.975954636,8.609351046,7.678787253,1861.85263219,31.9989500073,230.048826852,507.848429589,813.705084758,0,0,0,0,421100,6596900,7018000,RESIDENTIAL A,1,3,0.017186618024468085,6483519.079700001,0.12355909531970077,5781793.632900001,0.2727651054700524,4797496.571500001,0.4370405426775809,3713784.2271,6904619.079700001,5782509.777646332,5782509.777646332,779700
43003105,2100,21.38252666,-157.7092425,771.534462,109.5004094,40.7787444,33.83062447,25.93204264,14.86372456,2.715421056,38.46923217,38.10409122,37.5381093,37.17293271,1093.89922101,6.7855520268,194.577030147,458.259986932,748.232808493,0,0,0,0,57600,3707000,3764600,RESIDENTIAL,2,2,0.006203086990531798,3684005.4790000003,0.1778747314285008,3047617.375,0.4189234054933208,2154052.4390000002,0.6840052484927768,1171393.465,1228993.465,129993.1584630426,129993.1584630426,129993.1584630426
43004074,2024,21.38653537,-157.7111987,2967.718491,224.7311812,3.237281548,0,0,0,0,2.903557716,2.903557716,2.807206478,2.585999227,1823.05170501,173.465736563,362.769292678,627.951505379,919.666917356,48.0793117936,52.0807474858,55.0785544394,61.0807078365,287500,6345400,6632900,RESIDENTIAL,1,2,0.0951512982798524,5741628.8446,0.19899012830028873,5082728.854,0.34445073809662213,4159720.6245999997,0.504465624770064,3144361.4436000003,6029128.8446,6029128.8446,6029128.8446,779700
43004075,2075,21.38640833,-157.7114492,1957.72995,196.0630219,31.9536825,24.16641619,15.62172172,3.763734978,0,31.18159478,30.55459011,30.35744968,30.19217079,905.790537193,0,0,0,112.54804205,0,0,0,0,809700,1927600,2737300,RESIDENTIAL A,2,1,0,1927600,0,1927600,0,1927600,0.12425393888390666,1688087.9896,2737300,606211.1742800896,606211.1742800896,606211.1742800896
43004076,2024,21.38614818,-157.7110585,2837.565048,215.6338756,4.200703563,0,0,0,0,4.717938853,4.717938853,2.955431135,1.997073619,1925.86292939,182.942660693,386.876097807,670.183569898,979.419999572,114.966657863,120.981276818,133.177419504,147.587338917,0,5624500,5624500,RESIDENTIAL A,1,1,0.09499256561885505,5090211.8715,0.20088454474251682,4494622.3175,0.34799131322927257,3667224.6205,0.5085616346965164,2764093.0310000004,5090211.8715,5090211.8715,5090211.8715,779700
43004078,2075,0,0,1272.830933,161.5173329,22.86902319,15.03958124,6.317621816,0,0,24.16338123,24.16338123,22.12453243,21.34531146,1924.77635142,149.534728637,319.915847244,566.508457193,847.840389908,2.21337946009,9.30668339216,26.4337728773,45.8413044085,349200,4107500,4456700,RESIDENTIAL,2,2,0.077689404551693,3788392.4325,0.1662093608995054,3424796.5324999997,0.29432430254822045,2898564.17,0.4404877425278565,2298195.54,3247764.17,719260.1948198956,719260.1948198956,719260.1948198956
43004079,2050,21.38568431,-157.7109695,4474.004944,297.7063475,15.04328086,8.912458963,1.998875111,0,0,15.89414531,15.63462034,14.93933294,14.35027369,2079.50293152,138.673145589,294.128676032,515.910791467,764.365380563,182.67145265,190.674421319,205.806051828,224.814780179,4673400,6356900,11030300,RESIDENTIAL A,1,3,0.0666857177679657,5932983.7666,0.1414418184142729,5457767.350199999,0.24809332251813568,4779797.6082999995,0.36757119645139996,4020287.9101,10131167.3502,4697768.88308486,4697768.88308486,779700
43004082,2075,21.38457775,-157.7104017,1535.90976,162.6057695,41.61555685,32.50396868,21.81158886,2.489223756,0,38.99167998,38.4481798,36.37955462,35.02311114,1567.69455234,129.191576662,278.788191311,448.800067824,587.644975326,551.574974948,554.576050085,559.90739691,571.937838149,342400,3630500,3972900,RESIDENTIAL,1,1,0.08240864042626402,3331314.1255,0.1778332334541,2984877.2935,0.28628030068364024,2591160.46,0.3748466016220181,2269617.9665,2933560.46,649675.640696394,649675.640696394,649675.640696394
43004083,2075,21.38414911,-157.7101748,3146.054825,247.290342,40.11629193,29.84516873,17.61193146,1.821167017,0,39.57211924,39.5227643,38.83435984,38.10850088,3555.72034247,103.637157185,733.492039255,1585.64499277,2488.66543184,0,0,0.0532387557605,0.533896776184,2573200,10188100,12761300,RESIDENTIAL,1,4,0.029146599620657427,9891147.4493,0.2062850754864135,8086447.791499999,0.4459419864466966,5644798.309799999,0.6999047146973418,3057397.8695,8217998.309799999,1819984.0739471917,1819984.0739471917,779700
43004086,2050,21.38474754,-157.7102623,1621.139359,188.5701262,14.94960488,6.38204008,0,0,0,12.45245097,12.1114656,11.16363897,9.89751071,1521.61372749,108.772285293,222.767309016,359.830184784,495.573225907,478.223130025,484.225279027,494.498168411,506.321750628,112000,4589800,4701800,RESIDENTIAL A,1,3,0.07148482123148751,4261698.147,0.14640201057036273,3917844.1004,0.23647932342038153,3504408.6858,0.32568924488114337,3094952.6278,4029844.1004,1868617.4617546413,1868617.4617546413,779700
43004087,2030,21.38460354,-157.7100743,4250.270905,487.4088173,12.16931713,2.213916551,0,0,0,8.530078084,7.811907523,7.16172506,6.398109776,2570.05620752,251.360380071,566.143611821,990.707438339,1390.39580577,536.019770098,550.024781966,567.030867837,582.804668119,177000,6116100,6293100,RESIDENTIAL A,1,1,0.09780345633512529,5517927.0717,0.22028452535958568,4768814.911499999,0.38548084490922185,3758459.6559,0.5409982091837888,2807302.1322000003,5694927.0717,4769411.765510295,4769411.765510295,779700
43004088,2030,21.38530467,-157.7107503,6539.095474,505.597598,11.47425806,5.26875501,0,0,0,12.04907776,11.64817795,11.35920936,10.2855684,1784.50342741,82.5200569009,241.241053631,464.305045519,709.687384798,0,0,0,0,527800,6702700,7230500,RESIDENTIAL,1,3,0.0462425880686978,6392747.0439,0.13518665748999623,5796582.0951000005,0.2601872534326734,4958744.5951000005,0.39769460450296196,4037069.7235,6920547.0439,5795849.196904852,5795849.196904852,779700
43004098,2050,21.38643331,-157.711307,610.6248932,103.914705,19.95974595,12.17965073,3.647960277,0,0,19.38529392,18.60671251,18.4698987,18.38654991,916.270090989,178.561028711,375.544805656,650.376785706,839.146215892,82.4665393449,87.4683337763,92.4701281033,99.2096879878,52600,3173100,3225700,RESIDENTIAL A,1,1,0.19487815925352917,2554732.6182,0.4098625605585859,1872563.7147000001,0.7098090313130256,920805.0621,0.9158284485595788,267086.1732000001,1925163.7147000001,892688.2639623143,892688.2639623143,779700
43004099,2030,21.38502891,-157.7104028,3447.78334,302.1108218,12.24374712,5.086168425,0,0,0,9.891454261,9.811996549,6.039497005,4.962679582,948.798238736,1.57135487088,169.760140194,445.672048114,729.247650959,0,0,1.36055816623,7.35663451435,97800,3949900,4047700,RESIDENTIAL A,1,1,0.0016561528117646773,3943358.9656,0.17892122188185808,3243179.9421,0.4697226764540894,2094541.1223,0.7686013961519491,914002.9101000001,4041158.9656,3384407.012446001,3384407.012446001,779700
43004100,2100,21.38493233,-157.7106782,2462.819382,203.2233099,39.54146633,33.00006472,25.4316111,14.82964311,3.223762824,37.79124845,37.63919688,37.49359927,36.47930928,927.613788656,0,0,0,0.116003108345,0,0,0,0,1087500,1900000,2987500,RESIDENTIAL,1,2,0,1900000,0,1900000,0,1900000,1.250553945657432e-4,1899762.5,2987262.5,315968.8790804146,315968.8790804146,315968.8790804146
43005057,2030,21.38831163,-157.7119793,5125.780151,312.6564772,6.457318126,2.446485922,0,0,0,6.262567303,5.534082598,4.855005369,4.120453133,1943.36225149,0,120.979320838,316.559460309,544.433021411,0,0,0,0,2348900,6918200,9267100,RESIDENTIAL A,1,3,0,6918200,0.062252583503278225,6487521.2954,0.1628926671114919,5791273.6474,0.2801500445907995,4980066.27,9267100,7761050.355113093,7761050.355113093,779700
43005060,2050,21.38692203,-157.7114675,2005.274994,185.3301522,17.22755242,10.07893342,2.473021471,0,0,16.09819415,15.73553159,15.37286902,14.5006587,1218.46040522,91.0585968668,201.888468463,359.433530612,534.74616957600006,0.860800013452,3.10280981609,8.37421784958,15.7942149488,130700,4559900,4690600,RESIDENTIAL,1,2,0.0747325038029109,4219124.9933,0.1656914476646846,3804365.6091,0.29498991438060085,3214775.099,0.4388703705800342,2558696.687,3935065.6091,1824669.1750642553,1824669.1750642553,779700
43005062,2024,21.38720401,-157.7114646,3350.714493,305.6480158,0,0,0,0,0,0,0,0,0,1219.62136269,65.5530032301,155.09574825,285.986614271,434.518439278,0,0,0,0.679062500812,194100,5163600,5357700,RESIDENTIAL A,1,2,0.053748651208860534,4886061.6636,0.1271671298934289,4506960.4788,0.23448803294181988,3952797.7632,0.3562732275528735,3323948.7372,5080161.6636,5080161.6636,5080161.6636,779700
43005063,2030,21.38707623,-157.7114441,2744.356201,226.880989,7.438101826,0.841885861,0,0,0,6.677650104,5.9066058870000004,4.943421088,3.751608294,1217.87960017,78.4628100454,179.076255246,323.825048269,486.306308762,0,0.33091995159,5.0373932517,16.4210490999,260400,5037500,5297900,RESIDENTIAL A,1,3,0.06442575278742466,4712954.025,0.1470393750096506,4296791.0375,0.265892497274606,3698069.05,0.399305734897044,3025996.0250000004,4973354.025,4165105.698851785,4165105.698851785,779700
43005094,2050,21.38799522,-157.7118505,5553.320923,344.6355436,13.09686629,8.748810997,4.822517941,0,0,11.269846,10.79278533,10.79278533,9.905057137,2089.62744823,0.0784747125979,101.470523923,378.414606215,708.541500171,0,0,0,2.49446759551,2749800,7405300,10155100,RESIDENTIAL A,1,2,3.755440361599925e-5,7405018.5986,0.04855914579842913,7045706.0373,0.18109190063306865,6064259.4124,0.33907551356638416,4894340.4972,9795506.0373,4542124.502088044,4542124.502088044,779700
43007032,2075,21.39355989,-157.7170932,5001.747681,330.1201657,15.88512412,12.13682348,9.379289278,4.591018573,0,20.97081073,19.1758661,16.57202395,11.12293652,1044.66958081,0,0,0,26.5632301965,0,0,0,0,2012700,4882400,6895100,RESIDENTIAL,1,1,0,4882400,0,4882400,0,4882400,0.02542739894455796,4758255.2152,6895100,1527010.801804203,1527010.801804203,779700
43008036,2024,21.39575581,-157.7201338,2346.376434,213.8516597,5.426212137,0,0,0,0,5.093939696,4.495041663,4.090953874,3.689014581,486.985169881,93.6770618896,257.629926965,471.603918344,483.734445181,0,0,0,0.088555931345,2728500,3505200,6233700,RESIDENTIAL A,1,1,0.19236122100492503,2830936.2228,0.5290303337737258,1650844.044,0.9684153594641115,110711.74199999991,0.9933247973428136,23397.209999999952,5559436.2228,5559436.2228,5559436.2228,779700
43008037,2030,21.39559336,-157.7199795,1772.759171,188.0712903,6.587272312,0.738077105,0,0,0,5.208366508,4.861108471,4.327784445,3.902935838,468.396140611,57.4129352592,188.94503982,381.692556291,468.396140649,0,0,0,0,217100,3252100,3469200,RESIDENTIAL,1,1,0.122573459261017,2853480.3466999996,0.40338726867717223,1940245.1373000003,0.8148926158808666,601986.4747,1.000000000081128,0,3070580.3466999996,2571562.6992434864,2571562.6992434864,779700
43008038,2024,21.39548475,-157.7198163,3363.411987,242.4053035,5.797343118,0.177632705,0,0,0,4.362367795,4.134735658,3.80827407,3.224017796,661.67035957,51.3248159228,172.384398162,351.148755729,552.500612901,0,0,0,0.0223107910981,437000,3347400,3784400,RESIDENTIAL,1,1,0.07756855839236093,3087745.5294,0.26052912249844096,2475305.2254,0.5307004472093948,1570934.82,0.8350088603939487,552290.8734,3524745.5294,3524745.5294,3524745.5294,779700
43008040,2030,21.39522816,-157.7195055,2965.387939,265.6689992,11.09961246,5.770021249,0.263819769,0,0,10.51997287,9.909234895,9.344410123,8.937863014,961.058267098,52.598772797,178.318655809,364.962599975,578.842423228,0,0.00125966604451,0.00125966604451,0.789266518396,1468300,4398800,5867100,RESIDENTIAL A,1,1,0.05473005602025216,4158053.6760000004,0.18554406315805272,3582629.0528,0.37975075234203715,2728351.3012,0.6022969085692023,1749415.9564,5626353.676000001,4711982.626184206,4711982.626184206,779700
43008041,2030,21.39494745,-157.719091,3040.118134,295.568731,6.651631152,1.354808999,0,0,0,5.223526591,5.14596904,4.573386862,4.000723557,1346.81146495,82.6264241725,249.586322263,497.824011161,782.678422082,0,0,0,0.00760483758552,3649000,5070900,8719900,RESIDENTIAL A,1,2,0.06134965904494099,4759800.285,0.1853164520486658,4131181.0955999997,0.3696315513467073,3196533.0912,0.5811343624930135,2124027.5993999997,8408800.285,7042237.856284525,7042237.856284525,779700
43008042,2075,21.39483782,-157.7190946,581.1894226,112.5012729,24.00253856,18.75363031,13.40608087,5.444131052,0,22.15970045,22.15970045,21.69767809,21.25138906,680.429692517,23.0796884799,104.214133803,225.490754359,365.215855809,0,0,0,0,336500,3482600,3819100,RESIDENTIAL A,1,1,0.033919284730983976,3364473.6906,0.15315929764543054,2949208.4666,0.3313946420017029,2328483.773,0.5367429726031178,1613338.8282,2664983.773,590195.7923748634,590195.7923748634,590195.7923748634
43008043,2030,21.394894,-157.7189164,1893.054504,174.161465,8.41377857,3.208039507,0,0,0,6.129666672,5.82711547,5.82711547,5.018963436,1029.4090974,5.48243061322,117.59942372,291.568988602,493.380937799,0,0,0,0,82100,4121100,4203200,RESIDENTIAL,1,3,0.005325803538230902,4099151.0214,0.1142397361913969,3650305.536,0.2832391799707442,2953843.7571,0.4792855814516721,2145914.4654,4181251.0214,3501731.9036649494,3501731.9036649494,779700
43008044,2050,21.3946913,-157.7187448,4369.132797,321.3321936,12.27316882,7.297706861,2.360619222,0,0,9.68844427,9.504153457,9.114461729,8.606974978,1039.968752,0,90.4697030169,252.012845399,441.511005507,0,0,0,0,830600,4874400,5705000,RESIDENTIAL A,1,1,0,4874400,0.08699271285114536,4450361.3208,0.2423273246569624,3693201.2712000003,0.4245425688588382,2805007.6008,5280961.3208,2448753.920261638,2448753.920261638,779700
43008045,2030,21.39464242,-157.7185773,3967.774704,358.9278395,6.398795315,1.834460034,0,0,0,3.993371133,3.809080657,3.809080657,3.200042685,1045.29506914,0,84.764989366,235.700928601,414.640488757,0,0,0,0,0,4301000,4301000,RESIDENTIAL A,1,1,0,4301000,0.0810919250157174,3952223.308,0.225487458574658,3331180.413,0.3966731509583595,2594909.4269999997,4301000,3602019.787996397,3602019.787996397,779700
43008046,2024,21.39450334,-157.7183824,5429.834366,450.9995159,5.409500486,1.023455175,0,0,0,4.237875636,4.026483859,3.432934563,2.839329352,1045.22948843,0,56.5400857096,203.259392492,378.029175462,0,0,0,0,234100,4447600,4681700,RESIDENTIAL A,1,1,0,4447600,0.05409346591869193,4207015.9732,0.19446389021927454,3582701.9136,0.3616709819676284,2839032.0604,4681700,4681700,4681700,779700
43008047,2024,21.39437376,-157.7181475,4767.574158,310.9205245,2.712964605,0,0,0,0,0.75942185,0.723873652,0.549361411,0,1055.32972552,4.89301544047,108.69407573,269.975622224,459.784437307,0,0,0,0,255800,4447600,4703400,RESIDENTIAL,1,1,0.0046364802602892954,4426980.9264,0.10299537016873318,3989519.438,0.25582111040317096,3309810.5204,0.43567846729650983,2509878.5272,4682780.9264,4682780.9264,4682780.9264,779700
43008048,2030,21.39419408,-157.7180222,6348.393433,535.3104643,7.883717974,2.908052112,0,0,0,7.302340957,6.972684273,6.393617978,6.014348652,1044.04337075,0.84301761442,114.421489389,299.296774075,513.112825984,0,0,0,0,664800,4643100,5307900,RESIDENTIAL A,1,2,8.07454592441317e-4,4639353.0183,0.10959457489472309,4134239.4555,0.2866708246612369,3312057.8799,0.49146696426547853,2361169.5723,5304153.0183,4442144.647867336,4442144.647867336,779700
43008050,2024,21.39398723,-157.7176523,6748.366043,375.5718421,3.389647827,0,0,0,0,5.682368617,4.866921015,3.814925184,2.420388281,1044.04473785,47.3506624554,182.981992713,383.311889145,613.856245633,0,0,0,0,61500,4447600,4509100,RESIDENTIAL A,1,1,0.04535309717944573,4245887.9972,0.1752625975490424,3668100.2812,0.367141249075546,2814703.6884000003,0.5879597141566111,1832589.1039999998,4307387.9972,4307387.9972,4307387.9972,779700
43008051,2050,21.39370867,-157.7173244,5339.555176,395.3901654,12.84760298,7.57495523,2.784854765,0,0,16.01586238,15.38658395,13.98984631,11.60347008,976.668657072,0,13.4902630526,121.151141368,276.236542012,0,0,0,0,1968900,4905900,6874800,RESIDENTIAL A,1,1,0,4905900,0.013812527877205645,4838134.8033,0.12404528443782008,4297347.634500001,0.28283547343491316,3518339.7735,6807034.8033,3156386.147780604,3156386.147780604,779700
49007004,2075,21.52802186,-157.8350369,840.801651,118.8316075,13.86308844,10.72284979,9.006413047,5.149851471,0,15.81655424,14.94073072,13.58164111,12.45276209,1404.38016394,125.07117383800001,191.709408907,345.49567231,566.308606649,541.117804763,577.001209074,627.849368154,677.397238686,507500,1149800,1657300,RESIDENTIAL,3,3,0.08905791825420818,1047401.1116000001,0.13650820043566955,992843.1016,0.24601292526142568,866934.2526,0.4032445210990567,686148.8989999999,1374434.2526,304386.5861394159,304386.5861394159,304386.5861394159
49007030,2050,21.53137175,-157.8366052,3525.340698,247.449606,9.265466516,6.886396658,5.983914625,3.129936283,0,7.229258407,6.941763056,5.537212008,4.139356484,891.602058842,31.259192051,42.7486129922,81.3810714246,147.680956255,481.602643482,489.983352583,496.974312905,510.903248976,857900,1194900,2052800,RESIDENTIAL A,1,1,0.035059578139152114,1153006.806,0.047945843740784186,1137609.3246,0.0912751048716695,1085835.5025,0.16563550385561684,996981.5436,1995509.3246,925307.1523713901,925307.1523713901,779700
49008012,2024,21.52665395,-157.8345557,882.6204071,120.9573617,2.293639117,0.600224782,0.737084789,0,0,4.206517303,3.528466111,2.328041823,0.379594124,843.271831308,46.8874894538,40.9378109953,83.144733796,178.863463634,245.024295613,274.520035986,323.566910993,371.011123825,888100,1139200,2027300,RESIDENTIAL,1,1,0.05560186847587777,1075858.2016,0.048546399245663535,1083896.3968,0.09859778390443104,1026877.1584000001,0.21210653195490317,897567.7056,1963958.2016,1963958.2016,1963958.2016,779700
49009003,2050,21.51825861,-157.8356035,1491.637558,156.4524819,10.98365305,6.751282889,3.487919461,0,0,10.35049671,9.996531438,9.660282319,9.191828728,480.907482522,73.2349655377,152.61626396,295.805307735,448.28894174,0.415839369872,0.97491843259,2.16126237476,5.33057383018,223900,735600,959500,RESIDENTIAL,1,1,0.15228493670682228,623579.154,0.3173505705497487,502156.60440000007,0.615098160219347,283133.9112,0.9321729397701608,49893.54119999998,726056.6044000001,336668.61928218376,336668.61928218376,336668.61928218376
49009005,2024,0,0,1409.982468,160.228537,0.980502996,0.991939255,0.991939255,0.991939255,0.991939255,0,0,0,0,794.780469111,70.5097876191,84.9192119954,84.9192120061,84.9192119813,607.523600049,629.212641265,686.919753534,721.61974889,585300,1112300,1697600,RESIDENTIAL A,1,1,0.08871605475908155,1013621.1932,0.10684612329538773,993455.1942,0.10684612330885056,993455.1942,0.10684612327764696,993455.1942,1598921.1932,1598921.1932,1598921.1932,779700
51001020,2075,21.54319395,-157.8446115,1974.567535,183.0100056,23.73317458,17.76737716,11.97232665,3.003989087,0,24.42462262,23.6567581,22.86093037,22.01532859,442.395920812,0,0,0,167.238748321,0,0,0,0,116600,722600,839200,RESIDENTIAL,1,1,0,722600,0,722600,0,722600,0.3780295894547128,449435.522,839200,185851.90423258362,185851.90423258362,185851.90423258362
51001021,2075,21.5430508,-157.8444259,2282.881378,208.5263578,22.68268684,16.58067198,10.6080695,1.432954389,0,23.69221739,23.21322017,22.33100085,21.45927352,531.713371196,0,0,0,151.471586922,0,0,0,0,331200,742200,1073400,RESIDENTIAL,1,1,0,742200,0,742200,0,742200,0.2848745115837318,530765.775,1073400,237718.5819867198,237718.5819867198,237718.5819867198
51002002,2024,21.55066223,-157.8475351,3294.951004,306.8065138,4.680036817,0,0,0,0,6.296177203,5.507863408,3.940783148,2.526811667,809.944257711,0,146.602342148,450.635691557,774.171359746,0,0,0,0,354800,752700,1107500,RESIDENTIAL A,1,1,0,752700,0.18100300206129724,616459.0419,0.5563786486128697,333913.52670000005,0.9558328889618917,33244.50089999997,1107500,1107500,1107500,779700
51002003,2030,21.55046806,-157.8473733,1903.199661,187.80153,8.5053786,3.629354807,0,0,0,12.87375607,11.47315613,9.936113016,7.542847602,682.077004757,0,85.7822891496,263.996491078,495.550527225,0,0,0,0,250800,731800,982600,RESIDENTIAL,2,1,0,731800,0.12576628232784537,639764.4412,0.38704792748738487,448558.27359999996,0.7265316434491838,200123.88240000003,982600,822912.0306173586,822912.0306173586,779700
51002004,2024,21.55024429,-157.8471194,2399.294006,229.2827472,4.463172297,0,0,0,0,10.04907988,8.70084399,6.556460422,4.223513381,815.020169968,0,87.2292247669,261.110955623,486.628995998,0,0,0,0,636800,752800,1389600,RESIDENTIAL,1,1,0,752800,0.10702707488861886,672230.0744,0.32037361189877295,511622.4528,0.5970760159433924,303321.1872,1389600,1389600,1389600,779700
51002005,2030,21.55004956,-157.8470101,3309.096329,301.4804961,8.846955305,3.974596513,0,0,0,13.48590304,11.84670502,9.564195948,7.49754868,1040.01848359,5.50974940433,125.876063068,330.993796386,586.450875878,0,0,0,0,430200,788700,1218900,RESIDENTIAL,1,1,0.005297741810617737,784521.4674,0.12103252495426162,693241.2729000001,0.3182576094642618,537689.9154,0.5638850512095254,343963.90050000005,1214721.4674,1017310.1052031667,1017310.1052031667,779700
51002017,2100,21.54875553,-157.8468313,1437.293945,161.4088981,32.88585168,27.48623941,22.72489453,15.04973505,5.502077439,39.37357619,37.85901853,35.63211481,33.67951882,586.310317297,0,0,0,0,0,0,0,0,0,767900,767900,RESIDENTIAL,1,2,0,767900,0,767900,0,767900,0,767900,767900,81222.35734082638,81222.35734082638,81222.35734082638
51002061,2100,21.54857942,-157.8467611,2207.365921,263.8615687,24.2625408,18.96829159,14.32105287,6.787353994,0,30.43174387,28.86993574,26.52898984,24.58948093,617.057358647,0,0,0,3.40709089663,0,0,0,0,44700,853000,897700,RESIDENTIAL,1,1,0,853000,0,853000,0,853000,0.00552151408436423,848289.7339999999,892989.7339999999,94453.35496371596,94453.35496371596,94453.35496371596
51003031,2075,21.55717561,-157.8562916,2480.491653,255.4753947,23.41264081,18.13253218,13.46914938,5.912728658,0,26.18750825,25.15445242,23.95495577,23.03718471,760.069510432,0,0,0,69.2617195584,0,0,0,0,77600,940000,1017600,RESIDENTIAL A,1,2,0,940000,0,940000,0,940000,0.09112550708557403,854341.5599999999,1017600,225360.93630490595,225360.93630490595,225360.93630490595
51003051,2100,21.5579389,-157.8587387,3477.009949,239.0553863,21.14239955,17.01111213,13.88210834,8.31424532,0.989880972,21.86907381,21.13651886,20.43033749,19.2722282,470.622067745,0,0,0,0,0,0,0,0,314800,815000,1129800,RESIDENTIAL A,1,1,0,815000,0,815000,0,815000,0,815000,1129800,119501.2623045522,119501.2623045522,119501.2623045522
51005016,2100,21.55877624,-157.8611136,1554.112076,170.1983553,20.71875339,16.96426078,14.34571743,9.417952004,2.556455384,21.87851647,21.25878704,19.66013602,17.65412681,505.217325563,0,0,0,0,0,0,0,0,86300,825500,911800,RESIDENTIAL,1,1,0,825500,0,825500,0,825500,0,825500,911800,96442.95536315339,96442.95536315339,96442.95536315339
51005031,2050,21.56001367,-157.8638276,1317.732727,158.6691374,17.50059595,11.38718076,5.681962107,0,0,15.7234196,15.6297116,14.73154851,14.59946722,758.945692439,0,0,1.03460807464,244.820518758,0,0,0,0,375900,1134600,1510500,RESIDENTIAL,1,2,0,1134600,0,1134600,0.0013632175331480074,1133053.5402,0.32257975925949056,768600.7320000001,1510500,700410.8857958603,700410.8857958603,700410.8857958603
51006001,2075,21.5401703,-157.841711,3999.618622,272.6383514,20.55520953,14.48764203,8.924361549,0.263540891,0,26.73220638,25.79106282,24.51451357,22.6297086,1337.26886296,0,0,0,456.386465596,0,0,0,0,205100,2102300,2307400,RESIDENTIAL A,1,1,0,2102300,0,2102300,0,2102300,0.3412825036438849,1384820.7491,2307400,511004.1513659002,511004.1513659002,511004.1513659002
51006003,2100,21.54069674,-157.8419731,1701.964996,165.8443277,30.60905469,24.72284209,19.40121568,11.04435918,0.780494721,35.83656082,35.18274617,33.61330131,31.74225871,586.371138666,0,0,0,146.368644552,0,0,0,0,316400,839900,1156300,RESIDENTIAL,1,1,0,839900,0,839900,0,839900,0.24961775043190237,630245.8417999999,946645.8417999999,100128.67149093241,100128.67149093241,100128.67149093241
51006004,2075,21.54084172,-157.8419854,2594.363663,243.6025636,20.45547524,14.61758833,9.35531146,1.07119692,0,25.75998534,24.76524657,23.22941887,21.60229872,579.461397487,0,0,0,133.476664612,0,0,0,0,245600,841600,1087200,RESIDENTIAL,1,1,0,841600,0,841600,0,841600,0.23034608550433164,647740.8064,1087200,240774.77392953396,240774.77392953396,240774.77392953396
51006005,2100,21.54103261,-157.8420949,881.570755,127.5697585,32.80059266,27.07138791,21.93624119,13.79686921,3.753512644,38.96865759,38.01924949,36.74973278,34.53252476,575.552885492,0,0,0,124.174492058,0,0,0,0,25700,843300,869000,RESIDENTIAL,1,2,0,843300,0,843300,0,843300,0.21574818785219346,661359.7115999999,687059.7115999999,72671.71429881535,72671.71429881535,72671.71429881535
51006006,2100,21.54114327,-157.8421444,1618.58429,165.8791929,31.26634333,25.65266907,20.68260751,12.77146929,2.978788996,37.71184715,36.73808351,34.85428869,32.82079657,450.80115608,0,0,0,83.5601204425,0,0,0,0,343100,777200,1120300,RESIDENTIAL,1,1,0,777200,0,777200,0,777200,0.18535915295583505,633138.9852,976238.9852,103258.7989399142,103258.7989399142,103258.7989399142
51006008,2100,21.54163032,-157.8423363,3085.735931,262.4853501,29.68295558,24.18960041,19.18605866,11.11845822,1.697624489,29.98044313,29.14528209,28.64508284,27.74390399,881.173988367,0,0,0,103.627591423,0,0,0,0,124900,929300,1054200,RESIDENTIAL,1,1,0,929300,0,929300,0,929300,0.11760173676375041,820012.4614,944912.4614,99945.32829226542,99945.32829226542,99945.32829226542
51006009,2075,21.54189767,-157.8423827,1491.952652,158.9257802,24.2146708,17.86913942,11.6305348,2.107157022,0,26.31699719,25.43595115,24.36388729,22.96537366,889.661425319,0,0,0,261.935803437,0,0,0,0,267100,978200,1245300,RESIDENTIAL A,1,2,0,978200,0,978200,0,978200,0.2944218957712811,690196.3996,1245300,275788.10336133983,275788.10336133983,275788.10336133983
51006010,2050,21.54220799,-157.8426462,1757.26442,169.024399,19.01253255,12.17613482,5.339422231,0,0,20.66615686,19.41508299,17.43105717,16.043286,539.574508244,0,0,0,235.566696437,0,0,0,0,111900,798000,909900,RESIDENTIAL,1,2,0,798000,0,798000,0,798000,0.43657862415263476,449609.958,909900,421915.83249629475,421915.83249629475,421915.83249629475
51006012,2075,21.54234078,-157.8431136,4058.315643,266.9687211,28.99236053,21.71544815,14.01477422,2.688916888,0,28.67242436,27.64528105,26.54179585,25.9899179,1251.32821703,0,0,73.7933784344,427.606687185,0,0,0,0,694600,1140000,1834600,RESIDENTIAL,1,1,0,1140000,0,1140000,0.05897204061261158,1072771.92,0.34172224470404344,750436.9199999999,1767371.92,391407.8131782619,391407.8131782619,391407.8131782619
51006014,2100,21.54251022,-157.8435789,2262.822876,225.769259,36.99058032,30.54275586,24.03846632,14.18468149,2.578496935,37.12798195,36.30147565,35.4840518,34.58858007,1271.29341605,0,0,0,290.565067594,0,0,0,0,14500,1129500,1144000,RESIDENTIAL A,1,1,0,1129500,0,1129500,0,1129500,0.22855861906121294,871342.6095,885842.6095,93697.38895238849,93697.38895238849,93697.38895238849
51010015,2075,21.55392297,-157.8503804,4076.300842,349.8335931,21.61615795,15.46338284,9.63539166,0.640034527,0,21.20503138,20.91151659,20.54143328,19.83563923,1418.62835599,0,0,8.34945954696,289.516515114,0,0,0,0,342800,1212000,1554800,RESIDENTIAL,1,2,0,1212000,0,1212000,0.00588558625076493,1204866.168,0.2040820020913503,964652.616,1547666.168,342751.0777396874,342751.0777396874,342751.0777396874
51010016,2075,21.55374872,-157.8502261,2614.29184,211.631204,20.70147258,14.9518184,9.763182607,1.557482261,0,20.13685432,19.59127384,18.73278819,17.91459983,1267.17897076,0,0,0,225.162379588,0,0,0,0,393100,1140000,1533100,RESIDENTIAL,1,2,0,1140000,0,1140000,0,1140000,0.1776879073781955,937435.6799999999,1533100,339525.20779191365,339525.20779191365,339525.20779191365
51010019,2075,21.55311816,-157.8497561,3366.019073,233.5804999,18.59658676,13.05473536,8.177129497,0.369358773,0,19.51898034,18.38430076,17.28720634,16.43358208,671.051835691,0,0,0,176.935153026,0,0,0,0,432800,889000,1321800,RESIDENTIAL A,1,1,0,889000,0,889000,0,889000,0.2636683838943755,654599.148,1321800,292730.0369573749,292730.0369573749,292730.0369573749
51010021,2100,21.55263438,-157.8494827,2680.021225,234.8207681,26.78380316,21.33202938,16.56148324,8.88435778,0,28.04304545,26.94552428,25.96415184,24.33819532,1407.54154794,0,0,0,175.216706169,0,0,0,0,81300,1212000,1293300,RESIDENTIAL A,1,1,0,1212000,0,1212000,0,1212000,0.12448421606128605,1061125.392,1142425.392,120836.6759008434,120836.6759008434,120836.6759008434
51010022,2075,21.5524891,-157.8492955,1521.328461,159.6688645,22.64268799,17.50601828,13.10269844,5.802618829,0,26.38454504,25.28491579,23.22582679,21.60449098,1395.99915813,0,0,0,129.343269455,0,0,0,0,103000,1212000,1315000,RESIDENTIAL A,1,1,0,1212000,0,1212000,0,1212000,0.09265282769100004,1099704.564,1315000,291224.087304394,291224.087304394,291224.087304394
51010023,2075,21.55227594,-157.849152,2325.580185,216.4770238,22.18290136,17.17392302,12.97535349,6.008904193,0,24.96173901,24.09849329,22.40620541,20.49696178,1368.68282519,0,0,0,106.776877698,0,0,0,0,206000,815400,1021400,RESIDENTIAL,2,2,0,815400,0,815400,0,815400,0.07801433300164141,751787.3844,1021400,226202.49640510118,226202.49640510118,226202.49640510118
51010045,2100,21.55350676,-157.8501108,2155.234283,188.5727324,28.68666429,23.12923954,18.22786973,10.38932071,0.645015432,28.13043095,27.62912706,26.5676291,25.87154666,759.169146867,0,0,0,170.36142325,0,0,0,0,102700,927000,1029700,RESIDENTIAL,1,1,0,927000,0,927000,0,927000,0.22440509332216826,718976.5650000001,821676.5650000001,86910.41487304696,86910.41487304696,86910.41487304696
51011033,2100,21.55418772,-157.8506361,1934.368561,211.5639427,27.68919816,21.68937842,16.09024742,7.342803388,0,27.62090665,27.52033081,26.81106733,26.10603419,1131.65480504,0,0,19.9945451878,312.478411103,0,0,0,0,120500,1087700,1208200,RESIDENTIAL,1,1,0,1087700,0,1087700,0.017668413635281002,1068482.5164,0.2761252015290608,787358.8375,907858.8375,96026.09052539684,96026.09052539684,96026.09052539684
51011035,2075,21.55454926,-157.8508716,1840.7117,174.0083773,19.27999458,13.85811203,9.058879223,1.184224042,0,21.45161992,20.72004872,20.01173877,18.59738726,551.617743677,0,0,0,159.443256675,0,0,0,0,120800,823400,944200,RESIDENTIAL,1,1,0,823400,0,823400,0,823400,0.2890466423581219,585398.7002,944200,209105.53858008274,209105.53858008274,209105.53858008274
51011059,2100,21.55434248,-157.850766,2638.823013,217.3673833,28.399328,22.57957013,17.26309168,8.871654297,0,27.97766093,27.937431,27.2505573,26.402697,626.822636562,0,0,0,201.215855583,0,0,0,0,223000,870700,1093700,RESIDENTIAL,1,2,0,870700,0,870700,0,870700,0.3210092358607688,591197.4637,814197.4637,86119.33499496798,86119.33499496798,86119.33499496798
51012002,2024,21.55507936,-157.8510665,2565.297379,218.8452361,3.085344846,0,0,0,0,3.038784478,3.038784478,2.264649817,1.661775671,855.358842694,114.638415785,345.098289162,670.864007074,851.911353786,0,0,0,0.185410175419,216500,744600,961100,RESIDENTIAL,1,1,0.13402376881256056,644805.7296,0.4034544005824431,444188.15160000004,0.7843070926362048,160605.00780000002,0.9959695408103317,3000.7379999999835,861305.7296,861305.7296,861305.7296,779700
51012003,2030,21.5552185,-157.8512241,1845.078751,177.0919653,7.984003967,1.984444238,0,0,0,7.00812571,7.00812571,6.482960198,6.284436521,865.217174789,63.9222135478,215.30840589,450.934656987,737.739858951,0,0,0,0,193800,761800,955600,RESIDENTIAL,1,1,0.07387996379451052,705518.216,0.24884897360308078,572226.8318,0.521180889754031,364764.3142,0.8526643719606146,112240.56480000002,899318.216,753164.84764883,753164.84764883,753164.84764883
51012004,2030,21.55544122,-157.8514262,2294.383698,221.0769359,7.821737512,1.780195296,0,0,0,8.435787154,7.631330607,6.570646306,6.196103015,1180.35167819,85.2527241785,242.648263534,487.301050526,784.725634625,0,0,0,0,324000,796100,1120100,RESIDENTIAL,1,1,0.07222654548958667,738600.0852999999,0.20557285427516556,632443.3347,0.4128439511123054,467434.89160000003,0.6648235853134302,266833.61360000004,1062600.0853,889910.8425894581,889910.8425894581,779700
51012005,2030,21.55546798,-157.8516188,2529.829224,261.3064036,12.13532228,5.881211698,0,0,0,13.67906454,12.93664246,11.50909967,10.78911973,1413.20896591,154.427642494,320.179652407,575.191218001,882.11938767,0,0,0.101460144577,13.2433541473,233700,816500,1050200,RESIDENTIAL,1,2,0.10927445708254493,727277.779,0.2265621434129725,631512.127,0.40701073363953666,484175.5185,0.6241960028197115,306843.966,960977.779,804803.760935324,804803.760935324,779700
51012006,2050,21.5557175,-157.8518069,3249.65184,281.0893061,13.0315924,6.634188826,0.539319138,0,0,15.64198402,14.54522404,13.13068086,11.02982191,1576.70334294,173.222525364,341.077342951,598.256950775,907.532946172,0,0,1.18319690717,8.46594437598,357300,837700,1195000,RESIDENTIAL A,1,1,0.10986373951678227,745666.9272,0.2163230924055822,656486.2228999999,0.3794353284362676,519847.3005,0.5755889021455163,355529.09469999996,1013786.2228999999,470087.3263085259,470087.3263085259,470087.3263085259
51012007,2075,21.55584071,-157.8520682,2932.821442,221.1951473,21.99829827,15.61699305,9.604288544,0.385615388,0,23.32978559,22.62281513,21.20846013,19.81896532,1689.21254937,151.081436176,312.28084295,559.930177436,858.638673926,0,0,1.18242954075,18.0567106417,766500,864100,1630600,RESIDENTIAL,1,2,0.08943897334432341,786815.7601,0.18486770244897047,704355.5612,0.3314740810117878,577673.3165999999,0.5083070654703776,424871.92130000005,1344173.3166,297684.9028941105,297684.9028941105,297684.9028941105
51012008,2030,21.5560324,-157.8521712,2612.378357,241.1182225,11.71197876,5.558175495,0,0,0,13.32685036,12.61064198,11.12013382,9.797370896,1756.84617604,17.9304812594,154.883974212,387.532382423,671.710539717,0,0,0,0,388700,983400,1372100,RESIDENTIAL A,1,1,0.010206062149286176,973363.4195999999,0.08816023640789915,896703.456,0.2205841283705971,766477.6944,0.3823388460969655,607407.8274000001,1362063.4196,1140706.6705197021,1140706.6705197021,779700
51012013,2100,21.55737486,-157.8546544,1523.79393,217.171082,23.72183219,18.81816733,14.76524979,7.964764569,0,35.004229,33.79200291,31.97874506,29.79144396,767.938019661,0,0,0,0,0,0,0,0,63700,931300,995000,RESIDENTIAL,1,3,0,931300,0,931300,0,931300,0,931300,995000,105243.1899389533,105243.1899389533,105243.1899389533
51012016,2030,21.55753682,-157.8546458,2141.573074,198.4042204,7.679289462,2.499342384,0,0,0,17.029533700000002,16.1385617,14.70262375,12.73816818,861.252723127,19.9338332677,84.17115253,211.69745815,409.952767596,0,0,0,0,391800,662500,1054300,RESIDENTIAL,1,1,0.02314516138227706,647166.4375,0.09773107273831882,597753.2125,0.24580178670597153,499656.17500000005,0.4759959029302814,347152.65,1038966.4375,870118.0346289518,870118.0346289518,779700
51012017,2075,21.55751458,-157.8548458,3320.098846,265.6975575,15.86301183,10.62420168,6.329451622,1.895202224,0,26.83051926,25.2029703,23.80355949,10.39868419,1330.03984843,0,0,0,3.47173624059,0,0,0,94.3124607741,1053700,764500,1818200,RESIDENTIAL,1,1,0,764500,0,764500,0,764500,0.0026102497941607483,762504.655,1818200,402664.36162498035,402664.36162498035,402664.36162498035
51013001,2100,21.53746989,-157.8409006,1659.239166,192.4288817,28.0450552,22.15291382,16.82499653,8.458649349,0,33.75433755,32.77415032,30.81771185,29.46213485,5832.28758917,0,0,0,391.952366987,0,0,0,0,474200,1747100,2221300,RESIDENTIAL,1,4,0,1747100,0,1747100,0,1747100,0.06720388200931965,1629687.8916,2103887.8915999997,222532.535664244,222532.535664244,222532.535664244
53001004,2050,21.57441406,-157.8768425,2102.924103,183.4861432,20.086191,11.89100424,3.406077118,0,0,18.78198667,18.78198667,18.08032135,17.36755723,2767.75314234,201.333556372,457.832532128,840.267974543,1290.50762693,0,0.00863981568682,1.58945748739,13.4093622285,596900,1016100,1613000,RESIDENTIAL A,1,3,0.07274259878602551,942185.8377,0.16541667864964466,848019.7862999999,0.30359209486168065,707620.1688,0.4662654364611935,542328.1335000001,1444919.7862999998,670001.6864788799,670001.6864788799,670001.6864788799
53001005,2075,21.57417075,-157.8767557,3037.37587,242.7871485,29.78985442,21.79039814,13.58158416,1.348450277,0,29.39552115,28.81612364,28.19135615,26.78761436,2911.70118071,201.83994706,452.520871532,829.702560014,1277.39475393,0,0.0327641079081,2.17379373524,13.9964204364,269800,1031600,1301400,RESIDENTIAL A,1,1,0.06932028203896343,960089.4879999999,0.15541459904263105,871273.886,0.2849545707199536,737640.4219999999,0.4387107998556759,579025.7324,1007440.4219999999,223110.96381026882,223110.96381026882,223110.96381026882
53001006,2030,21.57402062,-157.8762519,394.0260925,81.67495517,8.276281315,0.912481469,0,0,0,7.773579744,7.422289039,6.734239782,4.59439985,3090.72706942,206.722419413,438.73208408,793.095930009,1219.7083512,0.878341091366,3.51226187268,11.999231945,26.6926425376,1267400,988800,2256200,RESIDENTIAL,1,3,0.06688472154605134,922664.1120000001,0.1419510924859281,848438.8512,0.25660497099727114,735068.976,0.39463476515540014,598584.9119999999,2190064.112,1834144.2149278675,1834144.2149278675,779700
53001007,2100,21.57377796,-157.8763548,207.521698,60.21253639,34.42316565,27.3201624,20.3973042,9.704421403,0,34.84523085,34.25949593,33.50019601,32.22425395,3121.81126519,210.265338545,413.627467529,730.094141331,1117.73784768,0.251473438104,4.26015062519,19.322211248,52.3669318601,306200,1065600,1371800,RESIDENTIAL,2,2,0.06735363565683167,993827.5776,0.13249598787126735,924412.2624,0.2338687637756874,816389.1936,0.3580414550179324,684071.5103999999,990271.5103999999,104743.04789965966,104743.04789965966,104743.04789965966
53001009,2050,21.57333573,-157.8758885,4412.571411,341.6939914,17.3908629,11.30903186,5.652012823,0,0,21.45076161,20.03671402,17.95100534,16.49385009,3543.91414971,204.842043535,395.9463973,702.441379959,1083.16161945,0,0,14.268385521,76.744700322,606600,1050700,1657300,RESIDENTIAL A,1,1,0.05780107386398237,989968.4893,0.11172573052662703,933309.4918,0.19821060846422622,842439.7023,0.30563991499021936,729564.052,1539909.4918,714047.9120801662,714047.9120801662,714047.9120801662
53001011,2075,21.57281691,-157.8753761,1544.877838,163.4011844,18.5608102,12.68908039,7.106230259,0,0,21.27208028,20.09449885,18.98750818,17.64052299,3405.361717,35.3354978309,233.968930313,571.725859289,977.24923208,0,0,0,0,360000,1095700,1455700,RESIDENTIAL A,1,1,0.010376430102711465,1084331.0167999999,0.0687060435151418,1020418.8358,0.16788990621315544,911742.927,0.2869736942191624,781262.5881999999,1271742.9270000001,281644.23817596474,281644.23817596474,281644.23817596474
53001013,2050,21.57237094,-157.8751348,2837.042038,253.08145149999999,14.23861827,9.373637483,4.926010368,0,0,21.4762925,19.99877493,17.79778289,14.93117021,3357.08614432,0,57.1633284562,300.791962128,618.550675051,0,0,0,0,679500,1056400,1735900,RESIDENTIAL A,1,2,0,1056400,0.017027662085144023,1038411.6207999999,0.0895991193544208,961747.6164,0.18425224985589148,861756.1872,1717911.6208,796586.5607702946,796586.5607702946,779700
53001015,2050,21.57171493,-157.8752033,2477.305099,225.5496956,16.78821518,10.99033978,5.570000827,0,0,20.09368753,19.09345315,17.09295764,16.09273198,3309.58303314,175.682524095,339.495966904,607.720844856,943.712438345,48.9201071056,73.0900105683,120.318966207,159.772381757,302500,1105800,1408300,RESIDENTIAL A,1,3,0.053082978228927956,1047100.8186,0.10257967952594312,992367.036,0.18362459523471109,902747.475,0.28514541828843115,790486.659,1294867.0359999998,600423.0173271234,600423.0173271234,600423.0173271234
53001016,2075,21.57152122,-157.8752688,675.7780762,123.803487,23.7275287,17.8537087,12.12618844,2.820157705,0,25.5113621,24.74794424,23.40356264,22.46393517,3256.42982272,199.943338982,398.007674351,708.351065098,1084.97125697,0,0.0522255643716,0.156368779049,13.4422727927,558500,1084200,1642700,RESIDENTIAL A,1,3,0.06139955407207062,1017630.12,0.12222209475362066,951686.9075999999,0.21752382322378291,848360.4792,0.33317814786002525,722968.4124,1406860.4792,311567.8015358497,311567.8015358497,311567.8015358497
53001017,2075,21.57113933,-157.8752884,2472.294876,208.5336812,23.54751231,16.68634456,9.84504992,0,0,24.8262241,24.31550426,23.65751482,23.33703913,3166.21730139,209.343631869,418.848212644,743.338678178,1134.6780264,28.1649431185,43.737190399,57.5133120425,72.7802748519,630400,1071100,1701500,RESIDENTIAL A,1,1,0.06611789777571367,1000281.0102,0.13228662873521713,929407.3942999999,0.23477184520837124,819635.7108,0.3583702312225586,687249.8929999999,1450035.7108,321129.52580723056,321129.52580723056,321129.52580723056
53001018,2075,21.57078579,-157.8753525,882.3072815,118.8210326,32.39327754,25.06103898,17.33526193,5.654817645,0,33.61227365,32.80915602,32.59501974,31.59482197,3010.13912974,218.298119559,441.571148271,782.334898187,1189.12707708,21.0775609378,31.0956271871,46.946582136400004,73.6118596526,826300,1058100,1884400,RESIDENTIAL A,1,3,0.0725209401127766,981365.5299,0.14669459757135564,902882.0205,0.25989991308294574,783099.8099999999,0.39504056982997676,640107.1179000001,1609399.81,356422.80667309137,356422.80667309137,356422.80667309137
53001019,2075,21.5705847,-157.8753345,2028.568848,188.5796845,29.70877334,22.08994034,14.15833604,2.034418819,0,30.94559886,30.14054971,30.08489177,29.14064854,2954.78632986,218.096163546,460.730557627,824.775133238,1253.12115942,0,0,0,5.45650830483,635800,1051600,1687400,RESIDENTIAL A,1,1,0.07381114544290368,973980.3524000001,0.15592686109686643,887627.1668,0.2791319036855969,758064.7888000001,0.42409873998549796,605617.4916,1393864.7888000002,308689.734558184,308689.734558184,308689.734558184
53001020,2050,21.5703189,-157.8752196,2390.396393,205.0692112,20.26982542,12.52680739,4.428408641,0,0,21.60442326,20.99916635,20.30219433,19.68225805,3067.80527052,179.334988707,431.845816803,809.780342915,1254.02993827,0,0,0,0,634000,1058300,1692300,RESIDENTIAL A,1,1,0.058457096488592424,996434.9569,0.14076702356333104,909326.2839,0.2639608030850473,778950.0737,0.40877103586742297,625697.6507,1543326.2839000002,715632.2605616897,715632.2605616897,715632.2605616897
53001021,2075,21.57004827,-157.8752498,2466.2509,209.1996468,26.18918511,17.71181726,8.608163448,0,0,26.43908648,26.40817999,26.40625044,25.44017666,3127.24363322,250.118240114,523.858172529,928.483589116,1398.82852352,8.62473457068,14.4256297472,23.3119170648,39.7558249906,630200,1071900,1702100,RESIDENTIAL A,1,1,0.07998041388814439,986169.4380000001,0.16751434616867497,892341.7434,0.2969015842747042,753650.7462,0.44730397998434207,592434.8424000001,1383850.7462,306471.99279665365,306471.99279665365,306471.99279665365
53001022,2030,21.56981616,-157.875194,4024.1082,357.6189119,11.21255482,2.330234175,0,0,0,12.62136608,11.84045363,11.6211195,10.63173595,3208.63953724,274.550639225,574.788054651,1011.56548936,1512.19510598,80.1948271821,85.9683845675,108.802996327,124.753951434,355000,1078600,1433600,RESIDENTIAL,1,2,0.08556605877304695,986308.5124,0.1791376214061801,885381.7532,0.31526305077887495,738557.3281999999,0.47128855966187977,570267.6845999999,1341308.5124,1123324.762490772,1123324.762490772,779700
53001023,2050,0,0,1467.384338,172.2726007,21.56715548,12.67709419,2.848056588,0,0,20.77046915,20.3553355,19.79458257,19.35546714,3396.13545767,278.74686186,586.630602179,1032.98860627,1541.71858727,135.83284195,150.113113224,166.2966294,186.405617507,683400,1033100,1716500,RESIDENTIAL A,1,1,0.0820776630774442,948305.2182,0.1727347479188807,854647.4715,0.30416590243391134,718866.1054000001,0.4539626309039313,564110.8247,1538047.4715,713184.5030846727,713184.5030846727,713184.5030846727
53001024,2050,21.56924301,-157.8751229,189.9412689,49.17344491,20.13978876,12.49775921,4.093396949,0,0,20.43628724,20.00325275,19.54097409,18.60394354,3329.88128527,216.968217188,447.850530492,794.063379209,1197.7282059,66.5224165975,74.3862266827,92.2092718916,107.117528743,621700,1033100,1654800,RESIDENTIAL A,1,4,0.06515794366236914,965785.2701999999,0.13449444353259776,894154.2486,0.2384659725623264,786740.7753999999,0.35969096291758146,661503.2279,1515854.2486,702893.6226410753,702893.6226410753,702893.6226410753
53001025,2050,21.56894195,-157.8750733,879.1258392,119.4704444,13.24346679,7.202491498,1.029590829,0,0,14.62322542,14.62321604,14.39347769,13.45070467,3177.54599271,168.126105834,336.151650098,603.596280465,929.486766062,76.2488509059,93.3966609948,104.5158196,135.783305736,443300,1078600,1521900,RESIDENTIAL A,1,1,0.05291067579185913,1021530.1954,0.10578970402606507,964494.906,0.18995674078354322,873712.3798000001,0.29251717148845374,763091.1638,1407794.906,652787.0752269843,652787.0752269843,652787.0752269843
53001026,2030,21.56858314,-157.8751018,4005.548233,323.9690226,8.10180537,2.646959994,0,0,0,9.77103596,9.771053538,8.770786482,7.77060539,3132.85301104,166.434564398,330.516224,594.939376546,919.855227728,52.2245814192,65.3974942368,89.5856368455,115.773293753,524900,1075100,1600000,RESIDENTIAL A,1,2,0.05312555801740261,1017984.2374,0.10550007384172803,961676.95,0.18990338022545794,870935.2847000001,0.2936158270070384,759433.4384,1542884.2374,1292141.2587078658,1292141.2587078658,779700
53001029,2050,0,0,2197.544662,206.976998,17.39632009,11.37087296,5.182392641,0,0,19.88594387,19.07742023,17.21078844,15.3779479,2254.33584395,187.582743995,380.489609244,681.897555708,1044.90337305,0,2.63322260338,10.1584071382,34.5832883743,687500,817400,1504900,RESIDENTIAL A,1,1,0.08320975976069363,749384.146,0.16878124449164333,679438.4106000001,0.30248268355312735,570150.3957999999,0.4635082992865616,438528.5608,1366938.4106,633842.1337283889,633842.1337283889,633842.1337283889
53001030,2030,21.56749332,-157.875052,4070.730637,296.6471401,8.558752792,2.579770333,0,0,0,11.8517521,11.19813943,11.19813943,10.84287219,1765.61123813,184.897375524,375.705537551,672.985082547,1029.63711775,0,0,0,0,395400,871900,1267300,RESIDENTIAL A,1,1,0.10472145369885,780593.7601000001,0.21279063558120445,686367.5271000001,0.38116266367888224,539563.9803,0.5831618509862413,363441.05220000003,1175993.7601,984876.2600419642,984876.2600419642,779700
53001031,2050,21.56723306,-157.8751559,1517.969925,176.2462968,18.02240011,11.88099767,5.505055599,0,0,21.94952739,21.94928915,21.56256319,20.94900672,1426.99583739,185.256208314,378.93901406,680.771627285,1044.44886431,0,0,0,0,690800,873600,1564400,RESIDENTIAL A,1,1,0.12982252888196003,760186.6272,0.26555018881700876,641615.52,0.4770663021205045,456835.1424,0.7319214513059233,234193.81439999997,1332415.52,617834.0513812326,617834.0513812326,617834.0513812326
53001032,2030,21.56697911,-157.8751155,4025.914658,312.7487003,7.970351198,1.29216861,0,0,0,12.40111748,12.40107953,11.40089722,11.40085085,1171.95410015,207.886884612,427.327211116,760.798320001,1109.87282555,0,0,0,0,407600,921300,1328900,RESIDENTIAL,1,1,0.17738483493968943,757875.1995,0.36462794153909767,585368.2236,0.6491707481578198,323218.75769999996,0.9470275545842162,48803.10360000002,1165475.1995,976067.1311364912,976067.1311364912,779700
53001033,2024,21.56665858,-157.8750997,3919.339981,295.4062559,3.307570095,0,0,0,0,7.850831942,7.85084222,7.850876587,6.850599787,985.286701821,209.773267519,432.657186741,769.338284967,931.394699476,0,0,0,1.32939307867,872100,947300,1819400,RESIDENTIAL A,1,1,0.21290581424807473,745614.1462,0.43911806171885404,531323.5186,0.7808268228375704,207622.58289999995,0.9453032277352398,51814.4681,1617714.1461999998,1617714.1461999998,1617714.1461999998,779700
53001034,2050,21.56646219,-157.8751761,749.2313385,110.0803918,15.94186671,9.056752407,1.775215009,0,0,16.90785314,16.20743469,15.90762966,14.90740676,864.909689819,187.469663312,407.283652857,742.765885935,855.733666248,0.033049245296,1.83700392114,6.58985757459,20.8256128033,268400,922800,1191200,RESIDENTIAL A,1,1,0.21675056427131928,722782.1771999999,0.47089731754795394,488256.2484,0.8587785461051303,130318.73880000004,0.9893907726101203,9789.985199999981,756656.2483999999,350857.51286647894,350857.51286647894,350857.51286647894
53001035,2030,21.56605896,-157.8751377,2334.937607,222.9835179,6.934302227,0.198647069,0,0,0,8.470661086,7.691187473,6.723877996,5.767840525,746.769377509,147.664045176,365.133268315,696.028451697,746.769377557,0,0,0,0.00540707610639,583500,902500,1486000,RESIDENTIAL,1,2,0.19773714566144,724042.3574999999,0.488950510441357,461221.7225,0.932052749697294,61322.16749999998,1.0000000000642768,0,1307542.3575,1095046.1393532804,1095046.1393532804,779700
53001036,2030,21.565859,-157.8751608,1582.038239,172.8144064,11.17756971,4.526521859,0,0,0,12.81158531,11.8448072,11.00606558,10.00664698,1717.01820398,169.943097378,748.413789286,1499.17469116,1499.32401775,0.00555945657142,0.402888411486,3.731925133,13.3901784231,169500,883400,1052900,RESIDENTIAL A,1,1,0.09897571090631228,795964.6016,0.435879938576771,498343.60799999995,0.8731268472780052,112079.60820000002,0.8732138158317768,112002.75239999995,965464.6016,808561.4042253564,808561.4042253564,779700
53002011,2100,21.57497777,-157.8790395,2934.823364,293.7572844,50.45445022,41.86396923,32.04382502,17.7382742,1.475878342,48.69709297,47.80032721,46.46065538,45.61928629,468.253755172,0,0,0,0,0,0,0,0,486000,642600,1128600,RESIDENTIAL,1,1,0,642600,0,642600,0,642600,0,642600,1128600,119374.33584432433,119374.33584432433,119374.33584432433
53002012,2100,21.57493291,-157.8788573,2259.707108,202.7332566,54.7808719,45.93973131,35.67573,20.62731876,3.390451461,52.97892781,52.3628091,51.46954956,50.7064414,521.43127975,0,0,0,0,0,0,0,0,410300,642600,1052900,RESIDENTIAL,1,1,0,642600,0,642600,0,642600,0,642600,1052900,111367.39164494869,111367.39164494869,111367.39164494869
53002033,2075,21.57554129,-157.8794107,417.6819458,81.80972099,21.79996267,15.36861957,8.361935031,0,0,24.40049902,22.64722587,20.4959652,18.53105026,707.491992281,25.7529204371,203.511044686,496.04399071,707.491992236,0,0,0,0,13000,843500,856500,RESIDENTIAL,1,3,0.03640029953423348,812796.6,0.28765137543093205,600866.3815,0.7011301839766724,252096.84499999997,0.9999999999363951,0,265096.845,58709.19143148243,58709.19143148243,58709.19143148243
53002034,2030,0,0,2470.312439,233.023557,12.3737028,4.450776597,0,0,0,13.38132292,12.35022643,10.94121026,9.159290288,1372.73020514,199.070275226,418.990050792,747.57880272,893.400196642,419.400589498,449.438615659,489.993047038,543.936250485,902100,911900,1814000,RESIDENTIAL A,1,1,0.1450177715042684,779658.0858,0.3052238882943999,633566.2344000001,0.5445926664400578,415285.6433,0.6508199450240006,318417.242,1681758.0858,1408445.9204079383,1408445.9204079383,779700
53002035,2030,21.57540767,-157.8789498,2180.965012,206.4077439,7.912029598,0,0,0,0,6.486209804,5.59268455,4.66762123,3.541348199,1246.18556017,175.20015698,365.662012249,629.721829025,702.319500102,541.55191001,558.19900921,579.270031735,597.647730618,259800,938900,1198700,RESIDENTIAL,1,1,0.14058914063817257,806900.9879000001,0.2934250114398034,663403.2675,0.5053194717960748,464455.99090000003,0.563575379581667,409759.43249999994,1066700.9879,893345.2839551512,893345.2839551512,779700
53002037,2050,21.57506425,-157.8782046,2391.378738,195.608949,18.97927487,8.828653,0,0,0,19.61898685,18.09856752,15.18150539,12.78556708,1892.25639364,255.529757532,575.426107459,1065.40703377,1418.12779723,422.259629422,452.407257493,493.107458158,537.04209256,752000,875800,1627800,RESIDENTIAL,1,1,0.13503971152685892,757531.968,0.3040952110892824,609473.599,0.5630352405471606,382693.94700000004,0.7494374451561755,219443.07539999997,1361473.599,631308.129403024,631308.129403024,631308.129403024
53002041,2024,21.57576853,-157.8796598,1589.076447,163.2904376,5.519333596,0,0,0,0,7.371369014,6.470986004,5.604716604,4.097386653,1644.96132755,272.249446361,549.428052224,998.180582709,1309.61803459,231.963698493,283.873040211,362.594593057,428.20013325,349800,985400,1335200,RESIDENTIAL A,1,1,0.16550507407155124,822311.373,0.3340066681338438,656269.5022000001,0.6068109723866194,387448.44060000003,0.7961391022733286,200884.62939999995,1172111.3730000001,1172111.3730000001,1172111.3730000001,779700
53002043,2100,21.57477967,-157.878567,1877.330276,191.9253552,60.18369752,50.05759126,38.44551036,21.97967235,3.468345358,60.20557421,59.73781052,57.99830633,40.26778636,467.785605272,0,0,0,0,0,0,0,0,113000,630000,743000,RESIDENTIAL,1,1,0,630000,0,630000,0,630000,0,630000,743000,78588.6332910978,78588.6332910978,78588.6332910978
53002046,2050,21.5751375,-157.8784371,320.1611023,96.82444262,23.24520268,13.15060623,1.579182622,0,0,23.26346757,22.78224519,21.30211692,17.69648842,2420.57791699,329.435885957,706.451140851,1240.94866341,1506.09225972,904.431720847,920.845315365,939.852024858,971.118468371,555700,999300,1555000,RESIDENTIAL A,1,2,0.13609802999717316,863297.2686,0.2918522621777345,707652.2964,0.5126662747353845,486992.86620000005,0.6222035858250052,377531.5428,1263352.2963999999,585809.798738006,585809.798738006,585809.798738006
53002049,2075,21.57500752,-157.8780107,2173.451553,187.4244754,21.40995504,14.37602955,7.260682368,0.725768124,0,17.20402693,15.91447193,1.935776834,0,729.790598856,0,0,13.738284425,85.0253774944,0,0,0,170.980018597,514600,612200,1126800,RESIDENTIAL,1,2,0,612200,0,612200,0.01882496766406112,600675.335,0.11650653985908216,540874.4146,1115275.335,246992.42701785342,246992.42701785342,246992.42701785342
53002051,2030,21.57530283,-157.8787397,1332.795303,151.9083885,14.85906907,5.885055428,0,0,0,12.87776792,12.19112667,11.63659838,10.73903502,1304.68320093,182.858251702,386.156505276,668.355589357,764.183297359,570.219506847,579.223711851,594.12433932,609.134268152,219500,892900,1112400,RESIDENTIAL A,1,1,0.14015528947690561,767755.6005,0.2959772188380606,628622.1367,0.5122742355236772,435490.5454,0.585723259726405,369907.93330000003,987255.6005,826811.0227415172,826811.0227415172,779700
53006018,2024,21.58667683,-157.8878231,1411.385071,158.3318043,4.35660341,0.04452978,0,0,0,13.00465258,11.49154762,9.256205104,7.472736537,574.166692272,90.5824288997,176.358624561,323.543477047,505.503993072,0,0,0,0.490181151416,199000,802300,1001300,RESIDENTIAL A,1,1,0.15776329438627273,675726.7451000001,0.30715579105284224,555868.7412,0.5635009508592808,350203.1477,0.8804133013562682,95944.6501,874726.7451000001,874726.7451000001,874726.7451000001,779700
53006019,2030,21.58683168,-157.8878845,1860.265121,187.5784597,6.798062538,2.192534218,0,0,0,11.17529512,9.887237135,7.449967817,5.350518754,432.660134373,48.0709604403,109.51039232,213.158442414,344.69566082,0,0,0,0.0936639776323,394400,839500,1233900,RESIDENTIAL,1,1,0.11110559217563043,746226.5129999999,0.2531095047125145,627014.155,0.4926694776788339,425904.3745,0.79668921038802,170679.58450000003,1140626.5129999998,955256.7473934733,955256.7473934733,779700
53006020,2024,21.58709482,-157.8880144,4989.817932,307.1287391,0,0,0,0,0,2.209644606,0.881169261,0,0,519.778014783,53.7029332632,124.466078746,241.087849888,387.004413576,0,0,0,2.31067402766,271600,863400,1135000,RESIDENTIAL A,1,1,0.10331897797874391,774194.3754,0.23946006796374955,656650.236,0.46382848645233826,462930.90479999996,0.7445571043199449,220549.48619999998,1045794.3754,1045794.3754,1045794.3754,779700
53006021,2075,21.58717558,-157.8881743,783.3742981,128.0359317,19.98479351,14.99781471,10.70781025,3.61404211,0,21.45418028,20.55459691,19.24979428,17.92216875,795.422210044,103.794767719,203.29258631,366.884339164,572.465565305,0,0,3.61600320111,16.1321108184,210000,907600,1117600,RESIDENTIAL A,1,2,0.1304901553016208,789167.276,0.2555782121029215,675637.4071999999,0.46124477608401854,488974.038,0.7197002523645061,254400.28,698974.038,154797.01617187588,154797.01617187588,154797.01617187588
53006024,2024,21.58768597,-157.8883663,2674.588913,237.4746129,5.793347139,0.884372632,0,0,0,10.40443216,8.856256814,6.65499734,4.515121778,445.277507413,22.3610619154,80.4772229218,175.178114415,291.884434303,0,0,0,0,220200,868900,1089100,RESIDENTIAL A,1,1,0.05021826061979784,825265.5798000001,0.18073498342496885,711859.3585,0.3934133467301332,527063.4443,0.6555112922698648,299326.49210000003,1045465.5798000001,1045465.5798000001,1045465.5798000001,779700
53006026,2050,21.58847917,-157.8886656,2648.672028,206.6919937,12.1071122,7.413595178,3.403361183,0,0,14.62171767,13.64449189,11.70169782,9.521855469,1036.10980672,132.884702672,247.835634062,443.373381193,695.426823573,89.9862536978,124.441570876,161.166285268,195.809031038,597600,723700,1321300,RESIDENTIAL A,1,1,0.12825349379972714,630883.3039,0.2391982321319496,550592.4074,0.4279212283460395,414013.5723,0.671190272558566,237959.79700000002,1148192.4074,532410.7653963027,532410.7653963027,532410.7653963027
53006027,2100,21.58857272,-157.8888338,1533.151154,185.6994011,24.73710565,20.28297201,16.5401568,10.1820288,2.098629669,28.78006442,27.59259935,25.17104994,23.04522599,5836.21804902,283.352814136,517.847722566,926.219511935,1456.27286949,272.901309107,337.700298957,485.173220794,644.398213246,11700,1873500,1885200,RESIDENTIAL,1,1,0.04855075868585475,1782539.7015,0.08873001629076478,1707264.345,0.1587020060174976,1576171.803,0.24952338265266372,1406018.6595,1417718.6595,149955.00920779575,149955.00920779575,149955.00920779575
53006040,2050,21.58819636,-157.8885707,442.0055542,100.6388431,13.95089665,9.159385015,5.049617167,0,0,19.97194994,18.24976418,16.53182372,14.61578431,1064.96252945,93.6915486189,173.694087966,305.52821908,469.280900835,19.9071184971,47.9788779277,86.1347894439,124.063379723,0,720900,720900,RESIDENTIAL,1,1,0.08797638041526872,657478.1015999999,0.16309877874830428,603321.9309,0.2868910507469123,514080.2781,0.4406548473375492,403231.81049999996,603321.9309,279757.1983063475,279757.1983063475,279757.1983063475
53006041,2100,21.58802745,-157.8886598,1518.032593,169.3247128,23.57827561,18.77389656,14.66700081,7.844292521,0,28.68913211,27.23770021,25.32761823,23.2640193,1244.14420927,113.84719196,211.624794187,374.388037427,580.011732701,37.1232790825,72.3390255912,118.871844401,162.174703968,172100,946800,1118900,RESIDENTIAL A,1,1,0.09150642756019393,860162.1192000001,0.1700966757793862,785752.1604,0.3009201301886633,661888.9439999999,0.466193330627903,505408.4675999999,677508.4675999999,71661.45963907134,71661.45963907134,71661.45963907134
53006042,2100,21.58774546,-157.8885336,1591.659698,162.3775558,22.25381126,17.35073168,13.16697334,6.235671304,0,27.4918713,25.90396283,23.77376812,22.10764808,1100.98741348,113.624363126,210.751739106,372.035110622,575.574455243,51.364838674,84.2421014649,133.691777045,176.185100615,202300,869400,1071700,RESIDENTIAL A,1,2,0.10320223622435086,779676.1812,0.19142066160398338,702978.5826,0.337910412114587,575621.0460000001,0.5227802318136633,414895.06799999997,617195.068,65281.98770945649,65281.98770945649,65281.98770945649
53006043,2050,21.58755068,-157.8883276,1434.282745,156.4313953,14.16780235,9.230389842,4.98135797,0,0,16.44038399,15.17891556,13.12718658,11.41464871,562.141585585,64.9835367928,122.270854848,219.082634234,344.992533892,4.66241426312,20.1122155511,43.2263468076,66.135128434,175500,870000,1045500,RESIDENTIAL A,2,1,0.11559994574173697,769428,0.21750900126123426,680767.17,0.3897285663468729,530935.77,0.6137111054201388,336071.43,856267.17,397046.57200768916,397046.57200768916,397046.57200768916
53006044,2050,21.5874068,-157.8882499,2418.606339,272.1702854,11.72307213,6.789140413,2.481295556,0,0,12.85441628,11.9557874,11.18778732,10.61877973,808.833843819,101.386593258,195.576254361,349.950636174,543.041001577,0,0,0.81767637756,9.3212723528,392800,892600,1285400,RESIDENTIAL,2,1,0.12534909862239665,780713.4826000001,0.2418002855043314,676769.32,0.4326607236433984,506406.79140000005,0.6713875856294178,293319.0712,1069569.3199999998,495953.65431398596,495953.65431398596,495953.65431398596
53006073,2030,21.58695535,-157.887979,2021.703125,193.5249354,9.016536243,4.27023616,0.30007562,0,0,12.55747474,11.67281844,9.536159038,7.814781162,424.863507928,43.115741713,101.675499082,199.998704446,325.241846303,0,0,0,0,550100,856400,1406500,RESIDENTIAL A,1,1,0.10148139557400317,769491.6716,0.239313325773393,651452.3468,0.4707363675957151,453261.6896,0.7655207854615688,200807.8156,1319591.6716,1105137.2502158668,1105137.2502158668,779700
53008003,2024,21.59268506,-157.8930272,3221.850754,261.5633651,2.899162601,0,0,0,0,3.34702007,3.257478998,2.726417983,1.852903093,631.426776063,26.0786298826,124.071700526,285.67592285,485.798013466,0,0,0,0,301400,865500,1166900,RESIDENTIAL A,1,1,0.041301114984705734,829753.9845,0.19649420206662388,695434.4430000001,0.4524292185250898,473922.70050000004,0.7693655573097361,199613.727,1131153.9845,1131153.9845,1131153.9845,779700
53008011,2075,21.59201581,-157.8919106,3340.129807,242.5040476,15.84210245,12.23862605,9.574719976,4.721510074,0,23.59656982,22.30623719,20.7286514,18.79662645,1402.0663516,8.4563124772,50.5284596221,177.296406967,363.057387217,0,0,0,0,463000,1025400,1488400,RESIDENTIAL A,1,1,0.006031321176454941,1019215.8126,0.03603856519660307,988445.6094,0.12645364947577137,895734.0684,0.25894451200735885,759877.797,1358734.0684,300909.5733529856,300909.5733529856,300909.5733529856
53008012,2075,21.59220013,-157.8920821,1443.850876,165.872663,14.901448480000001,10.7906481,7.406607143,1.5968963,0,18.47294471,17.89151376,17.03399868,16.33340078,712.70611041,34.6934963093,80.6938317046,162.182737826,269.910080886,0,0,0,0,479700,901200,1380900,RESIDENTIAL A,1,2,0.04867854477821412,857330.4852,0.11322174810340702,799164.3336,0.22755906741518014,696123.8291999999,0.37871161330541736,559904.7456,1175823.8292,260401.68934564842,260401.68934564842,260401.68934564842
53008013,2024,21.59246572,-157.8923975,2993.948517,299.0313999,1.875977211,0,0,0,0,3.05533757,3.05533757,2.7093266,1.914232042,485.801852373,30.6282567345,91.4847943563,195.207293872,331.765604388,0,0,0,0,283300,768300,1051600,RESIDENTIAL A,1,1,0.06304680928014153,719860.9899,0.18831709658870902,623616.0488999999,0.4018249270118454,459577.85250000004,0.6829237121419403,243609.49080000003,1003160.9899,1003160.9899,1003160.9899,779700
53008014,2024,21.59255296,-157.8926787,1955.514709,207.0496151,1.644052326,0,0,0,0,3.719648832,3.38345296,2.719402765,1.719190671,847.505242352,106.543433955,238.907869316,436.614201303,652.790733896,0,0,0,0.141203576619,277100,916700,1193800,RESIDENTIAL A,1,1,0.1257141886925917,801457.9762,0.28189544722222826,658286.8535,0.5151758118820675,444438.1608,0.7702497887616276,210611.825,1078557.9762,1078557.9762,1078557.9762,779700
53008017,2050,21.59189052,-157.8917267,2724.112152,244.2060816,10.42840705,7.381315613,5.738306966,2.202576747,0,19.59002926,18.64290336,16.81253727,15.40279389,1356.15541276,0,0,6.45374767257,102.096482632,0,0,0,0,626900,1013900,1640800,RESIDENTIAL,1,3,0,1013900,0,1013900,0.004758855520427086,1009074.8499,0.075283762960630607,937569.5523999999,1640800,760830.3087810973,760830.3087810973,760830.3087810973
53008018,2050,21.59235769,-157.8923125,2327.056732,206.9871955,12.82819344,8.143324833,4.167722548,0,0,14.17083287,13.96353951,13.20233486,12.55478097,770.904260388,61.0393070512,127.22303464,233.294401214,360.033553437,0,0,0,0.0660463610656,689700,903400,1593100,RESIDENTIAL A,1,1,0.07917884254586764,831869.6914,0.16503091392434127,754310.9946,0.30262435065098975,630009.4784,0.46702758297871294,481486.9048,1444010.9945999999,669580.28455925,669580.28455925,669580.28455925
53008019,2024,21.59261696,-157.8928028,1933.80098,219.0775901,3.945576176,0,0,0,0,5.490550087,5.049602767,4.592652186,3.97719899,519.553640021,46.1787553144,134.207007613,269.52108056,424.711521231,0,0,0,0,338300,868500,1206800,RESIDENTIAL A,1,1,0.08888159327020304,791305.983,0.25831213040404344,644156.028,0.5187550616508165,417961.28250000003,0.8174546158772624,158540.33249999996,1129605.983,1129605.983,1129605.983,779700
53008020,2030,21.59272653,-157.8933305,2512.381516,279.8165341,9.731823986,5.332458217,1.559249961,0,0,8.019127662,6.75987594,4.380304478,2.391724744,871.070549025,109.671955124,205.77261645,372.738483742,598.902016677,1.9690617944,3.64967501514,13.5849501637,27.9969066046,276600,926000,1202600,RESIDENTIAL A,1,1,0.12590479065875568,809411.9700000001,0.23622956450579555,707251.02,0.4279084904881824,529757.192,0.6875470848456057,289331.478,1086011.9700000002,909517.9274450012,909517.9274450012,779700
53009031,2024,21.59292126,-157.893637,4488.090302,336.7208979,2.951529179,0,0,0,0,2.796874715,1.9563169,1.115675779,0.275066939,729.481745919,0,38.0052099352,205.87317109,447.198793754,0,0,0,0,518900,898200,1417100,RESIDENTIAL,1,1,0,898200,0.052098918372962294,851404.6782,0.28221839990066,644711.7923999999,0.6130363045488132,347571.0648,1417100,1417100,1417100,779700
53009032,2030,21.59308825,-157.8939001,3329.289963,285.3888942,7.407991479,3.639158767,0.700639284,0,0,6.135557137,5.490073486,4.963721235,4.597409264,796.815179703,0,65.5389307016,283.661500578,562.291421663,0,0,0,0,504100,914100,1418200,RESIDENTIAL A,1,1,0,914100,0.08225110712126314,838914.3609000001,0.35599409725569015,588685.8846000001,0.7056735815105645,269043.3966,1418200,1187720.1728287584,1187720.1728287584,779700
53009033,2024,21.59333608,-157.8941212,2988.861877,229.0368924,1.423018077,0,0,0,0,0,0,0,0,585.763107756,0,0.837850270725,185.196118325,477.504573901,0,0,0,0,384700,787000,1171700,RESIDENTIAL A,1,1,0,787000,0.0014303568449961295,785874.59,0.31616214109910035,538180.5059999999,0.8151837621359809,145450.19199999998,1171700,1171700,1171700,779700
53009034,2030,21.59476129,-157.895395,1214.036392,151.8765131,6.703943069,3.348957701,1.016219734,0,0,5.849935617,4.833953685,3.435288887,2.419382654,509.134691414,1.3234136473,56.9819945573,198.078722465,389.124720375,0,0,0,0.223250043394,170300,776500,946800,RESIDENTIAL,1,1,0.0025993389757522412,774481.8765,0.11191929271023768,689594.8965,0.389049746177939,474402.675,0.7642863999196343,183031.92099999997,944781.8765,791239.9475687905,791239.9475687905,779700
53009035,2030,21.59505783,-157.8955873,1333.438446,153.718655,7.707329567,4.364412166,2.036698036,0,0,9.235103358,7.863304342,5.233902812,4.048642317,445.080365544,0,46.7094691226,155.708641467,307.456503017,0,0,0,0,185800,751800,937600,RESIDENTIAL,1,1,0,751800,0.1049461462212769,672901.5972,0.34984387881654794,488787.28079999995,0.6907887357403666,232464.8298,937600,785225.2390665943,785225.2390665943,779700
53009036,2024,21.59537387,-157.8956876,2395.521454,217.1418872,1.232091299,0,0,0,0,3.705932002,3.014113279,1.411372202,0.253536196,560.461246322,57.5060190754,178.736019129,384.979263353,537.216216156,0,0,33.9051714116,51.5169475807,230000,865700,1095700,RESIDENTIAL A,1,1,0.10260480890120502,776874.8515,0.3189087921813445,589620.4787,0.6868972045425227,271053.2671,0.9585251784694403,35904.90750000004,1006874.8515,1006874.8515,1006874.8515,779700
53009037,2024,21.59673719,-157.8960633,309.7757721,70.80337948,0,0,0,0,0,8.67295207,7.228218578,4.561604838,2.279670001,727.998135417,231.467119651,397.192211695,509.083816807,523.739664081,0,0,4.73313440533,105.56599039,455600,897200,1352800,RESIDENTIAL A,1,2,0.31795015452672115,611935.26,0.5455950947834323,407692.16599999997,0.6992927482093,269794.32039999997,0.719424458114855,251732.78720000005,1067535.26,1067535.26,1067535.26,779700
53009041,2100,21.59726777,-157.89643710000001,1889.238144,173.8682185,15.66517945,12.53739567,10.48217892,6.703085979,2.949216987,20.2894611,18.43377728,16.20109661,11.24443127,727.412590769,0,0,0,2.99529476392,0,0,0,0,217200,896300,1113500,RESIDENTIAL A,1,1,0,896300,0,896300,0,896300,0.004117738408615473,892609.0366,1109809.0366,117386.7771204629,117386.7771204629,117386.7771204629
53009042,2050,21.59711332,-157.8963375,2166.277084,223.4006869,10.96031848,7.474059388,4.969038599,0.163408707,0,16.08599666,14.53892931,11.99339224,9.229382429,660.225749556,33.7557279356,82.5674023801,190.902063618,344.220495585,0,0,0,5.88207920107,343700,886100,1229800,RESIDENTIAL A,1,1,0.051127554413472415,840795.4792000001,0.12505934892061746,775285.2200999999,0.2891466498336078,629886.8433,0.5213678742710162,424115.81519999995,1118985.2201,518867.5466419839,518867.5466419839,518867.5466419839
53009043,2024,21.59695261,-157.8961938,1607.19278,171.1337065,2.999161753,0,0,0,0,8.448545032,6.621550948,4.881319842,3.881166259,482.925719086,81.3547671025,150.076632001,268.086170056,404.228742641,0,0,3.38894477841,30.664262706,200700,854300,1055000,RESIDENTIAL A,1,1,0.16846227874645925,710382.9134,0.3107654574393752,588813.4605,0.5551292040593492,380053.2953,0.8370412398123166,139215.87369999997,911082.9134,911082.9134,911082.9134,779700
53010016,2030,21.59883834,-157.8970928,1257.808304,172.3006288,9.100264817,4.395182435,0.327242618,0,0,13.636495,12.20833753,9.9810268,8.006687653,796.275781575,111.711957659,229.457829628,417.550289025,648.245970979,0,0,0,0,170300,907300,1077600,RESIDENTIAL A,1,1,0.14029304952366936,780012.1611,0.28816376805300054,645848.8028000001,0.5243789886452443,431530.9333,0.8140973089710161,168669.79190000004,950312.1611,795871.4738562707,795871.4738562707,779700
53010017,2030,21.59908847,-157.8971413,1845.664566,195.8166057,7.277503733,2.788132549,0,0,0,10.41229876,8.642210579,7.757187756,6.786787823,649.51759254,104.516456699,219.061177784,400.363859559,616.292303525,0,0,0,1.25013610481,362500,879200,1241700,RESIDENTIAL A,1,1,0.16091397353885137,737724.4112,0.33726750483746026,582673.9744,0.6164018714155828,337259.3616,0.9488462061742324,44974.59680000003,1100224.4112,921420.6231990431,921420.6231990431,779700
53010018,2024,21.59944592,-157.8971922,4343.356873,369.6061586,0.339089136,0,0,0,0,1.379697996,0.75180651,0.036106324,0,644.641439743,129.588033969,262.380982847,474.29543392,644.641439756,0,0,0,0.558542730602,450800,824500,1275300,RESIDENTIAL,1,2,0.20102343097996156,658756.5365,0.40701848604645047,488913.659,0.7357507672933468,217873.30049999995,1.0000000000201663,0,1109556.5365,1109556.5365,1109556.5365,779700
53010019,2024,21.60110676,-157.89775,1470.125671,178.2131726,4.946299754,0,0,0,0,6.178979633,5.11195207,4.210384159,3.814156219,426.378219707,158.220626113,295.096725939,383.878163589,383.878163582,0,4.22521879664,28.7932848788,63.1442696216,397500,810100,1207600,RESIDENTIAL A,1,1,0.3710804604928614,509488.09199999995,0.6921008445079243,249428.97990000003,0.9003231071530685,80748.33770000002,0.9003231071366512,80748.33770000002,906988.092,906988.092,906988.092,779700
53010020,2024,21.60132043,-157.8977811,2649.113983,229.7540749,1.169992599,0,0,0,0,3.553283312,2.553075931,1.696259864,0.696115458,621.853103835,158.658844989,314.732813579,538.926280683,607.914061852,0,1.76498586229,8.6954766415600009,20.3164206589,209100,860300,1069400,RESIDENTIAL A,1,1,0.25513878440188326,640803.9183,0.5061208372813878,424884.1037,0.8666456392344333,114724.44619999998,0.9775846708860386,19283.62449999997,849903.9183,849903.9183,849903.9183,779700
53010022,2024,21.59972379,-157.8972472,1053.979965,139.9406907,1.035466502,0,0,0,0,0.910019496,0,0,0,423.941058879,77.7584759176,190.784519851,367.389086597,423.941058865,0,0,0.288708321876,21.0789254193,481300,678100,1159400,RESIDENTIAL A,1,2,0.18341812921638614,553724.2542,0.45002604927080947,372937.36939999997,0.8666041632496349,90455.82759999998,0.9999999999669765,0,1035024.2542,1035024.2542,1035024.2542,779700
53010028,2030,21.59858599,-157.8970193,2025.974838,181.1246613,8.406334322,3.661673652,0,0,0,15.08242117,13.42712103,10.59141276,0,832.719829035,68.3100536441,140.526982665,259.188197276,410.186396634,0,0,0,215.78383404,206100,910800,1116900,RESIDENTIAL,1,1,0.08203245709095378,836085.2544,0.16875661869112704,757096.1244,0.3112549842560625,627308.946,0.49258632055074975,462152.67120000004,1042185.2544,872813.74310784915,872813.74310784915,779700
53013009,2075,21.60291279,-157.8991296,2908.761276,231.9460508,22.18810007,15.86029661,9.737027712,1.162092136,0,24.51069258,23.41425924,20.9542483,19.53351823,491.054733962,0,0,3.31728468243,145.97945964,0,0,0,0,623500,646000,1269500,RESIDENTIAL,1,1,0,646000,0,646000,0.006755427558278475,641636.27,0.29727736959623025,453959.058,1265136.27,280181.10687941854,280181.10687941854,280181.10687941854
53013010,2100,21.60282804,-157.8990527,1064.726532,154.7114235,31.36678903,25.67806743,20.15883212,12.08760096,2.820593893,33.65306443,32.36584704,29.27997687,27.34289036,271.958260421,0,0,0,16.6497875357,0,0,0,0,85200,485000,570200,RESIDENTIAL,1,1,0,485000,0,485000,0,485000,0.0612218489334562,455307.33,540507.3300000001,57170.56843677038,57170.56843677038,57170.56843677038
53013011,2100,21.60277177,-157.8990078,1188.951141,173.0302707,35.98222568,30.32426902,24.81783732,16.19966782,5.96212574,38.16563424,37.03934109,34.68012206,32.681193,256.103230163,0,0,0,11.2299085254,0,0,0,0,90100,440700,530800,RESIDENTIAL,1,1,0,440700,0,440700,0,440700,0.04384914832293443,421375.74569999997,511475.74569999997,54099.83824509837,54099.83824509837,54099.83824509837
53013022,2024,21.60152217,-157.8978273,2192.831345,222.0621574,2.890173656,0,0,0,0,3.833394499,3.051991278,2.830536543,1.835704827,464.892632808,86.0681468533,178.084593516,313.888967784,457.717345504,0,0,0.579807322341,4.71959491171,203400,758700,962100,RESIDENTIAL,1,1,0.18513553620636966,618237.3168,0.38306606934239956,468067.8258,0.6751859367787308,246436.38180000003,0.9845657108811113,11709.775799999961,821637.3168,821637.3168,821637.3168,779700
53013023,2030,21.60164065,-157.8978828,1605.159775,166.7543557,8.988921465,3.230448321,0,0,0,9.57498032,9.175790932,8.665317289,8.570839557,553.404504736,95.8093343572,195.007354048,338.70863069,500.2381524,0,0.114895561483,1.17265276456,7.11324084894,183800,819600,1003400,RESIDENTIAL,1,1,0.17312713130679258,677705.1108,0.35237760513176103,530790.9911999999,0.6120453082534627,317967.91800000006,0.9039285877129553,78739.79160000001,861505.1108,721496.9673475072,721496.9673475072,721496.9673475072
53013024,2030,21.60176467,-157.8979454,1920.69368,187.6882284,11.02901364,4.633994246,0,0,0,11.87923809,11.53253843,11.53253843,10.60749668,591.134626078,97.6479343941,198.292159502,341.816429584,502.396550003,0,0.597138645251,2.62222045472,5.65397270059,654700,872000,1526700,RESIDENTIAL A,1,1,0.1651873026656628,727956.936,0.3354433165548239,579493.704,0.5782378742586083,367776.464,0.8498851663220096,130900.28,1382656.936,1157953.416294459,1157953.416294459,779700
53013026,2050,21.60201116,-157.8980612,2079.754715,211.2481321,15.11658489,7.276165048,0,0,0,15.39789555,13.98336053,11.87453692,10.461787319999999,651.589593836,115.02068554,239.286306308,410.648781989,592.866539906,21.855903808,30.8429889349,43.916584897,65.6691554759,419300,878100,1297400,RESIDENTIAL A,1,1,0.17652320820972137,723095.1537,0.3672346958447997,555630.9465,0.630226120665084,324698.5494,0.9098772379339438,79137.00629999996,974930.9465,452070.3395086802,452070.3395086802,452070.3395086802
53013028,2024,21.60230434,-157.8980953,1354.047043,164.947862,2.627205759,0,0,0,0,5.083588701,4.250651716,3.696858184,2.800127292,639.821068402,129.714558909,274.89497731,473.062581844,556.095028949,43.6820247858,53.0830149112,65.418517494,77.7657305486,311600,858600,1170200,RESIDENTIAL,1,1,0.20273567926259697,684530.8704,0.42964352204995426,489707.6616,0.7393669968160137,223779.4938,0.8691414778476865,112355.53739999996,996130.8704,996130.8704,996130.8704,779700
53013029,2030,21.60239858,-157.8982292,1893.971283,184.6040035,10.33463285,1.420864546,0,0,0,11.48319555,10.97890556,8.726741665,6.585184496,610.120014759,156.832155061,300.634609772,504.270473871,587.741686646,13.104834293,27.9282925403,60.5086981671,90.3066237407,316100,854300,1170400,RESIDENTIAL A,1,1,0.25705131985048774,634701.3307,0.4927466768825014,433346.23789999995,0.826510295798424,148212.50700000004,0.963321432551529,31334.869700000014,950801.3307,796281.1456951189,796281.1456951189,779700
53013030,2030,21.6025206,-157.8983118,2005.976013,186.6279845,9.399578963,2.534244552,0,0,0,7.961917969,6.550312733,5.140237156,4.418783325,545.074192854,123.428465917,234.771104271,391.154173341,545.045215839,4.08667443965,9.19193294626,16.5401878546,30.9744990875,718600,863400,1582000,RESIDENTIAL A,1,1,0.22644342281319627,667889.1138,0.43071403370198497,491521.53239999997,0.7176163877671824,243810.34559999997,0.9999468384022214,45.76019999997387,1386489.1138,1161162.8048707715,1161162.8048707715,779700
53013031,2030,21.60261641,-157.8984263,1484.488861,157.6258758,10.80351422,4.157466811,0,0,0,13.44459372,12.71160949,10.62256871,9.213180865,461.027061269,113.971445517,227.881868385,387.615005226,443.40824357,6.88401891728,23.8126597269,42.1882274646,65.9436763764,809800,791100,1600900,RESIDENTIAL A,1,1,0.24721205129106286,595530.5868,0.4942917401805954,400065.59880000004,0.8407641064693043,125971.59960000003,0.9617835498625541,30232.67760000002,1405330.5868000002,1176942.2418810017,1176942.2418810017,779700
53013032,2030,21.6027355,-157.8985025,1375.321075,149.1004069,6.667927916,0.206762521,0,0,0,9.525141384,8.114468543,5.96701406,3.899067925,420.88706508,105.252532607,208.955250315,342.274543396,344.249211577,23.9508790692,43.7220755819,70.7542289369,97.2595629679,637500,832300,1469800,RESIDENTIAL A,1,1,0.2500730987943147,624164.2421,0.4964639392642843,419093.01279999997,0.8132218160017397,155455.3294,0.8179134977967709,151551.01009999998,1261664.2421,1056623.9399794645,1056623.9399794645,779700
53013033,2024,21.60285214,-157.8985563,2053.640259,184.2846347,0.663370944,0,0,0,0,3.493027288,2.0814636,0,0,331.532671385,103.589899114,205.678456075,287.234221217,287.234221194,1.96631571426,16.0291793937,54.4461591526,91.3630191385,427600,646100,1073700,RESIDENTIAL A,1,1,0.3124575888139357,444220.8862,0.6203866883338056,245267.9593,0.8663828515514316,86329.94369999999,0.8663828514820567,86329.94369999999,871820.8862000001,871820.8862000001,871820.8862000001,779700
53013034,2024,21.60295418,-157.8986747,1153.925964,142.3738166,3.903641522,0,0,0,0,4.940705426,4.162268184,2.0946701,0.041250027,230.288017459,93.7844556115,188.149377505,227.138953274,227.138953255,0,0.0124124130902,12.3756924133,27.0160082546,182100,465500,647600,RESIDENTIAL,2,1,0.407248525764903,275925.5905,0.8170176615398486,85178.12099999998,0.9863255404265198,6365.246999999983,0.9863255403440143,6365.246999999983,458025.5905,458025.5905,458025.5905,458025.5905
53013035,2024,21.60306618,-157.8987666,1196.373169,145.7832205,0,0,0,0,0,1.057816081,0.297878142,0,0,291.745174741,141.355471243,254.219095015,274.100609541,274.100609582,0,0.0230025960408,9.29684295657,67.3379141173,214500,509000,723500,RESIDENTIAL,1,1,0.48451691229680105,262380.847,0.8713737776149538,65470.63400000001,0.9395206271511972,30783.810999999976,0.9395206272917309,30783.810999999976,476880.847,476880.847,476880.847,476880.847
53013038,2100,21.60269352,-157.898926,2258.549744,277.6882936,33.12096043,26.90378958,20.77176213,11.79899764,1.518973141,34.43316599,33.534689,31.41883911,29.43590124,516.289114288,0,0,0,5.82507208646,0,0,0,0,302400,640400,942800,RESIDENTIAL,1,1,0,640400,0,640400,0,640400,0.011282577775231995,633174.3668,935574.3668,98957.61888155615,98957.61888155615,98957.61888155615
53014003,2100,0,0,3023.14212,256.64252,22.88669694,18.02552839,13.50260748,6.197151211,0,0,0,0,0,1621.52468855,0,0,223.292399248,692.872486258,551.796798841,592.696560339,640.489625635,707.588135729,396800,510200,907000,RESIDENTIAL,2,1,0,510200,0,510200,0.1377052109195282,439942.90900000004,0.4272969083668905,292193.0706,688993.0706,72876.20964399846,72876.20964399846,72876.20964399846
53014004,2100,21.60427454,-157.9006649,2744.075272,235.7818137,21.75370539,16.94613709,13.01997761,6.85868492,0,19.74608039,19.11098772,18.56044378,17.92535081,473.031561038,0,0,0,70.4589891757,0,0,0,0,345700,630000,975700,RESIDENTIAL,1,1,0,630000,0,630000,0,630000,0.14895198329068748,536160.24,881860.24,93276.16556575974,93276.16556575974,93276.16556575974
53014012,2075,21.60451876,-157.9009053,2062.528015,218.6209929,20.20842827,15.37728816,11.43789562,5.287531393,0,18.46010449,17.92892733,17.28192169,17.0503399,486.628534254,0,0,0,108.285400887,0,0,0,0,276300,630000,906300,RESIDENTIAL,1,1,0,630000,0,630000,0,630000,0.2225216839226273,489811.14,906300,200712.08389655687,200712.08389655687,200712.08389655687
53014049,2100,21.60372161,-157.8998335,273.909729,65.6285565,21.77671904,17.29282506,13.81093836,8.218101677,1.181791435,10.9219639,9.592870441,8.560457254,7.560277441,863.80815393,0,0,0,106.052000051,206.491789384,217.497065973,238.528907762,300.836799181,625200,656700,1281900,RESIDENTIAL A,1,1,0,656700,0,656700,0,656700,0.12277263136322984,576074.9709,1201274.9709,127061.31651390887,127061.31651390887,127061.31651390887
53014050,2100,21.60380387,-157.9000385,1155.626617,142.0413557,24.33335299,19.76297686,16.16052772,10.41391061,3.233310557,6.146047957,5.268141194,3.909528883,0,645.963435412,0,0,0,59.412733981,153.14411792,160.145663537,194.664835589,307.689053574,166500,617000,783500,RESIDENTIAL,1,2,0,617000,0,617000,0,617000,0.0919753823884879,560251.4249999999,726751.4249999999,76869.9882006834,76869.9882006834,76869.9882006834
53014051,2100,21.60388338,-157.9001208,2100.103958,234.643108,20.81433424,16.22472486,12.59613299,6.800530573,0,4.750565879,3.92919753,2.752672565,0.912310728,793.494750336,0,0,0,71.9041486757,187.310420635,192.314633753,212.800083283,250.7986792,385000,664700,1049700,RESIDENTIAL,1,2,0,664700,0,664700,0,664700,0.09061704396311718,604466.8801000001,989466.8801000001,104657.94050318377,104657.94050318377,104657.94050318377
53014052,2100,21.60396558,-157.9003253,2233.476776,235.7832822,25.60035138,20.8621037,17.01015684,10.92841262,3.423027881,6.630582579,6.630582579,6.318182244,4.020937702,828.967502437,0,0,0,78.8972458382,143.982580687,143.982580687,151.898745478,182.946785502,512300,703800,1216100,RESIDENTIAL,1,1,0,703800,0,703800,0,703800,0.09517531821966212,636815.835,1149115.835,121544.33777363208,121544.33777363208,121544.33777363208
53016010,2100,21.60560605,-157.9027171,2805.015015,237.3979451,17.67938984,14.30416111,12.30260031,8.572682447,3.394558828,21.39550906,20.49732732,18.69069,16.92776322,469.33132155,0,0,0,0,0,0,0,0,471700,568000,1039700,RESIDENTIAL A,1,1,0,568000,0,568000,0,568000,0,568000,1039700,109971.20058244196,109971.20058244196,109971.20058244196
53016034,2100,21.60551499,-157.9025347,2795.901108,208.8198785,19.16714133,15.72263796,13.62702326,9.773454129,4.473911078,22.18080685,21.2456447,19.91786297,18.1108727,484.094614113,0,0,0,0,0,0,0,0,315400,569100,884500,RESIDENTIAL,1,1,0,569100,0,569100,0,569100,0,569100,884500,93555.37839296905,93555.37839296905,93555.37839296905
53016035,2100,21.60542489,-157.9023536,2304.658173,218.4347078,19.33807541,15.74948143,13.46164952,9.366954936,3.826496276,21.4320228,20.54218345,19.66291239,17.94242251,433.935188666,0,0,0,0,0,0,0,0,504200,568000,1072200,RESIDENTIAL A,1,1,0,568000,0,568000,0,568000,0,568000,1072200,113408.79221361381,113408.79221361381,113408.79221361381
54003010,2030,21.62281847,-157.9165116,1500.959808,159.1578729,6.246281537,2.544545289,0.121026993,0,0,49.83599284,39.9736181,36.4588229,9.707576844,707.463007211,66.5094364401,109.26848095,192.071643358,302.107076674,0,0,0,0.370136889275,418400,936900,1355300,RESIDENTIAL A,1,1,0.09401118611458881,848821.0941,0.15445115834503387,792194.8581,0.2714935500517483,682537.2714,0.427028796692824,536816.5299,1267221.0940999999,1061277.7160461855,1061277.7160461855,779700
54003017,2024,21.62236493,-157.9159436,3390.604248,313.7575158,1.890631114,0,0,0,0,59.76650223,18.53113453,12.0928564,3.260121694,552.251978788,67.4768174667,109.465368426,188.820859669,297.961828131,0,0,0,1.11505776369,219200,988800,1208000,RESIDENTIAL,1,1,0.12218483601414706,867983.4720000001,0.19821634440538938,792804.0192000001,0.3419106982348814,650718.4032,0.5395396296902766,455302.848,1087183.472,1087183.472,1087183.472,779700
54003055,2024,21.62252156,-157.9160541,1993.405151,179.975049,5.63916269,2.362781123,0.486085233,0,0,77.98414904,36.74648526,30.30240309,6.827754387,591.172940109,64.5245774544,102.007465734,175.594570862,279.064936116,0,0,0,0,427100,1015900,1443000,RESIDENTIAL,1,2,0.10914670323459495,905017.5627,0.17255097250424203,840605.4391,0.29702741608846983,714150.2707000001,0.4720529597727295,536341.3572999999,1332117.5627000001,1332117.5627000001,1332117.5627000001,779700
54009021,2030,21.60729128,-157.9073362,1893.627396,203.3087233,8.312521081,4.884544977,2.764451767,0,0,11.73169531,10.84420854,9.096637312,6.874589161,688.62375418,84.1093059581,136.337586843,233.45326606,369.492870558,0,0,0,19.7856456577,453300,741800,1195100,RESIDENTIAL A,1,1,0.12214116264150043,651195.8062,0.19798559956060213,594933.9852,0.3390142507325959,490319.4148,0.536567128733433,343774.5994,1104495.8062,924997.8492656205,924997.8492656205,779700
54009022,2024,21.60740978,-157.9075622,1893.0215,209.6499992,5.069672064,1.69922779,0,0,0,9.894580439,8.98272406,7.159062923,5.336148527,460.148156796,55.786632172,89.6579868135,153.622976474,244.261081677,0,0,0,7.97070795172,346400,726600,1073000,RESIDENTIAL,1,1,0.12123623956345041,638509.9224,0.19484591101654367,585024.8964,0.3338554641697859,484020.957,0.5308313813050642,340898.19539999997,984909.9224,984909.9224,984909.9224,779700
54009024,2024,21.60756633,-157.9078423,1654.569855,183.4630324,4.922000397,1.676719446,0,0,0,9.08947134,8.328230081,6.868254601,5.016375068,422.199279527,53.7064759173,84.828292845000007,144.59877093,229.632665689,0,0,0,4.18978855793,336000,647000,983000,RESIDENTIAL,1,1,0.12720646036504055,564697.718,0.2009200322180445,517004.76,0.3424893834304916,425409.61699999997,0.543896394011527,295099.28799999994,900697.718,900697.718,900697.718,779700
54009025,2024,21.60763561,-157.9079884,1807.298004,192.5977255,5.222805762,2.008735676,0.202235781,0,0,10.64604214,9.864433283,8.23368467,6.468351596,431.746438768,59.6018765401,93.16213536,157.743812998,249.13022744,0,0,0,4.27210466801,475000,653400,1128400,RESIDENTIAL A,1,1,0.1380483339021291,563199.4368,0.21577974244753617,512409.348,0.3653621636072464,414672.46920000005,0.5770290269235335,276369.2514,1038199.4368,1038199.4368,1038199.4368,779700
54009026,2024,21.60775288,-157.9081188,2046.955322,226.057765,1.054330797,0,0,0,0,6.571048347,5.761212503,4.078759659,2.172556244,384.787876703,58.6674479735,91.7078578145,155.124962778,244.654745494,0,0,0,0.0865894911353,270500,550500,821000,RESIDENTIAL,1,1,0.15246698642427006,466566.9165,0.23833354262687717,419297.133,0.40314410138688905,328569.228,0.6358171873560292,200482.74150000003,737066.9165,737066.9165,737066.9165,737066.9165
54009027,2024,21.60786079,-157.9082392,1532.244629,166.7786485,2.200535739,0,0,0,0,6.860704955,6.082701038,4.707321605,2.97072132,337.161005128,50.2157116274,85.1977778598,151.316699403,244.200902099,0,0,0,0,207800,555000,762800,RESIDENTIAL,1,1,0.14893689027987111,472339.965,0.252691671231243,414755.94,0.4487965604016219,305917.665,0.7242857222064912,153021.27000000002,680139.9650000001,680139.9650000001,680139.9650000001,680139.9650000001
54009028,2024,21.60797389,-157.9083843,1633.172058,187.1557371,1.062033675,0,0,0,0,4.463234285,3.760924506,2.931886362,0.984785228,315.081876346,47.247475496,86.768161928,161.240114865,267.328254886,0,0,0,0,215700,585600,801300,RESIDENTIAL,1,1,0.1499530091794815,497787.5232,0.2753829034352884,424335.71520000004,0.511740366456171,285925.05600000004,0.848440595778475,88752.9504,713487.5231999999,713487.5231999999,713487.5231999999,713487.5231999999
54009029,2030,21.60813506,-157.9085402,1016.379074,140.5504961,6.278205822,2.980590906,0.870942252,0,0,8.238204372,7.184302847,5.960019981,4.038059652,326.486762506,58.8790707463,105.911357981,191.028696828,306.156270556,0,0,0,12.2877369397,240500,543900,784400,RESIDENTIAL,1,1,0.18034137217192062,445812.53010000003,0.324397097046327,367460.4717,0.5851039575440348,225661.93440000003,0.9377295061093743,33868.65300000003,686312.5301000001,574775.9391234766,574775.9391234766,574775.9391234766
54009030,2024,21.6083107,-157.908649,867.1698456,124.8237573,1.197214687,0,0,0,0,7.196555203,6.353523556,4.972223227,3.132790171,288.584291363,47.3217950997,96.5685282888,188.624060369,286.027493946,0,0,0,5.23742158386,219200,504000,723200,RESIDENTIAL,1,1,0.16397910945255015,421354.58400000003,0.3346284991213533,335347.488,0.6536185995367866,174576.02400000003,0.9911402058479203,4465.43999999999,640554.584,640554.584,640554.584,640554.584
54009052,2030,21.60723565,-157.9071473,1664.795136,179.3307867,8.619365623,5.254432306,3.140367713,0,0,13.31543613,12.17851955,10.3716983,8.409311065,735.471728429,86.8568738841,155.771244162,281.628327808,454.630853755,0,0,0,5.70712486596,447800,750700,1198500,RESIDENTIAL,1,1,0.11809682211664356,662044.5821,0.2117977321775974,591703.2414,0.38292203074830694,463240.4546,0.6181486468910389,286655.5457,1109844.5821,929477.3648743994,929477.3648743994,779700
54010001,2024,21.60711588,-157.9055302,2774.87944,233.9547365,3.647997767,0,0,0,0,8.705690588,7.213867344,5.990961248,3.990477543,575.412718181,0,21.897130363,158.367133038,388.066459242,0,0,0,0.0215898280424,193600,817500,1011100,RESIDENTIAL A,1,1,0,817500,0.03805465133308386,786390.0375000001,0.2752235535193446,592504.38,0.6744141152610588,266166.55500000005,1011100,1011100,1011100,779700
54010002,2024,21.60716599,-157.9056794,1238.047089,142.5685567,1.322263871,0,0,0,0,6.731429691,5.731242943,3.73074866,1.73028593,176.522988867,0,1.26498541051,48.501174234,107.931225135,0,0,0,0,174000,439600,613600,RESIDENTIAL,1,1,0,439600,0.007166122773182218,436449.8264,0.2747584014144631,318816.3832,0.6114287200083611,170815.8116,613600,613600,613600,613600
54010004,2024,21.60713531,-157.9057756,1226.11203,167.198,1.393932829,0,0,0,0,7.712122283,6.509226941,4.409845447,2.382172789,142.813678315,0,6.75615498332,44.9176094719,95.8105831661,0,0,0,0,47400,339700,387100,RESIDENTIAL,1,1,0,339700,0.04730747826842009,323629.8121,0.31451895926121676,232857.8957,0.6708781980586858,111802.7434,387100,387100,387100,387100
54010006,2050,21.60708925,-157.9058594,351.3162842,79.0154,10.45651228,6.990641229,4.765066047,0.68612015,0,16.63557057,15.09980632,13.63783676,11.61320241,343.21146612,0,2.38829100477,84.0313488195,215.787835637,0,0,0,0,183900,626400,810300,RESIDENTIAL,1,2,0,626400,0.006958657389188044,622040.8824,0.2448384075551817,473033.4768,0.6287314292744294,232562.90159999998,805940.8824,373710.5377960154,373710.5377960154,373710.5377960154
54010009,2024,21.6071266,-157.9061195,976.9179688,134.1295735,5.168342058,1.712428299,0,0,0,8.878660636,7.878412797,5.877879577,3.87747031,115.716727982,0,0,15.4697611266,64.8774419019,0,0,0,0,173600,369700,543300,RESIDENTIAL,1,1,0,369700,0,369700,0.13368647209767595,320276.2858,0.5606574177589245,162425.10710000002,543300,543300,543300,543300
54010010,2024,21.60712736,-157.9062147,1174.580276,138.8309203,5.076055156,1.572682509,0,0,0,8.446613985,7.446369457,5.445816119,3.50785696,139.40830956,0,0,17.481138133399998,75.1162008835,0,0,0,0,302600,414600,717200,RESIDENTIAL,1,1,0,414600,0,414600,0.12539523783463055,362611.233,0.538821546008136,191204.3988,717200,717200,717200,717200
54010011,2024,21.60714439,-157.906305,1467.005142,173.0377594,0.755006834,0,0,0,0,4.182743762,2.724628495,1.075147855,0,128.500942002,0,0,24.49224329,77.0254319932,0,0,0,0,170400,383100,553500,RESIDENTIAL,1,1,0,383100,0,383100,0.19059971785746757,310081.14,0.5994153100605377,153464.11349999998,553500,553500,553500,553500
54010012,2024,21.60713663,-157.9063977,1229.050003,143.8342145,4.535560537,0.922175737,0,0,0,7.792463254,6.535801276,4.944751032,3.05342043,126.644723983,0,0,32.1327985459,85.0382570762,0,0,0,0,180200,382000,562200,RESIDENTIAL,1,1,0,382000,0,382000,0.2537239415533276,285077.432,0.6714709811963031,125498.07799999998,562200,562200,562200,562200
54010013,2030,21.60712041,-157.9065149,804.0357208,121.3059064,9.415512226,5.796417976,3.429475423,0,0,13.1299155,12.24886342,10.26630364,8.551611288,257.394808111,0,3.65086873314,73.3434817382,168.55496658,0,0,0,0,303000,500500,803500,RESIDENTIAL,1,1,0,500500,0.014183925308880296,493400.908,0.28494545898754514,357885.0275,0.6548499086559341,172747.57499999998,803500,672918.6002453162,672918.6002453162,672918.6002453162
54010014,2024,21.60716179,-157.9066886,1435.99646,152.5363291,5.16370599,1.585846076,0,0,0,2.06084736,2.06084736,2.06084736,2.06084736,269.305002225,2.62080547392,21.7896189148,93.4383795186,191.455402063,8.67961805255,8.67961810029,8.67961816278,8.6796182005,274200,500500,774700,RESIDENTIAL,3,1,0.009731737072341342,495629.134,0.0809105613886634,460004.0445,0.34696117319251923,326846.01949999994,0.7109240470143294,144682.538,769829.1340000001,769829.1340000001,769829.1340000001,769829.1340000001
54011001,2030,21.61524419,-157.9130815,2179.663361,210.4546955,9.976042819,3.56711438,0,0,0,14.35694614,12.83844135,10.84613842,9.793155832,830.068277396,123.019468649,237.687415179,400.421418879,531.421828727,206.135186954,226.461665287,254.861030709,287.503802565,458200,825700,1283900,RESIDENTIAL A,1,1,0.14820403573899163,703327.9572,0.2863468242933547,589263.2821,0.4823957616295837,427385.62279999995,0.6402145982425914,297074.4745,1161527.9572,972761.3778529254,972761.3778529254,779700
54011003,2024,21.61589131,-157.9130105,2021.453613,196.9308779,5.815878037,0,0,0,0,8.325461664,7.584165631,6.381982016,5.410242212,1263.42232035,129.803914415,263.481698153,463.963911859,704.552683663,290.610386136,304.076218616,325.410043712,341.194475133,454400,882700,1337100,RESIDENTIAL A,1,2,0.10273992498331122,792011.402,0.20854602131772446,698616.4458,0.36722788919105864,558547.8444,0.5576541369538422,390458.8142,1246411.402,1246411.402,1246411.402,779700
54011014,2024,21.61779752,-157.9129065,932.786911,128.9830349,3.939050387,0,0,0,0,7.750727508,7.018262614,5.330368758,4.120911195,591.312600424,83.5593949707,153.701978973,243.659004388,245.583890763,283.407202931,295.035578294,313.462018659,330.202945719,173600,498300,671900,RESIDENTIAL,1,1,0.14131171044010196,427884.2304,0.25993354253365847,368774.8878,0.4120646240470516,292968.0105,0.4153199011604088,291346.044,601484.2304,601484.2304,601484.2304,601484.2304
54011023,2030,21.61540519,-157.9130752,1470.949997,156.7298515,10.88487342,4.245781493,0,0,0,15.63601275,14.68812246,13.74774198,11.86778265,788.72285608,109.950266015,215.396580102,365.131255788,524.273501623,173.406003027,186.879083921,212.290858288,239.252479081,173800,816100,989900,RESIDENTIAL,1,1,0.13940291595131327,702333.2117000001,0.2730953952222634,593227.1705,0.46293986914836505,438294.66599999997,0.6647119423274619,273628.5368,876133.2117000001,733747.7715564372,733747.7715564372,733747.7715564372
54011024,2050,21.61556538,-157.9131085,1363.437698,151.9950567,16.18496003,9.369323651,2.686263292,0,0,21.24455379,20.51676809,18.84647259,17.41155234,841.473103083,108.204720782,214.554728859,366.686273186,538.521598656,187.931196997,203.357667597,223.789533991,244.750161605,194300,821500,1015800,RESIDENTIAL,1,1,0.12858963689458183,715863.3150000001,0.25497514783646874,612038.0375000001,0.4357670754329878,463517.4095,0.639974821159414,295760.53750000003,806338.0375000001,373894.6965218607,373894.6965218607,373894.6965218607
54011025,2024,21.61571056,-157.9129854,1948.127747,192.2037626,2.834639611,0,0,0,0,7.627734716,6.627490876,4.524836401,2.656457506,936.639603549,109.052688149,217.160999764,373.594568316,553.797120823,212.356246852,229.496970714,252.653874879,274.897991837,641100,791900,1433000,RESIDENTIAL A,1,2,0.11642972145934352,699699.083,0.23185118261192475,608297.1931,0.3988669354791547,476037.2226999999,0.591259561014311,323681.206,1340799.083,1340799.083,1340799.083,779700
54011027,2024,21.61755041,-157.9128577,1257.980286,151.0312144,5.810337141,1.278588738,0,0,0,9.051183838,8.103252172,6.844650434,5.205384493,551.424720475,62.9609253414,116.564773242,201.554870262,295.508487414,187.723316285,200.195706153,220.670869365,237.285198739,203600,476100,679700,RESIDENTIAL,1,1,0.11417864126070582,421739.3781,0.2113883707309867,375458.1732,0.36551656604799954,302077.3563,0.5358999632070313,220958.00999999998,625339.3781,625339.3781,625339.3781,625339.3781
54011028,2075,21.61735093,-157.9128303,1604.325485,177.4828168,15.04012585,10.88456041,7.398351704,1.980105295,0,7.361964242,6.314613231,3.843732768,1.044302288,479.462815255,53.3154601168,113.78733578,227.834833996,349.666244981,72.7779800998,78.9316513582,88.2752816712,104.488491336,347300,478800,826100,RESIDENTIAL,1,1,0.11119832116374744,425558.39759999997,0.2373225454814108,365169.7476,0.4751877032942109,251279.98560000001,0.729287514809739,129616.90559999998,598579.9856,132563.4296464162,132563.4296464162,132563.4296464162
54011029,2100,21.61635194,-157.9132383,1636.607452,164.7216188,29.83929999,23.40608425,17.24540509,8.240404334,0,30.31147859,30.31141252,28.37154398,0,448.620796662,0,0,0,105.562103646,0,0,0,33.7055929781,160800,600800,761600,RESIDENTIAL,1,1,0,600800,0,600800,0,600800,0.23530363378479896,459429.3568,620229.3568,65602.93065670074,65602.93065670074,65602.93065670074
54011030,2075,21.61599554,-157.913159,1245.948181,142.9270851,23.49582071,16.47219928,9.542837153,0,0,24.60768462,24.57995653,23.58034195,9.346818517,431.2463722,0,0,74.2577296531,238.172875764,0,0,0,0,178400,600000,778400,RESIDENTIAL,1,1,0,600000,0,600000,0.17219328541658166,496684.19999999995,0.5522895753278176,268626.00000000006,675084.2,149506.29657689502,149506.29657689502,149506.29657689502
54011031,2024,21.61622478,-157.9129808,2187.514832,194.798727,5.836590584,0,0,0,0,5.974317224,5.002841895,5.002841895,0.457110403,786.565417565,116.085490799,232.84036631,409.694211355,482.99984104,189.947497425,200.003318782,206.208049336,236.936923387,342600,663500,1006100,RESIDENTIAL A,1,1,0.14758529704798135,565577.3525,0.29602161639754343,467089.403,0.520864764971877,317906.0725,0.6140618825262375,256069.863,908177.3525,908177.3525,908177.3525,779700
54011033,2030,21.61638347,-157.913026,2377.358704,209.3737976,6.384692921,0,0,0,0,6.977551837,6.952267032,4.951803048,0,862.551179242,107.425397465,213.44811009,374.098619537,465.367814121,263.412425048,272.747035428,290.17649065,323.864870031,341400,730200,1071600,RESIDENTIAL A,1,1,0.1245437952556093,639257.9712,0.2474613857435981,549503.9778,0.4337117941984075,413503.4976,0.5395248714748264,336238.845,980657.9712,821285.6120713324,821285.6120713324,779700
54011034,2024,21.61656428,-157.9130362,2247.209488,212.3760147,5.9943157,0,0,0,0,9.289839628,8.289607301,7.28938439,6.289124154,1066.10238022,116.036459245,226.182370188,387.327806685,533.219688329,382.72123183,396.070054122,411.243304855,433.858455539,569300,792600,1361900,RESIDENTIAL,1,1,0.10884175985148332,706331.8308,0.21215820767732005,624443.5691999999,0.36331201756164483,504638.9087999999,0.5001580506920594,396174.7692,1275631.8308,1275631.8308,1275631.8308,779700
54011035,2100,21.61654067,-157.9133426,2293.136536,213.9955119,36.5728459,30.22013212,24.2035345,15.41324813,5.178569378,39.0203547,38.17104957,37.7067669,21.78962243,478.599389415,0,0,0,44.2128280711,0,0,0,0,502400,608900,1111300,RESIDENTIAL,1,1,0,608900,0,608900,0,608900,0.09237961654138772,552649.818,1055049.818,111594.78230234384,111594.78230234384,111594.78230234384
54011037,2024,21.61605795,-157.9129834,1728.071167,184.6975085,5.254121824,0,0,0,0,6.277083258,6.277051207,5.281692813,5.27680252,763.966825263,127.292754918,252.582198873,358.518016537,400.339940088,291.387781094,294.32961705500003,303.333905121,312.272780306,182000,640000,822000,RESIDENTIAL,1,1,0.16662078863722746,533362.5599999999,0.33061932864172094,428403.84,0.46928479703759135,339657.60000000003,0.5240279117488912,304622.07999999996,715362.5599999999,715362.5599999999,715362.5599999999,715362.5599999999
54011039,2024,21.61766988,-157.9129074,1115.186249,152.5665134,5.017800639,0,0,0,0,7.809140673,6.866923177,5.604590336,4.204301261,639.763399257,74.7237142549,137.866881889,230.951685001,306.834106837,273.119456287,287.519335163,307.818714181,332.331296433,184100,505700,689800,RESIDENTIAL,1,1,0.1167989827828251,446634.7457,0.21549666962679337,396723.16709999996,0.36099546374365843,323144.8285,0.4796055966836286,263163.24580000003,630734.7457000001,630734.7457000001,630734.7457000001,630734.7457000001
54011040,2024,21.61672907,-157.9129899,2565.542801,202.6148595,5.60865318,0,0,0,0,8.18867906,7.645854755,6.559628559,4.75116591,1260.49156253,118.295187767,229.4728513,391.479000232,578.121573237,382.458440576,397.4951833,424.579639261,457.234229463,408400,661000,1069400,RESIDENTIAL A,1,1,0.09384845665254864,598966.472,0.18205028746040375,540664.95,0.31057645435265074,455709.264,0.45864771365594964,357833.672,1007366.472,1007366.472,1007366.472,779700
54011042,2100,21.61694612,-157.913103,3076.414291,296.2014868,23.38361854,18.09756344,13.33650086,6.331328348,0,0,0,0,0,3434.14559084,235.307089777,450.083655623,777.233912929,1166.53566311,1575.14808055,1766.18065556,1915.25122996,2030.95011532,539000,881900,1420900,RESIDENTIAL,1,1,0.06851983515336149,821472.2119999999,0.13106132041213445,766317.3041000001,0.2263252655921576,682303.9825,0.3396873056930189,582330.0347,1121330.0347,118605.37670973387,118605.37670973387,118605.37670973387
54012038,2024,21.61980975,-157.9127031,3136.19104,247.4066722,0,0,0,0,0,0,0,0,0,944.457764806,126.918832643,251.115673958,427.939167377,629.687502396,138.421441707,148.426313413,160.746155411,177.412601507,431500,810000,1241500,RESIDENTIAL,1,1,0.13438275100535624,701149.77,0.26588343419420285,594634.77,0.453105669013058,442984.14,0.6667185403736327,269957.61000000004,1132649.77,1132649.77,1132649.77,779700
54012040,2030,21.61945302,-157.9126844,3336.327591,319.3273956,8.444799063,2.261577067,0,0,0,8.452336997,8.021855423,7.389932167,6.706603781,931.453618004,115.407158606,222.889885828,377.798698274,557.084232913,169.536945412,175.410676347,186.416034392,194.349862181,730300,831500,1561800,RESIDENTIAL,1,1,0.12390005940747165,728477.15,0.23929252248289923,632527.8705,0.40560119255704863,494242.7685,0.5980804863979902,334196.48000000004,1458777.15,1221702.8971348496,1221702.8971348496,779700
54012041,2030,21.61929088,-157.9126149,2296.82074,233.0576863,6.529297989,0.836377216,0,0,0,10.79337644,9.793998888,8.784588668,7.784342685,838.7239939,115.913065461,222.809567775,404.542161515,598.953203442,76.5734152579,80.1352912234,91.4531981936,99.3542060114,279400,793500,1072900,RESIDENTIAL,1,1,0.13820168053379928,683836.7130000001,0.26565302697369275,582704.3445000001,0.4823304978243332,410771.1450000001,0.7141243219439988,226842.60600000003,963236.7130000001,806695.5825972115,806695.5825972115,779700
54012043,2024,21.61911453,-157.9125829,1760.476532,169.7094161,1.592688354,0,0,0,0,5.977820817,5.36956364,3.994505664,3.159473277,723.035352734,141.472398205,248.398141379,370.096251105,429.581231432,113.195009664,141.467666063,188.064273412,233.318047661,326000,728400,1054400,RESIDENTIAL,1,1,0.1956645655984221,585877.6140000001,0.34354909540693523,478158.9084,0.5118646684502521,355557.534,0.5941358604494684,295631.3376,911877.6140000001,911877.6140000001,911877.6140000001,779700
54012044,2024,21.61897502,-157.9126359,1405.767868,159.879179,3.901252552,0,0,0,0,6.194749601,5.577076421,5.082735146,4.196030321,742.097653067,164.378399457,287.082482139,414.285870596,460.739528719,185.261289547,201.797124933,224.217589022,244.143000674,196600,685500,882100,RESIDENTIAL,1,2,0.22150507925425167,533658.3225,0.3868527018681743,420312.2685,0.5582632809628308,302810.7135,0.6208610508533737,259899.7845,730258.3225,730258.3225,730258.3225,730258.3225
54012045,2024,21.61880705,-157.9127638,2787.526794,239.0213733,3.548752441,0,0,0,0,6.685093481,6.256366967,5.966055996,4.993445156,592.364514273,110.99418266,214.666227824,375.260382306,532.764951173,0.899002217937,1.92531829136,4.15359725436,5.19791252501,196700,570200,766900,RESIDENTIAL,1,1,0.1873748004574877,463358.77499999997,0.36238873641419356,363565.79219999997,0.633495716343764,208980.58080000003,0.8993870131246033,57369.53259999997,660058.7749999999,660058.7749999999,660058.7749999999,660058.7749999999
55002002,2030,21.63484571,-157.9188927,1657.497559,196.0785027,8.050210051,0,0,0,0,20.38713285,19.38682554,17.57586837,16.36468863,2011.47432873,275.968501921,577.433545728,994.955018076,1451.46876781,0,0,0,0,161900,1121300,1283200,RESIDENTIAL A,1,2,0.13719712848398136,967461.0039,0.2870698062015928,799408.4090000001,0.49463967989300284,566660.1680000001,0.7215944777810934,312176.64780000004,1129361.0039,945822.060878697,945822.060878697,779700
55002006,2050,21.6407019,-157.9186505,1894.281006,184.9341135,12.77218857,7.601870294,3.036053085,0,0,18.6948056,17.53939102,16.27454085,14.34425,553.905567648,78.1176392974,147.221310401,248.920017086,366.989315512,0,0,0.448266084546,21.4430218516,386100,1181800,1567900,RESIDENTIAL,1,1,0.14103060857305333,1015129.5642,0.26578774253187737,867691.7416,0.44939071138599845,650709.7162,0.6625485226124629,398799.59179999994,1253791.7415999998,581376.6198858592,581376.6198858592,581376.6198858592
55002007,2050,21.64083416,-157.918672,1769.486969,179.9677827,13.53056573,8.313094081,3.698541647,0,0,19.09977967,18.13064141,16.45537306,14.00685819,793.854442672,77.5600645346,146.432549503,247.884328272,366.435876968,22.4069368766,35.9340375947,60.29390149,90.5685541121,384400,1359800,1744200,RESIDENTIAL,1,1,0.09770061155486384,1226946.1802,0.1844576809447952,1108974.0116,0.3122541299103359,935197.0107999999,0.4615907618210581,732128.5582000001,1493374.0116,692469.6552726073,692469.6552726073,692469.6552726073
55002008,2075,21.6410569,-157.9188529,2380.424774,211.0009318,19.60600845,15.25734704,11.40988558,5.766452293,0,27.62504534,26.66067868,24.90979402,23.43234734,828.445562194,73.9787740439,140.520414949,239.575474956,357.864123097,21.664917446,36.6248054211,63.5211040232,85.6960173289,462500,1360600,1823100,RESIDENTIAL A,1,1,0.08929829239229618,1239101.1412,0.1696193707367508,1129816.3886,0.28918674429436775,967132.1677999999,0.4319705958098882,772860.2574,1429632.1678,316610.89220422605,316610.89220422605,316610.89220422605
55002019,2100,21.63434771,-157.919341,960.5666199,124.0508208,42.64749663,34.76426973,26.04420221,14.00263767,0.90716741,10.94257454,10.94257454,10.94257454,10.45293471,5418.51098442,403.683889906,789.81713519,1293.80431688,1703.09017817,523.903223715,566.957247955,623.525328683,700.576684987,1021700,2144800,3166500,RESIDENTIAL,1,2,0.07450088983241408,1985010.2552,0.14576276350845904,1832167.5176000001,0.23877488125429897,1632675.3800000001,0.31430962917062344,1470667.912,2492367.912,263622.8638797673,263622.8638797673,263622.8638797673
55002020,2030,21.64349157,-157.9192382,3373.074249,352.8487536,10.04970471,6.013051966,2.923621618,0,0,17.63225485,16.69466838,15.40393289,13.45627896,5288.7108708,225.739100838,398.897072731,679.26169265,1027.97291189,0,0,2.01395345945,86.2721152844,341500,2263600,2605100,RESIDENTIAL A,1,3,0.04268319943227554,2166982.7612,0.0754242541284282,2092870.2336,0.12843615566136085,1972872.2704,0.1943711685139829,1823621.8044,2508482.7612,2100814.8206673427,2100814.8206673427,779700
55002024,2100,21.64007254,-157.9186382,2608.553375,210.7339234,24.14350306,19.22753838,14.85965263,8.303912938,0.640612499,32.72641975,31.58427565,29.84854016,27.74684493,1907.19229113,163.426236969,306.458395467,517.227401207,757.468311638,40.2856848,81.1944146069,132.693807825,192.793145523,1107900,1639500,2747400,RESIDENTIAL A,2,1,0.08568943872574639,1499012.8845,0.16068563033328181,1376055.303,0.27119834932876424,1194870.879,0.397164100946111,988349.6219999999,2096249.622,221724.62022874883,221724.62022874883,221724.62022874883
55002025,2024,21.63973455,-157.9184051,1682.084991,176.953391,4.143531359,0,0,0,0,12.60266594,11.60241415,9.609776004,8.601672793,2024.08550175,155.858107122,295.641116348,504.973223538,748.187888765,40.5735384971,72.7382195323,121.044947449,173.263478416,461800,726600,1188400,RESIDENTIAL A,2,2,0.07700174077984698,670650.3467999999,0.1460615750136999,620471.3508,0.24948216026516973,545326.3788000001,0.3696424326532282,458018.12279999995,1132450.3468,1132450.3468,1132450.3468,779700
55002027,2075,21.63921261,-157.9185252,1965.596649,194.5569067,20.06414071,14.99420856,10.49937168,3.77341387,0,21.80007577,21.39505067,20.40285965,19.53769008,2199.78621273,152.227427059,287.632271811,490.207564,726.424115358,9.66564789799,33.5087279099,63.2994068004,81.3090847016,806900,1796900,2603800,RESIDENTIAL,1,3,0.06920100970633926,1672552.7231,0.1307546479501023,1561946.3405000002,0.2228432750251843,1396473.4133,0.33022486965062214,1203518.6975,2203373.4133,487966.09222742193,487966.09222742193,487966.09222742193
55002028,2050,21.6390123,-157.9185121,2164.34024,186.9773846,13.80920563,8.493433486,3.674477545,0,0,15.40661396,14.41083933,13.2877595,11.94512532,2434.98751119,162.809251707,310.583652796,529.132669759,781.704067654,2.72570061411,23.8053844857,55.4939648461,73.7847928545,913300,1833200,2746500,RESIDENTIAL,1,4,0.06686245861993503,1710628.5816000002,0.12755040893175465,1599375.3399999999,0.217304058984848,1434838.3072000002,0.32103001106234597,1244687.8040000002,2512675.34,1165114.3069227503,1165114.3069227503,779700
55002029,2050,21.63869211,-157.9186187,2188.154419,222.0051759,16.24538938,10.83032767,5.791440924,0,0,17.64393483,16.8179622,16.01195689,14.61114015,2586.18170207,166.06918953,320.294554828,546.590353068,806.227775809,21.4681746384,49.787012641,89.4083175929,115.836621663,738500,1894500,2633000,RESIDENTIAL A,1,2,0.06421404551624385,1772846.577,0.12384843438171175,1659869.9640000002,0.21135032879959859,1494097.4249999998,0.3117444436188258,1303900.9919999999,2398369.964,1112111.5067536747,1112111.5067536747,779700
55002030,2030,21.63844846,-157.9186869,1748.800049,177.2965096,10.46098605,5.784816857,1.175620218,0,0,13.73484522,13.73484522,13.40529423,12.6472784,745.701049229,0,0,0,0,0,0,0,0,82000,780100,862100,RESIDENTIAL,1,3,0,780100,0,780100,0,780100,0,780100,862100,721995.1776869784,721995.1776869784,721995.1776869784
55002031,2100,21.63816417,-157.919247,4316.264648,412.8347628,42.97312595,35.52386387,27.8563768,17.26114347,5.677466116,46.28938269,45.16964333,43.97863432,43.00024983,752.786979338,0,0,0,0,0,0,0,0,266400,797100,1063500,RESIDENTIAL A,1,1,0,797100,0,797100,0,797100,0,797100,1063500,112488.57537696166,112488.57537696166,112488.57537696166
55002032,2050,21.63795211,-157.9190292,2236.458282,196.9940763,20.1294272,12.64367097,4.795544816,0,0,22.61737746,21.99126792,20.92064883,20.18218638,2993.11548759,231.625722758,472.305476797,805.768586797,1172.02020181,523.317383621,550.851482661,583.387443783,604.917494375,1232600,1806400,3039000,RESIDENTIAL,1,3,0.0773861629189927,1666609.9296000001,0.1577972780386404,1521355.4992,0.2692073159682153,1320104.4752,0.3915719946889481,1099064.3392,2753955.4992,1276994.6445793132,1276994.6445793132,779700
55002033,2030,21.63767155,-157.9190268,1483.036896,152.4264612,11.03614584,2.938617178,0,0,0,14.13443773,12.9512112,11.96767279,11.75067204,1760.19601155,218.934737554,448.350700645,761.902353448,888.061114736,561.30731774,581.878827978,606.383277308,620.036194634,529900,1262800,1792700,RESIDENTIAL A,1,2,0.12438088492270223,1105731.6732,0.2547163484651858,941144.6352,0.4328508577729824,716195.7572,0.5045239898901872,625687.0928,1635631.6732,1369815.7760381438,1369815.7760381438,779700
55002036,2100,21.63693347,-157.9197016,1730.417114,181.1341802,56.16750454,43.91551937,29.72774642,11.50189881,0,56.98856096,56.8135195,55.90208177,55.64871401,479.289122405,0,0,0,206.436275445,0,0,0,0,225300,750000,975300,RESIDENTIAL,1,1,0,750000,0,750000,0,750000,0.43071345831746427,426965.25,652265.25,68991.43276012951,68991.43276012951,68991.43276012951
55002037,2075,21.63666651,-157.9194486,245.7169189,63.72810707,34.23909339,22.09272667,7.743240222,0,0,35.72237614,35.69494812,35.09006856,34.09627082,3519.78559681,386.912698288,836.838891382,1430.52193599,2052.90944397,1155.42971627,1173.4385526,1188.47715197,1206.48598924,2025500,1859600,3885100,RESIDENTIAL,1,3,0.10992507573150508,1655183.47,0.23775280293789244,1417474.5212,0.4064230324956411,1103815.7892,0.5832484358793225,774992.0192,3129315.7892,693028.2392372619,693028.2392372619,693028.2392372619
55002038,2100,21.63635248,-157.9197085,1917.952271,187.7765645,60.68303579,48.20826043,33.83544585,14.6412314,0,62.01688454,61.34123697,60.881713070000004,60.34666904,3704.81112334,382.668767485,828.262033961,1425.76943573,2064.25019473,973.888260954,991.282822499,1008.56728655,1025.57563167,1225700,1893000,3118700,RESIDENTIAL A,1,3,0.103289683264612,1697472.03,0.22356390282436223,1469793.348,0.3848426784155802,1164492.201,0.5571809536322639,838256.367,2063956.367,218308.8964400935,218308.8964400935,218308.8964400935
55002041,2030,21.64244634,-157.9190507,1334.41333,160.1947676,9.68878745,5.517405728,2.290413579,0,0,19.62790427,18.64632204,17.15815131,14.7434688,2356.93163091,124.484256838,219.721144268,371.705930772,561.093593935,0,0,4.04713230787,37.5807372848,559400,1741800,2301200,RESIDENTIAL,1,4,0.05281623582349617,1649805.0912000001,0.09322338475434126,1579424.1786,0.15770755752829627,1467104.2056,0.2380610394364152,1327145.3502,2209205.0912,1850174.4836653767,1850174.4836653767,779700
55002042,2075,21.64229782,-157.9191046,1422.650513,153.750033,17.68526262,13.29237835,9.800155316,4.379771061,0,28.05809946,26.73365657,25.31536797,23.58202775,991.354003663,66.1450594172,119.672116986,203.349154323,306.223706763,0,0,0,0,693400,1434600,2128000,RESIDENTIAL A,1,2,0.06672193704044928,1338880.6188,0.12071582557171096,1261420.8264,0.20512264395123816,1140330.5442000001,0.30889440667160245,991460.6676,1833730.5442000001,406103.8053968325,406103.8053968325,406103.8053968325
55002046,2075,21.64568644,-157.9188147,2984.177521,269.8099849,15.78159823,11.60396273,8.370378268,3.274017302,0,21.82472162,20.84878132,19.32976766,17.52257685,3848.62046337,130.806313638,232.324061125,391.604158303,584.101304049,0,0,10.0976046937,73.083784034,1054500,2256800,3311300,RESIDENTIAL A,1,2,0.03398784444529533,2180095.8816,0.060365542234208286,2120566.0112,0.10175182562951307,2027166.0864000001,0.15176900648123104,1914287.7208,3081666.0864000004,682475.5843260409,682475.5843260409,682475.5843260409
55002054,2075,21.6409511,-157.918761,1903.365723,174.6214889,21.1212972,15.89020276,11.25924287,4.463622749,0,26.03883793,25.15729421,23.59212325,22.08290907,812.201265985,80.8676465452,152.470668086,257.305610525,379.368759203,22.1008094292,34.0684503829,58.9897227174,77.9462978861,449700,1358700,1808400,RESIDENTIAL,1,1,0.09956601883293974,1223419.6757999999,0.1877252283042069,1103638.0425,0.3168003071417917,928263.8400000001,0.4670871310978803,724068.8931,1377963.84,305168.2598041506,305168.2598041506,305168.2598041506
55002061,2100,21.64412966,-157.919299,1916.958649,171.4424614,22.8816301,18.82831544,15.62827086,10.52732865,4.287261267,30.21281957,29.29329806,27.09774588,25.14529091,2619.18414241,91.5453134323,164.62173701,284.80947296,437.621044277,0,0,27.587333208,74.7566350059,433000,1807100,2240100,RESIDENTIAL A,1,3,0.034951843190401295,1743938.2408,0.06285229600486432,1693520.1508,0.10873976684126423,1610595.946,0.16708296190062075,1505164.3107,1938164.3107,205003.6127476388,205003.6127476388,205003.6127476388
55002064,2100,21.64187304,-157.919132,1315.329102,147.436827,27.90028552,23.07128868,18.98330558,12.84605466,5.512167468,38.24611634,37.28662143,35.08561602,32.84485182,1008.47273674,74.5940979824,137.815926546,233.153191376,347.574430582,15.0210920768,31.9755992134,62.8002964658,92.8220305391,374600,1428400,1803000,RESIDENTIAL A,1,2,0.07396739174480185,1322745.5372,0.1366580587904689,1233197.7128,0.23119434257557975,1098162.4904,0.34465426572221763,936096.2263999999,1310696.2264,138635.02704249704,138635.02704249704,138635.02704249704
55002065,2030,21.64037088,-157.9185124,2764.939575,262.6626971,8.020409687,2.971890563,0,0,0,15.24459569,13.82042635,12.21514752,10.24766575,1097.79260067,179.514569793,332.196799504,550.032976286,789.076596925,0,0,0,0.0380564299211,394200,1261200,1655400,RESIDENTIAL A,2,1,0.16352320983347807,1054964.7924,0.302604334645046,879555.8352,0.501035419577711,629294.6579999999,0.718784765395043,354668.358,1449164.7924,1213652.6989752362,1213652.6989752362,779700
55002069,2100,21.64269157,-157.9192035,1841.042389,180.6393006,17.97756697,14.0555906,11.14217934,6.453523612,0.613434206,27.83636442,26.64354069,24.68780921,22.7397857,1526.63075926,120.425837104,209.336829533,352.935646896,531.876183443,0,0,0,4.1785123538,0,971300,971300,RESIDENTIAL,2,1,0.07888340803664516,894680.9421,0.13712341917863055,838112.4301,0.23118599226120506,746749.0382,0.34839870755703556,632900.0512999999,632900.0512999999,66943.13599129567,66943.13599129567,66943.13599129567
55002076,2100,21.63717055,-157.919498,2254.219177,236.2001802,48.52861669,38.41700398,27.30774175,13.25261947,0,45.77416322,45.77416322,45.02821207,44.36250396,488.278262451,0,0,0,119.618523459,0,0,0,0,468900,750800,1219700,RESIDENTIAL A,1,1,0,750800,0,750800,0,750800,0.24498023495568583,566869.0160000001,1035769.0160000001,109555.41234549826,109555.41234549826,109555.41234549826
55002077,2050,21.63700855,-157.9193075,2276.439331,224.6188091,18.32058266,8.457530282,0,0,0,15.10652694,15.10652694,14.30350799,13.71352574,633.122686141,130.575020291,278.388456756,475.11651135,560.606339215,54.0639533534,57.4911297349,66.8196714237,73.8515665373,493500,1212800,1706300,RESIDENTIAL,1,1,0.20623968015879973,962672.128,0.4397069680962298,679523.3503999999,0.7504335601144275,302673.64479999995,0.8854624095560364,138911.68640000004,1173023.3503999999,543924.7427427287,543924.7427427287,543924.7427427287
55002078,2100,21.6360604,-157.9196367,2388.33194,216.8037278,60.44101057,49.43945815,36.94306405,20.13814231,2.507885026,62.4498364,61.57504858,60.70426772,60.21493233,544.151773389,0,0,0,11.6162203662,0,0,0,0,604800,763100,1367900,RESIDENTIAL,1,1,0,763100,0,763100,0,763100,0.021347390441923388,746810.1043,1351610.1043,142962.5717891994,142962.5717891994,142962.5717891994
55002079,2075,21.63604369,-157.919452,1917.874023,205.9395,44.08290514,32.89858695,20.20051071,3.691397185,0,44.16010682,43.94547448,43.33147012,42.7293647,467.77142012,0,0,30.4688592871,382.587054884,0,0,0,0,113700,750700,864400,RESIDENTIAL,1,1,0,750700,0,750700,0.06513621392107208,701802.4048,0.8178931812162719,136707.7249,815502.4048,180603.75934024216,180603.75934024216,180603.75934024216
55002080,2075,21.63604824,-157.9193078,735.5762939,110.2106492,33.75060221,22.55057541,9.833248636,0,0,34.03975021,33.69318986,33.00449907,32.4782733,1147.43682164,182.368465785,391.773217885,641.399005642,647.69474504,470.948949104,475.855326349,485.860234845,495.056168343,293300,1287000,1580300,RESIDENTIAL A,2,2,0.15893551814412382,1082449.368,0.3414333673945109,847575.729,0.5589841580343099,567587.592,0.5644709432579196,560525.8230000001,860887.592,190654.90741587643,190654.90741587643,190654.90741587643
55002081,2030,21.63588184,-157.9190673,1963.801758,191.1555069,9.981435682,0,0,0,0,9.889905232,9.391472925,9.061643812,8.514774763,992.572642083,174.272582196,372.935618659,509.27447389,509.274473847,453.953562164,460.560665466,471.361218177,475.1716657,380700,1186100,1566800,RESIDENTIAL A,1,1,0.1755766528385004,977848.1203000001,0.3757262721611611,740451.3914,0.5130853423697466,577529.8815,0.5130853423264249,577529.8815,1358548.1203,1137762.6626984212,1137762.6626984212,779700
55002082,2024,21.6395767,-157.9184723,2753.723419,234.1092471,5.934039928,0.981952585,0,0,0,15.20939302,13.97533322,12.2086495,10.8125896,629.660024981,76.3030661994,144.693252117,247.418088266,366.595663243,0,0,0,0.20960954679,563400,1160400,1723800,RESIDENTIAL A,2,1,0.1211813727601692,1019781.5676000001,0.22979583644581233,893744.7216,0.39293917106055104,704433.5844,0.5822120647631427,484801.1952000001,1583181.5676000002,1583181.5676000002,1583181.5676000002,779700
55002084,2075,21.63811089,-157.9190494,1740.014465,167.2851641,27.65002915,20.23829202,12.62297859,2.097612817,0,31.50517744,29.8999483,28.64875441,27.69138328,538.60907074,0,0,6.82883817036,265.923065493,0,0,0,0,182100,697700,879800,RESIDENTIAL,1,1,0,697700,0,697700,0.012678654224998098,688853.8617,0.4937218475129761,353230.1606,870953.8617,192884.2155572775,192884.2155572775,192884.2155572775
55002085,2030,21.63816472,-157.9188507,3358.076141,314.1851832,8.452682406,2.119428326,0,0,0,12.17917691,11.25312446,9.954150542,9.021404388,1093.00758202,217.862612264,439.663951223,742.334720791,824.836070013,12.3090692975,25.5581728966,63.7047573073,102.003174585,603800,1265400,1869200,RESIDENTIAL,1,1,0.19932397162457519,1013175.4103999999,0.4022515108362304,756390.3191999999,0.6791670369011371,405982.07820000005,0.7546480770870875,310468.4208,1616975.4104,1354191.4496545908,1354191.4496545908,779700
55002086,2075,21.63712529,-157.9193347,714.5311279,107.0983822,34.99639448,25.20691032,13.90773548,0,0,32.31028926,32.31028926,31.5936445,30.896109,980.51399512,180.696473626,381.111370233,650.094302811,834.754822119,82.6384396016,87.6408936036,96.7481175657,109.726039728,523900,1372500,1896400,RESIDENTIAL,1,2,0.18428750076523437,1119564.72,0.3886852937640709,839029.8375,0.6630137928132667,462513.28500000003,0.8513441177520762,204030.36000000002,986413.285,218454.22709433772,218454.22709433772,218454.22709433772
55002088,2030,21.63405617,-157.9194045,4420.179016,388.2178279,8.085245226,0.717774257,0,0,0,15.17410166,13.78482495,12.40111684,11.02539255,3503.12582967,355.925381006,734.157356381,1249.51431319,1776.61046773,75.8186765673,91.0242872508,149.401585191,229.51302795,939300,1824200,2763500,RESIDENTIAL A,1,2,0.10160222564415529,1638857.6316,0.2095720770755639,1441898.7576000001,0.3566855357027544,1173533.3987999998,0.5071500580090095,899056.97,2578157.6316,2159166.4277138165,2159166.4277138165,779700
55002089,2050,21.6345128,-157.9189361,2431.749359,219.2872775,15.33871621,8.157819299,0.541777288,0,0,22.8808876,21.59211061,19.72277087,18.35900431,2138.48490375,276.086480864,550.548316815,903.879006774,1247.97516352,0,1.43224196889,32.8144984392,77.8758791909,494300,1141900,1636200,RESIDENTIAL A,1,1,0.12910377827772404,994476.1424,0.25744783881783345,847920.1288,0.4226726151720677,659249.7013,0.5835791318103665,475511.13990000007,1342220.1288,622380.3967863898,622380.3967863898,622380.3967863898
55002090,2050,21.64057169,-157.918592,1494.737274,176.4897091,13.09363035,7.960537854,3.434548428,0,0,19.03396093,18.06526644,16.45233209,14.47401703,942.273237475,77.1106681223,145.434018555,246.812713441,365.114840051,0,0.310688391565,8.40164105801,28.5305787207,823900,1433700,2257600,RESIDENTIAL A,1,1,0.08183472166622568,1316373.1605,0.15434378561437026,1212417.0071999999,0.26193327330656396,1058166.6579,0.3874829778986343,878165.6229,2036317.0071999999,944229.4596319941,944229.4596319941,779700
55002091,2075,21.63694333,-157.9195022,150.5477295,49.84813968,42.5043123,30.94707821,18.6615896,4.12795675,0,42.75022155,42.23435794,41.51575931,40.82637843,556.535630841,0,0,299.572363616,535.841108955,0,0,0,0,335400,825000,1160400,RESIDENTIAL,1,2,0,825000,0,825000,0.538280654489823,380918.175,0.96281545917423494,30677.62500000002,716318.175,158638.10398017048,158638.10398017048,158638.10398017048
55002092,2030,21.63689552,-157.9192671,1877.676453,174.7483085,11.40306203,0.945267048,0,0,0,11.49990942,11.19797871,10.31911303,10.03731541,879.221523154,178.661109038,414.465561779,608.35304446,683.487827407,187.496360469,195.2637743,207.943161771,219.038858028,229500,1000400,1229900,RESIDENTIAL,1,1,0.20320374823980125,797114.7184,0.47140060936202116,528810.4396,0.6919223750092887,308201.2312,0.7773784073837826,222711.0488,1026614.7184,859773.6643397231,859773.6643397231,779700
55002093,2030,21.6367433,-157.9192732,1197.897766,142.4769462,12.45101272,0.213061773,0,0,0,13.63736963,13.58805357,12.63774978,12.62526008,721.712476002,191.826035517,383.914708489,455.723767207,531.16484579,135.798181662,137.609973371,141.304582523,148.217724131,241500,934700,1176200,RESIDENTIAL,1,1,0.2657928772128756,686263.2829000001,0.5319496631341816,437486.33499999996,0.631447816631255,344485.55439999996,0.7359784726632992,246781.36339999997,927763.2829000001,776987.1433578935,776987.1433578935,776987.1433578935
55002097,2050,21.63508216,-157.9191006,2894.800446,217.5742154,18.74333124,9.609062132,0.044305814,0,0,25.03445538,25.03445538,24.82631662,24.82618072,2026.84405111,280.880419891,594.650743758,1022.000488,1482.15059616,0,0,0,0,912600,1510500,2423100,RESIDENTIAL,1,1,0.13858018318536938,1301174.91,0.29338751712660865,1067337.426,0.5042324235257775,748857.564,0.731260303597754,405931.76999999996,1979937.426,918086.5450943632,918086.5450943632,779700
55002099,2075,21.64143718,-157.9189312,2593.861755,207.1757322,17.07939468,12.0775135,7.710469773,1.316235613,0,29.28141994,28.04850308,26.12079586,24.20472145,1402.01620918,137.010595136,257.290768032,434.005590626,641.98456186400006,0,0,0,4.95737868886,838500,1484900,2323400,RESIDENTIAL,1,1,0.09772397368796018,1339789.6324,0.1835148312461253,1212398.5765,0.309558183267965,1025237.3258,0.45790095553850896,804962.8051,1863737.3258,412749.20279941976,412749.20279941976,412749.20279941976
55003026,2075,21.65052386,-157.9242606,2499.317139,231.47582,13.24778291,10.38445544,9.090088489,5.638096385,0.104590312,309.7713215,309.362376,309.1064587,308.2091993,1036.33521409,0,0.646173244169,104.935278189,279.761612107,0,0,0,0,687100,1529200,2216300,RESIDENTIAL,2,1,0,1529200,6.235175987302536e-4,1528245.7792,0.10125611555247892,1374359.3248,0.2699528186472532,1116387.8724,2061459.3248,456537.3462965873,456537.3462965873,456537.3462965873
55003028,2075,21.65037055,-157.9241098,2649.933075,244.5048006,13.32476193,10.41951786,9.06973485,5.550801936,0,291.8174771,291.522967,291.239119,290.3296112,1165.66555548,15.7022251187,46.0574839355,125.502337191,251.921735093,0,0,0,0,1091000,1479400,2570400,RESIDENTIAL A,1,3,0.013470609168196711,1459471.0026,0.03951174821883998,1420945.9472,0.10766581941191562,1320118.9196,0.21611836594868172,1159675.0308,2411118.9195999997,533974.0735687197,533974.0735687197,533974.0735687197
55003041,2100,21.65098847,-157.9251568,1846.272888,189.4049749,12.72689497,10.31378014,9.557419232,6.76891682,1.94023157,345.2098095,337.6689394,324.6116761,290.6724081,1082.41770244,0,0,0,78.6643409898,0,0,0,0,758500,1466600,2225100,RESIDENTIAL A,1,2,0,1466600,0,1466600,0,1466600,0.0726746622976267,1360014.845,2118514.8449999997,224079.65851339418,224079.65851339418,224079.65851339418
55003043,2100,21.65025125,-157.9239841,2240.365448,200.7571746,17.02803403,14.13550635,12.79108923,9.277918173,3.695090317,275.7731077,275.4916239,275.2171736,274.3571399,1212.60947728,14.4284810328,41.9816967485,118.07396021,241.419957024,0,0,0,0,445200,1508800,1954000,RESIDENTIAL,1,1,0.011898703830984791,1490846.7888,0.034620953847951934,1456563.8352,0.09737179398832613,1361885.1264,0.1990912668483577,1208411.4992,1653611.4992,174905.87848798285,174905.87848798285,174905.87848798285
56001026,2100,21.66180589,-157.9310911,3422.692383,246.646309,19.43476067,16.10044483,13.70930042,9.860579244,5.267089803,26.55639779,25.61529575,24.27112079,22.72245234,4677.07472447,100.22740754,171.955845044,287.537554616,425.597899109,294.440147747,324.705608268,365.773169091,413.338653931,843700,1946900,2790600,RESIDENTIAL A,2,2,0.02142950742600283,1905177.9330000002,0.036765682648674344,1875320.2746000001,0.06147807583907769,1827208.4818,0.09099660026433044,1769737.9407,2613437.9407,276428.68903191667,276428.68903191667,276428.68903191667
56001028,2100,21.66214222,-157.9319475,3948.206146,270.8266893,14.90423288,12.26307103,11.05869181,8.791620019,5.752996754,23.52350015,22.63383732,20.97374955,19.27177417,3812.80587847,85.5555378964,127.316282656,204.02260847,305.059182731,192.320014789,227.214999911,276.161163468,332.062642923,1286800,1920100,3206900,RESIDENTIAL A,2,2,0.022438996535205633,1877014.8761,0.03339175576048193,1855984.0208,0.05350983369545948,1817355.449,0.08000910417537804,1766474.7191,3053274.7191000003,322951.1268322067,322951.1268322067,322951.1268322067
56001029,2100,21.66223988,-157.9322239,4151.996887,273.2948076,14.33518476,11.75018259,10.63193259,8.507088685,5.608115005,23.82645449,22.93427778,21.58987394,19.81641659,4091.74049795,85.9850724088,123.527280562,194.733262911,291.742055348,205.625309713,240.844080213,292.509783545,348.662218519,1877200,2614900,4492100,RESIDENTIAL A,1,3,0.021014302459278468,2559950.4914,0.030189421988977137,2535958.7839,0.04759179205244398,2490451.6792,0.07130023409210957,2428457.63,4305657.63,455418.234940898,455418.234940898,455418.234940898
57003037,2075,21.6955639,-158.0116117,2269.328949,191.2017169,15.66188922,11.85497334,9.39541899,4.008843922,0,24.75414891,21.78953938,19.57882376,17.68906887,592.130095372,56.5656431324,92.1172129694,171.04400796,289.74498278,0,0,0,17.0221141529,870800,1850300,2721100,RESIDENTIAL A,3,1,0.09552907979936939,1673542.6913,0.15556921306546367,1562450.6793,0.28886221000562934,1315818.6414,0.48932656023499443,944898.2518999999,2186618.6414,484255.5270908662,484255.5270908662,484255.5270908662
57003039,2030,21.69562592,-158.0119744,4158.963989,292.2115953,7.087086365,3.226048207,0.58304364,0,0,11.34872826,10.65234704,9.223290608,7.244306343,929.503157964,101.800988624,171.194657793,319.85966226,544.883120101,62.4518036714,85.7273403301,114.535328734,163.742769734,1658900,2143100,3802000,RESIDENTIAL,1,1,0.10952193949183203,1908383.4017999999,0.18417867258029308,1748385.9851,0.34411896239344275,1405618.5710999998,0.586209003629984,886795.4921,3567283.4018,2987543.6881364104,2987543.6881364104,779700
57003040,2030,21.69565856,-158.0121937,1938.914581,193.3517102,8.048214237,4.027714689,1.217393451,0,0,13.42687839,12.44629971,10.7488139,9.311419772,599.100747681,65.3049719415,113.567384973,221.028797988,397.340352621,71.8196469017,82.0257330155,100.72184984,126.79216035,917400,1830700,2748100,RESIDENTIAL A,1,1,0.1090049915548972,1631144.5465,0.1895630833588454,1483667.0159,0.36893427164555975,1155292.5262,0.6632279364681576,616528.5003999999,2548544.5465,2134365.935150733,2134365.935150733,779700
57003041,2050,21.69570685,-158.0125241,1142.315674,144.3609072,10.56739419,6.131458695,2.826772059,0,0,19.01593256,18.04829396,16.44411747,14.58383896,1116.71290128,133.621163831,227.878236528,408.216375916,609.803844397,267.088884801,293.895872981,338.759193091,394.662843107,1401900,2460600,3862500,RESIDENTIAL,1,2,0.11965578948522988,2166174.4464000002,0.20406161356853772,1958485.0428000002,0.3655517684519394,1561122.7488,0.5460703854124277,1116940.1579999998,3360385.0428,1558192.8265095714,1558192.8265095714,779700
57003042,2030,21.69577644,-158.012697,1670.442047,187.4923892,8.886573698,4.151016013,0.457169244,0,0,17.72852843,16.85248223,15.04444866,12.38805195,920.622768866,103.959821767,185.796352831,345.592886265,544.155188611,173.977327284,194.734450317,225.253736436,269.270099067,926500,2283500,3210000,RESIDENTIAL A,1,1,0.1129233658809624,2025640.3295,0.2018159436354798,1822653.164,0.3753903313630757,1426296.935,0.5910729204332809,933784.8045000001,2952140.3295,2472371.0494771455,2472371.0494771455,779700
57003043,2030,21.69586108,-158.012889,2683.391022,211.6158216,10.77411255,5.950076355,2.1165621040000002,0,0,18.95711927,17.65660901,16.30650199,13.68940933,1052.65613875,103.004957064,187.636246014,348.176909194,580.242453542,161.002201485,179.961231641,210.869793966,256.620644311,1163000,2501000,3664000,RESIDENTIAL A,1,1,0.09785242613634071,2256272.148,0.17825027481131,2055196.75,0.3307603464959131,1673769.2400000002,0.5512174699622441,1122406.283,3419272.148,2863586.593266902,2863586.593266902,779700
57003044,2050,21.69592926,-158.0131044,4847.175995,305.2226768,12.44667955,7.583861268,3.625312009,0,0,19.82359754,18.80055259,17.38254182,14.32898269,1335.81460455,88.7835972051,166.213552822,317.870708615,549.043908059,113.7602326,128.959368535,153.18228048,198.08116279,1591000,2586900,4177900,RESIDENTIAL,1,2,0.06646401147486242,2414964.2784,0.12442860877239238,2265014.6199,0.23796019861759343,1971321.276,0.41101804560967364,1523637.5358,3856014.6199,1788013.648173417,1788013.648173417,779700
57003045,2030,21.69613342,-158.0132159,1749.525909,182.5180671,8.991672372,3.852487493,0,0,0,14.40199564,12.79004347,11.25977346,8.907732111,2327.3127069,116.739128543,216.783227301,406.589914343,684.961541546,189.053235328,211.983435784,253.949808775,309.55486331,971200,2860900,3832100,RESIDENTIAL A,1,1,0.050160482601625755,2717397.256,0.09314744282462886,2594415.7477,0.17470360263042653,2361089.3264,0.294314356431446,2018897.0774,3688597.256,3089142.131146527,3089142.131146527,779700
57003055,2075,21.69799552,-158.0132474,3151.065521,325.2304429,13.07019043,10.09768484,7.296191673,1.653984385,0,12.51758414,11.83994373,11.33560767,11.20948478,2007.00484472,17.0271439021,27.2475983711,44.4345766391,60.1126631672,521.659858699,567.215540075,616.09231665,673.426026091,1293300,3302600,4595900,RESIDENTIAL A,1,1,0.008483857897450906,3274580.7416,0.013576249425995456,3257763.9024,0.022139745579587342,3229480.4359999998,0.029951429028855385,3203683.8274000003,4522780.436,1001629.3570739689,1001629.3570739689,779700
57003056,2050,21.69790153,-158.0136978,1901.076172,207.9815336,15.38129952,11.15080499,5.801684627,0,0,25.09984107,24.3875396,22.51738181,20.46323229,2506.98810924,217.639580407,416.516466603,703.146493033,1071.06708021,191.214119924,267.168047153,426.486142103,556.412305123,1206700,2598800,3805500,RESIDENTIAL A,1,1,0.08681316820165454,2373190.3756,0.16614217876337198,2167030.1704,0.28047460234909555,1869901.5699999998,0.42723261281629965,1488506.8796,3373730.1704,1564380.8918146857,1564380.8918146857,779700
57003057,2075,21.69770855,-158.0139817,975.4686279,135.2176517,19.84807482,15.09606222,11.39716426,4.464946471,0,28.01053836,27.16627384,25.6560441,23.88464798,1779.2896862,160.489211099,287.038773784,521.063913841,843.448203663,148.989031148,180.384834758,228.799983617,276.351201483,551300,2659500,3210800,RESIDENTIAL A,1,1,0.09019847208902457,2419618.419,0.16132211410555863,2230464.1410000003,0.29284939820779143,1880668.0844999999,0.4740364709606891,1398801.258,2431968.0845,538591.3960166752,538591.3960166752,538591.3960166752
57003058,2030,21.6976144,-158.0142583,1792.898865,192.2603484,7.25197701,2.451745185,0,0,0,18.19611046,16.89370919,15.252258,13.35741308,1876.28523305,157.888885305,281.014216439,511.595916309,831.174210872,37.5181640205,68.9830279941,119.177634476,172.610378528,1240000,2333800,3573800,RESIDENTIAL,1,2,0.08414972442561057,2137410.73,0.14977158669111126,1984262.1064,0.27266425557129925,1697456.7567999999,0.442989262096831,1299952.2717999998,3377410.73,2828528.314729448,2828528.314729448,779700
57003059,2100,21.69724274,-158.0143671,1089.121552,164.9403713,30.22781038,25.0540874,20.7456408,13.07367006,2.791823321,41.42987651,40.01541951,38.52765652,36.31399685,1921.21012726,152.460865954,276.17404416,501.283689521,807.166175006,0.5688371855,24.5379914147,70.9688102277,131.195556097,1249300,2659700,3909000,RESIDENTIAL A,1,3,0.07935668451396169,2448634.1870999997,0.14375004599516406,2277368.125,0.2609208032001804,1965728.4163000002,0.4201342495300958,1542269.6002,2791569.6002,295270.0398609614,295270.0398609614,295270.0398609614
57003062,2050,21.69689362,-158.0150412,1915.508301,185.9562597,13.85101349,8.769650884,4.608450878,0,0,27.19876117,26.24603872,24.99300679,23.51942572,2052.22638336,94.3910385585,248.16476606,511.396212192,840.990258886,0,0,0,0,1957600,1565200,3522800,RESIDENTIAL,1,3,0.04599445720211365,1493210.1912,0.12092465435206674,1375928.1900000002,0.24919093543409107,1175166.2468,0.4097940976224523,923790.4312,3333528.1900000004,1545739.4454706197,1545739.4454706197,779700
57005001,2050,21.69662198,-158.0153169,2147.745514,189.5536412,11.95759404,6.795716188,2.451882851,0,0,59.89200041,59.17817008,58.48118942,57.56943825,1980.87287676,34.0168390487,165.662067737,400.487246876,714.81284174,0,0,0,0,1033200,2413100,3446300,RESIDENTIAL,1,1,0.01717265123259166,2371659.8337,0.08363084258489314,2211290.0339,0.20217715713844997,1925226.6812999998,0.36085750384405196,1542313.5602,3244490.0339,1504452.921946203,1504452.921946203,779700
57005002,2050,21.69637985,-158.0154051,2042.068756,214.3575389,14.052863,9.171553785,5.04198128,0,0,91.52375587,90.65053008,89.78482829,88.63116993,3102.8549031,90.8684042083,220.033401198,451.992379306,760.982140375,0,0,0,0,1000,1105000,1106000,RESIDENTIAL A,2,3,0.02928541844399982,1072640.075,0.07091320995324953,1026641.135,0.1456698406536585,944034.65,0.24525224805540152,833996.5399999999,1027641.135,476511.7759984199,476511.7759984199,476511.7759984199
57005003,2100,21.69611041,-158.0155251,2797.044739,236.9581238,24.11635367,19.38709926,15.35310063,8.042606583,0,98.45253558,95.0682872,86.66158047,75.06178783,3760.02903406,48.575291465,174.621996229,403.318057785,709.240686981,0,0,0,0,2018000,2590200,4608200,RESIDENTIAL A,1,3,0.012918860738835686,2556737.2062,0.04644166165931087,2469905.9316000002,0.10726461262175566,2312362.197,0.18862638574234009,2101620.9348,4119620.9348,435740.75227904,435740.75227904,435740.75227904
58001021,2050,21.68737969,-158.0283389,362.0028076,82.93206225,14.61467677,9.648545094,5.579605948,0,0,25.72200949,24.84948512,23.47645752,21.66630684,1861.29905232,212.670218774,485.304541396,979.756489841,1648.93860932,0,0,0,0,0,1573500,1573500,RESIDENTIAL,1,2,0.11425902705366935,1393713.4635,0.26073431928689605,1163235.051,0.5263831669713639,745236.3494999999,0.8859074028242236,179525.3355,1163235.051,539385.9599203593,539385.9599203593,539385.9599203593
58001034,2075,21.69040458,-158.0227499,1226.448853,182.4998398,19.44894544,12.97524074,6.787232946,0,0,28.36847363,26.97846206,24.81929174,21.98326328,1243.24595114,0,0,79.3693554506,422.873900699,0,0,0,0,49200,657900,707100,RESIDENTIAL,1,2,0,657900,0,657900,0.06384042946435652,615899.664,0.3401369618869411,434123.8677,665099.664,147295.0894409575,147295.0894409575,147295.0894409575
58003068,2100,21.68062131,-158.0369515,2027.39566,183.4736167,28.13641302,23.43662725,19.66815885,12.78350761,2.970464363,53.29807106,52.28297814,50.28244333,48.28104882,2924.66491012,149.785337268,270.606141184,474.934649702,730.617268737,359.655124385,380.63038184,412.154429086,452.46149495,762400,2741300,3503700,RESIDENTIAL A,1,1,0.05121452948326113,2600904.3205,0.09252551984592894,2487658.4762,0.16238942384770955,2296143.0343,0.24981230027717005,2056490.3643999998,2818890.3644,298159.8131031502,298159.8131031502,298159.8131031502
58003069,2075,0,0,4718.832123,398.7153127,14.75466078,11.33275341,9.378329567,4.749058351,0,35.57138439,34.57111229,32.6449787,29.74277916,2623.68562281,107.570090085,177.42513561,317.763493086,515.953970059,284.083960068,314.10512983900003,365.595269556,432.39031379,2850000,2855400,5705400,RESIDENTIAL A,1,1,0.04099961106231588,2738328.6,0.0676243884051838,2662306.4304,0.12111340258276497,2509573.9398,0.19665236016592827,2293879.8792,5359573.9398,1186948.3109951864,1186948.3109951864,779700
58006034,2100,21.68313854,-158.0313724,7989.075134,545.1288744,27.47717044,23.16224953,20.03969268,13.76416441,4.662821755,42.87174808,42.05562178,40.79880671,38.67565623,2079.36856717,51.8605343496,123.36373019,262.569022735,467.125805507,0,0,0,0,1903900,3009100,4913000,RESIDENTIAL A,1,1,0.024940520487035,2934050.0369,0.0593274959224265,2830579.1243,0.1262734403513437,2629131.9157000002,0.22464791133336867,2333111.7032000003,4237011.7032,448157.4145260761,448157.4145260761,448157.4145260761
58006039,2100,21.68200837,-158.0322279,3753.412231,265.1421508,21.41321567,18.28842539,16.47669333,12.03846512,5.166998802,36.76030108,35.77375609,34.25112407,32.19226868,1680.55559474,76.0011668521,126.868583293,254.559792513,457.207527265,0,0,0,0,1915500,2614200,4529700,RESIDENTIAL,1,3,0.04522383376662894,2495975.4192,0.07549204780257682,2416848.8136,0.15147359201311225,2218216.6692,0.272057365252314,1902988.5906,3818488.5905999998,403889.36685451446,403889.36685451446,403889.36685451446
58006041,2100,0,0,2392.190704,282.2961278,24.88057849,21.12605713,18.52058209,13.03708636,5.104067753,46.33048801,44.96802488,42.60876662,39.57270685,1216.26195397,67.7900774604,138.106557518,285.977549011,503.021130239,0,0,0,0,1665400,2682200,4347600,RESIDENTIAL A,1,1,0.05573641207728849,2532704.9008,0.11355001039636771,2377636.19,0.23512825347988636,2051539.6784,0.41357959820833745,1572895.724,3238295.724,342521.1778486757,342521.1778486757,342521.1778486757
59001010,2075,21.67657849,-158.0387444,5691.103302,384.7903745,15.74339619,12.13549515,9.411583258,3.730363618,0,38.22865273,36.33612736,32.71846226,28.70957404,937.66421575,0,0,0,53.8592392686,0,0,0,0,2842700,3298300,6141000,RESIDENTIAL A,1,1,0,3298300,0,3298300,0,3298300,0.057439793866421736,3108845.648,6141000,1360005.414552307,1360005.414552307,779700
59001012,2075,21.67727501,-158.03862,3634.854767,277.845319,15.16562735,10.92658287,7.613803498,1.222828625,0,38.61353203,37.61786585,36.61294972,34.61241355,754.916429238,0,0,0.0734484572107,185.616831735,0,0,0,0,653800,3180000,3833800,RESIDENTIAL,1,1,0,3180000,0,3180000,9.72934941750276e-5,3179691.54,0.24587732435808626,2398111.14,3833491.54,848977.2432894417,848977.2432894417,779700
59001026,2075,21.67932778,-158.0384504,4116.591248,282.9399284,15.56590333,10.59862234,6.242831661,0,0,28.51689702,27.55129125,21.05691893,17.39156806,1575.86532281,0,0,25.179566854,334.19352308,0,0,0,0,1365700,2936100,4301800,RESIDENTIAL A,2,2,0,2936100,0,2936100,0.01597824794386688,2889186.9942,0.21206985028649764,2313441.273,4254886.994200001,942300.822410062,942300.822410062,779700
59001027,2075,21.67900223,-158.0386382,1102.411896,146.727686,20.10547264,14.06396062,8.409861509,0,0,30.28974736,29.15677218,28.10214386,26.11527689,2366.37236208,0,0.418157645748,224.812379414,600.002093572,0,0,0,0,1494300,3854800,5349100,RESIDENTIAL,1,3,0,3854800,1.7670830358263934e-4,3854117.7004,0.09500296023420161,3488582.4356,0.25355354177844125,2877400.0407999996,4982882.4355999995,1103525.0109906506,1103525.0109906506,779700
59001028,2100,21.67623593,-158.0388555,7173.465271,400.030309,15.40590479,13.16675823,12.09362553,8.512981948,2.694930319,34.62343266,32.66579715,29.72941381,26.58681921,1945.35467112,0,0,0,0.404189029886,0,0,0,0,3123300,4744400,7867700,RESIDENTIAL A,1,1,0,4744400,0,4744400,0,4744400,2.0777138271310498e-4,4743413.1648,7866713.1648,832078.3796967949,832078.3796967949,779700
59001032,2100,21.67549517,-158.0393342,667.9815674,115.9609442,13.99580483,11.65622472,10.4264097,6.67328888,0.519424719,31.26698845,30.67986846,29.26891071,27.40401678,495.213200137,0,0,0,0,0,0,0,0,313200,3025200,3338400,RESIDENTIAL,1,1,0,3025200,0,3025200,0,3025200,0,3025200,3338400,353109.41235397157,353109.41235397157,353109.41235397157
59001033,2050,21.67500499,-158.0395895,3917.817383,277.5525835,12.43121124,8.611935741,5.69242566,0.069392933,0,47.10203362,46.13878639,45.09229386,42.47777586,709.512407809,0,0,7.01344049316,198.707808346,0,0,0,0,1054500,3165300,4219800,RESIDENTIAL A,1,1,0,3165300,0,3165300,0.00988487363430015,3134011.0094999997,0.2800624853899552,2278819.7514,4219800,1956699.010844999,1956699.010844999,779700
59001057,2075,21.6768699,-158.0387602,2364.905518,207.026554,17.15328781,13.24680159,10.17879897,4.008363038,0,38.02359174,35.9249301,31.84955727,27.8635379,474.647334121,0,0,0,107.869250581,0,0,0,0,1147600,2875400,4023000,RESIDENTIAL A,1,1,0,2875400,0,2875400,0,2875400,0.22726189072727693,2221930.8452000003,4023000,890946.39028561,890946.39028561,779700
59001071,2050,21.6776534,-158.038688,2076.380554,184.0553599,13.53882707,9.075645136,5.299464825,0,0,34.71467191,34.61133307,32.95758796,29.47729254,1049.58367653,0,0,2.16966012526,337.458737983,0,0,0,0,365700,3287000,3652700,RESIDENTIAL A,1,2,0,3287000,0,3287000,0.002067162603398191,3280205.7709999997,0.32151675519446254,2230173.621,3652700,1693737.7309146235,1693737.7309146235,779700
59001087,2030,21.67978476,-158.0381894,2740.7229,245.115877,10.26338904,5.677327598,1.826765755,0,0,28.28274411,27.58425229,26.17009795,24.75319836,480.970522191,0,0,52.9845921243,227.757269952,0,0,0,0,1149400,2873100,4022500,RESIDENTIAL A,1,1,0,2873100,0,2873100,0.11016182838593816,2556593.5578,0.47353685817268126,1512580.8453,4022500,3368780.4225099995,3368780.4225099995,779700
59001088,2075,21.67992637,-158.0380263,1848.64447,207.0872406,17.38291203,12.49573583,8.425303862,1.095301033,0,33.09264243,32.52466784,31.32603504,29.91715331,489.546497857,0,0,25.9811972209,242.138642375,0,0,0,0,840300,2868500,3708800,RESIDENTIAL A,1,1,0,2868500,0,2868500,0.053071970353445956,2716262.968,0.494618271063049,1449688.267,3556562.968,787647.7599212218,787647.7599212218,779700
59001089,2050,21.68007365,-158.0378978,2897.234161,239.7485838,15.42189625,10.30036714,6.025272377,0,0,30.08032689,29.54926398,28.42087863,27.02856018,500.647423,0,0,0,174.756436869,0,0,0,0,595000,3025100,3620100,RESIDENTIAL,1,1,0,3025100,0,3025100,0,3025100,0.34906089363611886,1969155.5688999998,3620100,1678621.2828001282,1678621.2828001282,779700
59001098,2075,21.67946112,-158.0382762,4030.933136,385.3569777,16.7347152,12.14154343,8.271605172,1.185093677,0,36.5456257,35.28256671,34.03137629,24.54845312,839.734062084,0,0,1.4602834738,128.061435502,0,0,0,0,1266400,3033700,4300100,RESIDENTIAL A,1,2,0,3033700,0,3033700,0.0017389832564085334,3028424.3956999998,0.15250237102944836,2571054.6826,4294824.3957,951145.4865173978,951145.4865173978,779700
59001099,2100,21.67957731,-158.0381418,1513.686279,232.7033701,24.65845916,20.18529203,16.41029926,9.498880794,0.23675168,43.74252677,43.08937952,41.97802786,38.4943704,1074.94923156,0,0,30.0436962136,176.94478572,0,0,0,0,1401200,3238700,4639900,RESIDENTIAL,1,2,0,3238700,0,3238700,0.027948944314327893,3148181.5737,0.1646075745021113,2705584.0704,4106784.0704,434382.9708134422,434382.9708134422,434382.9708134422
59001110,2030,21.67916315,-158.0386605,1555.290283,165.555208,10.85005203,4.916377192,0,0,0,20.17905,19.26598529,17.94597429,13.12518508,2616.25445063,0,0,97.5678027728,461.870566185,0,0,0,0,540900,936200,1477100,RESIDENTIAL,4,4,0,936200,0,936200,0.03729293331896882,901286.2934,0.17653885541361639,770924.1882,1477100,1237047.9955474257,1237047.9955474257,779700
59002001,2075,21.6723354,-158.0424002,1129.866028,140.100914,29.97349207,20.8485491,10.28848784,0,0,41.43034615,40.67735482,38.55871769,37.14413489,473.731467166,0,0,299.290336629,473.73146718,0,0,0,0,294300,1106300,1400600,RESIDENTIAL,1,1,0,1106300,0,1106300,0.6317721269803803,407370.6364,1.0000000000295526,0,701670.6364,155394.21344021542,155394.21344021542,155394.21344021542
59002002,2030,21.67243584,-158.0425426,1626.979004,176.6705294,12.92110858,3.203152611,0,0,0,22.36891548,21.37461622,19.27145623,17.82963746,497.197826276,138.61246004,315.509338855,416.322667224,416.322667199,0,0,0.0976742264255,15.1034265244,377300,1210900,1588200,RESIDENTIAL A,1,1,0.27878734120421256,873316.8217,0.6345750568101987,442493.1325,0.8373380679120159,196967.41579999996,0.8373380678617343,196967.41579999996,1250616.8217,1047371.8993174987,1047371.8993174987,779700
59002003,2030,21.67236295,-158.0426884,1619.465179,175.0982,10.40601566,0.314268059,0,0,0,18.7737885,17.90403558,16.53908105,14.59337329,467.36049474,151.998470214,324.181437994,363.964065833,363.964065866,0,0,2.94099836992,28.5905945373,427300,1162200,1589500,RESIDENTIAL,1,1,0.3252274677143158,784221.1806000001,0.6936432189767072,356048.1054,0.7787651500914278,257119.31699999995,0.7787651501620371,257119.31699999995,1211521.1806,1014629.9153912943,1014629.9153912943,779700
59002004,2030,21.67229607,-158.0428288,1599.990631,183.3541131,7.776326791,0,0,0,0,16.97176144,16.00800779,14.74581117,13.08816491,567.596286645,171.128515123,367.543608295,446.608394563,446.608394563,0,0,0.42703535028,19.2156371649,354300,1844000,2198300,RESIDENTIAL A,1,1,0.30149688986607376,1288039.532,0.6475440677519411,649928.864,0.7868416426803173,393063.3519999999,0.7868416426803173,393063.3519999999,1642339.532,1375433.5021792005,1375433.5021792005,779700
59002005,2030,21.67221111,-158.0429802,1538.809479,160.7205263,8.191212952,0,0,0,0,19.45570657,18.74264367,17.1514889,15.37590852,656.282165712,157.224236323,338.761872325,550.773767249,550.773767207,0,0,0,0.216929990493,569500,1844700,2414200,RESIDENTIAL A,1,1,0.23956804639423282,1402768.9104,0.5161832669298235,892497.2199000001,0.8392331774724763,296566.8849,0.8392331774084794,296566.8849,1972268.9104,1651744.1624066248,1651744.1624066248,779700
59002008,2050,21.67209043,-158.0428817,1219.037201,143.9459428,24.36572587,14.5589215,3.433741596,0,0,35.42137462,34.7862725,33.18505215,31.39075535,920.951995457,145.037509747,310.950434071,558.016777436,811.692361438,0,0,0,0,1350200,2512700,3862900,RESIDENTIAL,1,3,0.15748650359895108,2116982.4151000003,0.33764021969103664,1664311.972,0.6059129902412533,990222.4049,0.8813622918914655,298101.7026000001,3014511.972,1397813.307216647,1397813.307216647,779700
59002011,2050,21.67187194,-158.043054,2863.190521,269.557262,23.30526611,14.38360239,4.482033156,0,0,39.36615728,38.06825699,36.86048872,34.96718039,956.738157537,125.485055113,264.010413074,474.89541513,728.04421812,0,0,0,0,587200,2065900,2653100,RESIDENTIAL A,1,3,0.13115924573975937,1794938.6219,0.2759484515111857,1495819.0267999999,0.4963692640341193,1040451.2828999999,0.7609649645356016,493822.4065,2083019.0267999999,965884.9398812437,965884.9398812437,779700
59002012,2075,21.67171887,-158.0432645,2030.218445,217.6726612,28.40597685,20.12943275,11.23127431,0,0,42.37429199,40.95000258,39.59354487,38.83297998,1037.32150523,127.489468944,265.073278633,474.37704816,724.824658597,0,0,0,1.24480380807,1369700,2130000,3499700,RESIDENTIAL A,1,2,0.12290256039349383,1868216.61,0.2555362800217148,1585708.32,0.4573095667719902,1155929.7,0.6987463914924702,641671.02,2525629.7,559333.9956284186,559333.9956284186,559333.9956284186
59002017,2030,21.67180045,-158.0435756,1971.5867,193.337604,9.122441693,1.556505196,0,0,0,20.26586497,17.10895273,14.87401964,14.00764051,496.382230776,133.580135119,275.293482209,404.385694703,404.385694701,0,0,2.59492993308,11.2466731827,797400,2100000,2897400,RESIDENTIAL,1,1,0.26910740722965176,1534875.3,0.5545997925401773,935340,0.8146659361089926,389201.4,0.8146659361049634,389201.4,2332275.3,1953243.8460021466,1953243.8460021466,779700
59002018,2024,21.67174835,-158.0437412,2927.691376,245.4030399,5.747010018,0,0,0,0,13.86117466,12.1454018,8.036161324,5.537724796,583.145425997,117.173101117,243.961187177,467.806338847,568.904450068,0,0,0,1.6706363712,894800,2307100,3201900,RESIDENTIAL A,1,1,0.20093289922778682,1843527.4756999998,0.41835394106007284,1341915.4866,0.8022121378165568,456316.69479999994,0.9755790317575547,56341.68910000006,2738327.4757,2738327.4757,2738327.4757,779700
59002019,2075,21.67160518,-158.0434999,2271.493805,200.640471,31.13992523,23.49178781,15.44192697,3.375075069,0,42.990327,40.75926334,38.72178632,37.88904971,446.222723189,0,0,18.5677947666,340.581112391,0,0,0,0,287600,1100000,1387600,RESIDENTIAL,1,1,0,1100000,0,1100000,0.041611047133374046,1054227.9000000001,0.7632536280469631,260420.6,1341827.9000000001,297165.47946545377,297165.47946545377,297165.47946545377
59002020,2100,21.67157974,-158.0433658,1007.024658,127.2603005,40.82479002,32.75905764,24.24576412,11.75375271,0,53.40631787,51.69409713,49.90849423,49.13130208,447.995618167,0,0,0,22.0970862777,0,0,0,0,226000,1100000,1326000,RESIDENTIAL A,1,2,0,1100000,0,1100000,0,1100000,0.049324335733709875,1045743.6,1271743.6,134514.92788788772,134514.92788788772,134514.92788788772
59002022,2100,21.67140703,-158.0436506,2177.576141,215.6586798,48.98574531,41.23196424,33.07122893,20.69334728,5.981780842,57.24599332,55.11454483,51.42978779,48.3087313,334.37959272,0,0,0,4.82484383651,0,0,0,0,453800,1017500,1471300,RESIDENTIAL,2,1,0,1017500,0,1017500,0,1017500,0.014429241322003128,1002818.4924999999,1456618.4925,154069.52429625057,154069.52429625057,154069.52429625057
59002023,2075,21.67155592,-158.0436859,905.3426514,132.825152,33.72329328,25.97759687,17.82494105,5.457866109,0,41.70547588,39.47130415,35.85334458,32.71546387,368.163607147,0,0,0.425687428463,283.166021283,0,0,0,0,247200,1017500,1264700,RESIDENTIAL,1,2,0,1017500,0,1017500,0.0011562452675911337,1016323.7699999999,0.7691309401201564,234909.2075,1263523.77,279823.99749479623,279823.99749479623,279823.99749479623
59002025,2030,21.67166893,-158.0438502,2857.413971,241.559652,11.81718224,3.880229398,0,0,0,19.40854961,17.7871003,13.36306235,10.07094525,382.072372728,66.0516320203,181.26252003,355.957643722,382.072372666,0,0,0,0,558000,2305800,2863800,RESIDENTIAL,1,1,0.1728772785864908,1907180.2134,0.4744193324834875,1211884.6698000003,0.9316497845171567,157601.43000000005,0.999999999837727,0,2465180.2134,2064549.6186105509,2064549.6186105509,779700
59002026,2024,21.67150274,-158.044074,4228.191864,423.760299,4.712042372,0,0,0,0,17.05192055,15.7299085,13.49911331,10.77471204,596.544752013,62.4545201219,191.352821772,388.320503523,596.544751998,0,0,0,0,817900,2433900,3251800,RESIDENTIAL A,1,2,0.10469377177680542,2179085.2734000003,0.3207685946884837,1653180.3308999997,0.6509494924104834,849555.2289,0.9999999999748552,0,2996985.2734000003,2996985.2734000003,2996985.2734000003,779700
59002030,2100,21.67126048,-158.0438979,3068.271301,233.2152068,48.56327996,41.18643726,33.24884878,20.58887727,5.541128931,60.47977626,59.095918760000004,55.97519566,51.21084071,1133.27241807,0,0,0,0,0,0,0,0,191800,1522100,1713900,RESIDENTIAL,1,1,0,1522100,0,1522100,0,1522100,0,1522100,1713900,181282.71682047445,181282.71682047445,181282.71682047445
59002033,2100,21.67110839,-158.0442236,1634.108063,175.0803377,38.2618108,31.42725392,24.38094328,12.71834568,0,56.97134239,55.94512804,54.22158156,51.85773788,464.454707804,0,0,0,113.344110868,0,0,0,0,296100,1100000,1396100,RESIDENTIAL,1,1,0,1100000,0,1100000,0,1100000,0.24403695121081911,831559.2999999999,1127659.2999999998,119274.83607671066,119274.83607671066,119274.83607671066
59002035,2024,21.67133631,-158.0444248,1929.717285,189.868883,2.263021762,0,0,0,0,21.38851249,20.76176019,18.89037572,16.76437202,454.000874001,81.5543391331,190.146318547,361.73846256,454.000874001,0,0,0,0,1258300,1982400,3240700,RESIDENTIAL A,1,1,0.17963476240559037,1626291.5760000001,0.41882368390898994,1152123.3024000002,0.7967792206479392,402865.31039999996,1,0,2884591.5760000004,2884591.5760000004,2884591.5760000004,779700
59002036,2030,21.6711989,-158.0444897,1971.118591,205.9959699,7.183341581,0.524532762,0,0,0,31.02789168,29.92867926,27.25339361,24.88960634,453.459368789,85.5988382275,187.403659689,350.500489786,453.459368708,0,0,0,0,689100,1977400,2666500,RESIDENTIAL A,1,2,0.18876848537962426,1604130.1568,0.4132755271756247,1160188.0376000002,0.7729479506003812,448972.62480000005,0.9999999998213732,0,2293230.1568,1920544.1532721878,1920544.1532721878,779700
59002038,2100,21.670912,-158.0444433,996.881012,136.0465059,37.91967927,31.36654655,24.85178372,14.40200278,1.342160008,62.97925469,61.08365616,58.91282431,55.99980288,429.64848223,0,0,0,43.3460600621,0,0,0,0,920100,952900,1873000,RESIDENTIAL A,1,1,0,952900,0,952900,0,952900,0.10088726448449532,856764.7777000001,1776864.7777,187942.63044755493,187942.63044755493,187942.63044755493
59002045,2024,21.67101496,-158.0446878,2414.714294,252.7160724,4.020078578,0,0,0,0,30.80508834,29.96133738,28.38810362,25.69677968,430.005235787,79.9392974004,171.375602429,318.018679217,430.005235711,0,0,0,0,218700,1540200,1758900,RESIDENTIAL,1,2,0.18590307918947607,1253872.1994,0.3985430598661121,926364.0714,0.7395693185804098,401115.82619999995,0.9999999998232579,0,1472572.1994,1472572.1994,1472572.1994,779700
59002046,2075,21.67085273,-158.0447456,1361.832642,164.8491322,19.3982821,13.04838089,6.735561067,0,0,48.06063192,47.03829307,44.80508354,41.70914724,522.033426654,69.2264499517,166.900190951,322.633680266,514.306528201,0,0,0,0,695800,2652000,3347800,RESIDENTIAL,1,1,0.13260922848448706,2300320.932,0.3197116935993071,1804123.776,0.6180326082449109,1012976.4839999998,0.9851984603696243,39254.90399999995,1708776.4839999997,378431.0813384877,378431.0813384877,378431.0813384877
59002048,2050,21.67069205,-158.0451023,1626.788849,161.3754505,12.39908443,6.153380174,0,0,0,46.5416721,45.58390286,42.85670476,40.21920542,563.974338992,53.0660156528,163.047247248,338.260507486,548.883643958,0,0,0,0,0,1189100,1189100,RESIDENTIAL A,1,1,0.09409296129970329,1077214.0137,0.2891040176392012,845326.4336,0.5997799617808467,475901.602,0.9732422310898545,31817.937799999938,845326.4336,391973.4102247146,391973.4102247146,391973.4102247146
59002057,2100,21.67038465,-158.0452504,1921.750031,203.4492914,32.0632925,26.11978721,19.96739755,10.15514344,0,71.90639226,70.05714187,66.98300696,63.28513363,466.687575449,0,0,0,211.953760014,0,0,0,0,254300,990300,1244600,RESIDENTIAL,1,1,0,990300,0,990300,0,990300,0.4541662798930941,540539.4101999999,794839.4101999999,84071.79398858715,84071.79398858715,84071.79398858715
59002058,2050,21.67056974,-158.0453274,1370.640289,167.5205751,13.11068456,7.14464753,0.972106329,0,0,52.87287368,51.02876768,48.01232094,44.21499363,714.341494764,64.6053432371,248.981724398,544.802746801,697.251836833,0,0,0,0,763700,2152600,2916300,RESIDENTIAL,1,1,0.0904404177982744,1957918.8560000001,0.3485471951762471,1402317.7278000002,0.7626642870312171,510889.47359999997,0.9760763471585169,51498.802399999884,2166017.7278000005,1004370.9999191889,1004370.9999191889,779700
59002066,2050,21.67025971,-158.0458264,2773.923309,236.9548725,13.08664644,7.869582419,2.502454945,0,0,48.72830051,48.13985753,46.74895189,45.12488097,500.341756811,0,44.0354257555,177.457034561,342.704614846,0,0,0,0,949100,2275000,3224100,RESIDENTIAL,1,1,0,2275000,0.08801069500208439,2074774.9749999999,0.35467164622047115,1468121.2,0.6849410631450733,716759.225,3023874.9749999996,1402154.8823407379,1402154.8823407379,779700
59002067,2050,0,0,2621.176544,250.1389976,14.88697467,9.781920171,4.546223245,0,0,49.74524038,49.0908409,47.7067991,46.14651442,656.541572853,0,10.0779812635,146.923330144,321.53534885,0,0,0,0,1649000,2209300,3858300,RESIDENTIAL,1,1,0,2209300,0.015350103756120352,2175387.245,0.22378374229303558,1714894.0088,0.4897410341477217,1127315.2087,3824387.245,1773348.2011895662,1773348.2011895662,779700
59003002,2075,21.6595275,-158.056783,2234.61673,212.1896235,21.57413752,14.19009764,6.540674283,0,0,57.13301483,56.42155656,55.00690386,53.59224566,1324.25210575,42.2712223363,278.063357224,639.909801846,1072.27047605,0,0,0,0,1025300,2651400,3676700,RESIDENTIAL A,2,2,0.03192082697301763,2566764.6606,0.2099776591002789,2094664.3308,0.48322354864867845,1370179.8864,0.8097177806205652,504513.6947999999,2395479.8864,530510.6034774703,530510.6034774703,530510.6034774703
59003003,2075,21.65909987,-158.0571665,1655.156738,170.1604535,25.84330236,18.40119718,10.49010426,0,0,63.6026928,62.08668935,59.4759822,56.54931739,518.227968845,0,21.9447442566,205.124691409,424.955882921,0,0,0,0,33000,3028400,3061400,RESIDENTIAL A,1,2,0,3028400,0.0423457350353153,2900159.3736,0.3958194148921978,1829701.7404000002,0.8200172674356423,545060.5172,1862701.7404000002,412519.8587591607,412519.8587591607,412519.8587591607
59003004,2050,21.65859705,-158.0576456,1850.718536,180.2445008,19.54183597,12.60054267,5.089438722,0,0,83.42903088,80.13173686,77.57689261,73.54347331,1250.80729434,0,0,440.67490184,1068.12875685,0,0,0,0,1228000,2850000,4078000,RESIDENTIAL A,2,3,0,2850000,0,2850000,0.35231238563613126,1845910.8,0.8539514933142502,416239.64999999997,4078000,1890947.0984942191,1890947.0984942191,779700
59003005,2050,21.65707226,-158.0586987,3512.919464,300.8028311,23.85910337,14.05805684,2.375266013,0,0,265.7745656,261.3595634,258.1236667,252.8358652,501.697972153,0,0,236.433080323,501.697972205,0,0,0,0,1196300,3026300,4222600,RESIDENTIAL,1,1,0,3026300,0,3026300,0.4712657683433816,1600107.7042,1.000000000103648,0,4222600,1957997.3560818268,1957997.3560818268,779700
59003006,2050,21.65683035,-158.0588578,2205.401459,203.4612311,28.4691449,17.88908648,5.168602722,0,0,297.7141073,293.2964508,290.0602256,284.7743193,1026.40435998,0,0.318120232426,469.623707849,1026.31081449,0,0,0,0,1061900,2587200,3649100,RESIDENTIAL,2,2,0,2587200,3.099365560296322e-4,2586397.968,0.45754258863256475,1403444.7504,0.9999088609775568,235.4351999998764,3648297.968,1691696.5318862079,1691696.5318862079,779700
59003007,2050,21.65657271,-158.0589794,4106.787079,371.2284727,22.22458551,11.62027639,0,0,0,327.0834426,322.6606156,319.4246624,314.145248,563.327164126,0,56.7687393851,331.09513483,563.327164116,0,0,0,0,2042600,3072900,5115500,RESIDENTIAL A,1,1,0,3072900,0.10077401375304969,2763231.5754,0.587749279486092,1266806.0979000002,0.9999999999822483,0,4805831.5754,2228438.7624704596,2228438.7624704596,779700
59003008,2050,21.65637857,-158.0591988,2023.511688,196.040941,17.9671551,7.186111276,0,0,0,358.3221331,298.4229826,296.0492901,290.8806068,683.370759152,0,165.389644512,441.628162444,683.370759114,0,0,0,0,319900,3142500,3462400,RESIDENTIAL A,1,1,0,3142500,0.24202037078266747,2381952.15,0.6462497210036025,1111659.375,0.9999999999443933,0,2701852.15,1252834.596273386,1252834.596273386,779700
59003009,2075,21.6558677,-158.0592961,2627.103516,215.4669126,45.88230663,34.94951017,21.90461577,3.55454858,0,402.5953077,272.5610631,269.8227923,263.7711138,707.265250943,0,0,59.7551441322,615.916334063,0,0,0,0,245200,722500,967700,RESIDENTIAL,2,1,0,722500,0,722500,0.0844876007304589,661457.42,0.8708420684344325,93316.655,906657.42,200791.23926787576,200791.23926787576,200791.23926787576
59003010,2050,21.6556507,-158.0597601,2031.128693,191.4598833,19.13547219,8.097780511,0,0,0,352.5044289,221.0872173,218.2830532,212.0763048,1079.46443536,160.88155177,360.537270197,641.1252673,953.789161798,0,0,0,0,649800,2934600,3584400,RESIDENTIAL A,2,2,0.14903830686774427,2497233.0852,0.33399643229261305,1954455.3384,0.5939290321187707,1191655.9566,0.8835762722279151,341657.8703999999,2604255.3384,1207579.469319657,1207579.469319657,779700
59003011,2100,21.65532136,-158.0595366,1632.710968,173.8154904,63.3037302,52.36748008,39.11775152,20.5027447,0,345.9469509,244.8694186,241.8395146,235.0649005,924.158802815,0,0,125.10432151,668.995449255,0,0,0,0,535900,951700,1487600,RESIDENTIAL A,2,2,0,951700,0,951700,0.13537102187300556,822867.4193,0.7238966368304138,262767.2251,798667.2250999999,84476.66981830761,84476.66981830761,84476.66981830761
59003014,2075,21.65492628,-158.06023,563.8003235,94.98755239,40.98214085,31.13226724,19.35481639,3.069953977,0,268.9617945,182.5251338,179.367448,172.3516812,410.808065117,0,0,0,134.472213881,0,0,0,0,550500,1064300,1614800,RESIDENTIAL A,1,2,0,1064300,0,1064300,0,1064300,0.3273358663070592,715916.2951999999,1614800,357618.7499461106,357618.7499461106,357618.7499461106
59003015,2075,21.65479013,-158.0603827,1334.724548,165.0878936,40.4545751,31.08526285,19.91798667,4.515358898,0,245.5869469,167.6679844,164.5054327,157.4970426,408.065542355,0,0,50.4310753287,391.797514944,0,0,0,0,388900,1011000,1399900,RESIDENTIAL,1,1,0,1011000,0,1011000,0.12358572360130096,886054.554,0.9601337880255337,40304.525999999954,1274954.554,282355.4953180462,282355.4953180462,282355.4953180462
59003016,2030,21.65497376,-158.0605883,1237.545197,142.413709,14.17496168,5.022664532,0,0,0,244.7921259,142.8671276,139.7113744,132.6979387,558.147911644,102.676073351,306.760803846,552.911971854,558.147911641,0,0,0,0,498600,2748100,3246700,RESIDENTIAL A,1,1,0.1839585371708588,2242562.2721,0.5496048582219892,1237730.4995,0.9906190820017979,25779.926099999924,0.999999999994625,0,2741162.2721,2295680.2478989456,2295680.2478989456,779700
59003033,2030,21.66054661,-158.0557059,1471.049438,180.1169593,9.803699759,2.882174676,0,0,0,91.19636231,86.06101122,79.99650651,41.21044666,469.708866584,0,74.9945044428,255.947093308,465.978611562,0,0,0,0,1082100,3002800,4084900,RESIDENTIAL A,1,1,0,3002800,0.1596616750886656,2523366.9464000002,0.5449058161694887,1366556.2632,0.9920583678798133,23848.237600000015,4084900,3421039.4401270594,3421039.4401270594,779700
59003034,2075,21.66045882,-158.0555551,757.9432373,111.2333028,27.08619518,20.31533181,12.65646989,0.958187634,0,109.270679,104.3500743,98.53045904,55.59382763,437.777351868,0,83.5851026305,261.855390959,437.777351801,0,0,0,0,1331300,2896200,4227500,RESIDENTIAL A,1,1,0,2896200,0.19093062323539947,2343225.6378,0.5981474140716979,1163846.6586,0.9999999998469542,0,2495146.6585999997,552583.1242139873,552583.1242139873,552583.1242139873
59003035,2050,21.66040345,-158.0557603,2228.727844,197.3973156,17.24834823,10.11762401,2.116016674,0,0,83.50043053,78.81179892,73.29905532,48.39250832,537.691846925,0,75.9582517194,273.071645387,501.645326362,0,0,0,0,447500,3026400,3473900,RESIDENTIAL,1,1,0,3026400,0.14126725587117753,2598869.5512,0.5078590031607628,1489415.5224000001,0.9329606339222993,202886.82959999988,3046369.5512,1412585.4987206417,1412585.4987206417,779700
59003037,2075,21.66019118,-158.0559979,638.894165,101.1089399,28.07526833,20.63409876,12.56159671,0.376265459,0,71.66873791,68.73599385,65.37545436,54.53368034,553.771449756,0,67.0809372665,244.833349738,457.513151624,0,0,0,0,711600,3065400,3777000,RESIDENTIAL A,1,2,0,3065400,0.12113469789036048,2694072.771,0.4421198489844091,1710125.3519999997,0.8261768493583176,532837.0241999999,2421725.352,536323.0078616823,536323.0078616823,536323.0078616823
59003038,2100,0,0,384.8005371,79.50093656,38.96723952,31.56330885,23.63380925,11.60630709,0,77.42863235,75.72081794,73.72331087,69.1936243,614.826870648,0,70.5429930738,262.669226555,488.16159431,0,0,0,0,1072800,3072600,4145400,RESIDENTIAL,1,3,0,3072600,0.11473635334033279,2720062.1664,0.42722470193626777,1759908.465,0.7939822047717263,633010.9068000001,1705810.9068,180427.11684853325,180427.11684853325,180427.11684853325
59003040,2100,21.65988038,-158.0562498,1718.634949,168.0143882,34.48558978,27.35806009,19.97781919,8.52834446,0,72.40531831,71.67176284,70.25818807,68.16453114,630.099078043,0,87.4871242157,266.200688386,481.193743739,0,0,0,0,1345200,3087100,4432300,RESIDENTIAL A,1,2,0,3087100,0.13884661518220728,2658465.4263000004,0.4224743340567682,1782880.5145999999,0.7636794918562979,729546.5591,2074746.5591,219450.19718045337,219450.19718045337,219450.19718045337
59003041,2030,21.65982846,-158.0566044,1192.055725,150.379354,11.57379757,4.497155124,0,0,0,50.15700817,48.74253276,46.03861609,43.12799368,647.227756193,0.54509304888,104.045267274,278.840061654,494.537094961,0,0,0,0,1017900,3094400,4112300,RESIDENTIAL A,1,2,8.42196651278126e-4,3091794.5152,0.16075526161917914,2596959.728,0.43082216265590956,1761264.4031999998,0.7640851156784004,730015.3759999999,4109694.5152,3441804.4562591626,3441804.4562591626,779700
59003044,2050,21.65644957,-158.0590448,2470.710419,230.396315,27.06866895,16.46573999,3.841772648,0,0,343.4029959,316.8993277,314.5302294,309.3690567,607.205847844,0,96.2606498228,372.899697979,607.205847959,0,0,0,0,634300,3099900,3734200,RESIDENTIAL A,1,1,0,3099900,0.15853050520608747,2608469.7531,0.614124022854937,1196177.0124,1.0000000001893923,0,3242769.7531,1503655.2368095294,1503655.2368095294,779700
59003045,2050,21.65576588,-158.0596577,1927.346527,185.230421,22.89982549,11.80673799,0,0,0,368.6453623,235.3139743,232.5685161,226.5053479,500.889064104,124.181821654,319.108105672,500.889064047,500.889064082,0,0,0,0,878200,2644400,3522600,RESIDENTIAL,1,1,0.24792280477542236,1988792.4188,0.6370833953878126,959697.7148000001,0.9999999998862023,0,0.9999999999560781,0,1837897.7148000002,852223.4799240354,852223.4799240354,779700
59003048,2075,21.65612257,-158.059119,1970.451355,183.630725,45.06809861,34.27039233,21.45600122,3.386381559,0,379.0126794,298.0330367,295.4314048,289.7108954,498.237190798,0,0,94.6155135121,498.237190755,0,0,0,0,319200,1113800,1433000,RESIDENTIAL A,1,1,0,1113800,0,1113800,0.18990054387662103,902288.2662000001,0.9999999999136957,0,1221488.2662,270514.68097119516,270514.68097119516,270514.68097119516
59003063,2030,21.65617895,-158.0594192,2063.496826,204.7338264,13.68134041,2.805858487,0,0,0,388.2015321,270.0095073,267.5468744,262.1694474,522.54950238,20.5417849609,215.254561924,449.503520385,522.549502437,0,0,0,0,467800,2705100,3172900,RESIDENTIAL,1,1,0.03931069662747843,2598759.8139,0.4119314264841956,1590785.4519,0.8602123212015219,378140.5188000001,1.0000000001090805,0,3066559.8139,2568195.5663200067,2568195.5663200067,779700
59003064,2075,21.65629968,-158.0591173,202.4295349,60.1248974,38.13221752,27.46519341,14.96330549,0,0,365.8820567,310.6510107,308.167769,302.7325578,482.907117242,2.52991520971,199.334122691,420.263023075,482.907117051,0,0,0,0,537100,2534000,3071100,RESIDENTIAL A,1,2,0.005238927154685482,2520724.374,0.41277942605080176,1488018.014,0.8702771362642661,328718.0820000001,0.9999999996044787,0,865818.0820000002,191746.82943124793,191746.82943124793,191746.82943124793
59003068,2050,21.65672233,-158.0589286,1396.164856,154.6050322,28.1348309,17.30203421,4.657786888,0,0,313.0581396,308.6405836,305.404366,300.1183776,544.962039336,0,24.1060162002,295.172431138,544.962039372,0,0,0,0,0,2755100,2755100,RESIDENTIAL A,1,1,0,2755100,0.044234303419686954,2633230.9066,0.541638517606929,1262830.3911000001,1.0000000000660598,0,2633230.9066,1221015.2875185318,1221015.2875185318,779700
59003070,2030,21.65594721,-158.0595737,2885.857391,253.9497684,15.32601785,4.316706541,0,0,0,385.9770476,245.3015574,242.6957743,236.9750352,533.97778266,73.9267756305,272.666649068,533.977782655,533.977782645,0,0,0,0,672600,2751000,3423600,RESIDENTIAL,1,1,0.13844541483024855,2370137.8049999997,0.5106329475164985,1346248.617,0.9999999999906364,0,0.999999999971909,0,3042737.8049999997,2548245.0089036785,2548245.0089036785,779700
59003071,2050,21.6560562,-158.0594711,1356.169861,152.93152,21.82018863,10.88221838,0,0,0,402.3845026,262.7836211,260.224591,254.6143403,615.124925964,49.0114660598,261.847225994,520.962727146,613.879571534,0,0,0,0,898900,2712800,3611700,RESIDENTIAL,1,1,0.07967725577530634,2496652.2344,0.42568137778459086,1558012.5832,0.8469218286506068,415269.99840000016,0.9979754446984109,5493.420000000148,2456912.5832,1139257.410607155,1139257.410607155,779700
59003072,2050,21.65548566,-158.0598592,4043.822601,267.5485718,19.65170308,8.783023537,0,0,0,328.7646962,207.528354,204.5861176,198.0322857,1275.48324373,277.206687913,688.047144216,1136.92227747,1226.33551274,0,0,0,0,892900,3077100,3970000,RESIDENTIAL,2,1,0.2173346371076909,2408338.4715,0.5394403631708148,1417189.176,0.8913659062624807,334277.6814,0.9614673644427714,118569.89430000012,2310089.176,1071176.1708239582,1071176.1708239582,779700
59003075,2050,21.65930944,-158.0570842,3818.713104,316.8697442,14.93989284,7.277379567,0,0,0,51.03008081,50.31551376,48.90086871,47.30289866,1287.36507721,13.9579394365,245.272316521,637.058651834,1093.50312383,0,0,0,0,1143300,3872900,5016200,RESIDENTIAL,1,2,0.0108422542164573,3830910.0182,0.19052273582918564,3135023.4733,0.4948546943767067,1956376.0705,0.8494118282281349,583212.2652000003,4278323.473300001,1983836.0368455974,1983836.0368455974,779700
59003081,2075,21.65566384,-158.0594611,2481.117035,218.7846474,43.45580163,32.37408871,19.06631972,0.462594987,0,376.6114253,250.7875616,247.9662829,241.7117571,484.06065955,0,0,89.4723177163,388.040241739,0,0,0,0,714500,1109400,1823900,RESIDENTIAL,1,1,0,1109400,0,1109400,0.1848369950152046,904341.8322,0.8016355679466619,220065.02159999998,1618841.8322,358513.86697537487,358513.86697537487,358513.86697537487
59019001,2100,21.6700558,-158.0460279,190.8457947,58.29860468,34.05503689,29.13036533,24.14639,15.87488228,5.49513553,66.07957132,65.40673511,64.43922239,63.09911866,1115.65921486,0,0,192.161729142,508.399659516,0,0,0,0,1329600,2289700,3619300,RESIDENTIAL,1,1,0,2289700,0,2289700,0.1722405252271534,1895319.7823,0.4556944026853193,1246297.4482,2575897.4482,272457.954175053,272457.954175053,272457.954175053
59019012,2075,0,0,2644.087555,224.8592323,19.52264884,15.42907995,11.16768481,3.731361654,0,60.46906401,59.74533325,41.27303715,40.335234,574.668032871,0,0,0,100.59751182,0,0,0,0,2180900,2411400,4592300,RESIDENTIAL,1,3,0,2411400,0,2411400,0,2411400,0.1750532586916695,1989277.1957999999,4592300,1017025.3810859077,1017025.3810859077,779700
59019013,2075,21.6697011,-158.046494,1525.14679,162.8363791,19.51822403,15.3130504,10.97260917,3.631530924,0,81.44541482,80.50712598,38.18700541,35.77595947,525.241472367,0,0,0,121.194604181,0,0,0,0,605000,2137100,2742100,RESIDENTIAL A,1,1,0,2137100,0,2137100,0,2137100,0.23074073651274465,1643983.4089000002,2742100,607274.1975645466,607274.1975645466,607274.1975645466
59019014,2075,21.66958747,-158.0465756,2658.278931,231.3236445,14.38288473,10.64244252,6.91597887,0.079910662,0,72.66948869,72.65710531,33.22195833,29.66365737,499.332937484,0,0,0,102.39307889,0,0,0,0,602300,2148700,2751000,RESIDENTIAL A,1,1,0,2148700,0,2148700,0,2148700,0.20505973310298792,1708087.578,2751000,609245.2199044775,609245.2199044775,609245.2199044775
59019036,2075,21.66859383,-158.0470461,2733.589905,235.7596281,14.70548876,12.06228424,10.14296963,5.629764075,0,52.03289543,51.21573977,49.53178635,47.48903156,762.52302,0,2.80825673844,70.1350415738,196.9432742,0,0,0,0,1255300,2679700,3935000,RESIDENTIAL,1,1,0,2679700,0.0036828484711714017,2669830.6649,0.0919776055728783,2433226.5534,0.25827846377673946,1987592.4434,3688526.5534,816872.8357505226,816872.8357505226,779700
59019038,2050,21.66839333,-158.047267,1547.104156,172.3177319,10.53094237,6.544763404,2.899620495,0,0,47.68821483,46.99059149,45.66544185,43.91292814,903.184757987,0,35.2403843622,134.473396525,280.364710205,0,0,0,0,440700,2783400,3224100,RESIDENTIAL A,1,2,0,2783400,0.03901791305772592,2674797.2988,0.14888802688024938,2368985.1408,0.3104178937096671,1919382.5387999997,3115497.2988,1444639.6708024614,1444639.6708024614,779700
59019041,2075,0,0,891.0905151,121.8396556,18.64806506,13.69311924,8.479975906,0,0,52.80511516,52.33105352,50.99431293,49.65486824,1962.8300681,59.5427879701,291.559946443,688.71086856,1198.90806598,0,0,0,0,1206700,4558700,5765400,RESIDENTIAL A,1,3,0.030335172126100974,4420411.8355,0.14854059512407364,3881546.1432999996,0.3508764613671652,2959161.5788000003,0.6108058387043821,1774218.6878000002,4165861.5788000003,922584.9704353398,922584.9704353398,779700
59019042,2050,21.66781169,-158.0476542,2035.593811,190.6505506,14.53724196,8.336913417,1.65236178,0,0,49.75025329,49.0735836,47.57488967,45.53292917,785.573909095,16.4631775306,146.274317013,353.701303645,603.98759836,0,0,0,0,1162400,3199700,4362100,RESIDENTIAL,1,1,0.020956879219125257,3132643.8871,0.1862005793719798,2603912.6602999996,0.45024573697015013,1759047.8738000002,0.7688488522433341,739613.8547,3766312.6602999996,1746419.322465995,1746419.322465995,779700
59019045,2075,21.6675199,-158.0477938,1019.895905,134.0241986,22.23079814,15.70610031,8.52961567,0,0,55.66435123,54.84002843,53.20954443,51.16803065,1099.84918917,69.7763387084,280.602512914,604.862472637,991.580023568,0,0,0,0,1643800,3221900,4865700,RESIDENTIAL A,1,2,0.06344173309893208,3017496.2202,0.25512817182304454,2399903.0968,0.5499503737357472,1450016.0949999997,0.9015599896166626,317163.8359999999,3093816.0949999997,685166.3639194063,685166.3639194063,685166.3639194063
59019048,2050,21.66729301,-158.0480434,2136.495728,199.9952547,19.16300903,12.32426136,4.739962327,0,0,50.153043,49.37669976,47.8489581,45.93688703,421.26403459,0,83.1169755109,264.507947132,421.264034613,0,0,0,0,1036800,2414600,3451400,RESIDENTIAL A,1,1,0,2414600,0.19730375414505666,1938189.7615999999,0.6278911215134598,898494.3914000001,1.0000000000545977,0,2974989.7616,1379487.0666374518,1379487.0666374518,779700
59019050,2050,21.66719859,-158.0481769,1768.157623,193.2017777,14.36014942,7.179235793,0,0,0,46.15885007,45.45375766,43.43534324,41.27298575,401.579078918,14.6519351727,135.150036575,318.333770282,401.579078884,0,0,0,0,436600,2069600,2506200,RESIDENTIAL,1,2,0.036485803025838995,1994088.5744,0.33654650769941336,1373082.3288000003,0.7927050660599821,429017.732,0.9999999999153343,0,1809682.3288000003,839140.1542031933,839140.1542031933,779700
59019051,2030,21.66698795,-158.0483969,2835.016296,298.0102163,11.6393247,3.585196738,0,0,0,44.99833937,44.17833393,42.71693227,40.67991458,880.685264048,158.039261318,433.223114095,834.002267223,880.685264038,0,0,0,0,268100,2729500,2997600,RESIDENTIAL,1,2,0.17945033006636793,2239691.225,0.49191593385328636,1386815.278,0.9469924174608925,144685.33600000016,0.9999999999886452,0,2507791.225,2100235.669986916,2100235.669986916,779700
59019054,2100,21.66919851,-158.0467748,1165.344086,136.8492806,14.5616537,13.2036183,12.74089771,10.16795496,5.562621026,52.93070601,51.49108478,46.6094289,30.62273071,462.784118544,0,0,0,0,0,0,0,0,604300,2232500,2836800,RESIDENTIAL,1,2,0,2232500,0,2232500,0,2232500,0,2232500,2836800,300054.1519787163,300054.1519787163,300054.1519787163
59020001,2030,21.6667884,-158.0487499,171.8547974,54.16233275,12.04074114,3.482162074,0,0,0,45.0712177,44.21560584,42.80256877,40.84803658,948.762068059,235.652885572,535.717055225,948.762068006,948.762067986,0,0,0,0,1013700,2930000,3943700,RESIDENTIAL,1,2,0.24837932871210197,2202249.53,0.5646484753769537,1275581.3599999999,0.9999999999441378,0,0.9999999999230578,0,3215949.53,2693307.101664197,2693307.101664197,779700
59020004,2030,21.6666573,-158.048843,1302.24527,152.2192701,13.26859326,4.410447929,0,0,0,46.82086921,45.7226818,44.05931647,42.37699346,509.942600683,80.9914981485,245.12371142,479.71211509,509.942600755,0,0,0,0,1189800,2546500,3736300,RESIDENTIAL,1,2,0.15882473447015938,2142052.1375,0.48068882868716895,1322425.4615000002,0.9407178659862692,150961.61299999987,1.0000000001411924,0,3331852.1375,2790373.7107540322,2790373.7107540322,779700
59020006,2030,0,0,2214.968262,217.5484407,15.61139542,6.067769867,0,0,0,53.67478268,52.27751355,50.36963292,48.02554517,509.841853056,52.7177189726,224.321736804,464.177780254,509.841853062,0,0,0,0,995600,2262200,3257800,RESIDENTIAL,1,1,0.10340013997793467,2028288.5199999998,0.4399829779752526,1266870.4574,0.9104348289017686,202613.943,1.0000000000117684,0,3023888.5199999996,2532459.029466435,2532459.029466435,779700
59020008,2050,21.6662526,-158.0493112,2457.890045,259.4808972,17.26625612,7.134275104,0,0,0,54.34609415,53.63948552,52.22489993,50.25604501,615.503752656,39.1326607169,239.74660612,524.254273619,615.503752608,0,0,0,0,1130800,2746700,3877500,RESIDENTIAL,1,1,0.06357826503581193,2572070.3074,0.38951282601520126,1676824.6429,0.8517482978077006,407203.7684000001,0.9999999999220152,0,2807624.6429000003,1301880.7435391427,1301880.7435391427,779700
59020009,2050,21.66608428,-158.0495312,1905.312836,190.4142113,20.10534802,9.34943472,0,0,0,54.03677348,53.54817691,51.9197517,50.27657748,591.807407041,29.346338462,225.495859186,494.591519141,591.807407017,0,0,0,0,289500,2603500,2893000,RESIDENTIAL A,1,2,0.04958764982129888,2474397.642,0.3810291262041906,1611490.9984999998,0.8357305320221093,427674.3415,0.9999999999594461,0,1900990.9984999998,881479.5029125069,881479.5029125069,779700
59020011,2075,21.66584395,-158.0496436,240.9844971,67.52647575,39.10765688,28.12083158,14.7840236,0,0,72.2176021,71.573970310000007,69.89653564,68.42885089,656.010626615,34.3165999726,241.12401698,531.169139308,656.010626568,0,0,0,0,433000,2468000,2901000,RESIDENTIAL A,1,2,0.05231104280988996,2338896.452,0.36756114489211017,1560859.452,0.809695937471045,469670.27200000006,0.9999999999283549,0,902670.2720000001,199908.23277567234,199908.23277567234,199908.23277567234
59020012,2050,21.66591575,-158.0497881,1779.748444,191.5886648,18.25978624,7.245241937,0,0,0,51.56122436,50.8850306,49.2678002,47.53301902,641.958272178,40.9462021732,238.212028094,517.0372063,641.95827223,0,0,0,0,371600,2429100,2800700,RESIDENTIAL,1,3,0.06378327680750966,2274164.7147,0.37107089108114083,1527731.4339,0.8054062525681384,472688.2854000001,1.000000000081002,0,1899331.4339,880709.9715576435,880709.9715576435,779700
59020014,2050,21.66564323,-158.050109,2132.834381,205.3025079,18.48181034,7.131385319,0,0,0,52.36639563,51.56042001,50.39197664,48.56573986,721.29571671,48.203072517,264.191326831,568.217434479,721.295716645,0,0,0,0,1278200,2494400,3772600,RESIDENTIAL A,1,1,0.06682844691892195,2327704.2368,0.36627325063850236,1580768.6287999998,0.7877731994178113,529379.0288000001,0.9999999999098844,0,2858968.6288,1325688.6790866496,1325688.6790866496,779700
59020015,2075,21.66540803,-158.0500921,1445.489044,154.768026,43.70790067,32.25277172,18.35746065,0,0,78.45018865,77.68515492,76.14310825,74.54450872,447.74237657,0,0,133.814705346,447.742376603,0,0,0,0,692200,1100000,1792200,RESIDENTIAL A,1,2,0,1100000,0,1100000,0.298865401955268,771248.5000000001,1.0000000000737033,0,1463448.5,324099.96481329616,324099.96481329616,324099.96481329616
59020016,2075,21.66516584,-158.0503757,1478.119781,158.5539194,46.23500185,34.5022504,20.29957906,0.510304478,0,84.6725,83.91973551,82.7956834,81.13718244,443.542329304,0,0,84.2508722421,443.542329352,0,0,0,0,487200,1045000,1532200,RESIDENTIAL A,1,1,0,1045000,0,1045000,0.1899500153103881,846502.2499999999,1.0000000001082197,0,1333702.25,295365.9471422561,295365.9471422561,295365.9471422561
59020017,2030,21.66556336,-158.0502375,2886.560211,227.2420262,15.43259868,3.969895193,0,0,0,50.25834348,49.47098253,48.0658776,46.5268245,420.58080412100003,52.0362084997,270.416550791,420.580804098,420.580804107,0,0,0,0,636600,2137000,2773600,RESIDENTIAL A,1,1,0.12372463980721601,1872599.675,0.6429598025905192,762994.4800000001,0.9999999999453136,0,0.9999999999667126,0,2509199.675,2101415.2246882417,2101415.2246882417,779700
59020019,2050,21.66541148,-158.0503916,3835.555969,294.2508505,20.76263012,9.033010224,0,0,0,58.45578078,57.735407789999996,56.3339348,54.57617403,863.343718605,114.912605786,544.789418361,863.343718539,863.343718586,0,0,0,0,603500,2263500,2867000,RESIDENTIAL A,2,1,0.13310180326750626,1962223.623,0.6310226235748567,835179.4395,0.9999999999235529,0,0.9999999999779925,0,1438679.4394999999,667108.0705703321,667108.0705703321,667108.0705703321
59020020,2030,21.665342,-158.0505952,1521.502869,173.3163597,14.08066004,2.344381656,0,0,0,52.81787027,52.49461942,51.13788291,49.48169371,434.939652151,49.0776835398,255.292911293,434.939652213,434.939652194,0,0,0,0,315800,2028200,2344000,RESIDENTIAL A,1,1,0.11283791509255511,1799341.9684,0.5869616854440505,837723.6716,1.0000000001425484,0,1.0000000000988643,0,2115141.9683999997,1771398.0991858752,1771398.0991858752,779700
59020028,2050,21.66449262,-158.0512511,3158.280914,303.5231439,24.61267689,13.63473958,0.163133885,0,0,94.34708744,92.82073722,90.38873417,88.03743354,776.86212486,80.645768541,287.990720777,576.629251073,776.862124846,0,0,0,0,826100,3192100,4018200,RESIDENTIAL,1,1,0.10380962845309694,2860728.099,0.3707102091364017,2008756.609,0.7422542979256654,822751.0066000001,0.9999999999819789,0,2834856.609,1314508.0626374967,1314508.0626374967,779700
59020029,2075,0,0,743.3114319,111.8737081,40.8890973,30.33184758,17.31402058,0,0,122.6373502,120.8956275,118.2065919,115.5676524,734.32824855,57.2259741012,259.590716826,541.440492821,734.328248479,0,0,0,0,1175000,3176500,4351500,RESIDENTIAL,1,3,0.07792969181588487,2928955.355,0.35350773627269033,2053581.8380000002,0.7373276104931616,834377.608,0.9999999999033129,0,2009377.608,445003.163452233,445003.163452233,445003.163452233
59020033,2075,0,0,1112.037476,139.7711577,32.8227854,22.88966816,10.58977172,0,0,150.5365834,148.3190739,145.0799835,88.04641158,301.942426503,0,0,157.273926628,301.942426536,0,0,0,0,838900,816800,1655700,RESIDENTIAL A,1,1,0,816800,0,816800,0.5208738912563432,391350.1168,1.0000000001092926,0,1230250.1168,272455.1083050982,272455.1083050982,272455.1083050982
59020034,2030,21.66392436,-158.0519542,1945.914795,195.9039154,12.42060449,3.442695837,0,0,0,164.8041264,162.2979264,158.6931607,56.31921386,564.41879769,75.3313657402,235.657060288,456.220781711,564.418797707,0,0,0,0,507200,2941200,3448400,RESIDENTIAL A,1,1,0.13346714540427976,2548646.8596,0.4175216368633982,1713184.2936000002,0.8083018913937263,563822.1576000002,1.0000000000301195,0,3055846.8596,2559223.6357511855,2559223.6357511855,779700
59020035,2030,21.66383306,-158.0520635,1845.329224,186.1917936,12.5253903,3.692141035,0,0,0,177.8635664,175.3055302,171.6366714,44.47127547,607.960671193,93.7206845938,255.710524609,490.390959633,607.960671145,0,0,0,0,887100,3104400,3991500,RESIDENTIAL A,1,1,0.15415583447181228,2625838.1136000003,0.420603727716827,1798676.9424,0.8066162547500101,600341.2896,0.9999999999210474,0,3512938.1136000003,2942030.364843975,2942030.364843975,779700
59020036,2030,21.66371391,-158.0521498,2080.467011,202.9483682,12.55209141,4.600799376,0,0,0,192.5310368,189.9250366,186.1980809,37.42752683,600.513620145,73.2877953714,223.615139507,437.991623693,600.51362015,0,0,0,0,558200,3076700,3634900,RESIDENTIAL A,1,1,0.12204185369468211,2701213.3786,0.3723731352721124,1931019.9908999999,0.7293616814007359,832671.9346000002,1.0000000000083262,0,3259413.3786,2729707.390601579,2729707.390601579,779700
59020037,2075,21.66360102,-158.0520759,514.5829163,90.74549859,33.30716834,25.61608544,16.47005009,3.364584084,0,206.473654,203.9814164,200.3900171,54.11792819,561.134493335,39.5092079353,167.131452344,355.676748809,558.923940543,0,0,0,0,388700,3061100,3449800,RESIDENTIAL,1,1,0.07040951573032743,2845567.949,0.29784562226906575,2149363.6094,0.6338529408432914,1120812.5817,0.9960605651260859,12057.67290000008,1509512.5817,334301.4630266783,334301.4630266783,334301.4630266783
59020038,2030,21.66362172,-158.0522712,1990.767517,187.6477373,10.77664809,4.212822651,0,0,0,207.0907025,204.4412289,200.6628831,28.88934949,559.926267043,26.1547597688,147.602830587,327.278719306,534.700937394,0,0,0,0,870700,3045500,3916200,RESIDENTIAL A,1,1,0.046711078419172325,2903241.6495000003,0.2636111918208415,2242672.6995,0.5845032436759505,1265396.1135,0.954948836777713,137202.82049999986,3773941.6495000003,3160616.717098992,3160616.717098992,779700
59020040,2050,21.6634738,-158.0523389,1670.559235,181.7676186,16.02539964,10.22725147,3.552013066,0,0,225.2509377,222.6062481,218.8327193,34.41008661,472.068575529,29.4146497114,114.912168385,249.332474116,412.154620378,0,0,0,0,1135900,2697000,3832900,RESIDENTIAL,1,0,0.06231012025835007,2528949.93,0.24342261769114676,2040488.1690000002,0.528170030882903,1272525.51,0.8730820938804063,342297.84599999996,3176388.169,1472874.4462633438,1472874.4462633438,779700
59020041,2050,21.66326006,-158.0525315,1933.697815,190.8109412,14.11123911,9.581590515,4.687296112,0,0,253.7222911,251.0365581,247.2155456,36.70923292,449.330976548,21.7967267148,92.6395792699,209.340255768,356.094386518,0,0,0,0,331300,2544900,2876200,RESIDENTIAL A,1,1,0.04850929015011177,2421449.4459,0.20617225187011723,2020212.8772,0.465893220574872,1359248.9043,0.7924990821992884,528069.2949000001,2351512.8772,1090384.1226613864,1090384.1226613864,779700
59020043,2050,21.66319628,-158.0526546,1670.719055,176.6722483,11.39497389,7.399583357,2.968681582,0,0,266.2738246,263.5602168,259.7080309,37.86974397,841.347732899,6.28497822735,91.8119767666,280.494839005,528.506060052,0,0,0,0,2002400,3250800,5253200,RESIDENTIAL A,1,2,0.0074701315301511405,3226516.524,0.10912488757798984,2896056.4499999997,0.3333875257956774,2167022.2896,0.6281660238519294,1208757.9672,4898456.449999999,2271388.4284521313,2271388.4284521313,779700
59020045,2050,21.66284403,-158.0529694,3189.590454,325.9319273,10.91151443,7.823006539,5.025223266,0,0,310.9285804,308.1678708,304.2647102,69.26870579,739.922843458,0,5.02303083462,161.037389447,388.842916329,0,0,0,0,1542800,3029000,4571800,RESIDENTIAL A,1,1,0,3029000,0.006788587322355214,3008436.119,0.2176407862938765,2369765.4110000003,0.5255181939129735,1437205.978,4551236.119,2110384.1917079794,2110384.1917079794,779700
59020048,2030,21.66219662,-158.0536516,2712.907928,281.5709115,8.814545799,2.94860563,0,0,0,349.5393418,343.8672001,337.1182164,161.2165451,653.185800442,0,95.0712027542,392.583602859,653.185800494,0,0,0,0,1633000,3108600,4741600,RESIDENTIAL A,1,1,0,3108600,0.14555001454389685,2656143.27,0.6010289914345125,1240241.2506,1.0000000000796099,0,4741600,3971015.351491215,3971015.351491215,779700
59020049,2030,21.6620393,-158.0537987,1505.254639,164.59775,9.905873799,3.949850479,0,0,0,334.6712566,328.9942189,322.2376823,189.9614923,605.919810607,0,147.836562623,453.745782702,605.91981054,0,0,0,0,475400,3088500,3563900,RESIDENTIAL A,1,1,0,3088500,0.24398700955973013,2334946.1505,0.7488545097204287,775661.3324999999,0.9999999998894241,0,3563900,2984710.1423948756,2984710.1423948756,779700
59020050,2030,21.66192722,-158.0539402,735.3263855,116.2233471,9.70751332,3.694341517,0,0,0,319.7479612,314.0666207,307.3027676,184.7309767,640.714505096,0,171.877230817,483.314582737,640.714505029,0,0,0,0,593000,3110700,3703700,RESIDENTIAL A,1,2,0,3110700,0.26825868534261943,2276226.7287,0.7543368831092464,764183.8940999999,0.9999999998954291,0,3703700,3101790.4414792503,3101790.4414792503,779700
59020051,2030,21.66165945,-158.0542354,2118.844452,189.2789175,10.30892439,4.269290689,0,0,0,273.2283839,267.545048,260.7758508,138.2186956,1033.05652136,0,159.747986867,471.006040249,845.796300189,0,0,0,0,1821500,3372700,5194200,RESIDENTIAL A,1,2,0,3372700,0.15463625035413814,2851159.1628,0.45593443389615235,1834971.3981999997,0.8187318725557481,611362.5835999999,5194200,4350060.726066237,4350060.726066237,779700
59020052,2050,0,0,1806.413361,225.2778485,12.73937795,7.22337446,1.315280151,0,0,248.5060346,242.8318592,236.0688115,114.087477,1057.66430505,0,82.7118104241,369.429271452,716.520372088,0,0,0,0,1450100,3395000,4845100,RESIDENTIAL,1,3,0,3395000,0.07820232755249303,3129504.21,0.3492878313923392,2209167.2399999998,0.6774553784852627,1095040.275,4579604.21,2123538.3259321754,2123538.3259321754,779700
59020056,2030,21.66410248,-158.0518676,1689.718658,173.0983994,10.91484515,1.108185619,0,0,0,143.8089914,141.3532393,137.8135477,71.58137536,363.482555219,54.3343002193,248.230568407,363.4825552,363.482555195,0,0,0,0,1066900,2406200,3473100,RESIDENTIAL A,1,1,0.149482552708928,2046514.0054,0.6829229211768908,762950.6774000002,0.9999999999477278,0,0.999999999933972,0,3113414.0054,2607435.214060898,2607435.214060898,779700
59020057,2050,21.66644365,-158.0490141,2548.998077,222.8602794,18.69118222,9.274679276,0,0,0,55.93440017,54.51565541,52.61571496,50.5199337,484.572769688,45.1336792797,208.971668959,442.69914442,484.572769787,0,0,0,0,739000,2564300,3303300,RESIDENTIAL A,1,1,0.09314117941204175,2325458.5337,0.43124930254242266,1458448.1893,0.9135865077706264,221588.8558999999,1.0000000002043037,0,2197448.1892999997,1018945.1391976975,1018945.1391976975,779700
59020058,2075,21.66661409,-158.0487336,500.855896,89.52007219,27.02014792,18.32185362,8.089145254,0,0,60.16027368,58.95792762,57.58136357,55.5984693,480.144712521,84.0997029159,242.171133886,469.684398984,480.144712519,0,0,0,0,378200,2636300,3014500,RESIDENTIAL,1,1,0.17515490793251576,2174538.8735,0.5043711355571956,1306626.7327,0.9782142481959697,57434.431799999926,0.9999999999958347,0,435634.4317999999,96476.98844054999,96476.98844054999,96476.98844054999
59020062,2030,0,0,2404.867371,200.2767275,16.53585096,6.075741716,0,0,0,125.8020247,123.5337519,120.2359639,93.09115392,686.705990852,55.0455315224,253.611990353,531.14572632,686.705990831,0,0,0,0,1456900,2923400,4380300,RESIDENTIAL A,2,1,0.08015880486801155,2689063.1794000003,0.3693166999145328,1843738.6822,0.7734688984743012,662240.7254000001,0.9999999999694192,0,4145963.1794000003,3472178.891537609,3472178.891537609,779700
59020063,2050,0,0,2541.448395,207.2441938,19.3411717,8.861916483,0,0,0,113.7299684,111.6136229,108.518252,105.493029,712.168480225,51.0051348585,250.78512933,529.744072272,712.168480297,0,0,0,0,1457500,2938800,4396300,RESIDENTIAL A,2,1,0.07161947807966117,2728326.0828,0.3521429778116097,1903922.1516,0.7438465573548474,752782.4363999999,1.0000000001010996,0,3361422.1516,1558673.7283919116,1558673.7283919116,779700
61004057,2050,21.61493425,-158.0898917,1727.417297,176.4733631,11.99891982,7.414880552,3.65149574,0,0,242.0294582,218.9927233,198.0659973,27.1305684,1886.32594544,1.7683503881,95.9985796489,294.330630523,555.508352536,0,0,0,0,1154500,2535200,3689700,RESIDENTIAL,2,2,9.374574910422063e-4,2532824.5176,0.05089183016379897,2406178.6015999997,0.15603381336852956,2139622.6032,0.2944922397313596,1788603.8816,3560678.6015999997,1651067.8936650255,1651067.8936650255,779700
61004065,2030,21.61395612,-158.091738,4209.507401,325.191065,11.7569789,5.405591754,0,0,0,32.44635907,23.20228006,19.23465288,16.07246342,1689.18944605,113.527516899,315.746260893,633.122159377,1010.07508843,0,0,0,0,1568600,3163800,4732400,RESIDENTIAL,1,1,0.06720827978440945,2951167.3296,0.18692175802503438,2572416.1763999998,0.3748082613572401,1977982.4496,0.5979643614231425,1271961.4967999998,4519767.3296,3785233.982413121,3785233.982413121,779700
61004068,2050,21.61425412,-158.0911978,2744.981033,238.3326104,16.22952794,10.43049031,4.850522072,0,0,88.61447672,65.75877037,45.21011572,17.58880741,1696.28826319,30.6118215686,205.004274317,486.27684967,829.776428136,0,0,0,0,1371600,3166900,4538500,RESIDENTIAL A,1,1,0.018046355818693297,3109750.1226,0.12085462050623033,2784164.3005,0.28667111612003915,2259041.6101,0.4891718265948159,1617741.1932,4155764.3005,1927005.9946190126,1927005.9946190126,779700
61004069,2075,21.61437581,-158.090961,3536.69838,275.4694429,17.10877935,12.54977102,8.804450694,1.860145971,0,112.7695612,89.71014694,68.77934121,23.32912125,1599.45121948,1.08891405958,84.4957395102,309.846513767,602.897791832,0,0,0,0,2909300,3098500,6007800,RESIDENTIAL A,1,2,6.808047949933844e-4,3096389.9214999997,0.05282795653978777,2934812.4420000003,0.1937205148824324,2498255.4814999998,0.3769404058649623,1930551.41,5407555.4815,1197574.4560058634,1197574.4560058634,779700
61004070,2050,21.61453338,-158.0906942,2828.6698,256.6866698,13.19245413,8.770697294,5.271350822,0,0,145.0727814,121.9837677,101.0039998,43.52030596,1520.56379646,6.36862372815,104.627900256,318.162401,606.978437425,0,0,0,0,1396700,3049200,4445900,RESIDENTIAL A,1,1,0.004188330501473657,3036429.9504,0.06880862249882742,2839387.5972,0.20923975813491597,2411185.392,0.3991798560758166,1832020.344,4236087.597200001,1964251.4837892815,1964251.4837892815,779700
61004071,2050,21.6146645,-158.0904455,3302.586365,268.2127248,11.14369128,6.63456249,3.004445521,0,0,175.0977313,152.0235167,131.0593549,22.94099031,1198.63271635,33.6546587891,134.967552933,324.957497373,583.846456733,0,0,0,0,1328500,2688200,4016700,RESIDENTIAL,1,1,0.028077540626108573,2612720.7204,0.11260125899449383,2385505.9918,0.2711068144064513,1959410.1626,0.4870937099989161,1378793.9091999999,3714005.9918,1722164.9960726716,1722164.9960726716,779700
61004073,2050,21.61474624,-158.0900685,5711.530289,442.6467982,11.58069901,6.762323812,2.604294186,0,0,209.4992032,186.4163113,165.4395779,14.65203365,1345.80153353,16.1533057232,151.437536366,416.131031587,770.871973223,0,0,0,0,1380100,2785600,4165700,RESIDENTIAL A,1,1,0.012002739869697078,2752164.4432,0.11252590563541977,2472147.5744,0.30920683415741096,1924272.9808,0.5727976629667113,1190013.8912,3852247.5744,1786266.889037046,1786266.889037046,779700
61004080,2050,21.61383447,-158.0919597,3813.956467,278.8691758,12.44707733,6.216949345,0.092714247,0,0,26.21467459,23.13068045,20.62303246,17.46428001,1509.9110147,57.4322289501,202.901505394,450.89124081,776.340358417,0,0,0,0,1537100,3035400,4572500,RESIDENTIAL,1,1,0.03803683024427175,2919942.4902,0.13437977696607104,2627502.9480000003,0.29862106867243854,2128965.8166,0.5141629876587455,1474709.6298,4164602.9480000003,1931104.4288624504,1931104.4288624504,779700
61004081,2050,21.61365571,-158.0921677,5275.313248,482.2709062,11.97743528,6.404426708,1.285388679,0,0,28.69340188,27.41348833,24.85350453,21.76651766,1492.46803902,80.908277641,220.096596827,456.392023357,759.627307093,0,0,0,0,1900500,3023000,4923500,RESIDENTIAL A,1,1,0.054211062163935404,2859120.147,0.14747156459814184,2577192.144,0.30579684886028174,2098575.669,0.5089739191948086,1484371.598,4477692.143999999,2076282.2382656103,2076282.2382656103,779700
61004082,2030,21.61365152,-158.0924437,2862.595993,268.9657312,8.506053117,3.24494168,0,0,0,28.60517848,26.99126884,24.22702786,20.10284345,1464.3816878,78.9151247822,204.60848139,423.410546311,708.46833089,0,0,0,0,1137200,3003200,4140400,RESIDENTIAL,1,2,0.05388972386069467,2841357.552,0.1397234635577775,2583583.8863999997,0.28913947083502994,2134857.7552,0.4838003211815361,1550251.84,3978557.552,3331979.314109859,3331979.314109859,779700
61004083,2050,21.61353378,-158.0927,2449.443802,204.7889307,12.52562923,7.635844847,3.337754326,0,0,35.97862399,34.31503865,32.08708739,28.5619487,1476.41683173,58.8055059767,180.161027298,393.856009162,672.969283511,0,0,0,0,1419500,3011700,4431200,RESIDENTIAL,1,1,0.03982988050047784,2891743.989,0.12202585572456205,2644194.2958,0.2667647785486819,2208283.8495000005,0.4558125246529764,1638927.9878999998,4063694.2958,1884313.6188843844,1884313.6188843844,779700
61004086,2050,21.61336135,-158.0932321,1377.421555,187.9416605,13.37331675,8.811515184,4.699756022,0,0,37.00826937,36.47758272,34.84303578,33.36859412,1677.97763755,18.402721677,144.152335803,366.287464645,653.706639632,0,0,0,0,1047500,3160900,4208400,RESIDENTIAL A,1,2,0.010967203176717925,3126234.4097,0.08590837718998182,2889353.4028000003,0.218291028705134,2470903.9781,0.3895800665058154,1929476.578,3936853.4028000003,1825498.1655766931,1825498.1655766931,779700
61004087,2050,21.61326549,-158.0934495,5926.372955,465.0467929,12.93037325,8.482244903,4.313894785,0,0,40.04106349,36.44071578,34.63232574,33.43357388,1733.4993574,10.208784769,139.722770403,366.1796414,659.795360708,0,0,0,0,1715700,3192900,4908600,RESIDENTIAL A,1,1,0.00588911944236986,3174097.0119,0.0806015703476026,2935545.8742,0.2112372524609509,2518441.3827,0.3806147131762415,1977634.3665000002,4651245.8741999995,2156758.187886635,2156758.187886635,779700
61004088,2050,21.61326471,-158.0938329,2641.937424,241.418906,15.47750296,10.64160629,5.871170579,0,0,58.78108528,51.01370326,46.26817557,42.59848427,2027.6881898,6.66708458754,162.712697177,453.357479679,812.708563321,0,0,0,0,2777100,3396800,6173900,RESIDENTIAL A,1,3,0.0032880225969051016,3385631.3216000004,0.08024542333259291,3124223.784,0.22358342962174904,2637333.2656,0.400805492387447,2035345.5759999997,5901323.784,2736412.723548241,2736412.723548241,779700
61004089,2075,21.61315495,-158.0940963,5058.618652,317.757633,19.26715259,13.98233164,8.782481295,0.174294006,0,70.71992003,69.7211691,66.87087632,40.40994597,2217.80754886,0,111.489156941,384.662391508,731.009888789,0,0,0,0,6929200,3531000,10460200,RESIDENTIAL A,1,1,0,3531000,0.05026998713134861,3353496.63,0.17344263784552658,2918572.767,0.3296092526895557,2367150.621,9847772.767,2180919.1148674083,2180919.1148674083,779700
61004090,2075,21.61302608,-158.0943453,6144.314636,351.0780138,18.34851827,13.21959711,8.231209883,0.057473254,0,46.78604193,45.86190915,43.75447277,24.06183197,2219.4058471,0.963927147455,125.393531649,396.700163087,729.449863945,0,0,0,0,7268000,3368100,10636100,RESIDENTIAL A,1,3,4.3431765700469846e-4,3366638.2446,0.056498693924252844,3177805.7181,0.17874160492338556,2766079.0698,0.32866898359222585,2261109.9411,10034079.0698,2222179.1019335575,2222179.1019335575,779700
61004093,2050,21.61250759,-158.0946653,6506.958572,452.4760649,16.42996807,11.1954446,6.087118025,0,0,44.92936287,44.12105175,27.35851982,23.78425918,2378.94441916,87.6110491664,176.982394306,331.775420677,538.68995508,0,0,0,0,2443500,3639200,6082700,RESIDENTIAL,1,1,0.03682769906719185,3505175.5424,0.07439534647408538,3368461.716,0.13946329220846157,3131666.2504,0.22644074856957366,2815135.9128,5811961.716,2694976.00378364,2694976.00378364,779700
61008005,2030,21.62469989,-158.0774287,3681.837997,382.2856001,10.77938547,5.875898187,1.706137004,0,0,119.1582682,93.65023232,87.39707228,33.44877912,513.472078972,2.34232504138,161.750832087,465.360705957,513.472078979,0,0,0,0,2254900,2474300,4729200,RESIDENTIAL A,1,3,0.004561737896380786,2463012.2434,0.31501388042526923,1694860.8598,0.9063018711527184,231836.96139999988,1.0000000000136327,0,4717912.2434,3951177.228262561,3951177.228262561,779700
61008006,2050,21.62443496,-158.0778824,2042.974487,181.0605126,11.95091291,7.96095265,4.844421647,0,0,189.5221687,163.9279084,157.6085381,29.56321622,711.84978848,0,18.272723848,279.098843154,628.267605845,0,0,0,0,1767700,1765000,3532700,RESIDENTIAL A,1,1,0,1765000,0.02566935348399473,1719694.2149999999,0.39207547388607744,1072987.625,0.8825845227636135,207237.4750000001,3487394.215,1617086.3099950405,1617086.3099950405,779700
61008008,2075,21.62418104,-158.0783292,2518.433487,200.1638971,14.46183744,11.17468662,8.955399045,4.034324006,0,190.9776929,186.9678737,180.0503932,73.40134378,602.993770834,0,1.23398118166,95.5401167808,261.500224813,0,0,0,0,1313000,1596500,2909500,RESIDENTIAL A,3,1,0,1596500,0.002046424426496615,1593233.561,0.15844295812319684,1343545.7505,0.43366986105232785,904145.845,2656545.7505,588327.0810431398,588327.0810431398,588327.0810431398
61008009,2100,21.62405496,-158.0784848,1775.988602,172.3159888,21.51718556,18.40450392,16.46684424,11.83492896,4.868287468,174.5333433,170.5145088,163.5365562,95.259862,756.401591271,0,0,22.2023013735,191.135665318,0,0,0,0,992300,1734900,2727200,RESIDENTIAL A,1,1,0,1734900,0,1734900,0.0293525312872398,1683975.4803000002,0.2526907234513218,1296506.3841,2288806.3841,242091.7437339952,242091.7437339952,242091.7437339952
61008010,2075,21.62400045,-158.0789118,193.8134918,55.68932836,12.83239735,10.17418346,8.983505872,5.277020348,0,136.6718097,132.6535222,125.6682691,120.7389256,870.134271122,0,0,0.0627558411967,139.831916901,0,0,0,0,1715000,2526100,4241100,RESIDENTIAL A,1,2,0,2526100,0,2526100,7.212201987605786e-5,2525918.1208,0.16070153945401194,2120150.6778,4240918.1208,939207.2312263465,939207.2312263465,779700
61008011,2100,21.62386746,-158.0789699,3127.265793,245.5770812,17.06883513,14.4430329,13.30250007,9.658017064,3.612335083,125.0768455,121.0758642,114.0743503,109.0733053,970.447682222,0,0,10.5416268315,155.336836357,0,0,0,0,7500,2523900,2531400,RESIDENTIAL A,1,2,0,2523900,0,2523900,0.010862643112674767,2496482.8743000003,0.160067192907639,2119906.8987000003,2127406.8987000003,225020.18926364195,225020.18926364195,225020.18926364195
61008013,2100,21.62369561,-158.0793929,3405.630814,258.771662,20.32802902,17.53507282,16.21735984,12.33621683,6.029338518,83.82536859,79.89654029,73.04014152,68.16082096,1314.55166137,0,0,0,114.709135287,0,0,0,0,2989200,2714900,5704100,RESIDENTIAL,1,2,0,2714900,0,2714900,0,2714900,0.08726103253138974,2477995.1111,5467195.111099999,578276.4356892605,578276.4356892605,578276.4356892605
61008014,2100,21.6237109,-158.07966,1617.687027,177.4739355,16.63305548,13.5900691,11.91519857,7.588812686,0.863056215,58.91827708,55.20610326,48.52606418,43.80258012,1500.38107451,0,0,0,146.155618897,0,0,0,0,1848100,2889600,4737700,RESIDENTIAL,1,3,0,2889600,0,2889600,0,2889600,0.09741233169362128,2608118.2848,4456218.2848000005,471343.34407702833,471343.34407702833,471343.34407702833
61008015,2100,0,0,3669.145004,343.923604,22.28410224,19.03817704,17.07361609,12.38555248,5.294873733,37.41099255,35.24125436,32.29745912,30.41692717,2519.05973608,0,5.0011000027,119.684977139,354.335787899,0,0,0,0,4099800,3562200,7662000,RESIDENTIAL,1,2,0,3562200,0.0019853042510545593,3555129.033,0.04751176616607199,3392952.7536,0.1406619235042019,3061133.8236,7160933.8236,757426.6517963919,757426.6517963919,757426.6517963919
61010001,2030,21.61701159,-158.087127,2913.82431,269.5608371,9.62556563,3.984831214,0,0,0,19.53162317,17.57763289,14.22370707,12.84802597,1129.72309521,164.533325543,452.61832312,913.67438181,1126.05638302,0,0,0,0,1280800,2141800,3422600,RESIDENTIAL A,1,1,0.14564040182998603,1829868.248,0.4006453661424567,1283698.539,0.8087595851443228,409597.83199999994,0.9967543266083992,6952.282799999938,3110668.2479999997,2605135.6854657247,2605135.6854657247,779700
61010002,2030,21.61683014,-158.087379,2849.080643,322.3271713,10.74763142,4.378994782,0,0,0,15.91618793,14.55584994,12.34811292,9.382687908,1020.27530468,131.574096853,337.111897106,662.110001556,1008.46839602,0,0,0,2.56578237355,1031500,2036800,3068300,RESIDENTIAL A,1,1,0.1289594056128478,1774136.3088,0.3304126793618043,1363814.8016,0.6489522960311823,715014.5664,0.9884277227863483,23569.849600000056,2805636.3087999998,2349676.2386000394,2349676.2386000394,779700
61010004,2030,21.61660607,-158.0878643,1501.85553,169.5702491,7.583648478,1.956108988,0,0,0,15.7611974,14.27506055,12.09669236,8.597431396,765.174474162,75.9618617119,159.50793579,303.413798163,489.884104985,0,0,0,0,884200,1899500,2783700,RESIDENTIAL,1,1,0.09927390977736357,1710929.037,0.20845956206875446,1503530.23,0.3965289073388017,1146293.1645,0.6402253623547869,683392.6124999999,2595129.037,2173379.7125501125,2173379.7125501125,779700
61010006,2075,21.61634696,-158.0881285,2292.269409,207.7817327,19.08537547,14.35115172,10.23348105,2.828622207,0,33.88424129,32.94224197,30.72146806,25.56594513,1698.79273773,58.883085633,170.323647268,379.428824445,665.468695562,0,0,0,0,1855800,2397400,4253200,RESIDENTIAL A,1,3,0.0346617243676719,2314301.3212,0.10026158193706067,2157031.8812,0.22335204055087327,1861935.9152,0.391730362852403,1458266.498,3717735.9151999997,823341.6340250083,823341.6340250083,779700
61010007,2050,21.61626957,-158.0883139,1378.978806,160.5581316,13.71372402,9.513013515,6.087708183,0,0,42.24690943,40.09425921,35.15693019,30.00182583,890.528184927,32.5000324707,81.5951058954,177.554495014,309.961616683,0,0,0,0,1437000,1966000,3403000,RESIDENTIAL A,1,3,0.03649523172965508,1894250.83,0.09162551761580534,1785863.284,0.19938110665026826,1574016.954,0.3480649146533287,1281704.21,3222863.284,1494424.7120459417,1494424.7120459417,779700
61010008,2050,21.61616693,-158.0884175,3111.963074,251.6118988,10.90573221,6.917985658,3.791833888,0,0,52.07033363,49.46630772,43.21610058,35.39290446,880.118205189,20.7219009194,63.5970677199,150.254274705,272.003723881,0,0,0,0,1353500,1982500,3336000,RESIDENTIAL A,1,2,0.023544452094307146,1935824.02,0.07225968892012967,1839244.55,0.17072056210078487,1644045.6175,0.30905362743018006,1369800.445,3192744.55,1480458.813893019,1480458.813893019,779700
61010009,2075,0,0,4490.133942,436.1156766,14.40861044,10.6745617,7.869130807,2.146219712,0,72.2234405,69.51988503,62.72589544,53.57768368,1930.14484376,12.8027606226,96.6212884993,272.49264822599997,520.935464713,0,0,0,0,2433400,2477900,4911300,RESIDENTIAL A,1,2,0.0066330569252303915,2461464.0893,0.050059086918615825,2353858.8039,0.14117730547888485,2128077.5117,0.26989449335739835,1809129.6574,4561477.511700001,1010199.3346801148,1010199.3346801148,779700
61010010,2075,21.61586206,-158.0887087,3331.403519,334.039454,13.64167878,10.03497307,7.391160804,1.906001986,0,95.04611716,92.15086124,84.96250891,75.04858777,974.42515395,0,28.4542222952,114.565060038,236.360987662,0,0,0,0,1015100,2032000,3047100,RESIDENTIAL,1,2,0,2032000,0.029201034250661444,1972663.568,0.11757194441624462,1793093.696,0.24256453838847458,1539107.92,2808193.696,621911.5179403444,621911.5179403444,621911.5179403444
61010011,2075,21.6157979,-158.0888657,2345.578842,194.6001825,12.36313076,8.750564391,6.101517676,0.666032324,0,110.2603878,107.3350012,100.0562688,89.96659433,924.867129611,0,21.2233216058,103.90531541,220.466006969,0,0,0,0,2054400,2005800,4060200,RESIDENTIAL A,1,1,0,2005800,0.022947427718321603,1959772.9074,0.11234620853451963,1780456.3931999998,0.23837587033904883,1527665.4192,3834856.3932,849279.5080251637,849279.5080251637,779700
61010012,2075,21.61568826,-158.0889583,1399.616302,163.6490783,14.73846744,11.08765651,8.390993493,2.920540565,0,127.4968755,124.5781493,117.3125062,107.228009,957.894258906,0,25.7383983897,113.211596833,235.735270748,0,0,0,0,0,1745400,1745400,RESIDENTIAL A,1,2,0,1745400,0.026869769967194007,1698501.1020000002,0.1181879897289474,1539114.6648000001,0.24609738345987223,1315862.2962,1539114.6648000001,340857.23461078963,340857.23461078963,340857.23461078963
61010013,2050,21.61559048,-158.0890657,1585.295197,182.0444758,11.23966095,7.506488,4.726119384,0,0,142.5548376,139.6146341,132.2877064,122.0945222,890.685086628,0,28.0076634164,111.25581221,227.596225229,0,0,0,0,2144700,1993300,4138000,RESIDENTIAL,2,2,0,1993300,0.03144507956502652,1930620.6815000002,0.12491037952728927,1744316.897,0.25552939938698777,1483954.0443,4075320.6815,1889704.7126326407,1889704.7126326407,779700
61010014,2075,21.61545035,-158.0891594,1945.349152,196.9428289,14.57397969,10.7068519,7.788357389,2.045458844,0,159.8947144,156.9722954,149.6902002,111.7060919,1799.68200815,4.82223543433,89.1634327082,266.406468126,511.121001568,0,0,0,0,2010200,2480000,4490200,RESIDENTIAL,1,3,0.0026794930507123655,2473356.08,0.04954399294120654,2357130.88,0.1480297446546432,2112885.6,0.2840062851400129,1775665.12,4123085.6,913111.6659603724,913111.6659603724,779700
61010015,2075,21.61523887,-158.0894136,1863.326874,190.1910663,13.50688678,9.407078154,6.255605644,0.119352984,0,194.3122851,191.3353939,183.9052044,80.18112943,1905.38020182,11.2387533839,110.051035743,300.739864463,562.634679137,0,0,0,0,1953200,2533700,4486900,RESIDENTIAL A,1,2,0.005898430860761993,2518756.2374,0.057758045159638144,2387358.5554,0.15783719394991946,2133788.3931,0.29528735451306626,1785531.3280999998,4086988.3931,905117.4635773379,905117.4635773379,779700
61010016,2075,21.61505956,-158.0896564,2127.121658,195.4607067,15.62152097,11.31355007,7.92323595,1.475214834,0,223.2809118,220.2906418,212.8238473,48.61849267,1940.90700838,0.0018811602829,74.4049516728,264.48293965,521.77045958,0,0,0,0,1851700,2552100,4403800,RESIDENTIAL A,1,2,9.692171107518086e-7,2552097.4479,0.03833514503866053,2454265.2465,0.1362677029389232,2204330.4372,0.2688281598897938,1866024.0611999999,4056030.4372,898261.4160854846,898261.4160854846,779700
61012001,2024,21.6311866,-158.0715961,3365.086685,245.3529728,4.823518607,0.033630612,0,0,0,6.683243199,5.763427,4.437319425,3.794828118,823.039273241,123.09355891,227.132675962,417.385086033,546.480028696,195.338459481,217.174043361,259.004584014,293.224023055,1091500,1945600,3037100,RESIDENTIAL A,1,1,0.14955976332122864,1654616.064,0.27596821117367465,1408676.6592,0.507126572939105,958933.7088,0.6639780706260189,653764.4032000001,2746116.0640000002,2746116.0640000002,2746116.0640000002,779700
61012002,2024,21.63098584,-158.0717596,1579.465286,174.7121293,5.841132901,0.333321715,0,0,0,3.919782895,3.919782895,3.393035814,3.393035814,983.747223422,165.841999487,314.195281203,563.541651701,681.381804838,305.771211283,319.888089501,332.946251459,339.591758877,831900,2036300,2868200,RESIDENTIAL A,1,1,0.16858192383010004,1693016.4734,0.31938619365049936,1385934.2882,0.5728520887110614,869801.4724,0.6926391136005334,625879.2043,2524916.4734,2524916.4734,2524916.4734,779700
61012004,2024,21.63047252,-158.0720859,1313.09964,151.7243419,2.797374882,0,0,0,0,8.289632379,7.418702382,5.184853069,3.329863393,528.623006983,92.0226341554,178.822077139,274.693159285,274.693159226,160.392429952,176.352086368,199.236677695,226.24463781,1139500,1784500,2924000,RESIDENTIAL A,1,1,0.17407988857806062,1473854.24,0.3382790282995585,1180841.1245,0.5196390540259513,857204.2045000001,0.5196390539143406,857204.2045000001,2613354.24,2613354.24,2613354.24,779700
61012005,2024,21.63033891,-158.0722083,699.8359985,110.4482908,2.047910289,0,0,0,0,8.063575751,7.031997527,5.863866457,4.303202271,526.815483778,89.9586922388,173.100235587,274.466640753,274.46664079,152.586684042,166.0162114,183.447657177,209.24344199,849400,1387400,2236800,RESIDENTIAL A,1,1,0.1707593930111374,1150488.9634,0.32857848889639774,931530.8827999999,0.5209919776554255,664575.6992,0.5209919777256589,664575.6992,1999888.9634,1999888.9634,1999888.9634,779700
61012006,2050,21.63020473,-158.0721837,1472.893356,160.8350437,12.636024280000001,6.778734213,1.428119554,0,0,18.62167086,17.96124935,16.74184861,15.35124471,535.241332375,88.8504818292,169.567235552,289.217668871,289.21766888,130.917090342,145.268352828,168.625141573,192.055979418,1207800,1498500,2706300,RESIDENTIAL A,1,1,0.1660007859164167,1249747.5015,0.3168051966382859,1023767.7075,0.5403500278793282,688785.525,0.5403500278961431,688785.525,2231567.7075,1034766.1798897797,1034766.1798897797,779700
61012007,2024,21.63003826,-158.0723832,4352.813522,426.4830354,5.411928934,0,0,0,0,13.00074385,12.19083429,10.4329373,9.066580372,1358.02054728,177.65091326,335.570518751,606.671945519,759.062878635,243.516082288,273.64116669,317.63406736,376.964530328,1209000,1731800,2940800,RESIDENTIAL A,3,1,0.13081607168302403,1505252.8512,0.24710268148970152,1303867.0246000001,0.4467325231080726,958147.7906,0.5589480071971948,763813.8536,2714252.8512,2714252.8512,2714252.8512,779700
61012008,2075,21.62952475,-158.0727136,2253.545578,205.9724639,18.85110405,13.74370109,9.38924373,1.728707502,0,29.79327416,29.14845147,25.84169748,21.95078865,608.80252202,81.3984827273,150.817679495,272.426794272,433.089305916,0,0,1.17326582438,18.2076293734,966900,1713400,2680300,RESIDENTIAL A,1,1,0.1337026043473354,1484313.2798,0.24772840788272135,1288942.8448,0.447479740011738,946687.768,0.7113789615703537,494523.22140000004,1913587.7680000002,423789.24046589545,423789.24046589545,423789.24046589545
61012009,2030,21.62913734,-158.0731756,1972.600311,182.6641929,7.509347779,2.793180118,0,0,0,19.78210676,19.05495903,16.82255012,14.31372627,743.97959199700006,70.0361886458,125.595677101,228.293655169,368.965649343,5.03576361351,11.4790561889,40.6447247292,77.6170854733,1140900,1912800,3053700,RESIDENTIAL A,1,1,0.09413724435344781,1732734.7464,0.16881602459534462,1589888.7552,0.30685472777043665,1325847.756,0.49593517525476394,964175.532,2873634.7464,2406623.8595691253,2406623.8595691253,779700
61012010,2030,21.62888827,-158.0733053,2558.779022,231.4127879,7.772291044,2.934854481,0,0,0,19.63853178,16.6391775,13.25197597,10.82201647,634.107245785,75.9075497027,137.818141423,249.1057627,398.4204009,0,0,0.312428835055,7.55658803472,885400,1716600,2602000,RESIDENTIAL,1,1,0.11970774692651463,1511109.2471999999,0.21734200695402323,1343510.7227999999,0.39284484502557104,1042242.273,0.6283170607943,638031.0377999999,2396509.2472,2007038.765526796,2007038.765526796,779700
61012012,2024,21.6257659,-158.0759774,3378.304581,319.411383,4.941440237,0.516737408,0,0,0,11.97820686,11.2497519,9.525196129,7.554078385,560.10044114,161.61405388,291.919308945,503.140832365,511.072078909,0,0,0,0.00445555278787,1377500,1575900,2953400,RESIDENTIAL A,1,1,0.2885447716324932,1121181.9345,0.5211909998693132,754555.1031000001,0.8983046528957068,160261.15049999996,0.9124650533550551,137946.40650000004,2498681.9345,2498681.9345,2498681.9345,779700
61012015,2030,21.62621338,-158.0755808,1316.884949,152.0595973,7.653282738,2.914735875,0,0,0,14.49584673,13.61280322,11.90254815,10.02269084,630.443110817,147.006501114,272.424048272,461.812696211,467.182683601,0,0.809432934728,24.0973319099,83.4476024401,888500,1609100,2497600,RESIDENTIAL A,2,2,0.2331796455408835,1233890.0620000002,0.4321151958008739,913783.7535,0.7325208068536596,430400.4589,0.7410386053637281,416694.1451,2122390.062,1777468.2634668448,1777468.2634668448,779700
61012017,2024,21.62660132,-158.0754329,1506.149414,157.1111754,3.205914588,0,0,0,0,9.750846185,8.440049993,6.893007801,5.080348093,1027.84303899,185.135261444,347.91211867,620.125295146,791.425372006,0.780576737118,16.8017641124,73.8118305222,137.712586714,2147600,1796400,3944000,RESIDENTIAL,2,2,0.1801201685676846,1472832.4319999998,0.33848759535490214,1188340.1568,0.6033268423507154,712583.3772000001,0.7699866049427999,413195.3532,3620432.432,3620432.432,3620432.432,779700
61012019,2050,21.62676069,-158.0752434,2344.264084,266.7112171,12.60980713,6.468085713,0.685359564,0,0,23.625115,22.96070189,21.69796146,20.62757196,1190.02911198,179.119002382,347.254109442,623.044154727,960.920411631,0,0,3.19448256571,10.9663796655,1192700,2675600,3868300,RESIDENTIAL A,1,1,0.15051648785631586,2272879.3904,0.2918030373763126,1894851.8931999998,0.5235537084385807,1274778.9176,0.8074763902474594,515117.21440000006,3087551.8932,1431681.533569611,1431681.533569611,779700
61012021,2050,21.62696786,-158.0750038,2426.016983,222.5359506,14.19638169,9.409249144,5.456838591,0,0,30.17910396,29.17881487,27.40498635,20.69646991,1356.36784041,170.7718338,342.42582368,604.483017595,943.427574673,0,0,0,0,2173800,2786900,4960700,RESIDENTIAL A,1,2,0.1259037767722209,2436018.1424,0.25245793469748756,2083324.7997999997,0.4456630418281505,1544881.7853000003,0.6955543670128765,848460.5573999999,4257124.799799999,1974006.3237149564,1974006.3237149564,779700
61012023,2030,21.62712066,-158.0747788,5474.583771,392.0745792,6.967033694,2.026066428,0,0,0,13.87721038,12.58713952,11.15181631,8.915765462,1004.24002741,158.916978403,290.521014515,529.194076588,833.243941643,0,0,0,1.04117675208,1546200,2551300,4097500,RESIDENTIAL,1,1,0.15824601097892618,2147566.9802,0.2892943983364938,1813224.2178000002,0.5269597527921943,1206866.952,0.8297258811640779,434420.0562000001,3693766.9802,3093471.6937754233,3093471.6937754233,779700
61012025,2030,21.62729899,-158.0745194,1030.060974,128.8724442,7.063483484,2.188016556,0,0,0,16.26320813,15.13256905,12.90499939,9.8609066,1125.82980948,200.179688368,356.994916915,564.110461396,626.051401877,0,0,4.06471613094,88.2379062326,1450000,2237500,3687500,RESIDENTIAL,1,1,0.17780634930998968,1839659.075,0.3170949231481882,1527999.9375,0.5010619337362832,1116373.775,0.5560799657331524,993271,3289659.075,2755037.6851690128,2755037.6851690128,779700
61012032,2030,21.62942516,-158.0729434,4033.586639,313.2808309,8.683660067,3.454957083,0,0,0,15.31097276,14.47652121,12.09981676,9.540963265,1629.60052984,158.281210836,291.384606195,527.318179662,841.891618816,175.094899189,209.286664429,266.013444096,332.363232921,1294500,2959900,4254400,RESIDENTIAL A,1,1,0.09712884104888002,2672407.8729,0.17880738307296032,2430649.1607000004,0.3235873884465256,2002114.8386999997,0.5166245367499113,1430741.6625,3966907.8729,3322222.8912681923,3322222.8912681923,779700
61012033,2050,21.62876181,-158.073358,2071.29837,195.3980114,14.10658447,9.09255946,4.921489801,0,0,19.57214643,18.57961492,16.30822609,14.505030379999999,664.156772105,20.2411225521,39.1784344705,77.3562894423,137.188836655,0.478631197341,5.11735243894,30.2345184031,60.6590762808,1471600,1857500,3329100,RESIDENTIAL A,1,1,0.030476422739690104,1800890.83,0.05898973874244571,1747926.075,0.11647293634773077,1641151.4024999999,0.206560924192927,1473812.9425000001,3219526.075,1492877.2658282816,1492877.2658282816,779700
61012034,2050,21.62921853,-158.073001,3013.659836,252.0383974,13.91717948,8.956667473,4.913989038,0,0,23.85786283,22.64575336,20.66052172,19.04784206,791.622544522,76.1220660438,137.903304221,250.624690977,403.890995524,0.971926923245,5.23938601906,19.3243131181,48.0907998042,1121200,1871600,2992800,RESIDENTIAL,1,1,0.09615954796962518,1691626.944,0.17420335635371428,1545561.6652,0.3165962019542192,1279058.9264,0.5102065350701688,916696.5788,2666761.6651999997,1236563.323488365,1236563.323488365,779700
61012035,2024,0,0,2302.086014,258.184073,2.010807431,0,0,0,0,16.56395003,14.6942614,11.81402966,9.705348172,638.321245208,72.9084204405,130.976874088,237.540645092,382.688968548,0,0,0,0,2371600,1839000,4210600,RESIDENTIAL,1,1,0.11421900960971844,1628951.259,0.20518958920961583,1461655.59,0.37213338405272134,1154647.413,0.5995240976560304,736475.3640000001,4000551.259,4000551.259,4000551.259,779700
61012036,2100,21.62963248,-158.0725752,1635.27034,168.5012363,28.45239444,23.28564251,18.89821715,11.22116129,1.124157686,38.69455919,37.96226087,35.35476123,32.97429098,470.570264587,0,0,81.7702133708,364.466382561,0,0,0,0,301800,853100,1154900,RESIDENTIAL A,1,1,0,853100,0,853100,0.17376833923530277,704858.5192,0.7745206401447338,192356.13489999998,494156.13489999995,52267.907502291186,52267.907502291186,52267.907502291186
61012037,2024,21.62976916,-158.0727705,1005.233032,147.0792243,2.941355516,0,0,0,0,13.64463208,12.83973148,10.38919188,8.260305591,738.669947492,162.453360404,301.58155423,463.663315467,502.839556023,0,0,0.204590060174,27.2984655421,934200,1863100,2797300,RESIDENTIAL A,1,1,0.2199268576656957,1453354.0063,0.4082764640066343,1102440.9844,0.6277002564423695,693632.1299999999,0.6807364476249331,594820.7583999999,2387554.0063,2387554.0063,2387554.0063,779700
61012038,2050,21.62987769,-158.0724644,2150.124466,223.5918938,12.59399673,7.203536614,2.504805553,0,0,22.98431823,22.1168279,20.75032019,18.51697073,581.128563318,82.7355340028,154.670900309,279.053101138,436.294711656,0,0,0,4.60965342923,872700,1701900,2574600,RESIDENTIAL A,1,1,0.14237044816798342,1459600.497,0.26615607986276585,1248929.1035999998,0.4801916800384479,884661.2352000001,0.7507714113464677,424162.8351000001,2121629.1036,983788.2289193996,983788.2289193996,779700
61012039,2024,21.63057856,-158.0720121,1692.084991,174.7776063,2.412923569,0,0,0,0,7.47208089,6.542394354,4.657851747,2.476425985,528.623008632,93.8042305274,183.374483547,273.46593418,273.465934197,164.869231993,181.310457405,210.135901181,246.818861855,1065400,1673000,2738400,RESIDENTIAL,1,1,0.17745014688284527,1376126.15,0.3468908476412078,1092651.3569999998,0.517317501725266,807526.98600000015,0.5173175017574251,807526.98600000015,2441526.15,2441526.15,2441526.15,779700
66006010,2024,21.59016688,-158.1109453,1657.745163,184.1474988,0.725980838,0,0,0,0,14.70498007,14.00071764,13.29035562,11.95192108,2430.14564098,114.344211594,116.748177122,212.24865097,411.928110912,0,0,0,0,312400,2168500,2480900,RESIDENTIAL,1,3,0.04705241104310466,2066467.7380000001,0.048041637979738205,2064320.923,0.0873398891781675,1979103.21,0.16950758175377614,1800921.902,2378867.738,2378867.738,2378867.738,779700
66030029,2024,21.58895679,-158.1160084,2499.211746,226.4227431,4.750820515,0.542159356,0,0,0,17.8030853,16.85422189,15.58568631,13.69439552,1243.60804598,121.097225289,201.880042384,327.277849076,468.539980213,90.451002135,119.587482891,170.614311918,239.121277975,504100,1556400,2060500,RESIDENTIAL,1,1,0.09737571711637792,1404843.9936,0.16233413979314723,1303743.3624,0.2631680054933187,1146805.3247999998,0.3767585628989531,970012.2923999999,1908943.9936,1908943.9936,1908943.9936,779700
66030031,2024,21.58896987,-158.115818,2272.867477,209.6922844,5.734456407,1.757488662,0,0,0,17.98390186,16.98360523,15.72654175,13.9826879,750.710896325,76.6445230808,126.646224843,212.537997778,321.350519344,3.0367878349,12.6107380223,35.7826574019,77.4450138744,497100,1467900,1965000,RESIDENTIAL,1,1,0.10209592461758916,1318033.2816,0.16870172720681004,1220262.3342,0.2831156425442204,1052314.0236000002,0.4280616158858576,839547.7902,1815133.2816,1815133.2816,1815133.2816,779700
66030034,2030,21.58894882,-158.1154761,1954.682739,225.0839552,7.014739531,3.115528134,0.510199604,0,0,16.52955629,15.53128672,14.5289373,12.53296591,660.767790924,62.717321292,104.631357125,181.459870201,286.939848553,33.7641415352,49.6964632325,65.6247730588,92.0895947818,496900,1389500,1886400,RESIDENTIAL A,1,1,0.09491582694171243,1257614.218,0.15834814977692285,1169475.4540000001,0.274619726768539,1007915.51,0.43425217223701384,786106.8459999999,1754514.218,1469378.035702633,1469378.035702633,779700
66030035,2050,21.58895154,-158.1153221,2399.608704,208.7501624,9.966029468,6.285657194,3.88463001,0,0,17.91978949,17.13199537,15.71035866,14.22563951,647.492270615,58.984026719,97.6906734828,169.638334869,269.160258954,24.191155741,37.453332346,58.7164949066,82.220280211,429800,1477600,1907400,RESIDENTIAL,1,1,0.09109610939907574,1342996.5504,0.1508754280418075,1254667.1,0.26199283384166794,1090479.1432,0.4156964819029371,863367.5903999999,1684467.1,781078.5128136273,781078.5128136273,779700
66030036,2050,21.58894294,-158.1151899,2556.417694,227.2028461,9.494642388,6.157033418,4.256410721,0,0,19.41202265,18.67511673,17.45860432,15.80272873,690.824434556,57.9689188456,93.2036029709,160.827062874,254.662541534,16.8284498665,29.04594344,50.9487950706,80.5284289607,664000,1500100,2164100,RESIDENTIAL,1,1,0.08391266426882718,1374222.1087,0.1349164828409738,1297712.5084,0.23280453734582393,1150869.2195,0.36863568917864675,947109.1364000001,1961712.5084,909635.7468952419,909635.7468952419,779700
66030039,2075,21.58890329,-158.1147683,2637.295273,269.2100673,8.789559039,6.739426478,6.296186602,4.133065629,0.265804672,37.54371371,31.28637468,20.30705883,19.1087701,766.520732822,35.7399588008,42.0575327615,75.1424037327,138.373232051,0,0,0.278490503652,11.6494207708,476400,1534200,2010600,RESIDENTIAL A,1,1,0.046626212795602834,1462666.3908,0.05486809548733566,1450021.5144,0.09803049091191306,1383802.3739999998,0.180521186350132,1257244.6818000001,1860202.3739999998,411966.34111757943,411966.34111757943,411966.34111757943
66030040,2100,21.5889221,-158.1145839,2077.618179,182.3511763,8.965369026,7.525971826,7.962058373,6.75259691,3.475154073,47.48989442,44.50264926,28.36869776,22.47490318,799.108984834,29.9744446504,27.9966294342,50.9314687242,104.25613789,0,0,0,0,539900,1529500,2069400,RESIDENTIAL A,2,2,0.03750983310070857,1472128.4549999998,0.035034807473746245,1475913.9675,0.06373532232875603,1432017.3175000001,0.13046548076500136,1329953.7825,1869853.7825,197778.26813036963,197778.26813036963,197778.26813036963
66031007,2100,21.58866448,-158.1129696,2587.293655,232.1579794,8.070052024,6.666342984,7.263585859,6.526584836,4.060879781,22.88056838,21.71697062,20.31993856,18.56567754,701.716526558,21.4124384112,12.1236489856,23.2099349092,60.8374396128,0,0,0.250852055111,14.5330066808,457900,1435000,1892900,RESIDENTIAL A,1,1,0.030514370975742104,1391212.41,0.017277131899782788,1410207.5050000001,0.03307594168124754,1387535.94,0.08669802877696868,1310588.37,1768488.37,187056.64063189944,187056.64063189944,187056.64063189944
66031008,2100,21.58869796,-158.1128357,2866.69429,267.8654069,9.197973359,7.7580568,8.283111717,7.473092465,4.961580251,22.24529631,21.28979243,19.79459965,17.85238075,714.409670708,21.0246719044,13.5326458217,25.4921875698,62.4421058156,9.0679693507e-4,3.96769960731,21.431541881,45.8513345398,474800,1512100,1986900,RESIDENTIAL,1,1,0.02942943351195675,1467600.4091,0.018942416902459857,1483457.8018,0.035682870228417436,1458143.7357,0.08740378017800084,1379936.4116,1854736.4116,196179.27281679545,196179.27281679545,196179.27281679545
66031009,2100,21.58876072,-158.1126941,2540.678482,216.1428077,10.59662576,9.039688723,9.476250924,8.514440897,5.810482933,22.97299499,21.71063654,20.44177355,18.54292793,773.182539885,22.4678056338,15.5267288239,29.0484830081,68.7361130554,5.87298215893,20.6189924476,39.1492416921,66.6036587778,979900,1532600,2512500,RESIDENTIAL,1,2,0.02905886317239105,1488064.1766000001,0.020081582321051096,1501822.3268,0.03757001938044353,1475020.218,0.08890023960657922,1396351.86,2376251.8600000003,251341.03099976998,251341.03099976998,251341.03099976998
67013001,2100,21.58203568,-158.1323439,4302.245468,325.2705881,25.11112032,20.29427302,16.05951823,9.099459951,0.388087134,35.64926435,34.85821289,33.51088254,31.18013393,3540.45513735,153.341504826,290.141639858,510.95776413,784.112011854,0,0,0,0,834300,2496100,3330400,RESIDENTIAL,2,3,0.04331124075216352,2387991.4129,0.08195037886433114,2291544.605,0.14431979627129168,2135862.8479999998,0.2214720936814076,1943283.7408,2777583.7408,293790.7268385556,293790.7268385556,293790.7268385556
67013002,2075,21.58221277,-158.1327368,3693.216461,252.2461052,15.73628552,10.67159154,6.146521352,0,0,26.98043096,26.32503453,25.08386452,21.25655953,1189.07148493,0,24.3856125532,140.676316764,283.784693876,0,0,0,0,942500,1513800,2456300,RESIDENTIAL A,2,1,0,1513800,0.020508113147323155,1482754.9896,0.1183077035711453,1334705.3496,0.23866075124382136,1152514.9782,2277205.3496000003,504317.1479406415,504317.1479406415,504317.1479406415
67013003,2050,21.58231148,-158.1329494,3275.153793,252.4441444,15.05117684,9.921364267,5.330900633,0,0,24.98236902,24.46394559,23.31117074,19.1930752,4272.19259065,167.508681942,316.988647735,555.879236185,850.293851099,0,0,0,26.5925990302,1979700,2846200,4825900,RESIDENTIAL,1,3,0.03920906616162501,2734603.3441999997,0.07419811747924294,2635017.6524,0.13011567816525443,2475863.8408,0.19902985014297556,2279720.814,4614717.6524,2139820.244035271,2139820.244035271,779700
67013004,2075,21.58235065,-158.1332745,3945.756454,412.2916577,16.31369241,11.12586467,6.474906989,0,0,24.277420330000002,23.90730796,22.62658293,19.87310484,4522.61832678,165.210889572,313.526800441,550.538801047,842.774660055,0,0,0,36.7849137515,644400,2728900,3373300,RESIDENTIAL,2,1,0.036529920863259395,2629213.2830000003,0.06932417855924267,2539721.7364000003,0.12173010439264084,2396711.003,0.1863466247117599,2220377.6717,3041111.003,673494.1264182702,673494.1264182702,673494.1264182702
67013020,2100,21.58290488,-158.1347189,1307.323349,152.2013343,34.90845957,28.29896158,21.78566041,11.57012904,0,44.63819649,43.81784251,39.69050867,37.85456846,1104.21974365,141.52370049,282.186799745,484.331429448,713.365926121,0,0,0,0,1724300,1697100,3421400,RESIDENTIAL,1,2,0.1281662470752363,1479589.4814,0.2555531191755647,1263401.0037000002,0.4386187008819836,952719.6951,0.6460361990657474,600712.3043999999,2325012.3044,245921.3181531384,245921.3181531384,245921.3181531384
67013022,2030,21.5829144,-158.1343646,1749.533783,167.3291956,11.71298893,5.848524464,0.351540387,0,0,20.97380937,20.37397775,18.78015035,15.19346552,719.524683317,136.368710002,278.931286347,471.03567193,662.286248955,0,0,0,0,652700,1542000,2194700,RESIDENTIAL,1,1,0.18952610405711434,1249750.908,0.3876604831138387,944228.28,0.6546483850401508,532532.784,0.9204496583798466,122666.10000000002,1902450.908,1593272.6845635232,1593272.6845635232,779700
67013023,2030,21.58283429,-158.1341938,2354.313843,194.0880524,10.49190516,4.893693563,0,0,0,18.35731376,17.60200718,16.56925469,13.46202974,765.71154492,92.4051584634,211.162100194,393.299663936,610.581543054,0,0,0,0,845500,1553100,2398600,RESIDENTIAL A,1,1,0.1206788105474553,1365673.4451000001,0.2757723866055354,1124798.5067999999,0.5136394593307211,755367.2691,0.7974041231385538,314651.8476,2211173.4451,1851822.9490682087,1851822.9490682087,779700
67013024,2030,21.58275028,-158.1340375,3201.400131,286.742901,6.633768402,1.184597005,0,0,0,14.38533283,13.80033111,12.6478182,9.501658671,705.661382049,69.7139926616,161.84653642,306.267652613,482.171096601,0,0,0,0,1095900,1583100,2679000,RESIDENTIAL,1,1,0.0987924157889643,1426702.3848000001,0.22935439084118908,1220009.6826,0.43401503951329057,896010.8535,0.6832896185999856,501383.6010000001,2522602.3848,2112639.7831426417,2112639.7831426417,779700
67013025,2030,21.58268322,-158.13385,2576.093704,211.380616,10.2924151,5.001132932,0.206455852,0,0,19.02798455,18.18368462,17.22406784,14.68791358,973.061044957,89.1774739901,182.356759303,346.565069772,575.517859451,0,0,0,0,1186600,1618200,2804800,RESIDENTIAL,1,1,0.09164633036362152,1469898.4428,0.1874052612095456,1314941.2289999998,0.3561596382550849,1041861.8879999999,0.5914509294495829,661113.9918000001,2656498.4428000003,2224775.623749643,2224775.623749643,779700
67014018,2075,21.58210247,-158.1312209,2407.944717,213.04952,13.41991093,10.493228,8.688033636,4.78836876,0,35.84086496,31.88604083,22.62903724,18.59985725,951.115847402,58.1732780121,91.5432248557,167.15881879,277.629791979,0,0,7.00460270668,100.288779037,781000,1521800,2302800,RESIDENTIAL,1,1,0.0611631886599324,1428722.1466,0.0962482384304214,1375329.7936,0.17575021933090387,1254343.6500000001,0.2918990286381556,1077588.1018,2035343.6500000001,450753.68579623115,450753.68579623115,450753.68579623115
67014019,2075,21.58203958,-158.1318151,2388.620148,244.7053483,16.16844838,12.55656796,9.914417322,4.625486282,0,28.46397934,27.50672206,25.65732709,21.67850668,2651.88455178,101.296242448,182.416619499,323.921863422,507.07720754,0,0,0,0,642200,2213800,2856000,RESIDENTIAL A,1,1,0.03819783269977113,2129237.2676,0.06878754181684048,2061517.1256000001,0.12214779983712976,1943388.7576,0.19121390755854709,1790490.4468,2585588.7576,572612.719449857,572612.719449857,572612.719449857
67014025,2075,21.58208687,-158.1316368,3341.284134,237.9413534,12.29609416,8.918031857,6.593662281,2.123124629,0,25.21999519,24.21972536,22.23049806,18.21792157,1049.39129553,74.1449251851,125.564809547,225.078388662,361.346168136,0,0,0,14.1637566461,1093100,1466600,2559700,RESIDENTIAL A,1,1,0.07065517457685101,1362977.3769999999,0.11965489906563681,1291113.977,0.21448471091836446,1152036.2989999999,0.344338827351813,961592.4226,2245136.2989999996,497215.0338785095,497215.0338785095,497215.0338785095
67014026,2075,21.58208055,-158.1314013,4019.379074,317.4054716,12.09001501,9.130623398,7.341002489,3.530178461,0,25.4374485,24.37829232,21.55269831,16.44525166,1057.78474942,61.1707034293,97.3081571689,176.367378908,290.316556267,0,0,0,100.433060918,1207500,1553100,2760600,RESIDENTIAL A,1,1,0.05782906537728102,1463285.7800999999,0.0919923994198778,1410227.2248,0.16673276770600542,1294146.9777,0.2744571203415299,1126840.8333,2501646.9776999997,554022.7055805917,554022.7055805917,554022.7055805917
67014027,2050,21.58213108,-158.1310364,2990.33255,245.6919357,9.743363836,6.83820856,5.00742935,1.066643628,0,49.51941087,44.62519422,24.4703068,16.08184185,960.371605446,64.0060644546,105.887635515,192.530159647,314.856412746,0,0,0,50.7116094709,780300,1516100,2296400,RESIDENTIAL A,1,1,0.0666471854141037,1415056.4833,0.11025694107837081,1348939.3623,0.20047464809998033,1212159.8525,0.3278485233846325,1019048.1310999999,2129239.3623,987317.0657530326,987317.0657530326,779700
67014028,2050,21.58213191,-158.1308305,3535.710999,268.773943,10.40876167,7.072546049,4.672977295,0.078688154,0,51.06810372,48.19474595,41.64664319,25.01536476,905.448311961,67.2194764655,115.455734218,208.504336061,336.105984316,0,0,0,0,1025600,1534700,2560300,RESIDENTIAL,1,1,0.07423888871129213,1420765.4067000002,0.12751223089471395,1339007.3336,0.23027745847736567,1181293.8880999999,0.37120394380996646,965013.2212,2364607.3336,1096455.9530527396,1096455.9530527396,779700
67014029,2075,21.58211995,-158.130638,3306.860138,250.4048626,12.78040097,9.606934951,7.582977619,3.410460599,0,37.47210498,35.26790903,31.62479922,21.57747488,808.472606566,64.7311971712,112.561486857,205.756053018,333.729514934,0,0,0,0,914900,1541700,2456600,RESIDENTIAL A,1,1,0.08006603643152087,1418262.2478,0.13922733552483205,1327053.7341,0.2544997212607512,1149337.35,0.4127901331765851,905301.657,2064237.35,457152.5766033391,457152.5766033391,457152.5766033391
67014030,2075,21.58212582,-158.1304373,2336.30661,223.5561393,11.10079594,8.543547723,7.346039674,4.175506015,0,25.377185,25.32708466,23.21892702,17.12609093,715.250258561,37.4241099848,71.6324374959,153.451250821,276.108432979,0,0,0,0,831400,1431600,2263000,RESIDENTIAL,1,1,0.052323098855067786,1356694.3932,0.10015017350712477,1288225.26,0.21454204173197505,1124461.6728,0.38603052522413334,878958.0204,1955861.6728,433151.3540340877,433151.3540340877,433151.3540340877
67014031,2100,21.58203995,-158.1302054,3799.674118,276.9029221,9.141959744,7.777158504,8.224197516,7.139205763,4.264181236,1.809006919,1.809007369,1.809008951,1.809029152,743.671831135,14.3615778987,19.1123604285,55.2713438977,130.473528639,0,0,0,0,855700,1477200,2332900,RESIDENTIAL A,1,1,0.019311714250062697,1448672.3136,0.025699992427211486,1439235.96,0.07432222330291073,1367411.5416,0.17544503257555133,1218032.646,2073732.646,219342.953513152,219342.953513152,219342.953513152
67015038,2100,21.58251803,-158.1242742,4526.811386,326.7812047,29.58501078,24.77737031,20.78872393,14.20569535,5.804142887,33.82479437,32.97337958,32.0737832,31.65595238,720.67562452,0,0,0,0,0,0,0,0,873900,908700,1782600,RESIDENTIAL,1,1,0,908700,0,908700,0,908700,0,908700,1782600,188549.25666852077,188549.25666852077,188549.25666852077
67015039,2030,21.5827537,-158.1242101,2508.131958,212.1612265,8.113853454,3.37411949,0,0,0,11.13885955,11.02431721,10.02400886,9.023762693,958.135497381,105.819377784,177.793160612,298.085934015,453.604317014,203.288892073,219.543597622,243.439275182,275.48196066,960500,1311600,2272100,RESIDENTIAL A,2,1,0.11044301987897355,1166742.9612,0.18556160490659812,1068216.8808,0.3111104168771517,903548.124,0.47342397631013294,690657.0815999999,2127242.9612,1781532.4901461175,1781532.4901461175,779700
67015040,2024,21.58278637,-158.1244341,2638.267517,244.765002,0.502355982,0,0,0,0,5.386906572,5.345407604,4.345129088,3.344842988,911.764107551,112.488154221,205.472696027,357.95505146,550.714158729,165.047716255,184.059083308,204.199767768,229.120313018,484500,1268200,1752700,RESIDENTIAL A,1,1,0.12337418559186693,1111737.0932,0.22535729836843438,982402.2526,0.3925961205266874,770309.7528,0.6040094736874642,502195.7862,1596237.0932,1596237.0932,1596237.0932,779700
67015042,2030,21.58268113,-158.1246436,1575.081573,166.9568327,9.907554282,5.219633736,1.384833652,0,0,17.88885608,16.94904712,16.01659741,14.99426732,813.267472706,84.4639578589,152.983477112,266.7671071,412.092685016,25.4926438486,42.2143518172,61.1214948905,83.0238086332,329100,1350300,1679400,RESIDENTIAL A,1,1,0.10385753850189225,1210060.5426,0.1881096714749641,1096295.067,0.3280189065134756,907375.9443,0.5067123656683776,666086.7864,1539160.5426,1289022.722936171,1289022.722936171,779700
67015043,2024,21.58266966,-158.1248228,3402.682526,263.9884886,4.521164943,0,0,0,0,9.942178379,9.699703142,8.720586142,7.566439538,797.6574033,78.3707717312,140.050356339,245.684595593,384.4530248,1.25368832954,10.3565117773,27.228445235,48.4076512874,1089000,1335800,2424800,RESIDENTIAL A,1,1,0.09825116824211891,1204556.3142000001,0.1755770782789649,1101264.2434,0.30800766667064666,924362.9136,0.48197763000690996,691973.7875999999,2293556.3142,2293556.3142,2293556.3142,779700
67015046,2100,21.58253483,-158.1250639,988.5318604,130.021426,19.10762559,15.13989914,12.24507587,7.016443975,0,23.16852276,22.49803497,21.55057095,20.05188779,1005.9420822,95.6037038831,166.255157864,290.494973631,455.435599436,43.1911394691,60.0486299345,80.4619586548,108.313593536,506100,979400,1485500,RESIDENTIAL A,2,2,0.09503897448450935,886318.8034,0.16527309156845216,817531.6238,0.28877902492724644,696569.8474,0.4527453493544681,535981.547,1042081.547,110223.10169125558,110223.10169125558,110223.10169125558
67015049,2024,21.58259773,-158.1252507,2301.963455,207.0177833,4.19684028,0.422608642,0,0,0,8.384828055,7.514797034,6.536428504,5.371465487,921.328214162,91.0705436017,153.232523578,268.590165145,426.258401361,92.1925195935,106.930615749,134.66940683,168.40471265,484100,813400,1297500,RESIDENTIAL A,2,1,0.09884701477912927,732997.8502,0.16631697718860552,678117.7522,0.2915249538833432,576273.565,0.46265640714010486,437075.6096,1217097.8502,1217097.8502,1217097.8502,779700
67015050,2024,21.58253072,-158.1255185,3086.298584,275.5756202,5.883798346,2.445704282,0.258374286,0,0,10.35404161,10.00826118,9.009672429,7.442425957,1111.01931396,94.3841563444,151.735280852,268.394785811,434.545765218,102.190606432,124.164894754,153.377484529,186.589923974,781900,1532700,2314600,RESIDENTIAL A,1,1,0.08495275928911358,1402492.5369,0.1365730360808677,1323374.5629,0.2415752655589415,1162437.9975,0.39112350231712073,933224.2452,2184392.5368999997,2184392.5368999997,2184392.5368999997,779700
67015053,2030,21.5824891,-158.1257997,1724.555954,186.5842714,7.44203655,4.651846323,3.23814896,0,0,13.79996369,12.79965485,11.79929293,10.79901498,917.388722229,76.3342914729,111.825779408,202.256818431,341.427232967,4.94686358398,13.3120958549,27.8017615107,59.4165748613,457400,1350800,1808200,RESIDENTIAL A,1,1,0.08320822964493052,1238402.6336,0.1218957424463366,1186142.8832,0.22047013826327846,1052989.124,0.37217291284922993,848068.7116,1695802.6336,1420208.0080826792,1420208.0080826792,779700
67015054,2100,21.58245428,-158.1260594,1676.306168,167.5887362,12.04148468,9.740561862,8.863295868,6.159519738,1.754640506,19.18617561,18.28621778,17.28739494,16.18523503,917.392634154,36.340427316,46.2858988962,86.6583396736,155.777774926,0,0,0,3.47276822478,520000,1402200,1922200,RESIDENTIAL A,1,2,0.03961273064887029,1346654.6514,0.050453750306033225,1331453.4012,0.09446156034761984,1269745.3835999998,0.16980491136126785,1164099.429,1684099.429,178130.6493289747,178130.6493289747,178130.6493289747
67015055,2100,21.5824159,-158.1262679,2170.566238,202.1256779,13.44866407,11.62685286,11.32441627,9.368470942,5.82083283,21.09581065,20.16071266,19.16111578,17.23302282,887.494215071,25.8275771914,23.6749199832,48.2401229022,100.418282096,0,0,0,0,560500,1399900,1960400,RESIDENTIAL A,1,1,0.029101685118402467,1359160.1102,0.026676140059466183,1362556.2676,0.054355422359953935,1323808.4355,0.11314809763347751,1241504.1147999999,1802004.1147999999,190601.669673037,190601.669673037,190601.669673037
67015056,2100,21.58250109,-158.1264307,1735.757141,174.003899,8.747246025,7.47937576,7.850686052,6.752231697,4.137898092,16.32967359,15.75251628,14.79109513,13.23393259,1002.95426128,8.8183381644,1.88859786998,6.4437909081700004,27.1826567161,0,0,0,0,474200,1416200,1890400,RESIDENTIAL,1,1,0.008792363226161256,1403748.7696,0.001883034892906996,1413533.2954,0.0064248103397519275,1407100.915,0.027102588588046563,1377816.7314,1852016.7314,195891.60666618057,195891.60666618057,195891.60666618057
68004001,2075,21.58036032,-158.1559198,2647.60994,239.596401,13.26898769,9.543480134,6.640170506,1.616245277,0,26.19042642,25.36290994,24.26010097,22.34583306,5174.4013605,234.073520688,415.410853596,729.102247805,1141.04237937,0,0,0,0,1475100,3352300,4827400,RESIDENTIAL A,1,2,0.04523683115787168,3200652.0049,0.08028191565639567,3083170.6514000003,0.14090562308729512,2879940.8162000002,0.22051679022822102,2613060.8609,4355040.8162,964481.2067461811,964481.2067461811,779700
68004005,2075,21.58043452,-158.1547118,2025.326736,214.620337,20.77596846,16.16283069,12.23153429,5.664756285,0,28.34479594,27.16463554,26.16608408,25.16767414,1908.72644762,0,69.7539061817,216.070721088,399.421826939,0,0,0,0,1747100,2097400,3844500,RESIDENTIAL A,1,3,0,2097400,0.03654473707779157,2020750.517,0.11320151264075562,1859970.1252,0.2092609066307228,1658495.9786,3607070.1251999997,798833.2357827498,798833.2357827498,779700
68004011,2075,21.58024164,-158.1532246,1329.38562,154.727925,17.81589876,13.71865026,10.61018384,5.299343646,0,25.09455148,24.35279995,23.36642773,21.69411337,1069.79708467,0,9.66289244492,111.494398088,273.194773789,0,0,0,0,920100,1808500,2728600,RESIDENTIAL A,2,3,0,1808500,0.009032453521688844,1792165.628,0.10422013640315037,1620018.1300000001,0.2553706471104025,1346661.5465,2540118.13,562542.6494711741,562542.6494711741,562542.6494711741
68004012,2050,21.58024388,-158.1530248,1529.237076,153.5655432,13.31732123,8.869838498,5.367924571,0,0,19.77483533,18.78459342,17.59951932,16.28711504,920.222233268,3.91612832534,72.2797198122,202.676178483,374.454245619,0,0,0,0,1085400,1757000,2842400,RESIDENTIAL A,1,1,0.0042556332413666974,1749522.2079999999,0.07854593944716144,1618994.678,0.22024699160248806,1370026.021,0.40691719030651397,1042046.831,2704394.6780000003,1254013.5531013508,1254013.5531013508,779700
68004013,2075,21.58017296,-158.1528225,2495.316757,214.8740537,18.45444845,13.90163247,10.27312613,4.144465051,0,24.46841953,24.46845081,23.46815213,21.92071414,698.029438655,20.2915406911,88.3602189204,203.269464731,352.56080452,0,0,0,0,1744600,1680500,3425100,RESIDENTIAL A,1,1,0.029069749164446147,1631647.865,0.1265852326954249,1467773.9075,0.29120471641234835,1191129.9975,0.5050801370201989,831713.06,2935729.9975,650156.1133795197,650156.1133795197,650156.1133795197
68004014,2075,0,0,2388.431854,213.5681669,14.55010813,10.01904335,6.414983377,0.293822523,0,21.13310276,20.50858122,19.49767362,18.27376578,643.023625788,35.5706375861,102.587723773,215.6457174,362.500310174,0,0,0,0,1184200,1661500,2845700,RESIDENTIAL A,1,1,0.05531777707624598,1569589.143,0.15953958712991734,1396424.29,0.3353620438685044,1104296.037,0.5637433768156966,724841.0055,2288496.037,506817.6195247511,506817.6195247511,506817.6195247511
68004015,2030,21.58023965,-158.1524849,2623.212112,264.9472843,8.392110367,3.961652651,0.512350202,0,0,15.23053486,14.8236082,13.53385272,12.24399862,597.972140783,38.7598034376,103.139098915,212.637163004,355.769958663,0,0,0,0,1055900,1646100,2702000,RESIDENTIAL,1,1,0.06481874454359517,1539401.4441,0.17248144500502488,1362179.0259,0.3555971064564437,1060751.7783000001,0.5949607588693777,666734.6979,2595301.4441,2173524.100782103,2173524.100782103,779700
68004017,2075,21.58028417,-158.151829,1344.347061,149.2420416,15.30481986,10.65308405,6.862989903,0.443222764,0,22.78501884,21.85897295,19.11063127,15.20051883,449.265961587,37.9117164859,94.2361918708,188.748226047,310.58989732,0,0,0,0,1040300,1023900,2064200,RESIDENTIAL A,2,1,0.08438590885447801,937497.1746,0.20975591281813866,809130.8315999999,0.4201258100664033,593732.9886,0.6913274627413644,316050.28469999996,1634032.9886,361878.14884433936,361878.14884433936,361878.14884433936
68004018,2050,21.58042415,-158.1512806,4441.270721,418.8988945,11.86728365,6.681222215,2.130027374,0,0,19.016586620000002,17.68043593,14.54299798,11.41990008,1199.43367912,47.5081056021,214.675335486,482.835570806,817.166179966,0,0,0,0,1400400,2880100,4280500,RESIDENTIAL A,1,1,0.039608780734717845,2766022.1191,0.17898057993794445,2364616.8219,0.40255295412435527,1720707.1047000003,0.6812933421758992,917908.0306999999,3765016.8219,1745818.449032303,1745818.449032303,779700
68004019,2075,21.58044313,-158.1509959,1552.847031,173.6788566,20.29352033,15.03147917,10.39675472,2.990646412,0,28.73618759,28.07197344,26.51768968,24.00852916,574.153322452,0,33.4895041522,168.837066148,336.978706955,0,0,0,0,708000,1637800,2345800,RESIDENTIAL A,1,2,0,1637800,0.058328503628923556,1542268.7638,0.29406268246773926,1156183.6186000002,0.5869141460609973,676552.2507999999,1864183.6186000002,412848.04022402095,412848.04022402095,412848.04022402095
68004020,2050,21.58056034,-158.1508371,1155.258438,153.6050845,15.32654976,9.946850666,5.151754483,0,0,22.92240028,22.15734489,21.17820505,19.35826943,585.300389022,0,35.7772843865,174.694305508,346.159080618,0,0,0,0,952900,1641600,2594500,RESIDENTIAL A,1,2,0,1641600,0.06112636358619475,1541255.5584,0.2984694847032362,1151633.2896,0.5914212378987309,670723.2864000001,2494155.5584,1156526.7818415177,1156526.7818415177,779700
68004021,2075,21.58051086,-158.1506614,2312.824524,246.667718,23.08281782,17.58058605,12.61369593,4.787185939,0,30.07141649,29.45081296,28.21897876,26.58279261,596.449825499,0,33.7753903878,177.070356836,353.073109159,0,0,0,0,737300,1645400,2382700,RESIDENTIAL A,1,1,0,1645400,0.056627379108616455,1552225.9342,0.2968738513551579,1156923.5203999998,0.5919577709048923,671392.3068,1894223.5203999998,419500.7725315636,419500.7725315636,419500.7725315636
68004022,2075,21.58054243,-158.1505061,1726.496017,203.3427531,23.96474797,18.39497359,13.33613393,5.397352439,0,31.77858044,30.85850187,29.93617153,28.53553837,607.596753621,0,26.9779431735,172.216109656,350.169079772,0,0,0,0,930500,1649300,2579800,RESIDENTIAL A,1,1,0,1649300,0.04440106536567838,1576069.4307,0.2834381662338885,1181825.7066,0.5763182204071232,698778.7226,2112325.7066,467802.3771818967,467802.3771818967,467802.3771818967
68004023,2075,21.58065691,-158.1503412,1195.220444,146.0577484,17.9439027,12.35569852,7.267965732,0,0,26.19253891,25.51789629,24.26712519,22.35481299,618.746033279,0,24.8228926177,170.790138599,349.584925804,0,0,0,0,1187800,1653100,2840900,RESIDENTIAL A,1,1,0,1653100,0.04011806344220563,1586780.9342,0.2760262359887949,1196801.4194,0.5649893607420801,719116.6841000001,2384601.4194,528101.4235357624,528101.4235357624,528101.4235357624
68004024,2075,0,0,2420.523315,229.4991325,17.41985668,11.86911893,6.826564287,0,0,25.9631065,25.29062881,24.03850914,21.17793887,629.8940626,0,12.7216082843,156.755866884,333.787541416,0,0,0,0,1590200,1657000,3247200,RESIDENTIAL A,1,1,0,1657000,0.02019642514455414,1623535.2280000001,0.24886068339327128,1244637.323,0.529910601217977,778937.473,2834837.323,627812.1004160506,627812.1004160506,627812.1004160506
68004025,2075,21.58069362,-158.1499816,2986.53746,223.2782794,20.69899008,15.3251151,10.50625917,2.865603261,0,30.28732097,29.50231711,27.88319867,25.99069803,641.044319495,0,0.613831489213,136.534244567,308.118613258,0,0,0,0,1352000,1660800,3012800,RESIDENTIAL,1,1,0,1660800,9.575492217083561e-4,1659208.9536,0.2129872154152439,1307071.1904,0.48065103127460634,862534.8192000001,2659071.1903999997,588886.3730050558,588886.3730050558,588886.3730050558
68004026,2100,21.58068668,-158.1497449,750.5561981,121.713604,27.65182522,22.85505965,18.76088545,11.99872698,3.422039954,35.95140388,35.91844681,35.01028131,34.01272671,1070.26479432,0,0,49.7780598839,343.203394296,0,0,0,0,1570400,2441300,4011700,RESIDENTIAL,1,2,0,2441300,0,2441300,0.046510041391697676,2327755.137,0.32067147879423297,1658445.8877,3228845.8877,341521.64928926574,341521.64928926574,341521.64928926574
68004028,2075,21.58086536,-158.1491791,1705.954742,193.2119573,19.23700976,15.00471612,11.74649446,6.084403121,0,23.13272242,22.60662623,21.9660408,20.98272673,435.225984385,0,0,0,76.5641936689,0,0,0,0,889900,1305600,2195500,RESIDENTIAL A,1,1,0,1305600,0,1305600,0,1305600,0.17591825032480476,1075921.4592,2195500,486222.4210469939,486222.4210469939,486222.4210469939
68004029,2030,21.58048719,-158.154104,2647.466599,292.5005596,7.015102993,3.588394097,1.453996819,0,0,20.15086629,19.20073618,17.68207669,15.74448598,929.029129396,0,0,34.1367781431,166.564277553,0,0,0,0,894900,1455300,2350200,RESIDENTIAL A,1,1,0,1455300,0,1455300,0.03674457243907274,1401825.0015,0.17928854142742573,1194380.7183,2350200,1968255.5000579243,1968255.5000579243,779700
68004030,2030,21.58033212,-158.1519952,1670.273117,178.3485187,6.727173287,2.228094953,0,0,0,13.14896659,12.16360489,10.66191593,7.866020124,443.824981983,29.6402859577,83.3656445468,174.751194472,293.859045446,0,0,0,0,750100,1017500,1767600,RESIDENTIAL A,2,1,0.06678372593013551,949547.28,0.18783450218219844,826377.8875000001,0.39373897722299367,616870.5674999999,0.6621056888980075,343807.145,1699647.28,1423427.8389151949,1423427.8389151949,779700
68004031,2030,21.58037563,-158.1515272,2256.829788,253.1561889,7.995906869,2.922443124,0,0,0,15.65413977,14.31097649,10.92333313,9.176583955,545.976070158,41.0341286013,121.035566632,250.266348918,412.094383398,0,0,0,0,917400,1628200,2545600,RESIDENTIAL A,1,1,0.07515737565096055,1505829.3726,0.22168657794282728,1267249.2266000002,0.45838336622624404,881860.7994,0.7547846983087446,399259.0629999999,2423229.3726,2029416.4498859087,2029416.4498859087,779700
68004032,2030,21.58034242,-158.1516973,2296.435089,207.2635808,7.80671577,2.994751623,0,0,0,15.18490296,13.63892018,10.65167399,8.693971171,453.935096692,40.9706411801,102.440647607,203.466444907,331.58434963,0,0,0,0,1310600,1502100,2812700,RESIDENTIAL,1,1,0.09025660601850101,1366524.9603,0.22567245483665943,1163118.0888,0.44822805372340324,828816.7211999999,0.730466430215207,404867.0214000001,2677124.9603,2242050.0074261026,2242050.0074261026,779700
68004033,2050,21.58080182,-158.1498322,1841.960724,207.8393598,11.5977513,6.742789695,2.57236147,0,0,20.56181245,20.35676455,19.56147269,17.7947939,618.743609624,0,0,92.395321009,255.134532222,0,0,0,0,1526300,1570500,3096800,RESIDENTIAL,1,1,0,1570500,0,1570500,0.1493273135623123,1335981.9465,0.4123428965626666,922915.3184999999,3096800,1435969.8319315591,1435969.8319315591,779700
68005005,2100,21.58113508,-158.1482166,2813.624466,212.3005712,19.03797832,15.77644179,13.7563241,9.635635155,3.783758465,44.03566379,42.19142346,34.29116875,26.80941635,821.863550686,0,0,28.0592264066,132.17856791,0,0,0,0,1204500,1734200,2938700,RESIDENTIAL A,1,2,0,1734200,0,1734200,0.0341409792211606,1674992.6778,0.16082787440770682,1455292.0824,2659792.0823999997,281331.66163431894,281331.66163431894,281331.66163431894
68005009,2100,21.58142753,-158.1475042,5610.965637,388.6024377,12.9251931,10.3196647,9.154939981,6.140222963,1.415333272,89.00924823,86.82434848,82.33158182,79.95385554,1747.82830288,0.159209106806,8.94943774843,54.0433607754,186.339590525,0,0,0,0,2666700,2042000,4708700,RESIDENTIAL A,1,2,9.10896719910427e-5,2041814.178,0.005120318588320994,2031544.96,0.030920291590626814,1978861.36,0.10661206836962032,1824298.2959999999,4490998.296,475022.0971672801,475022.0971672801,475022.0971672801
68005014,2075,21.58178469,-158.1461625,2564.20018,256.603011,13.25871461,9.672415139,7.25874991,2.648624126,0,58.33660215,58.33660215,55.57829756,50.09436434,1250.96123002,0,0,0.253869510185,96.949289817,0,0,0,0,950700,1317100,2267800,RESIDENTIAL,2,2,0,1317100,0,1317100,2.0293955087716123e-4,1316832.6287,0.07749983571868971,1215024.75,2267532.6287000002,502174.9963696509,502174.9963696509,502174.9963696509
68005015,2075,21.58190099,-158.1460998,240.4151306,62.88874332,12.98282538,9.339715993,6.850569212,2.146505222,0,52.58860945,52.58860945,49.86860305,44.4795593,1272.3872827,0,0,13.8622640064,134.468657725,0,0,0,0,929700,1863400,2793100,RESIDENTIAL A,1,3,0,1863400,0,1863400,0.01089468921520839,1843098.257,0.10568217676591213,1666472.1612,2772798.257,614072.7313110568,614072.7313110568,614072.7313110568
68005016,2075,21.58186416,-158.1456615,2871.470489,250.0175656,16.87627459,12.59686563,9.235662365,3.484214214,0,28.82687344,28.55679579,27.55652302,25.8178746,1242.3312153,0,3.93419640222,88.9348503696,220.392746312,0,0,0,0,1227500,1874900,3102400,RESIDENTIAL A,1,2,0,1874900,0.0031667854383502425,1868962.1916999999,0.07158706895095113,1740681.5337,0.1774025667211294,1542287.1153,2968181.5337,657342.9339205619,657342.9339205619,657342.9339205619
68005020,2075,21.58203665,-158.145174,1701.666138,186.0084631,16.69570634,12.17737619,8.452377988,2.181447197,0,25.15740007,24.58537286,23.88652769,22.3543716,622.851286035,0,0.442240071705,105.135723241,243.204106898,0,0,0,0,915100,1651500,2566600,RESIDENTIAL A,1,1,0,1651500,7.100251402228767e-4,1650327.435,0.16879747316615812,1372731.7545,0.3904689808801865,1006640.4465000001,2287831.7545,506670.5054070516,506670.5054070516,506670.5054070516
68005021,2075,21.58206315,-158.1450271,2859.778854,291.1607888,15.09802182,10.46844214,6.656518267,0.273542939,0,23.03541451,22.30026292,21.33674014,20.11195114,659.090582975,0,0,89.4961135489,226.64983087,0,0,0,0,794700,1658000,2452700,RESIDENTIAL A,1,1,0,1658000,0,1658000,0.1357872739509232,1432865.154,0.34388267216161555,1087841.986,2227565.154,493323.67215568206,493323.67215568206,493323.67215568206
68005022,2050,21.58219394,-158.144857,1310.284561,146.0727497,12.29580942,7.587833108,3.680301405,0,0,20.50790581,19.77305193,18.55564386,17.16381928,661.771342601,0,0,72.2262614949,210.538001033,0,0,0,0,1048800,1664400,2713200,RESIDENTIAL A,1,1,0,1664400,0,1664400,0.10914081170548236,1482745.7196,0.3181431220722096,1134882.7907999998,2713200,1258096.534486149,1258096.534486149,779700
68005023,2100,21.58206207,-158.1448122,567.8896332,104.26485220000001,29.22010886,24.49398051,20.56455104,14.03668761,5.713719532,37.25064068,36.42770476,35.36660108,33.9223929,666.718536885,0,0,59.9483000305,202.452063481,0,0,0,0,890200,1670900,2561100,RESIDENTIAL A,2,2,0,1670900,0,1670900,0.08991545414439298,1520661.0265000002,0.30365446928607037,1163524.5314,2053724.5314,217226.65421147546,217226.65421147546,217226.65421147546
68005025,2075,21.58230243,-158.1444286,1296.008728,154.2043079,17.97008132,12.95340227,8.564571066,1.466776478,0,25.60147491,24.73314365,23.36167666,21.12743439,800.549136291,0,3.33555023421,112.301835899,261.933520645,0,0,0,0,1190600,1705000,2895600,RESIDENTIAL A,1,3,0,1705000,0.004166577768934755,1697895.265,0.1402810031365498,1465820.895,0.32719230934225507,1147137.6400000001,2656420.895,588299.4301465373,588299.4301465373,588299.4301465373
68005027,2075,21.58238149,-158.1441841,1937.814743,234.0256447,15.660901,10.72328426,6.482208781,0,0,26.3718185,25.4906467,23.82432777,21.79697091,892.155522267,0,12.4610705726,130.403416581,278.927059892,0,0,0,0,1641500,1741600,3383100,RESIDENTIAL,1,2,0,1741600,0.013967374814803547,1717275.0728000002,0.14616668655442508,1487035.5528000002,0.31264398743308347,1197099.2096000002,3128535.5528,692855.445599641,692855.445599641,692855.445599641
68005028,2030,21.58250241,-158.1441701,281.7981567,67.16861752,10.72044375,5.87404392,1.749667763,0,0,22.23363749,21.42977285,19.44652493,17.03305093,993.581906961,0,2.2847536192,117.667229314,267.969926173,0,0,0,0,1449000,1766800,3215800,RESIDENTIAL A,1,3,0,1766800,0.002299512101813747,1762736.36,0.1184273067873192,1557563.1764,0.26970089158791244,1290292.2732000002,3215800,2693181.872643295,2693181.872643295,779700
68005029,2100,0,0,2440.348419,223.2450056,23.61447613,18.9429094,15.00501077,8.540632559,0.388060341,34.71823675,33.79758355,31.97054035,29.74356947,928.48549064,0,0,87.7283850944,215.958264689,0,0,0,0,2075900,1757100,3833000,RESIDENTIAL A,1,2,0,1757100,0,1757100,0.09448546690151216,1591080.4065,0.2325919649429752,1348412.5968,3424312.5968,362196.56385464605,362196.56385464605,362196.56385464605
68005030,2075,21.58259773,-158.1437912,255.753479,65.93655443,18.08158214,13.47413681,9.661355589,3.306035651,0,28.24710787,27.56789576,26.4338985,24.64979322,939.139847735,0,0,70.4372805485,192.37177948,0,0,0,0,896400,1771300,2667700,RESIDENTIAL A,2,2,0,1771300,0,1771300,0.07500190809534844,1638448.9574,0.20483826763815705,1408470.4506,2534848.9573999997,561375.7217287526,561375.7217287526,561375.7217287526
68005045,2100,21.58173425,-158.1463394,1782.24382,207.8007625,21.10934536,17.67588472,15.45659351,11.08796224,4.961132558,77.85234705,77.85234705,75.08698761,69.57811007,601.970720193,0,0,0,28.1440114705,0,0,0,0,818900,1419100,2238000,RESIDENTIAL,1,1,0,1419100,0,1419100,0,1419100,0.04675312357630392,1352752.8177,2171652.8177,229700.1708288083,229700.1708288083,229700.1708288083
68005051,2100,0,0,2584.662537,245.5417033,16.85569976,14.31080583,13.17916949,10.16448722,5.40819644,105.7717708,92.445468,87.13178297,86.01115127,780.552695739,0,0,8.02528930594,91.0782937492,0,0,0,0,1398800,1505800,2904600,RESIDENTIAL A,1,2,0,1505800,0,1505800,0.010281547100855165,1490317.3644,0.11668436256308135,1330097.2327999999,2728897.2328,288641.0550708085,288641.0550708085,288641.0550708085
68006002,2030,21.57955885,-158.1595999,3070.400986,255.9890372,8.245114346,2.320991342,0,0,0,19.93324669,18.97565488,17.93031392,15.92969971,914.157442182,89.6759014689,214.993746689,413.039128096,661.278358973,0,0,0,0,868800,1630100,2498900,RESIDENTIAL A,1,1,0.09809677997572587,1470192.0803,0.23518240597137405,1246729.8218,0.4518249363152566,893580.0675000001,0.7233746928697494,450926.41250000003,2338992.0803,1958869.0437589998,1958869.0437589998,779700
68006003,2024,21.57959862,-158.1584791,2797.420364,263.7132025,3.133542041,0,0,0,0,11.83088757,10.83053827,9.830270039,8.036104504,2125.18020608,471.344889498,925.129668045,1542.62911729,1681.87290663,0,0,0,3.24566470772,1016700,1554300,2571000,RESIDENTIAL A,2,2,0.22179055129043335,1209570.2487,0.4353182216728093,877685.2326,0.725881557185899,426061.6074,0.7914024899245122,324223.87139999995,2226270.2487000003,2226270.2487000003,2226270.2487000003,779700
68006004,2024,21.57970197,-158.1577316,4020.883636,336.9383986,5.660022511,0,0,0,0,12.62447498,12.00908696,10.71880624,9.464240776,1852.18718735,430.293087109,893.104892914,1531.84435142,1830.79723282,0,0,0,0,1090500,1694700,2785200,RESIDENTIAL A,2,2,0.23231619894997652,1300994.0748,0.48218932676658977,877534.3017000001,0.827046187276391,293105.1438000001,0.9884515157668252,19570.395600000003,2391494.0748,2391494.0748,2391494.0748,779700
68006005,2024,21.57976652,-158.15743990000001,2308.444687,207.8361455,5.936699953,0.325370586,0,0,0,14.29721145,13.60122617,12.35782596,11.14360684,934.350272146,118.146532292,226.32526828,393.711838845,596.442809548,19.4870587235,34.253310421,61.3764774712,89.8563313543,925400,1695000,2620400,RESIDENTIAL,1,1,0.12644779566515568,1480670.64,0.2422274333587766,1284425.235,0.4213749924219846,980769.3749999999,0.638350335338481,612996.75,2406070.6399999997,2406070.6399999997,2406070.6399999997,779700
68006006,2030,21.57991249,-158.1568948,2250.769501,262.6830159,7.085892109,2.56776294,0,0,0,16.3958946,15.10681872,13.80973101,12.87642468,1004.69294563,84.9241677632,154.058629071,269.237337135,416.337822941,0,0,0.819174585636,9.69133986578,890800,1741700,2632500,RESIDENTIAL A,1,1,0.08452748487245293,1594479.3240999999,0.15333901739938705,1474629.4637,0.26797972286564903,1274959.234,0.41439309865954355,1019951.7119,2485279.3241,2081382.307395143,2081382.307395143,779700
68006012,2075,21.57976037,-158.15727330000001,493.0410767,102.992979,16.88909904,11.7715035,7.26032851,0.245734603,0,24.33124861,23.09528584,21.84660709,20.61938026,920.047718064,102.847902891,193.709669674,337.376367571,514.39826158,1.09606840574,14.6376162433,39.8163555708,61.0003978881,977500,1701100,2678600,RESIDENTIAL A,2,2,0.111785400769665,1510942.5365,0.21054306844172319,1342945.3027,0.36669442350329434,1077316.8365999998,0.5590995461218216,750014.9899999999,2054816.8365999998,455066.2797083932,455066.2797083932,455066.2797083932
68006013,2075,21.57976147,-158.1571858,642.4786377,115.0745301,17.13274198,12.08200895,7.706687908,0.797120628,0,24.85174798,23.77798783,22.43518536,21.15346497,921.407655439,90.5649493428,167.512126893,292.12970451,448.318393978,0,0.558693461711,11.2445917075,28.7674846087,2034700,1721200,3755900,RESIDENTIAL A,1,2,0.09828977305343832,1552023.252,0.18180023348426563,1408285.84,0.3170471862107726,1175498.7036,0.48655813887762955,883736.3703999999,3210198.7035999997,710940.8270126682,710940.8270126682,710940.8270126682
68006018,2030,21.5795547,-158.159337,1883.526138,178.5758109,7.731098474,1.862943964,0,0,0,19.55082826,18.95375385,17.51574294,15.80787503,1120.9464083,125.400263973,245.590503332,437.574737316,680.635718749,72.5701542671,88.3001550276,113.145791225,150.159727386,824900,1544800,2369700,RESIDENTIAL A,1,1,0.11186999043351142,1371983.224,0.21909210066916274,1206346.6783999999,0.39036187107251197,941768.7824,0.6071973768855154,606802.0744,2196883.224,1839855.1138724298,1839855.1138724298,779700
68006019,2030,21.57954663,-158.1591403,2928.418671,252.9436311,8.190398894,2.33289183,0,0,0,21.26807369,20.2677815,18.93334693,16.53685448,958.439360369,121.472834074,240.744065422,435.976692422,667.664078367,30.6700079776,46.5269865419,67.3297144618,106.199429568,1301000,1691900,2992900,RESIDENTIAL A,1,1,0.12674023949437224,1477468.594,0.25118340854586074,1266923.4823,0.4548818740646759,922285.1442,0.696615879913309,513295.3896,2778468.594,2326923.705164968,2326923.705164968,779700
68006020,2030,21.58003719,-158.1566847,1994.132736,221.2900983,6.220491352,2.296215445,0,0,0,15.72148046,14.83410397,13.48502045,12.13593694,1087.96984872,122.628494347,218.625257355,383.601143983,598.621753845,0,0,0,0.07159766211,871600,1554000,2425600,RESIDENTIAL,1,3,0.112713136757671,1378843.9980000001,0.20094790091123693,1241726.808,0.3525843518865049,1006084.464,0.5502190658585624,698959.674,2250443.998,1884711.4188732211,1884711.4188732211,779700
68006021,2100,21.57981778,-158.1567049,2274.021576,252.67324,20.17709395,16.18318045,13.02146847,7.724986212,0.964602717,30.9426002,30.03602776,28.70728713,27.3870133,696.790113207,0,0,0,0,0,0,0,0,346000,687500,1033500,RESIDENTIAL,1,1,0,687500,0,687500,0,687500,0,687500,1033500,109315.41387126457,109315.41387126457,109315.41387126457
68006031,2050,21.58014627,-158.156408,2523.194077,233.8488253,10.50385179,6.609873194,3.580622334,0,0,16.56613397,15.7840515,14.39876318,13.01979485,881.554642956,91.0295053331,164.040856177,291.087279832,458.066177929,0,0,0,0,1003100,1524200,2527300,RESIDENTIAL A,1,1,0.10326019613244038,1366811.108,0.18608132517678497,1240575.3398000002,0.33019765950745344,1020912.2084,0.5196117808341723,732207.3896000001,2243675.3398,1040380.4251490539,1040380.4251490539,779700
68009010,2030,21.5809299,-158.1750961,2190.809586,287.4760089,8.062208521,1.195832971,0,0,0,13.73199487,12.92562269,11.75291767,9.430345834,1181.24868919,158.972708095,306.220428094,508.69813695,736.631947598,45.2920764447,62.8252709763,84.5176131899,111.220051493,502100,1578300,2080400,RESIDENTIAL A,1,1,0.1345802196860087,1365892.386,0.259234512508945,1169149.3995,0.4306444033379812,898614.5748,0.623604457163986,594065.8067999999,1867992.386,1564414.2148799356,1564414.2148799356,779700
68009011,2024,21.58094326,-158.1752429,1669.838669,179.169693,2.35926571,0,0,0,0,9.153535906,8.546472709,7.245612912,5.031640204,490.258809333,152.143413655,257.413624401,310.992801219,354.44943254,0,0.140794251817,4.78184627142,44.4752107889,1296400,1061600,2358000,RESIDENTIAL,1,2,0.3103328502388198,732150.4872,0.5250566017390136,504199.4888,0.6343441368082862,388180.40959999996,0.7229843213265877,294080.1856,2028550.4871999999,2028550.4871999999,2028550.4871999999,779700
68009012,2050,21.58068284,-158.1755626,2480.602158,241.4615065,11.90377059,6.15122108,0.907648802,0,0,19.80708582,19.21968981,18.1759128,16.53673288,1068.23359542,161.844040935,307.016279601,527.911242859,793.421769741,0,0,0,10.0881844615,1356500,1557100,2913600,RESIDENTIAL A,1,1,0.15150622638053934,1321190.0074,0.2874055645856089,1109580.1173999999,0.4941908259788814,787595.1939,0.7427418245810257,400576.43179999996,2466080.1174,1143508.3478793069,1143508.3478793069,779700
68009013,2050,21.58051088,-158.1757722,2778.362915,236.0774351,14.88423154,9.207373483,4.057639434,0,0,23.67620138,22.90341006,21.57337959,20.25491244,1024.31274815,136.137070832,259.615488007,451.054806705,684.4104109,0,0,0,2.37505653645,1504500,1470600,2975100,RESIDENTIAL A,1,3,0.1329057664056956,1275148.4364,0.25345334076519954,1097872.0182,0.4403487191969885,823022.7606,0.6681654720553913,487996.551,2602372.0182,1206706.1836728384,1206706.1836728384,779700
68009014,2100,21.58032628,-158.1758264,2174.832962,201.7396544,33.14585293,27.52716751,22.4722011,14.55439502,4.79440828,41.93495128,41.33255569,40.07436258,38.77511841,704.36466128,0,0,0,0,0,0,0,0,636000,621200,1257200,RESIDENTIAL A,1,1,0,621200,0,621200,0,621200,0,621200,1257200,132976.62149874584,132976.62149874584,132976.62149874584
68009020,2024,21.58047701,-158.176164,2491.372757,215.5963085,5.931800473,0.484494728,0,0,0,13.19563317,12.22849551,11.26704855,10.04367246,7393.73392038,292.859512715,605.166721764,1090.49434707,1682.36592426,7.47567527077,18.9935051536,51.7620346952,110.593971651,1098900,3322700,4421600,RESIDENTIAL,1,4,0.0396091495675501,3191091.1757,0.08184859345505059,3050740.3277,0.1474889898410023,2832638.2997,0.22753941951072199,2566656.1647,4289991.1757,4289991.1757,4289991.1757,779700
68009023,2050,21.58076064,-158.1753696,1677.247574,210.5944511,12.66599205,6.812146234,1.340456373,0,0,21.28851839,20.1905162,19.09066635,17.40389565,459.790843282,0.0301544423179,33.5713136108,183.80555846,377.794177964,0,0,0,0,0,358700,358700,RESIDENTIAL,1,1,6.558295529040278e-5,358676.3258,0.07301431531599675,332509.8782,0.3997590668574231,215306.4467,0.8216652929999531,63968.764500000005,332509.8782,154183.07734255915,154183.07734255915,154183.07734255915
68010005,2075,21.57983068,-158.1775646,2676.738358,237.0502631,30.74546609,23.70334748,16.41590686,5.603451206,0,37.90913334,36.95642124,35.42348009,33.2319279,649.471072625,0,0,0,197.798747932,0,0,0,0,441000,583600,1024600,RESIDENTIAL A,1,1,0,583600,0,583600,0,583600,0.3045535917905424,405862.2856,1024600,226911.17859473923,226911.17859473923,226911.17859473923
68010007,2100,21.57972434,-158.177851,1298.069229,138.4662708,41.60132031,33.98209717,26.05161798,14.47976669,1.138431709,45.4779769,44.4985163,42.98957461,41.99973373,615.322800694,0,0,0,96.4578955279,0,0,0,0,320600,613100,933700,RESIDENTIAL,1,1,0,613100,0,613100,0,613100,0.15675982658063164,516990.444,837590.444,88593.658481351,88593.658481351,88593.658481351
68010008,2024,21.58016905,-158.1770167,5855.347137,344.9207876,5.610972734,0,0,0,0,16.39151222,15.44329796,14.1836279,12.63334324,5808.47111694,474.01900268,898.931845009,1564.03492969,2367.61901857,902.300662609,1059.90735982,1317.32811727,1614.76857603,1292800,1381700,2674500,RESIDENTIAL A,1,1,0.08160822239393715,1268942.2264,0.15476221313855346,1167865.3446,0.26926791890702556,1009652.4043999999,0.40761483889710753,818498.3544999999,2561742.2264,2561742.2264,2561742.2264,779700
68010009,2024,21.58021115,-158.1772834,2618.668732,229.3179399,0,0,0,0,0,8.837021996,7.671496402,5.883499771,2.721263437,960.11783892,142.433632064,265.296285931,421.06454166,443.245057721,246.01702375,273.841174368,319.900516278,393.661884741,720900,879800,1600700,RESIDENTIAL A,1,1,0.1483501569184655,749281.67,0.2763163803199633,636697.1832,0.4385550654215939,493959.311,0.46165693392343327,473634.1714,1470181.67,1470181.67,1470181.67,779700
68010010,2024,21.58017122,-158.1774501,2732.390945,230.9472008,0,0,0,0,0,8.806980571,7.553508099,5.653696819,2.816741496,731.459646596,123.813796822,247.803266033,385.933249686,385.933249675,161.945411052,180.900814429,215.812092073,263.101614613,563100,800200,1363300,RESIDENTIAL A,1,1,0.16926948383030196,664750.9462,0.3387791345513101,529109.0442,0.5276206985334336,377997.67579999997,0.5276206985183952,377997.67579999997,1227850.9462000001,1227850.9462000001,1227850.9462000001,779700
68010011,2024,21.58011247,-158.1776158,2660.894104,226.7106702,0.516885302,0,0,0,0,9.695553638,8.434941296,6.844596044,4.692151655,725.462968562,132.874772107,269.85243033,406.74093623,406.740936215,168.034040141,186.867862617,214.094310464,246.307068885,559200,875000,1434200,RESIDENTIAL,1,1,0.1831585868130279,714735.875,0.3719727153887631,549523.625,0.560663953718044,384418.99999999994,0.5606639536973675,384418.99999999994,1273935.875,1273935.875,1273935.875,779700
68010013,2024,21.58006276,-158.177821,2608.851593,231.4290796,1.94707051,0,0,0,0,7.720426968,6.773664508,5.503921352,3.897381647,729.202928176,138.976957531,284.614445818,483.979474727,483.979474889,164.920023874,182.440697063,206.80557141,225.536123922,688100,804000,1492100,RESIDENTIAL A,1,1,0.19058749239890135,650768.0519999999,0.3903089727436004,490191.564,0.6637102732672887,270377.16,0.663710273489449,270377.16,1338868.052,1338868.052,1338868.052,779700
68010014,2024,21.58001235,-158.1779895,2543.47821,237.5520073,4.118406788,0,0,0,0,8.687122605,8.001942114,6.18417099,5.218983043,872.578177819,159.171376614,327.196590113,572.838649697,606.279796143,160.556875987,178.379330518,210.411551483,226.638017504,447100,1124300,1571400,RESIDENTIAL A,1,1,0.18241503244081486,919210.8155,0.3749768197628142,702713.3589,0.65648977278896,386208.293,0.6948143003740822,343120.6197999999,1366310.8155,1366310.8155,1366310.8155,779700
68010015,2024,21.57998159,-158.1782622,2572.763168,273.6195112,1.696494659,0,0,0,0,4.385530171,3.906593713,3.385254913,3.384862959,1021.19601786,221.441731037,479.182065837,689.231867356,726.156262333,185.791139481,199.853184847,226.854508295,239.705248407,426300,1065000,1491300,RESIDENTIAL,1,1,0.21684547056993947,834060.0750000001,0.46923612847723917,565263.66,0.6749261212360991,346203.81,0.711084110820095,307695.5399999999,1260360.0750000002,1260360.0750000002,1260360.0750000002,779700
68010016,2075,21.57979201,-158.1782008,2178.170105,198.845213,23.06730228,15.34282212,7.226533784,0,0,27.38486702,26.40490742,24.9615532,24.84549425,559.220672,0,0,34.899492282,333.495526613,0,0,0,0,467000,615100,1082100,RESIDENTIAL A,1,1,0,615100,0,615100,0.06240737159659219,576713.4543,0.5963576514800225,248280.19419999997,1043713.4543,231144.10504626148,231144.10504626148,231144.10504626148
68010017,2075,21.57978997,-158.1783635,1867.669632,176.1897615,25.23790834,17.31503495,9.010384891,0,0,28.39217556,27.72321218,27.39953951,27.29130341,566.429473237,0,6.30031798693,201.574545834,481.348665496,0,0,0,0,306600,611900,918500,RESIDENTIAL,1,1,0,611900,0.011122863983269247,605093.8363,0.3558687451097007,394143.7589,0.8497945256012459,91910.43950000002,700743.7589,155188.94419764474,155188.94419764474,155188.94419764474
68010018,2024,21.57994603,-158.178525,3682.951996,275.4810366,2.803757462,0,0,0,0,7.303121309,6.976682924,6.392755279,5.513592272,1039.59858125,152.717083901,312.62824309,542.337255831,784.416970712,162.384733917,167.507149097,181.515859232,201.637621855,727900,1087800,1815700,RESIDENTIAL,1,1,0.1469000503226687,928002.1799999999,0.30072015172827554,760676.784,0.521679488229871,520317.5838,0.7545383235987365,267013.56359999994,1655902.18,1655902.18,1655902.18,779700
68010019,2030,21.57988621,-158.1787162,3339.276627,278.5466904,6.815097515,0,0,0,0,10.34007924,10.32102673,9.683982757,9.076931497,984.089494916,158.530115433,325.059697934,563.892266092,719.458188589,187.510061341,193.019752022,201.765373102,213.110697046,541100,995400,1536500,RESIDENTIAL A,1,1,0.16109318944262463,835048.0278,0.33031517927314774,666604.449,0.5730091307804609,425026.84140000003,0.7310902029803819,267673.01399999997,1376148.0278,1152502.3081487599,1152502.3081487599,779700
68010020,2030,21.5798893,-158.1788814,2575.807388,224.3729504,9.290165084,0.838375525,0,0,0,13.35180357,12.57547147,12.575444,11.57509849,930.049711816,159.333308717,327.646505646,569.165326197,648.475425616,205.341788348,220.351137902,220.611107644,239.36385358,491100,978400,1469500,RESIDENTIAL,1,1,0.17131698090190078,810783.4472,0.35228923947112756,633720.4423999999,0.6119730149538534,379645.6168,0.6972481334893351,296212.5568,1301883.4472,1090306.8910670455,1090306.8910670455,779700
68010021,2024,21.57992808,-158.1790433,3022.8004,233.8030226,4.380942115,0,0,0,0,7.326920645,7.165792047,6.511319164,6.165410967,876.950344123,165.34347776,339.791670481,588.623538045,616.257555261,183.863158301,192.497193421,201.502685857,210.559269381,860100,1189900,2050000,RESIDENTIAL A,1,1,0.18854371729034766,965551.4944,0.38746968144565913,728849.447,0.6712164970225958,391220.0816,0.7027279929712468,353723.95279999997,1825651.4944,1825651.4944,1825651.4944,779700
68010022,2050,21.57988685,-158.1792871,644.0677643,105.7339162,16.93110763,8.197278744,0,0,0,20.77168598,19.87956181,19.77438474,19.71086006,851.926733305,174.979777469,359.623107893,589.285692125,589.344499569,170.081406475,174.455347534,189.427247836,198.640925355,446600,957600,1404200,RESIDENTIAL,1,2,0.20539298818593962,760915.6632000001,0.42212915011818347,553369.2696,0.6917093560838272,295219.4616,0.6917783848414669,295153.3872,999969.2696,463680.4779140519,463680.4779140519,463680.4779140519
68010023,2024,21.57996944,-158.1794017,2982.027985,248.425622,0.2426942,0,0,0,0,2.97804306,2.851916145,2.85189815,2.187334422,783.247638835,168.585233198,349.01088585,503.208633817,503.20863374,222.753334512,229.757691672,232.797009701,237.719068852,465000,810300,1275300,RESIDENTIAL,1,1,0.21523873783871617,635891.8383000001,0.44559455853466434,449234.3715,0.6424642844317678,289711.42079999996,0.6424642843334591,289711.42079999996,1100891.8383,1100891.8383,1100891.8383,779700
68010024,2024,21.58000565,-158.1797523,2069.962936,182.0084494,3.293981668,0,0,0,0,6.316647183,6.316647183,6.05026813,5.687746955,738.888414844,164.785677265,339.730055502,445.981473357,445.981473349,225.837064817,233.842040628,245.806833409,252.892212991,472300,1030000,1502300,RESIDENTIAL,1,2,0.22301835291299144,800291.4600000001,0.459785332503456,556421.45,0.6035843361425003,408308.48,0.6035843361316732,408308.48,1272591.46,1272591.46,1272591.46,779700
68010026,2024,21.58002835,-158.1799852,2410.028931,211.9733879,4.315662397,0,0,0,0,7.150158562,7.113893462,6.502027653,6.113625801,748.696620658,175.459520441,361.730423385,453.050244705,453.050244715,229.985485982,232.987352195,239.991707694,246.830093167,699900,950200,1650100,RESIDENTIAL,1,1,0.2343532955802519,727517.7794,0.4831468626999937,491113.7206,0.6051185917025136,375215.92620000005,0.6051185917158701,375215.92620000005,1427417.7793999999,1427417.7793999999,1427417.7793999999,779700
68010027,2024,21.58008443,-158.1801646,2901.561981,228.2654831,0,0,0,0,0,2.475121135,2.426427198,1.646322538,1.487434831,687.686096601,158.979177532,330.508312846,415.474109706,415.474109794,207.550813763,210.55268087,217.272740702,226.444316324,486000,862300,1348300,RESIDENTIAL,1,1,0.23117986290224615,662953.486,0.4806092699555668,447870.85929999995,0.6041624394611845,341331.10740000004,0.60416243958915,341331.10740000004,1148953.486,1148953.486,1148953.486,779700
68010028,2024,21.58012767,-158.1803412,2552.839874,227.7064635,0,0,0,0,0,2.414978763,2.142754242,1.835782771,1.154343024,743.450981114,167.352922431,346.440358262,446.116077508,446.116077425,223.971480525,228.974593339,234.262000811,244.717441866,487500,946900,1434400,RESIDENTIAL,1,1,0.22510283351867455,733749.9693,0.4659895098166226,505654.06899999996,0.6000611860643883,378702.23910000006,0.6000611859527468,378702.23910000006,1221249.9693,1221249.9693,1221249.9693,779700
68010029,2024,21.58013979,-158.1805125,2405.891998,203.9647624,2.653587626,0,0,0,0,5.810031861,5.810031861,5.414430667,4.872669034,741.757563805,165.494088068,348.258682233,453.520701726,453.520701812,229.554247432,231.55549269,236.558604313,248.387138317,549900,947900,1497800,RESIDENTIAL,2,1,0.2231107522774201,736413.0830999999,0.4695047266475242,502856.2104999999,0.6114136529994667,368340.6694,0.6114136531154075,368340.6694,1286313.0831,1286313.0831,1286313.0831,779700
68010030,2024,21.58020701,-158.1806813,1777.5569,172.5170054,0,0,0,0,0,3.625270048,3.483650655,3.342031325,2.493468988,695.605905557,158.026591632,347.069562722,430.358505502,430.358505447,194.657012341,197.65888048,201.661370491,209.061141882,443700,801100,1244800,RESIDENTIAL A,1,2,0.22717833527514641,619107.7042,0.49894568167026593,401394.3594,0.6186815006370516,305473.8498,0.6186815005579839,305473.8498,1062807.7042,1062807.7042,1062807.7042,779700
68011039,2100,21.58344158,-158.1393973,1720.142639,179.434148,16.81423326,13.57546015,11.51786755,7.162146698,0.813502602,50.45965973,26.59325786,25.30379791,22.78443639,930.575279542,13.9520291919,53.0286920286,148.131142017,283.306492567,0,0,0,0,1154300,1120000,2274300,RESIDENTIAL,2,1,0.014992907611694513,1103207.8399999999,0.056984849258728494,1056176.8,0.15918233083722738,941716.16,0.30444231519499915,779024.96,1933324.96,204491.74470251187,204491.74470251187,204491.74470251187
68011040,2100,21.58348962,-158.1393124,1457.125092,161.2743196,17.30859522,13.68156029,11.17053709,6.392455729,0,56.87466522,26.18128531,24.90347848,22.30801592,930.552585194,0,19.6998120303,136.674329767,295.191571358,0,0,0,0,1232100,1120000,2352100,RESIDENTIAL A,2,2,0,1120000,0.021170014831771184,1096289.5999999999,0.14687437544274443,955501.1200000001,0.3172218056827589,764711.36,1996811.3599999999,211206.8313896881,211206.8313896881,211206.8313896881
68011041,2100,21.58354181,-158.1390947,1418.286835,161.9502693,19.18789514,15.13421368,12.03632686,6.527921428,0,37.91028967,29.09443879,25.55820844,23.66388702,931.160865054,0,40.2451603311,177.64655095,356.489090912,0,0,0,0,1151500,1120000,2271500,RESIDENTIAL,2,3,0,1120000,0.043220416408679393,1071593.5999999999,0.19077965754037343,906326.4,0.38284372152101387,691214.7200000001,1842714.7200000002,194907.71384951274,194907.71384951274,194907.71384951274
68011048,2050,21.58364462,-158.1362594,2192.241379,204.0323939,13.76373941,7.050455673,0.377633297,0,0,23.10114803,22.56769318,21.5892319,20.09650264,979.688761504,73.7632662759,258.733011223,542.326850828,863.177589699,0,0,0,0,1178100,1125800,2303900,RESIDENTIAL,2,1,0.0752925512411309,1041035.1405999999,0.2640971514522611,828479.5974,0.5535705543824244,502589.76819999993,0.8810732792053936,133888.0166,2006579.5973999999,930440.379500056,930440.379500056,779700
68011049,2050,21.58362499,-158.1361141,1853.321487,188.6652512,16.0150092,9.419901824,2.910860379,0,0,26.16659385,25.16629085,24.16598019,22.77903217,1133.97815684,28.226817156,201.949956108,463.516682919,773.368908719,0,0,0,0,937500,1127900,2065400,RESIDENTIAL,2,2,0.02489185262144577,1099824.3132,0.17808981142173302,927032.289,0.40875274371303466,666867.4913000001,0.6819963012992316,358676.7115999999,1864532.2889999999,864573.7915481449,864573.7915481449,779700
68011075,2050,21.58363102,-158.1387954,1417.741226,161.8369453,14.22302457,9.523469123,5.579194037,0,0,23.44215588,22.45774254,21.44161687,19.44162035,934.895896538,1.1214799171,97.52840332,260.552989835,463.38112021,0,0,0,0,1154600,1120100,2274700,RESIDENTIAL,2,1,0.0011995773232644797,1118755.8800000001,0.10432006780771642,1003251.1680000001,0.2786973296169661,807931.4903000001,0.49564996693850105,564922.435,2157851.168,1000584.2091986175,1000584.2091986175,779700
68012040,2024,21.58281699,-158.1430077,3083.34552,254.1470301,2.538474763,0,0,0,0,16.17069685,15.17042563,11.8149606,9.277663104,770.816912344,38.8330747739,82.5896959104,179.345512713,329.152993437,0,0,0,0,1686400,1343300,3029700,RESIDENTIAL A,1,1,0.05037911617145419,1275625.8893000002,0.10714567180324383,1199370.7782,0.23266940545923276,1030755.7323,0.42701838551526966,769686.7206,2962025.8893,2962025.8893,2962025.8893,779700
68012041,2030,21.58274185,-158.1427665,3160.998627,265.927047,8.616591309,6.012781494,4.876011522,1.855729505,0,32.63959958,29.23716279,22.20547585,16.04640803,805.260420492,7.47993192872,31.0729288192,97.6114690949,200.466790804,0,0,0,0,1218000,1222100,2440100,RESIDENTIAL,1,1,0.009288835932293672,1210747.9131,0.038587428400137916,1174942.8273,0.12121726911060786,1073960.7042999999,0.24894653419265075,917861.8713,2428747.9131,2034038.14067453,2034038.14067453,779700
68012042,2030,21.58273367,-158.1425704,2509.974716,226.473395,8.216222712,5.965963805,5.17184006,2.694267084,0,44.5242465,40.77951467,32.6132989,17.00316163,817.982072047,10.1505931021,23.1469213194,72.7629251271,155.862880188,0,0,0,0,1136600,1291900,2428500,RESIDENTIAL,1,1,0.012409309994653237,1275868.8129,0.02829759002110503,1255341.8138,0.08895418079886616,1176980.3274,0.19054559447489255,1045733.6226,2412468.8129000003,2020404.6505440546,2020404.6505440546,779700
68012043,2030,21.58280397,-158.1423717,817.9337463,114.5903391,8.004819944,5.589415075,4.712405582,2.076105453,0,27.1414865,24.32431756,19.02878051,16.8891411,806.477585428,44.5710803897,60.3301396017,109.189274716,190.91790292,0,0,0,0,1033100,1428300,2461400,RESIDENTIAL A,1,2,0.05526635977867382,1349363.5722,0.07480696387821197,1321453.1619,0.13539034027592092,1234922.463,0.23673057549228638,1090177.1127,2382463.5722000003,1995275.7338398008,1995275.7338398008,779700
68012045,2030,21.58272768,-158.1420219,3690.819153,266.1219472,8.579891621,6.007569997,4.964472831,2.113389121,0,19.49247963,19.29779709,18.29743049,16.30389658,796.22140023,50.8683595258,71.3176108475,127.338022546,218.395547588,0,0,0,0,1022800,1285700,2308500,RESIDENTIAL,1,1,0.0638872046281423,1203560.4841,0.08957007539221992,1170539.851,0.15992790762621625,1080080.5704,0.2742899745283326,933045.3470000001,2226360.4841,1864541.855136349,1864541.855136349,779700
68012046,2030,21.58276195,-158.1418587,2396.012375,235.476606,7.271031435,4.590798555,3.439683199,0.431171271,0,17.50270855,16.74888117,15.51034936,14.33342211,807.434212806,53.7682915932,77.0265497935,137.753645897,235.233909241,0,0,0,0,1080400,1288600,2369000,RESIDENTIAL A,1,1,0.06659154484715742,1202789.5488,0.0953966881410894,1165671.4258,0.1706066496962988,1068755.8198000002,0.2913350778430775,913185.719,2283189.5488,1912135.302144656,1912135.302144656,779700
68012047,2100,21.58276388,-158.1416605,1970.469788,204.0240104,13.42473641,10.70758506,9.558784691,6.546770977,1.676639492,20.29833233,19.84169014,18.87545548,17.45921613,842.543779779,27.0227527397,50.0638569952,110.983405222,210.073608846,0,0,0,0,1145400,1298200,2443600,RESIDENTIAL,1,1,0.032072817328006493,1256562.8314,0.059419887959212984,1221060.956,0.13172419984052466,1127195.9032,0.24933257343743312,974515.8994,2119915.8994,224227.85090970978,224227.85090970978,224227.85090970978
68012049,2075,21.58281531,-158.1412411,2989.655746,247.5494269,11.63951658,9.104917806,8.196679613,5.46905965,0.873402683,22.77141503,22.09976277,20.75513487,19.09800463,824.295881199,44.3508509372,60.6346559246,108.928783552,191.536017202,0,0,0,0,1107000,1301000,2408000,RESIDENTIAL,1,1,0.05380452814187107,1230999.695,0.07355933386007263,1205299.741,0.13214767419868087,1129075.452,0.2323631860484327,998695.737,2236075.452,495208.38984977966,495208.38984977966,495208.38984977966
68012050,2100,21.58286169,-158.1410641,2437.483109,242.024228,13.67383484,11.16147642,10.28399469,7.611173935,3.082423009,23.84442774,22.86807623,21.89182202,20.15717919,910.029738789,45.7767874569,63.0446819709,115.861960417,206.254422013,0,0,0,0,914900,1315700,2230600,RESIDENTIAL A,1,1,0.0503025181548642,1249516.3429,0.06927760630635564,1224550.9354,0.12731667491567966,1148189.0230999999,0.22664580422115443,1017501.8578,1932401.8577999999,204394.10629028306,204394.10629028306,204394.10629028306
68012051,2100,21.5829354,-158.1409121,2094.917175,200.7113014,12.97555748,10.37676426,9.368779884,6.51971033,1.819638,21.02609905,20.2550895,19.39525163,18.11055039,869.491064,34.6811296763,51.9951522866,102.791523452,188.480042551,0,0,0,0,991700,1314500,2306200,RESIDENTIAL A,1,1,0.03988670052197339,1262068.5385,0.05979952461777111,1235892.9000000001,0.11822033337423696,1159099.81,0.21677053434444496,1029554.5205,2021254.5205,213792.23458889397,213792.23458889397,213792.23458889397
68012052,2075,21.5830074,-158.1407266,2539.015549,261.3312974,11.75513856,9.0416218,7.874585661,4.823275122,0,19.71531417,19.07516171,17.81983774,16.55203786,864.601006693,30.7240128075,50.4780250637,104.222077824,192.600441079,0,0,0,0,940800,1301800,2242600,RESIDENTIAL A,1,1,0.03553548118688392,1255540.537,0.05838302832513771,1225797.0106000002,0.12054355363595691,1144875.8208,0.22276222163524267,1011808.4284,2085675.8208,461900.4086124128,461900.4086124128,461900.4086124128
84001007,2075,0,0,1191.142334,125.7354852,20.44409586,15.61875611,11.57252592,5.120632328,0,32.88452534,30.88389269,27.88293595,25.88229844,2632.5989699,143.330200188,261.676216351,444.007837711,659.871656275,3.0135890372,25.3417011645,105.046269751,230.32864204,338700,1087200,1425900,RESIDENTIAL A,2,2,0.054444372966325524,1028008.4831999999,0.09939843452910711,979134.4944,0.16865760519835868,903835.0224,0.25065407371942616,814688.9712,1242535.0224000001,275175.762617631,275175.762617631,275175.762617631
84001014,2075,21.47877289,-158.2243112,3607.913757,290.3682812,15.54329514,11.5138305,8.333722042,2.905960119,0,27.391195,26.69634289,23.98390103,21.80225967,1858.70169374,95.4323268471,172.082374846,289.032022735,425.916772382,42.2248961279,66.5435572796,119.246612271,169.508195829,1149300,1126800,2276100,RESIDENTIAL,1,3,0.05134354112255375,1068945.5807999999,0.09258202939479933,1022478.6024000001,0.15550210327372227,951580.3463999999,0.22914746019571783,868597.1604,2100880.3464,465267.65126698033,465267.65126698033,465267.65126698033
84001015,2075,21.47879368,-158.2240816,6045.228775,426.8579379,17.50703474,13.55545153,10.33261918,5.071742737,0,22.58355174,20.64491834,18.58229715,15.66305788,1695.13981008,73.8881440588,132.662317043,228.166277019,348.489000499,57.1284276593,76.7856449524,127.71541697,188.47601153,1051000,1146600,2197600,RESIDENTIAL,1,1,0.04358823007956667,1096621.9992,0.07826039849582624,1056867.084,0.13460027052767523,992267.6399999999,0.20558127325353387,910880.8254,2043267.64,452508.5578536905,452508.5578536905,452508.5578536905
84001017,2024,21.47850226,-158.223869,2378.644073,208.4703534,4.372866673,0.467170932,0,0,0,6.609436681,6.38982813,5.639943148,4.526153859,1172.89917987,79.5900638708,144.588526598,250.463241183,382.765903328,105.354018939,120.2206848,132.849177651,147.841013812,422400,943800,1366200,RESIDENTIAL,1,1,0.06785754925638321,879755.6196,0.12327447156542959,827453.9988000001,0.21354200384960664,742259.0604,0.326341692361337,635798.4204,1302155.6195999999,1302155.6195999999,1302155.6195999999,779700
84003004,2024,21.46114836,-158.2097191,2450.780869,211.3424823,5.754284359,0,0,0,0,23.50577761,22.81185726,21.83118859,19.87106066,1757.18507314,114.814816683,230.621193404,396.419870625,586.351077059,11.4257833176,20.9528228743,42.2324630201,70.172394102,323500,1188200,1511700,RESIDENTIAL A,1,1,0.06534019576994915,1110563.012,0.13124468044330226,1032254.6909999999,0.22559938431335405,920143.2682,0.33368771794266416,791711.9184,1434063.012,1434063.012,1434063.012,779700
84006010,2024,21.468394,-158.21735,231.5641632,60.87393351,3.459059936,0.079672865,0,0,0,33.94413787,32.84990513,32.84706789,28.54576891,1297.43073005,10.1618274098,39.7321594063,102.469936381,205.681655391,0,0,0,0,495000,1123200,1618200,RESIDENTIAL,1,3,0.007832269711546287,1114403.0976,0.030623723090610636,1088803.1232,0.07897911927602566,1034490.7872,0.15852997052341553,945139.1039999999,1609403.0976,1609403.0976,1609403.0976,779700
84008019,2075,21.47558795,-158.2194204,3059.300247,227.2006655,16.17266954,12.61600793,9.518705125,4.211746091,0,39.92757456,38.19245314,34.56435967,32.08616064,1258.02207171,83.3860093636,159.858114378,286.691172227,445.46837499,0,0,0,0,689100,1120600,1809700,RESIDENTIAL,1,1,0.06628342319165778,1046323.2702,0.1270709934053133,978204.2374000001,0.2278904151795265,865226.466,0.35410219344123683,723793.2988000001,1554326.466,344226.0885429005,344226.0885429005,344226.0885429005
84009005,2100,21.4786797,-158.2251539,521.1619873,93.25764529,29.36514057,24.43808367,20.20114951,13.50407259,5.297186169,39.64407157,38.44014249,35.77229231,33.3414386,1548.29907961,148.332808901,293.312925897,520.759506862,774.670228898,2.67967085786,9.23334000731,67.0089517047,133.441575301,561800,1188400,1750200,RESIDENTIAL,1,2,0.0958037183218913,1074546.5264,0.18944203336404644,963267.1272,0.33634296740212083,788689.9787999999,0.5003362974891977,593800.6976,1155600.6976,122230.25498603392,122230.25498603392,122230.25498603392
84009006,2030,21.47849862,-158.2252142,2245.602219,189.5603876,7.60571532,2.549842315,0,0,0,16.23872822,16.23870003,14.23802965,11.23709685,1060.94613954,85.3376408724,154.530699937,254.050844656,359.701442994,120.743778633,145.395085478,201.146309706,264.710599818,416500,1048900,1465400,RESIDENTIAL,1,1,0.08043541296959739,964531.7285,0.1456536709808857,896123.5194000001,0.2394568726798423,797733.5527,0.3390383635779641,693283.0418,1381031.7285,1156592.3305993646,1156592.3305993646,779700
87001021,2100,21.42811891,-158.1786415,3256.313675,265.1516823,68.94875993,54.75248971,38.17625362,19.10808725,0,35.27292275,35.27288053,34.71164606,34.27259712,3797.06586001,0,0,0,606.548149674,0,0,0,0,51300,571300,622600,RESIDENTIAL,1,4,0,571300,0,571300,0,571300,0.15974127709030642,480039.9667,531339.9667,56200.91762569369,56200.91762569369,56200.91762569369
87008007,2100,21.38443015,-158.1482785,1049.791656,138.2331111,49.08555392,40.02226539,29.97202519,15.66111441,0,117.9351449,117.3502233,117.3502233,117.293897,937.82690976,0,0,0,0,0,0,0,0,6600,739400,746000,RESIDENTIAL,1,2,0,739400,0,739400,0,739400,0,739400,746000,78905.9494416675,78905.9494416675,78905.9494416675
87008066,2100,21.38497105,-158.1488226,2204.746193,219.4394484,50.40181749,42.1053834,32.67707146,19.16835943,3.975598707,116.9440611,116.9440611,116.9440611,116.9439907,473.82312715,0,0,0,0,0,0,0,0,45200,424900,470100,RESIDENTIAL,1,1,0,424900,0,424900,0,424900,0,424900,470100,49723.440794273316,49723.440794273316,49723.440794273316
87008085,2100,21.38512816,-158.1490305,1475.46505,173.9721147,48.35371929,40.1771033,31.11833981,18.07400145,3.257408708,120.0811639,120.0706596,120.0706596,120.0706596,469.777007428,0,0,0,0,0,0,0,0,17600,382400,400000,RESIDENTIAL,1,2,0,382400,0,382400,0,382400,0,382400,400000,42308.82007596113,42308.82007596113,42308.82007596113
87008086,2100,21.38506618,-158.1489456,1530.169792,191.8513953,48.88510896,40.6894253,31.56910138,18.42352078,3.54488553,119.6015761,119.58718,119.58718,118.9078653,462.97496702,0,0,0,0,0,0,0,0,13200,424900,438100,RESIDENTIAL,1,1,0,424900,0,424900,0,424900,0,424900,438100,46338.73518819643,46338.73518819643,46338.73518819643
87011007,2100,21.42488256,-158.177663,1024.68544,131.7457807,121.3130473,102.0272983,77.40331362,42.95540233,5.213687879,142.6857055,141.3371139,139.3637108,137.0038246,466.006657302,0,0,0,0,0,0,0,0,182000,455000,637000,RESIDENTIAL,1,2,0,455000,0,455000,0,455000,0,455000,637000,67376.7959709681,67376.7959709681,67376.7959709681
87011008,2100,21.42515011,-158.1777013,1522.771225,165.1013981,115.8062956,96.13744088,71.64775611,38.57540776,2.91006082,141.8551051,140.8758934,139.0744263,136.9622532,445.380584284,0,0,0,0,0,0,0,0,112800,455000,567800,RESIDENTIAL,1,1,0,455000,0,455000,0,455000,0,455000,567800,60057.370097826824,60057.370097826824,60057.370097826824
87011035,2100,21.42580172,-158.1779567,3121.745407,246.9085585,99.13442411,81.41809382,59.10915616,28.16620489,0,130.2833958,129.5443216,128.3604238,127.1333889,480.686244292,0,0,0,25.264489947,0,0,0,0,116400,455000,571400,RESIDENTIAL,1,2,0,455000,0,455000,0,455000,0.052559211433670046,431085.65499999997,547485.655,57908.680178911825,57908.680178911825,57908.680178911825
87011036,2100,21.42551616,-158.1779098,2427.413986,228.0429673,99.97279328,80.75223578,56.89841415,24.7998121,0,128.5223474,128.006175,126.5811684,125.134906,480.06894858,0,0,0,91.1909416017,0,0,0,0,53000,455000,508000,RESIDENTIAL,1,1,0,455000,0,455000,0,455000,0.18995384282077493,368570.93,421570.93,44590.42156656401,44590.42156656401,44590.42156656401
87011041,2075,21.42609461,-158.1782203,2962.825089,247.2222869,60.05770513,43.56725208,22.88475158,0,0,109.5263572,108.5758918,107.3145489,106.055917,453.860287248,0,0,18.8681816486,453.860287278,0,0,0,0,917800,455000,1372800,RESIDENTIAL A,1,1,0,455000,0,455000,0.04157266493397775,436084.28500000003,1.0000000000660996,0,1353884.2850000001,299835.5248782411,299835.5248782411,299835.5248782411
87011042,2075,21.42623468,-158.1782145,1244.237335,145.7623023,66.91315185,50.39527948,30.14885789,2.001263667,0,122.9582841,121.9961949,120.7613861,118.7741387,471.066039751,0,0,81.9433350172,471.066039719,0,0,0,0,2000,455000,457000,RESIDENTIAL,1,1,0,455000,0,455000,0.17395296646838368,375851.385,0.999999999932069,0,377851.385,83680.17089986782,83680.17089986782,83680.17089986782
87011045,2100,21.42644515,-158.178061,3681.911514,303.3491174,77.35205309,60.54594389,40.23442991,12.40590184,0,141.4898881,140.5428233,139.1289096,137.0948443,474.64695573,0,0,0,390.184207861,0,0,0,0,162000,455000,617000,RESIDENTIAL,1,1,0,455000,0,455000,0,455000,0.8220514282260643,80966.79500000001,242966.795,25699.09603521983,25699.09603521983,25699.09603521983
87011046,2100,21.42613565,-158.178007,1976.035645,199.570738,87.45533894,71.13919645,50.71286292,22.25425979,0,137.1615885,136.4726613,135.1730045,133.6086526,482.439928041,0,0,0,178.075298739,0,0,0,0,25700,455000,480700,RESIDENTIAL,1,1,0,455000,0,455000,0,455000,0.3691139318880471,287053.13,312753.13,33080.5397634092,33080.5397634092,33080.5397634092
87011048,2100,21.42649061,-158.1779271,2368.459946,223.1715611,93.61988102,76.5194485,55.56181369,27.25552039,0,159.3901889,158.4618748,156.9447155,154.2944695,453.61399655500003,0,0,0,1.34226143321,0,0,0,0,178000,455000,633000,RESIDENTIAL,1,1,0,455000,0,455000,0,455000,0.002959038837875129,453653.65499999997,631653.655,66811.30209929557,66811.30209929557,66811.30209929557
87011073,2100,21.4268692,-158.1779828,3423.917755,259.2668686,92.20894165,75.05054772,53.97795806,25.13396067,0,164.5423021,162.5662151,159.3588105,154.6991215,460.319514501,0,0,0,54.9869053898,0,0,0,0,382800,455000,837800,RESIDENTIAL,1,1,0,455000,0,455000,0,455000,0.11945377864201007,400648.43000000005,783448.43,82866.94665916057,82866.94665916057,82866.94665916057
87011075,2100,21.42711187,-158.178172,2530.8345639999998,317.8578636,78.862487,61.63154546,40.50649103,11.48397381,0,142.4317592,142.3622721,141.5138863,138.7469921,473.961645105,0,0,0,424.786226151,0,0,0,0,46900,455000,501900,RESIDENTIAL,1,1,0,455000,0,455000,0,455000,0.8962459948776955,47208.07000000001,94108.07,9954.003503314889,9954.003503314889,9954.003503314889
87011076,2100,21.42686176,-158.1781336,2388.03566,292.8519464,76.66469995,59.44838025,38.29345306,9.326491823,0,148.1443955,146.1804587,142.9546185,138.3041678,476.74866771,0,0,0,476.748667789,0,0,0,0,35800,455000,490800,RESIDENTIAL,1,1,0,455000,0,455000,0,455000,1.000000000165706,0,35800,3786.639396798521,3786.639396798521,3786.639396798521
87011078,2075,21.42688873,-158.1784214,1110.58876,170.485668,46.72468167,29.52145314,8.383601184,0,0,118.3510831,116.3776241,113.3855572,108.9507882,489.976051144,0,0,265.665088337,489.97605107,0,0,0,0,0,457800,457800,RESIDENTIAL,2,1,0,457800,0,457800,0.5422001498169615,209580.84,0.9999999998489721,0,209580.84,46414.44018668307,46414.44018668307,46414.44018668307
87011079,2075,0,0,1449.286865,168.6050133,55.79655692,38.55759305,17.53090912,0,0,126.5383444,124.7514044,121.1058194,116.0741,550.679157309,0,0,245.722364164,550.679157277,0,0,0,0,311200,462400,773600,RESIDENTIAL,1,1,0,462400,0,462400,0.4462169321329861,256069.2592,0.9999999999418899,0,567269.2592,125629.25647631916,125629.25647631916,125629.25647631916
87011080,2075,21.42714172,-158.178413,2056.618866,196.0428461,54.1374444,37.15812321,16.236516,0,0,123.1056807,121.3953959,117.7675609,111.3553737,465.773564364,0,0,227.761488245,465.773564272,0,0,0,0,327300,455100,782400,RESIDENTIAL,1,1,0,455100,0,455100,0.4889961682475509,232557.9204,0.9999999998024791,0,559857.9204,123987.91778602742,123987.91778602742,123987.91778602742
87011087,2100,21.42749902,-158.1782286,3134.733414,263.1611087,80.67402861,62.99023649,41.34970978,11.75440458,0,100.811865,100.8118953,99.81160175,99.81160052,466.394359572,0,0,0,393.781989353,0,0,0,0,200000,448300,648300,RESIDENTIAL,1,1,0,448300,0,448300,0,448300,0.8443112170446597,69795.37869999999,269795.3787,28536.81033686024,28536.81033686024,28536.81033686024
87011088,2100,21.42777549,-158.1782757,2192.597168,214.1565712,85.64629376,68.39277026,47.34972212,18.65545692,0,72.65377784,72.65375552,71.65340829,70.9376613,474.859250453,0,0,0,165.370346822,0,0,0,0,29500,448300,477800,RESIDENTIAL,1,1,0,448300,0,448300,0,448300,0.34825129059661813,292179.07670000003,321679.07670000003,34024.655445754004,34024.655445754004,34024.655445754004
87011089,2100,21.42777325,-158.1781271,2142.538406,229.1342726,99.48926369,82.22475319,61.162357,32.44439733,2.354619071,73.1277675,73.12757856,72.12752285,72.12728623,458.38233426,0,0,0,0,0,0,0,0,9400,448300,457700,RESIDENTIAL,1,1,0,448300,0,448300,0,448300,0,448300,457700,48411.867371918524,48411.867371918524,48411.867371918524
87011090,2100,21.42748914,-158.1780782,1925.552734,237.9478187,97.3635382,79.70104553,58.08523779,28.52076533,0,105.5459575,105.4974763,105.4870943,104.4868442,436.646754775,0,0,0,0,0,0,0,0,47500,448300,495800,RESIDENTIAL,1,1,0,448300,0,448300,0,448300,0,448300,495800,52441.782484153824,52441.782484153824,52441.782484153824
87011103,2100,21.42482082,-158.1778193,1234.914825,151.7887581,105.0629081,85.33819526,59.87147805,24.85343059,0,123.8752381,122.4055197,120.43830319999999,118.1152145,486.353128846,0,0,0,254.627704329,0,0,0,0,40600,455000,495600,RESIDENTIAL,1,2,0,455000,0,455000,0,455000,0.5235449084766265,216787.025,257387.025,27224.353326529774,27224.353326529774,27224.353326529774
87012044,2100,0,0,2105.863663,223.5476383,105.709732,85.24188608,60.07341308,27.59180772,0,119.3558479,117.3018356,116.2818758,114.2813019,464.553865599,0,0,0,114.202826122,0,0,0,0,872700,455000,1327700,RESIDENTIAL,1,1,0,455000,0,455000,0,455000,0.2458333351176528,343145.985,1215845.9849999999,128602.52254861183,128602.52254861183,128602.52254861183
87012078,2100,21.42430085,-158.177714,1182.698441,138.1642175,119.0925412,97.82146169,70.91805382,35.44545009,0,132.5389639,130.5383231,128.5377385,126.0832018,1412.94391575,0,0,0,765.652755479,0,0,0,0,20600,437100,457700,RESIDENTIAL,3,3,0,437100,0,437100,0,437100,0.5418847464108909,200242.06650000002,220842.06650000002,23358.918141879858,23358.918141879858,23358.918141879858
87023040,2050,21.40740092,-158.1779544,930.8451691,123.8476654,13.88086254,7.76543696,2.339978756,0,0,96.80371058,92.95670378,65.98596352,62.66192907,1719.911438,255.620194539,490.259965031,892.275144374,1367.78055764,0,0,0,0,376300,1274500,1650800,RESIDENTIAL A,2,2,0.14862404475677427,1085078.712,0.2850495404583733,911203.775,0.5187913311464354,613300.8705,0.7952622021227583,260938.58099999998,1287503.775,597008.7120246699,597008.7120246699,597008.7120246699
87023041,2024,21.4070033,-158.1782198,3772.173737,345.2799671,3.83356347,0,0,0,0,47.14374583,46.20132628,40.28027339,34.77782152,2203.3939986,233.53846565,440.025426004,810.692559728,1368.21915781,0,0,0,0,370700,1452700,1823400,RESIDENTIAL A,1,1,0.10599033391140507,1298728.327,0.19970346941290792,1162591.4519,0.36792900418313773,918209.5417000001,0.620959827738182,550631.408,1669428.327,1669428.327,1669428.327,779700
87023043,2100,21.40649463,-158.1780216,2865.874619,244.8309306,25.78168377,20.79253055,16.80714426,8.982090001,0,38.45317109,37.0080388,35.63750667,32.88512003,824.213888612,0,0,0,0,0,0,0,0,412700,649700,1062400,RESIDENTIAL,1,3,0,649700,0,649700,0,649700,0,649700,1062400,112372.22612175276,112372.22612175276,112372.22612175276
87023044,2075,0,0,2905.657898,252.1351367,17.7592983,12.80644836,8.802476552,0.967754134,0,30.4639148,28.99525176,27.6282819,24.87181605,818.877706851,3.52823027362,109.018185344,341.534020286,670.681416982,0,0,0,0,642000,991100,1633100,RESIDENTIAL A,1,1,0.0043086168350923056,986829.3501,0.13313121658083746,859153.8659,0.41707573356633615,577735.9764,0.8190251259386583,179364.3225,1219735.9764,270126.61329233757,270126.61329233757,270126.61329233757
87023046,2100,21.40618882,-158.1779624,1905.342926,196.1333211,24.88823086,20.07735944,16.40761715,9.104135247,0,40.79127307,39.48219415,37.55586088,35.59893482,1396.24781792,8.06620062324,120.739417821,344.219206441,662.492926229,0,0,0,0,488100,1109100,1597200,RESIDENTIAL,1,4,0.0057770551328461695,1102692.7293,0.08647420341244748,1013191.6866,0.24653159849072187,835671.3588,0.4744809035518639,582853.1229000001,1070953.1229,113276.90746641197,113276.90746641197,113276.90746641197
87023051,2024,21.40671053,-158.1782137,2829.702606,344.9333262,5.801230435,0.558000475,0,0,0,18.60410929,17.7287347,15.3996305,12.42199197,2177.58567375,182.491213053,327.657838353,590.495663227,943.187846532,0,0,0,18.1614691134,219700,1489000,1708700,RESIDENTIAL A,1,2,0.08380437805633319,1364215.844,0.1504684028292414,1264953.148,0.2711698879842982,1085227.8699999999,0.433134667398755,844061.985,1583915.844,1583915.844,1583915.844,779700
87023054,2100,21.40725557,-158.1777122,3826.708817,289.2913276,36.72895549,30.56843585,25.07486306,15.50849244,2.925579449,102.8655713,102.1261798,79.91810145,76.37151302,783.114661141,0,0,0,0,0,0,0,0,158800,614400,773200,RESIDENTIAL,1,1,0,614400,0,614400,0,614400,0,614400,773200,81782.94920683287,81782.94920683287,81782.94920683287
87023055,2100,21.40741473,-158.1777551,2269.098282,211.642776,28.89643027,22.89143868,17.62855128,8.361304526,0,90.73905949,85.46867563,61.65226481,58.05541415,714.346599135,0,0,0,67.1279972711,0,0,0,0,49100,615900,665000,RESIDENTIAL,1,1,0,615900,0,615900,0,615900,0.09397118618942832,558023.2611,607123.2611,64216.67204452668,64216.67204452668,64216.67204452668
87028001,2024,21.41126274,-158.1769641,2994.176849,297.8825646,0,0,0,0,0,15.35114289,14.41867121,12.55372824,9.296535135,886.304818796,245.577329131,510.405042323,787.044012801,787.044012848,0,0,0,0,301400,884100,1185500,RESIDENTIAL A,1,1,0.2770799886483798,639133.572,0.5758798006044459,374964.492,0.8880060179184847,99013.89540000004,0.8880060179715138,99013.89540000004,940533.572,940533.572,940533.572,779700
87028002,2024,21.41152882,-158.1769164,3780.3302,268.1401103,0,0,0,0,0,16.25455721,16.23557514,14.23496352,10.23369446,875.835596239,242.224441867,513.405081465,838.397358655,838.397358642,0,0,0,0,396500,895500,1292000,RESIDENTIAL A,1,1,0.2765638242007479,647836.938,0.5861888734251683,370567.7505,0.9572542635344273,38279.042999999954,0.9572542635195843,38279.042999999954,1044336.938,1044336.938,1044336.938,779700
87028004,2024,21.4119577,-158.1768945,3061.281097,265.8113558,4.649236326,0,0,0,0,23.35938945,22.40158253,19.47281749,15.82037093,860.404038665,119.921879926,328.203857956,656.983738572,860.404038687,0,0,0,0,253200,937000,1190200,RESIDENTIAL,1,1,0.13937856464745374,806401.877,0.3814531815369439,579578.539,0.7635758423349264,221529.28799999997,1.0000000000255693,0,1059601.8769999999,1059601.8769999999,1059601.8769999999,779700
87028005,2030,21.4121682,-158.176832,3038.528015,250.5974818,11.33734718,2.818086497,0,0,0,29.17275315,29.02292912,25.03980153,22.37281864,862.566570226,111.404681199,280.708224327,551.89827345,860.325178454,0,0,0,0,275900,914000,1189900,RESIDENTIAL A,1,1,0.12915487922261004,795952.33,0.3254336929072639,616553.324,0.6398326720515007,329192.63800000004,0.9974014854628407,2375.4860000000162,1071852.33,897659.451864693,897659.451864693,779700
87028006,2030,21.41233012,-158.1768549,3491.469147,290.8494339,13.36343271,4.857615796,0,0,0,32.47216482,31.68561349,30.2885102,24.76772184,915.541183095,97.3931220622,266.332853792,531.798007283,860.206342608,0,0,0,0,970700,957200,1927900,RESIDENTIAL,1,1,0.1063776527593889,855374.9784,0.290902101084801,678748.6056,0.5808564563805303,401204.6368,0.9395605118494619,57852.21080000002,1826074.9784,1529309.045933944,1529309.045933944,779700
87028007,2030,21.41250797,-158.1769084,3057.679321,291.0052664,11.98239807,3.303299194,0,0,0,32.06252982,31.53345251,30.31852869,25.2223556,1110.07121689,116.241749184,317.273357973,625.572258287,996.930799251,0,0,0,0,265500,1024900,1290400,RESIDENTIAL,2,1,0.10471557807765294,917576.5716,0.28581351641733405,731969.2313999999,0.5635424545459498,447325.8042,0.8980782350559664,104459.85779999995,1183076.5716,990808.003166272,990808.003166272,779700
87028008,2050,0,0,2145.296387,206.29906,21.96051696,12.8315567,2.619370816,0,0,44.81686949,43.93387364,42.47531822,39.12198412,1177.8329298,172.482169723,366.367412342,660.595254065,1012.17158368,0,0,0,0,679500,1035500,1715000,RESIDENTIAL,1,1,0.14644026785045655,883861.38,0.3110521051607976,713405.654,0.5608564995522507,454733.61199999996,0.8593507262968697,145642.0395,1392905.654,645883.0075790812,645883.0075790812,645883.0075790812
87028009,2075,21.41284838,-158.1767263,1039.312546,132.5275222,41.72681903,32.33133705,21.81318946,5.990776458,0,65.39833413,64.45034934,63.02029116,59.07184758,1082.23544797,96.9744462983,291.659710222,580.863016402,918.945508406,0,0,0,0,538800,1077200,1616000,RESIDENTIAL A,1,2,0.08960568283010831,980676.4168,0.2694974654259199,786897.8316,0.5367251807280496,499039.83,0.8491179161888566,162530.09039999996,1037839.8300000001,229843.31350562544,229843.31350562544,229843.31350562544
87028010,2100,21.41320023,-158.1766767,199.1517029,64.21233957,60.2140614,49.73990957,37.72169766,20.07667981,0,85.56339365,84.61060395,83.0267456,76.66617045,1399.40047741,127.621053865,383.679244201,753.858543857,1173.91398602,0,0,0,0,990500,1138200,2128700,RESIDENTIAL A,1,3,0.0911969489257286,1034399.5746,0.2741740126536978,826135.1532000001,0.5387010766583672,525050.5218,0.8388692193336045,183399.3042,1173899.3042000001,124165.73612173442,124165.73612173442,124165.73612173442
87028011,2050,21.41320729,-158.1769233,2463.255753,242.4580343,26.11154133,15.52370523,3.391395605,0,0,51.62891456,50.67381869,49.14591544,42.57800628,1369.01959354,195.131110214,418.225752806,748.23608638,1135.13812226,0,0,0,0,570700,1154700,1725400,RESIDENTIAL A,1,1,0.1425334678442633,990117.1449,0.30549289051777206,801947.2329,0.5465488513902252,523599.86970000004,0.8291613411644233,197267.79329999996,1372647.2329,636489.2845287821,636489.2845287821,636489.2845287821
87028012,2050,21.41338969,-158.1769114,5407.838486,379.8850415,25.27587347,14.17569713,1.354863025,0,0,51.94995197,50.9610599,49.26574607,41.82975446,1666.25313094,236.917653822,511.359992137,908.345610787,1362.06397493,0,0,0,0,922100,1201500,2123600,RESIDENTIAL A,1,1,0.14218587165585417,1030663.521,0.30689214180112084,832769.2620000001,0.5451426280438951,546510.6854999999,0.8174412096447827,219344.63850000003,1754869.262,813723.6241332986,813723.6241332986,779700
87028013,2100,21.41357577,-158.1767551,463.0967102,90.37527229,61.49275217,50.10940525,36.85519407,17.66636426,0,87.10853621,86.138720180000007,84.47138872,76.58361919,1524.00942266,210.562000717,455.890964378,809.232864365,1211.56237281,0,0,0,0,296600,1206500,1503100,RESIDENTIAL A,1,3,0.13816318822326304,1039806.3404999999,0.29913920320931464,845588.7964999999,0.5309894101261974,565861.7714999999,0.7949835183402895,247351.80399999997,543951.804,57534.89751357619,57534.89751357619,57534.89751357619
87028014,2050,21.41373977,-158.1769746,4004.365891,357.7424884,30.58834752,18.81744638,5.060068878,0,0,57.45917572,55.94827457,53.58223919,44.42679649,1612.10217952,228.013425792,492.506534908,868.718040672,1290.73281537,0,0,0,0,529100,1232900,1762000,RESIDENTIAL,1,1,0.14143856927225948,1058519.8569,0.3055057806910495,856241.6525999999,0.5388728156987289,568523.4783,0.8006519882966184,245776.14919999996,1385341.6526,642375.6200115636,642375.6200115636,642375.6200115636
87028015,2030,21.41401616,-158.1772596,8154.730957,484.07283,11.8200272,0.140253307,0,0,0,39.03539226,37.7694236,33.4034329,25.34814689,2707.98476196,293.229374666,636.697412019,1130.55886742,1692.36329119,0,0,1.38378882943,177.048912689,1337200,1421200,2758400,RESIDENTIAL A,1,1,0.10828324397725372,1267308.2004,0.23511853573288488,1087048.8772,0.41749085271872727,827861.7908,0.6249530333269275,533016.7964,2604508.2004,2181234.614238476,2181234.614238476,779700
87028016,2100,21.41411312,-158.1768912,1674.852234,168.6469953,59.30780424,47.60720476,33.95717943,14.4455133,0,85.97187109,84.67489956,79.86881925,72.53688179,2762.29837463,285.474375804,619.100600792,1098.04886385,1641.78613208,0,0,3.44561404996,130.140648974,116400,1484200,1600600,RESIDENTIAL A,1,1,0.10334668348137381,1330812.3826000001,0.22412517289155134,1151553.675,0.3975127647088739,894211.2054,0.5943551019537893,602058.309,718458.309,75992.80831890072,75992.80831890072,75992.80831890072
91006003,2100,0,0,627.4649048,108.3836728,20.0000851,16.38246192,14.07599901,10.55653909,6.093180655,27.30458494,26.32188803,24.99668225,15.05726126,1161.27687926,55.336692215,91.2272822399,145.445709206,214.023753103,0,0,0,208.153206979,216500,1460900,1677400,RESIDENTIAL,1,3,0.047651592142489034,1391285.1931999999,0.07855773577274072,1346134.6178,0.12524636613680135,1277928.1186000002,0.18430036533525257,1191656.13,1408156.13,148943.56085757932,148943.56085757932,148943.56085757932
91006005,2030,0,0,1913.472839,186.1918059,9.692273608,6.08526474,3.549467735,0,0,16.39816545,15.84674477,14.3406639,12.82766011,1161.27509993,55.2185775893,93.6852426218,149.076155122,218.788505866,0,0,0,5.48462916347,426700,1328100,1754800,RESIDENTIAL,1,2,0.04754995400541052,1264948.845,0.08067446088135982,1220956.8606,0.1283728163386833,1157607.8187,0.1884036830542464,1077880.6476,1691648.845,1416729.2755245871,1416729.2755245871,779700
91006006,2024,0,0,2088.905937,209.8289775,2.697265707,0,0,0,0,9.297958284,8.575302222,7.128043113,5.127562838,1161.27036341,53.8020644707,92.5829704576,147.396544733,216.492163407,0,0,0,32.8393822189,232700,1328100,1560800,RESIDENTIAL,1,2,0.04633035179913961,1266569.127,0.07972559480958052,1222215.8994,0.12692698391111867,1159528.2513,0.18642701151115565,1080506.3013,1499269.127,1499269.127,1499269.127,779700
91006007,2030,0,0,2029.0763240000001,200.4185282,9.183352722,5.697356034,3.156890704,0,0,15.1815843,14.22729555,12.58122819,11.38490849,1007.01601152,106.217971377,183.501481384,291.003562473,427.034506795,0,0,0,0,303100,1269700,1572800,RESIDENTIAL A,1,2,0.1054779369562094,1135774.5834000001,0.1822230026978628,1038331.4569,0.28897610280670344,902787.1728,0.4240593018480708,731272.2877000001,1438874.5834000001,1205034.8109397518,1205034.8109397518,779700
91006009,2024,0,0,1465.013412,157.3074052,0,0,0,0,0,3.050351563,2.346064432,0.951155795,0,1161.28078857,51.9289867542,90.934080762,144.853634184,213.039610353,0,0,0,103.940496732,202700,1328100,1530800,RESIDENTIAL A,1,3,0.044716994602266094,1268711.3523,0.07830499019446979,1224103.1295,0.12473609794438485,1162438.1184,0.18345228169608901,1084457.3988,1471411.3523,1471411.3523,1471411.3523,779700
91006012,2024,0,0,636.4088287,107.2277332,0,0,0,0,0,3.293561958,2.336528947,1.37949593,0.131618376,1272.32393918,48.504816702,94.800887307,158.838528906,238.528934448,0,0,0,473.611620269,266700,1435600,1702300,RESIDENTIAL,1,3,0.03812300877814251,1380870.6212,0.07451002404945568,1328633.4440000001,0.12484126409534495,1256378.2604,0.18747500310473567,1166460.89,1647570.6212,1647570.6212,1647570.6212,779700
91006042,2075,0,0,1208.691925,144.9171954,14.76833436,11.19975232,8.528487449,4.857265349,0.249245181,19.35909901,18.39858149,16.75644876,15.23778828,638.678511978,51.1160516552,95.2301456201,155.928964146,232.327923955,0,0,0,0,91700,1140800,1232500,RESIDENTIAL A,1,1,0.08003408709789309,1049497.2128,0.14910497822319144,970701.016,0.2441431193028319,862281.6656,0.3637634891386526,725819.1695999999,953981.6656,211271.8173912438,211271.8173912438,211271.8173912438
91007009,2024,0,0,5232.033638,358.6586347,5.736726281,1.545555989,0,0,0,16.89671978,16.11502973,14.4596133,12.39645771,1734.17081335,100.96628384,172.180117826,279.188028,408.797217616,0,0,0,0,196500,1458700,1655200,RESIDENTIAL,1,1,0.05822164867655539,1373771.5686,0.09928671183975787,1313870.0531,0.16099223089833695,1223860.9696,0.23573065263755785,1114839.1903,1570271.5686,1570271.5686,1570271.5686,779700
91007011,2030,0,0,4627.655876,331.6115674,7.328226923,2.995286429,0,0,0,19.68205173,18.70278828,17.27837293,15.31577185,1434.75636836,98.8638971426,170.675078703,277.197014659,405.374864739,0,0,0,0,594400,1425200,2019600,RESIDENTIAL,1,1,0.06890640064250525,1326995.1687999999,0.11895753346478634,1255661.0584,0.193201452714826,1149849.9348000002,0.28253916391558814,1022525.4172,1921395.1687999999,1609138.2047380323,1609138.2047380323,779700
91007013,2100,0,0,2962.399574,237.6176955,24.6713157,19.96210587,16.30452679,10.97060691,4.691670668,35.78589697,34.74869359,33.3939387,31.52256873,511.949694268,0,0,0,0,0,0,0,0,177400,615200,792600,RESIDENTIAL,1,1,0,615200,0,615200,0,615200,0,615200,792600,83834.92698051698,83834.92698051698,83834.92698051698
91007015,2030,0,0,1120.870514,135.2760748,9.594298855,4.540910598,0.417511318,0,0,17.92216222,16.92940021,15.47932935,14.09477903,1399.55899368,114.865889516,208.652762107,342.157194361,497.127455906,0,0.129338771358,17.5839705101,54.94928973,187400,1410600,1598000,RESIDENTIAL,1,2,0.08207291727944362,1294827.8262,0.14908464955690684,1200300.699,0.2444750067028843,1065743.565,0.3552029304594394,909550.6482,1482227.8262,1241342.4692609357,1241342.4692609357,779700
91007050,2030,0,0,1873.02285,173.3326731,6.38647147,2.54997647,0,0,0,10.06577242,9.218531839,7.977225178,6.622281028,1394.03862841,47.0243111909,98.7040480091,171.111592896,260.710529082,0,0,0,160.743446617,460400,1406300,1866700,RESIDENTIAL,1,3,0.03373243053137958,1358862.6884,0.07080438518527925,1306728.3348,0.1227452305903208,1233683.7065,0.18701815270309896,1143296.5866,1819262.6884,1523603.8603069806,1523603.8603069806,779700
91007052,2024,0,0,2079.51918,202.9096487,0,0,0,0,0,3.065002915,2.275487973,0.975780968,0,465.504379897,46.9104208491,105.065764156,187.582940373,289.088870932,0,0,0,0,106400,1028100,1134500,RESIDENTIAL A,1,1,0.1007733178782972,924495.2787,0.22570306251306899,796054.7457,0.40296707930977066,613809.6272999999,0.6210228805923703,389626.2537,1030895.2787,1030895.2787,1030895.2787,779700
91007053,2050,0,0,1635.975815,177.7995666,12.44065785,8.257055543,5.112332576,0.576609334,0,17.30459619,16.61150102,15.23986307,12.75352497,582.646601392,43.1611965425,92.2506825199,162.803842353,248.344768698,0,0,0,0,125900,1132500,1258400,RESIDENTIAL,1,1,0.07407783112333216,1048606.665,0.1583304224198752,953191.275,0.27942125117360267,816055.7175000001,0.4262356771749461,649787.73,1079091.275,500368.9346423927,500368.9346423927,500368.9346423927
91007064,2024,0,0,1113.887253,133.5010532,0,0,0,0,0,3.651940333,2.968393975,1.323605183,0,492.089370449,39.4394124248,84.9833250706,150.072557051,229.584321783,0,0,0,0,207800,1069200,1277000,RESIDENTIAL A,1,2,0.08014684891245276,983506.8276000001,0.17269896521653813,884550.2292000001,0.3049701254755176,743126.076,0.4665500528359697,570364.74,1191306.8276,1191306.8276,1191306.8276,779700
91007070,2024,0,0,3134.021179,304.5226902,0,0,0,0,0,2.246958078,1.246703556,0,0,789.604037373,71.3974734546,138.822818569,236.72105511,354.371742072,0,0,0,0,190000,1253800,1443800,RESIDENTIAL A,1,1,0.09042186979202672,1140428.8964,0.17581320763108216,1033365.6606000001,0.29979716909448334,877914.5214,0.44879677065860646,691098.3214,1330428.8964,1330428.8964,1330428.8964,779700
91007072,2030,0,0,2709.835152,208.348214,6.561580921,1.737485616,0,0,0,15.5447108,14.57664853,13.36831935,11.67406594,1423.92288245,111.488023662,199.7000805,327.4183252,476.727399945,0,0.137780644798,16.4730918318,60.9990118845,436800,1345700,1782500,RESIDENTIAL A,1,2,0.07829639163475892,1240337.0728,0.14024641570222982,1156970.9578,0.22994105174898546,1036268.3963,0.33479860870326306,895160.9857,1677137.0728,1404575.8947705077,1404575.8947705077,779700
91007078,2030,0,0,2842.713493,231.8821762,9.879914528,5.411594693,2.115190578,0,0,6.753482619,6.753482619,6.753482619,6.753482619,963.583837518,89.5051523852,155.927738709,253.91458574,381.877012771,0,0,0,0,964800,1196600,2161400,RESIDENTIAL A,1,1,0.09288776845380413,1085450.2192,0.16182062487747698,1002964.9914,0.263510631720467,881282.7374,0.3963090681913461,722376.6505999999,2050250.2192,1717052.280842211,1717052.280842211,779700
91007080,2050,21.31036479,-158.0069176,1468.651924,156.0371176,10.80140885,6.149463598,2.59819552,0,0,22.68707245,21.70633936,20.39942595,18.77679196,702.12558775,100.060494078,177.155608528,289.675562248,422.393705157,0,0,0,0,592600,1079800,1672400,RESIDENTIAL,1,1,0.14251082117466954,925916.6222,0.2523132778791111,807352.4225999999,0.4125694424216631,634307.9938,0.601592809785759,430199.87859999994,1399952.4226,649150.5570243803,649150.5570243803,649150.5570243803
91023026,2024,21.31231776,-157.9975727,234.1220932,62.89496671,1.725780768,1.882116785,47.76514179,176.4676947,160.0819745,94.29950719,79.24077862,56.75507224,30.99680149,1161.29678959,1.89190588329,0,0,0,0,0,0,0,150200,1314800,1465000,RESIDENTIAL A,1,4,0.0016291321049444597,1312658.1908,0,1314800,0,1314800,0,1314800,1462858.1908,1462858.1908,1462858.1908,779700
91023029,2024,0,0,2039.30764,189.836323,5.249983115,5.453096672,87.33655841,130.4511836,114.0118111,50.51388019,36.40145238,18.63195122,14.40211387,1135.05260817,0,0,0,0,0,0,0,0,747700,1306100,2053800,RESIDENTIAL A,1,2,0,1306100,0,1306100,0,1306100,0,1306100,2053800,2053800,2053800,779700
91024009,2100,0,0,1361.534851,185.2466406,8.316219482,6.692477089,7.162440512,6.999613064,5.809999167,21.86251497,21.00976573,19.40499015,17.73929,1158.86531341,24.6154657137,17.1810086385,19.397816894,35.9458619856,0,0,0,0,271200,1460900,1732100,RESIDENTIAL,1,3,0.02124100655085462,1429869.0231,0.014825716534688838,1439240.6966,0.016738629303625695,1436445.9949,0.031018153334685713,1415585.8038,1686785.8038,178414.7926991492,178414.7926991492,178414.7926991492
91024010,2030,0,0,1584.178596,169.231883,7.065110108,5.320473457,5.637092134,5.263740609,3.789442057,20.21268044,19.29896081,17.90580824,16.24532072,1159.08494894,27.1889096238,23.2023312028,29.7349441053,50.6038853774,0,0,0,0,212400,1328200,1540600,RESIDENTIAL,1,2,0.023457219118119557,1297044.4126000002,0.020017800441649136,1301612.0924,0.02565380918153845,1294126.3572,0.04365847854695895,1270213.4444,1509444.4126000002,1264135.9318916062,1264135.9318916062,779700
91024013,2024,0,0,3158.240387,266.1681412,3.080474846,0.444599957,0,0,0,12.47445834,11.52095443,10.06803881,8.691826643,659.815445097,29.3547662285,39.1142021828,61.8965037759,97.5966323156,0,0,0,0,125900,1125400,1251300,RESIDENTIAL A,1,1,0.044489359027029954,1075332.0794,0.05928051923223742,1058685.1626,0.0938088131095515,1019827.3513999999,0.14791504661012028,958936.459,1201232.0794,1201232.0794,1201232.0794,779700
91024020,2030,0,0,1133.817482,135.9703011,8.394719148,5.643019062,4.571817781,2.492650773,0,20.1151335,19.25083936,17.64481828,14.8842783,1161.28082332,43.0113473187,59.8740984976,92.503740271,139.549157541,0,0,0,14.3417053586,225400,1328100,1553500,RESIDENTIAL A,1,2,0.03703785204661722,1278909.8322,0.05155867322980948,1259624.4921,0.07965665015163163,1222307.5383000001,0.12016831307180394,1168504.8791999999,1504309.8322,1259835.8016419297,1259835.8016419297,779700
91024022,2024,0,0,2040.694176,204.9769612,5.992826899,3.195257812,2.117371215,0.016449223,0,18.61319723,17.64795386,16.33651537,14.40602879,1161.27713069,42.5536365591,59.0287804633,91.1032582973,137.504408789,0,0,0,111.15180101,235800,1328100,1563900,RESIDENTIAL A,1,2,0.036643825521489225,1279433.1036,0.050830916155411306,1260591.3489,0.07845091915585117,1223909.2269,0.11840791931147265,1170842.3352,1515233.1036,1515233.1036,1515233.1036,779700
91024024,2075,0,0,964.2464752,127.0040798,10.89617621,8.00506228,6.784307346,4.525515043,1.325320828,23.41242455,22.4261702,21.17658147,19.184254,692.750312134,43.5289647676,61.4909400683,95.2109171825,143.285803761,0,0,0,55.4834110664,91700,1125000,1216700,RESIDENTIAL A,1,1,0.06283499841885327,1054310.625,0.08876349673359035,1025141.625,0.13743901015245327,970381.125,0.20683614464151115,892309.5,1062081.125,235211.86788695742,235211.86788695742,235211.86788695742
91024025,2024,0,0,2171.633949,205.7447343,3.394120001,0.485563524,0,0,0,15.2384388,14.46317266,12.91271929,10.845755,697.50712679,44.5179566197,63.9667972747,99.3635096768,149.130405742,0,0,0,34.2390237153,109300,1136700,1246000,RESIDENTIAL A,1,1,0.06382437527853836,1064151.2592,0.09170773289311296,1032455.5164,0.14245518914492122,974771.4015,0.21380484874514982,893667.8565,1173451.2592,1173451.2592,1173451.2592,779700
91024029,2075,0,0,2899.812668,243.6876914,13.68379211,10.27845573,8.354575056,5.234368057,1.173042138,25.29316925,24.55493812,23.34132581,1.054479635,1161.27308426,51.3053670854,79.8911550991,126.616712843,187.759101742,0,0,0,349.84622637,173900,1261700,1435600,RESIDENTIAL,1,3,0.04418027747374633,1205958.094,0.0687961825533993,1174900.0868,0.1090326767744593,1124133.0639,0.16168384877502442,1057703.2972000001,1298033.0639,287466.53560851986,287466.53560851986,287466.53560851986
91024095,2030,0,0,1387.436523,171.7123689,8.158209008,5.347552878,4.246837509,2.120993738,0,20.92694231,20.12891656,18.41002469,16.54656096,697.47510384,42.8434933769,59.7911553122,92.3799107277,139.296451777,0,0,0,46.8669362525,101000,1125000,1226000,RESIDENTIAL A,1,1,0.06142655578818803,1055894.625,0.08572514629269982,1028559.375,0.13244904401475505,975994.875,0.19971530311274657,900320.625,1156894.625,968881.03507944,968881.03507944,779700
91025001,2100,0,0,1257.007141,144.9507637,17.60782767,13.62541119,10.74237079,6.579024673,1.472642882,25.72128566,24.72261216,23.57530622,21.81754418,1172.02685031,65.3385011379,113.496123496,182.32515272,266.135998255,0,0.0138421507097,10.428303576,35.9345227451,191500,1302400,1493900,RESIDENTIAL,1,3,0.05574829716624497,1229793.8048,0.09683747728644644,1176279.4911999998,0.15556397250777587,1099793.4464,0.2270732945961155,1006660.1248,1198160.1247999999,126731.85285588582,126731.85285588582,126731.85285588582
91025003,2024,0,0,1884.219376,191.1705967,2.854862915,0,0,0,0,11.0210663,10.0544516,8.830636728,7.033038084,663.704196239,60.8239385702,103.942769072,166.686229022,243.910657453,1.31154789983,8.65339368036,29.9135330823,54.4144405562,135300,1108800,1244100,RESIDENTIAL,1,1,0.09164314300688449,1007186.2416,0.15661008271608123,935150.8319999999,0.25114535958422096,830330.424,0.36749904375347314,701317.1087999999,1142486.2415999998,1142486.2415999998,1142486.2415999998,779700
91025004,2075,0,0,2025.761742,190.3835416,13.20461868,9.385307436,6.819754441,2.976504327,0,21.29316494,20.46513067,18.98318227,17.5260419,1123.42345272,58.7735183953,98.8749011627,158.499089476,232.60097337,8.6543583192,20.6011507182,42.5949339603,66.5817912544,415100,1249400,1664500,RESIDENTIAL,1,3,0.05231644243584134,1184036.3895999999,0.08801213907659396,1139437.8072,0.14108579368914423,1073127.1516,0.2070465707359352,990715.4782,1488227.1516,329587.52389834827,329587.52389834827,329587.52389834827
91025005,2024,21.309688,-158.0101192,413.6731796,81.61726267,0.439580367,0,0,0,0,8.570480767,7.952525642,6.593906845,4.815051454,1117.70180039,57.4526561691,95.32999124,152.64317945,224.244931644,17.0796671435,29.0013538189,48.9268381241,75.7692284584,440800,1315000,1755800,RESIDENTIAL A,1,3,0.051402490493486754,1247406.37,0.08529107782302621,1202842.335,0.136568787306899,1135411.7650000001,0.2006303752626632,1051171.55,1688206.37,1688206.37,1688206.37,779700
91025006,2075,0,0,1574.073791,164.5365249,14.66624756,10.92696855,8.522829418,4.838060125,0.212304453,23.47603539,22.51206743,21.17560377,19.35308271,1115.33046658,56.4076177111,92.7443040703,148.415698241,218.315468009,13.4121774024,27.029550565,49.652137242,73.8870415826,282300,1314800,1597100,RESIDENTIAL A,1,2,0.05057480217864561,1248303.99,0.08315410261739468,1205469.1208000001,0.13306881026579984,1139840.8788,0.19574061190889272,1057439.7332000001,1422140.8788,314951.84748805995,314951.84748805995,314951.84748805995
91025007,2030,0,0,1514.711754,163.3246208,9.42839564,5.753779222,3.413433346,0,0,17.30693225,16.32136344,14.58889244,12.4024408,1355.85220573,67.4087085912,110.099232508,175.973679775,259.135824844,9.54106771242,28.1732302626,59.0190555632,99.8973617421,237300,1427800,1665100,RESIDENTIAL A,1,2,0.049716855794696806,1356814.0674,0.0812029748100176,1311858.3566,0.1297882461165851,1242488.6935999999,0.1911239468054555,1154913.1528,1594114.0674,1335045.4348054458,1335045.4348054458,779700
91025010,2075,0,0,1520.819916,159.6527243,12.81156243,9.33359451,7.250550426,3.992801526,0,21.86472971,20.89947845,19.14743539,10.4905538,1161.4357908,54.8178324563,87.8811087453,139.549482531,206.067061148,0,0,5.6905166424900004,419.307347168,389100,1248300,1637400,RESIDENTIAL,1,3,0.047198332349084354,1189382.7366,0.07566592095871892,1153846.1321999999,0.12015255913103724,1098313.0101,0.17742441104390322,1026821.6207999999,1487413.0101,329407.22152931854,329407.22152931854,329407.22152931854
91025011,2030,0,0,1986.932014,188.2651325,8.77974628,5.319385902,3.256108634,0.025601827,0,18.47541656,17.48937127,16.25483044,11.8125463,1089.70310949,51.7753942649,82.7046653459,131.079058942,193.448472451,0,0,0.439150500613,65.9834199019,478800,1313800,1792600,RESIDENTIAL,1,2,0.047513303223601686,1251377.4206,0.07589651220194023,1214086.5214,0.12028878122899664,1155764.3118,0.17752401618963648,1080568.9688,1730177.4206,1448996.3510220333,1448996.3510220333,779700
91025012,2050,0,0,2416.144089,217.6818986,9.884514122,6.401002656,4.31595962,1.049490619,0,19.79660362,18.86490987,17.36055463,11.45641839,1122.53805777,52.6157054309,84.1117157777,133.455839209,197.190768077,0,0,0.836637807139,310.21095761,298800,1313600,1612400,RESIDENTIAL,1,1,0.046872090497693024,1252028.9408,0.07492994575595395,1215171.952,0.11888758540099684,1157428.7232000001,0.1756651070421017,1082846.456,1513971.952,702020.8116321799,702020.8116321799,702020.8116321799
91025013,2030,0,0,2354.452461,215.3814766,9.515755554,5.977642365,3.840877205,0.488048995,0,18.8226854,17.86015991,16.62534705,8.266848917,1133.13980298,53.8867607451,86.4103032745,137.424274003,202.988740805,0,0,4.9587492161,373.58379925,132800,1313400,1446200,RESIDENTIAL A,1,1,0.04755526246927812,1250941.263,0.07625740711539117,1213244.0562,0.1212774219399877,1154114.7882,0.1791383025035109,1078120.1508,1383741.263,1158861.5230860559,1158861.5230860559,779700
91025016,2050,0,0,1145.746376,135.411647,8.945151841,6.611374493,5.967746943,5.944457811,5.944453277,11.31658662,10.37133241,9.315834627,4.89103095,693.252701709,0,0,0,0,15.6586238982,29.5981159573,48.6388648704,116.577889881,85800,1011600,1097400,RESIDENTIAL A,1,1,0,1011600,0,1011600,0,1011600,0,1011600,1097400,508858.5938910143,508858.5938910143,508858.5938910143
91025054,2050,0,0,1395.871872,158.3765318,13.2516215,8.296706583,4.178957998,0,0,25.53346617,24.57072814,22.92828592,21.16186348,2041.74099783,153.509218295,281.142407403,459.96857002,667.725597825,0,0,4.23925812657,52.7899139487,146200,1542400,1688600,RESIDENTIAL A,1,1,0.07518545126837951,1426434.656,0.13769739046323864,1330016.1472,0.2252825262895064,1194923.5008,0.32703736592186333,1037978.1312,1476216.1472,684513.6440162224,684513.6440162224,684513.6440162224
91025074,2030,0,0,880.4577179,118.6931464,9.701796174,5.407872314,1.998842595,0,0,17.27648264,16.54995211,15.58443875,14.09172613,1587.69721671,137.472478606,246.582216248,400.22625218,582.648350541,0,0,0.0312088030837,7.32617515449,409800,589400,999200,RESIDENTIAL,3,3,0.08658608024196718,538366.2115999999,0.1553080862350843,497861.4648,0.25207970888135856,440824.04799999995,0.3669769930997009,373103.7562,948166.2115999999,794074.2749343824,794074.2749343824,779700
