tract,block_group,rec_area_a,rec_area_s,tmk_join,tmk,year_tce,near_line,near_ce05,near_ce11,near_ce20,near_ce32,area_og,sa_ce05,sa_ce11,sa_ce20,sa_ce32,building_value,land_value,total_value,percenthazard_ce05,percenthazard_ce11,percenthazard_ce20,percenthazard_ce32,landvalue_ce05,landvalue_ce11,landvalue_ce20,landvalue_ce32,public_costce,OBJECTID_1,Join_Count,TARGET_FID,objectid,geoid20,aland20,awater20,pop20,st_areasha,st_perimet,Shape_Length,Shape_Area,OBJECTID_12,Join_Count_1,TARGET_FID_1,objectid_12_13,geoid20_1,aland20_1,awater20_1,pop20_1,county,island,tractname,st_areasha_1,st_perimet_1,Shape_Length_1,Shape_Area_1
17,2,0,5580,31033065,31033065,2100,42.82677746,36.75594718,30.45408288,18.35366569,4.016113304,509.1757221,0,0,0,0,806900,2190300,2997200,0,0,0,0,2190300,2190300,2190300,2190300,2997200,1,1,32824,689,150030017002,955648,1263788,951,955240.3694,6515.237909,300.6563941,5480.638556,1,1,32824,101,15003001700,1379208,1263788,2333,Honolulu,Oahu,Kapiolani Park,1378620.32,6857.577356,300.6563941,5480.638556
17,2,0,9111,31033066,31033066,2030,6.903976239,0.09804878,0,0,0,836.4116456,175.2860403,359.3551157,573.9783249,655.7956446,1038200,4916900,5955100,0.2095691054,0.429639063,0.6862390401,0.7840584813,3886470.184,2804408.001,1542731.461,1061765.22,4924670.184,2,1,32825,689,150030017002,955648,1263788,951,955240.3694,6515.237909,399.5172469,9002.92262,2,1,32825,101,15003001700,1379208,1263788,2333,Honolulu,Oahu,Kapiolani Park,1378620.32,6857.577356,399.5172469,9002.92262
17,2,0,18029,31036002,31036002,2030,10.96565892,5.828235006,1.528720028,0,0,1678.635984,126.6894593,232.6517063,411.8573874,644.8277412,5222600,6243800,11466400,0.075471669,0.1385956863,0.2453524119,0.3841379235,5772567.926,5378434.295,4711871.182,3845319.156,10995167.93,3,1,32896,689,150030017002,955648,1263788,951,955240.3694,6515.237909,613.8319874,18068.42039,3,1,32896,101,15003001700,1379208,1263788,2333,Honolulu,Oahu,Kapiolani Park,1378620.32,6857.577356,613.8319874,18068.42039
17,2,0,29434,31036004,31036004,2030,6.71614425,1.604860792,0,0,0,2729.852233,190.5743712,351.1045712,621.2962773,972.3609972,1429900,4303200,5733100,0.06981124067,0.1286166947,0.2275933729,0.3561954692,4002789.305,3749735.326,3323821.802,2770421.676,5432689.305,4,1,32897,689,150030017002,955648,1263788,951,955240.3694,6515.237909,733.5390962,29383.43507,4,1,32897,101,15003001700,1379208,1263788,2333,Honolulu,Oahu,Kapiolani Park,1378620.32,6857.577356,733.5390962,29383.43507
17,2,0,14164,31036005,31036005,2075,17.40008876,12.72060134,8.988593121,2.406594499,0,1358.061139,85.49924964,154.2974869,273.3316508,430.8054199,3556100,5741300,9297400,0.06295684871,0.1136160092,0.2012660867,0.3172209318,5379844.976,5088996.459,4585771.514,3920039.073,8141871.514,5,1,32898,689,150030017002,955648,1263788,951,955240.3694,6515.237909,653.8239976,14617.85055,5,1,32898,101,15003001700,1379208,1263788,2333,Honolulu,Oahu,Kapiolani Park,1378620.32,6857.577356,653.8239976,14617.85055
17,2,0,48083,31036008,31036008,2050,9.90900881,6.900437551,5.222261517,1.405611562,0,4504.826515,238.79203,392.4874219,695.3777273,1123.738927,1359500,8628200,9987700,0.05300804131,0.08712597936,0.1543628206,0.2494522094,8170836.374,7876459.447,7296325.163,6475878.254,9235959.447,6,1,32901,689,150030017002,955648,1263788,951,955240.3694,6515.237909,902.9504162,48488.81998,6,1,32901,101,15003001700,1379208,1263788,2333,Honolulu,Oahu,Kapiolani Park,1378620.32,6857.577356,902.9504162,48488.81998
17,2,0,25974,31036009,31036009,2024,0,0,0,0,0,2410.794906,183.3087222,337.3522604,573.8657104,857.367987,936900,5457500,6394400,0.07603663082,0.1399340357,0.2380400378,0.3556370494,5042528.073,4693810.195,4158396.7,3516611.073,5979428.073,7,1,32902,689,150030017002,955648,1263788,951,955240.3694,6515.237909,825.0265165,25949.16401,7,1,32902,101,15003001700,1379208,1263788,2333,Honolulu,Oahu,Kapiolani Park,1378620.32,6857.577356,825.0265165,25949.16401
17,2,0,18019,31036021,31036021,2075,18.13965872,13.92290408,10.70290329,4.761690509,0,1669.469721,91.62246784,162.1407355,289.7475099,461.7911846,2709600,6242500,8952100,0.05488117975,0.09712109988,0.1735566128,0.2766094999,5899905.358,5636222.158,5159070.428,4515768.318,7868670.428,8,1,32910,689,150030017002,955648,1263788,951,955240.3694,6515.237909,673.7992916,17969.7494,8,1,32910,101,15003001700,1379208,1263788,2333,Honolulu,Oahu,Kapiolani Park,1378620.32,6857.577356,673.7992916,17969.7494
17,2,0,5659,31037002,31037002,2024,4.751138641,0.432448367,0,0,0,485.0119968,113.7116193,196.322865,349.0078324,419.2424848,687600,4974300,5661900,0.2344511476,0.4047793998,0.7195859786,0.864396113,3808070.391,2960807.82,1394863.36,674534.9772,4495670.391,9,1,32913,689,150030017002,955648,1263788,951,955240.3694,6515.237909,300.3189668,5220.549532,9,1,32913,101,15003001700,1379208,1263788,2333,Honolulu,Oahu,Kapiolani Park,1378620.32,6857.577356,300.3189668,5220.549532
17,2,0,16609,31037004,31037004,2024,1.606843772,0,0,0,0,1576.677759,187.8753718,359.3256332,675.1272718,1085.195326,1280900,5574400,6855300,0.119159017,0.2279004897,0.428196103,0.6882797201,4910160.07,4303994.24,3187464.218,1737651.968,6191060.07,10,1,32914,689,150030017002,955648,1263788,951,955240.3694,6515.237909,536.7873132,16970.96908,10,1,32914,101,15003001700,1379208,1263788,2333,Honolulu,Oahu,Kapiolani Park,1378620.32,6857.577356,536.7873132,16970.96908
17,2,0,25586,31037005,31037005,2024,4.633603359,0.653035848,0,0,0,2377.263421,168.5780106,283.566203,505.4983613,814.3886068,3477700,7226200,10703900,0.07091263386,0.1192826174,0.2126387664,0.3425739864,6713768.479,6364237.185,5689628.058,4750691.761,10191468.48,11,1,32915,689,150030017002,955648,1263788,951,955240.3694,6515.237909,709.825926,25588.2728,11,1,32915,101,15003001700,1379208,1263788,2333,Honolulu,Oahu,Kapiolani Park,1378620.32,6857.577356,709.825926,25588.2728
17,2,0,14247,31037006,31037006,2050,12.69651077,7.976639757,4.255370966,0,0,1327.741582,121.8479466,219.0236155,383.7267052,593.8449608,3984100,5740200,9724300,0.09177082972,0.1649595211,0.2890070707,0.4472594433,5213416.106,4793296.608,4081242.019,3172843.888,8777396.608,12,1,32916,689,150030017002,955648,1263788,951,955240.3694,6515.237909,528.2767926,14291.4808,12,1,32916,101,15003001700,1379208,1263788,2333,Honolulu,Oahu,Kapiolani Park,1378620.32,6857.577356,528.2767926,14291.4808
17,2,0,23469,31037009,31037009,2100,23.83941177,18.69323305,14.24064146,6.849313216,0,2264.537051,285.0884967,510.935434,867.2961324,1312.402172,5118200,6951000,12069200,0.1258926175,0.2256246741,0.3829904802,0.5795454624,6075917.757,5382680.625,4288836.51,2922582.705,8040782.705,13,1,32917,689,150030017002,955648,1263788,951,955240.3694,6515.237909,659.5854815,24374.91479,13,1,32917,101,15003001700,1379208,1263788,2333,Honolulu,Oahu,Kapiolani Park,1378620.32,6857.577356,659.5854815,24374.91479
17,2,0,13456,31037010,31037010,2050,10.85927955,7.103674662,4.690867874,0,0,1241.674515,85.9377216,142.7890808,253.9896897,410.5257187,2989000,5649300,8638300,0.06921115042,0.1149971906,0.2045541619,0.3306226502,5258306.298,4999647.448,4493713.088,3781511.486,7988647.448,14,1,32918,689,150030017002,955648,1263788,951,955240.3694,6515.237909,546.5237324,13365.07855,14,1,32918,101,15003001700,1379208,1263788,2333,Honolulu,Oahu,Kapiolani Park,1378620.32,6857.577356,546.5237324,13365.07855
17,2,0,18206,31037011,31037011,2100,25.127228,20.25888876,16.19455111,9.278864923,0.419596887,1685.731353,119.4409488,217.4958583,391.5983791,625.8089932,2733800,6266800,9000600,0.0708540828,0.1290216605,0.2323017713,0.3712388645,5822772.153,5458244.93,4811009.826,3940319.435,6674119.435,15,1,32919,689,150030017002,955648,1263788,951,955240.3694,6515.237909,583.1953628,18144.79287,15,1,32919,101,15003001700,1379208,1263788,2333,Honolulu,Oahu,Kapiolani Park,1378620.32,6857.577356,583.1953628,18144.79287
17,2,0,5885,31037012,31037012,2024,3.489645666,0,0,0,0,510.740619,150.4012881,264.4261811,403.4107191,404.2685419,2876800,4986000,7862800,0.294476849,0.5177308623,0.7898543881,0.7915339546,3517737.678,2404593.234,1047787.956,1039411.476,6394537.678,16,1,32920,689,150030017002,955648,1263788,951,955240.3694,6515.237909,325.1018302,5497.488018,16,1,32920,101,15003001700,1379208,1263788,2333,Honolulu,Oahu,Kapiolani Park,1378620.32,6857.577356,325.1018302,5497.488018
17,2,0,14248,31037013,31037013,2050,11.13572663,7.057196012,4.206235926,0,0,1322.610291,119.7440465,207.7209286,362.1477054,562.3718725,4910600,5726300,10636900,0.0905361521,0.1570537671,0.2738128592,0.4251984702,5207863.703,4826961.68,4158364.618,3291488.693,9737561.68,17,1,32921,689,150030017002,955648,1263788,951,955240.3694,6515.237909,525.4338041,14236.25064,17,1,32921,101,15003001700,1379208,1263788,2333,Honolulu,Oahu,Kapiolani Park,1378620.32,6857.577356,525.4338041,14236.25064
6,2,0,26232,31038001,31038001,2030,6.470783266,2.403098562,0,0,0,2419.051548,104.1591778,181.4516351,321.1588323,511.1139052,788700,5052600,5841300,0.04305785788,0.07500941236,0.1327622938,0.2112869011,4835045.149,4673609.527,4381806.719,3985051.304,5623745.149,18,1,32922,594,150030006002,963864,862832,1203,963467.5088,8172.861398,904.7527969,26038.09651,18,1,32922,273,15003000600,3089851,862832,1276,Honolulu,Oahu,Diamond Head,3088560.108,9156.263576,904.7527969,26038.09651
6,2,0,25039,31038002,31038002,2075,13.96785626,10.03072024,7.393226148,2.208597026,0,2329.051144,143.8589529,241.2543522,431.0008934,689.8866838,3898200,6339600,10237800,0.06176719359,0.1035848237,0.1850542846,0.2962093321,5948021.927,5682912.534,5166431.662,4461753.424,9064631.662,19,1,32923,594,150030006002,963864,862832,1203,963467.5088,8172.861398,759.9008587,25069.37793,19,1,32923,273,15003000600,3089851,862832,1276,Honolulu,Oahu,Diamond Head,3088560.108,9156.263576,759.9008587,25069.37793
6,2,0,21240,31038006,31038006,2030,10.11845782,6.006485891,3.071268333,0,0,1987.194421,116.7957357,200.2760954,357.2173452,577.7916797,1880400,6245700,8126100,0.05877418658,0.1007833422,0.1797596357,0.2907574989,5878615.228,5616239.617,5122972.968,4429719.005,7759015.228,20,1,32926,594,150030006002,963864,862832,1203,963467.5088,8172.861398,666.8400131,21389.69229,20,1,32926,273,15003000600,3089851,862832,1276,Honolulu,Oahu,Diamond Head,3088560.108,9156.263576,666.8400131,21389.69229
6,2,0,14801,31038008,31038008,2075,17.03498433,13.13909211,10.40782819,5.062900277,0,1264.303992,106.4503778,180.9145359,324.868646,530.9036134,305100,5824100,6129200,0.08419682172,0.1430941744,0.2569545363,0.4199176914,5333728.252,4990706.235,4327568.385,3378455.576,4632668.385,21,1,32928,594,150030006002,963864,862832,1203,963467.5088,8172.861398,483.6449902,13608.66967,21,1,32928,273,15003000600,3089851,862832,1276,Honolulu,Oahu,Diamond Head,3088560.108,9156.263576,483.6449902,13608.66967
6,2,0,20321,31038009,31038009,2075,13.53696965,9.934647271,7.699309621,3.023261016,0,1890.760224,15.01925965,74.66883833,257.6792918,552.4938929,444400,6043800,6488200,0.007943503075,0.03949143704,0.1362834317,0.2922072751,5995788.053,5805124.294,5220132.805,4277759.333,5664532.805,22,1,32929,594,150030006002,963864,862832,1203,963467.5088,8172.861398,684.43419,20351.69672,22,1,32929,273,15003000600,3089851,862832,1276,Honolulu,Oahu,Diamond Head,3088560.108,9156.263576,684.43419,20351.69672
6,2,0,10129,31038010,31038010,2030,7.575507355,4.179789555,2.141816776,0,0,941.0927516,58.77030356,110.9998212,220.1591015,378.0647994,2521400,8602500,11123900,0.06244900246,0.1179478017,0.2339398547,0.4017295837,8065282.478,7587852.33,6590031.15,5146617.675,10586682.48,23,1,32930,594,150030006002,963864,862832,1203,963467.5088,8172.861398,451.3536727,10129.69758,23,1,32930,273,15003000600,3089851,862832,1276,Honolulu,Oahu,Diamond Head,3088560.108,9156.263576,451.3536727,10129.69758
6,2,0,11297,31038011,31038011,2050,9.998279877,6.49676835,4.404431311,0,0,1049.30902,107.9483128,173.4826357,312.5428405,519.7069447,1191000,5064600,6255600,0.1028756169,0.1653303577,0.2978558598,0.49528493,4543574.21,4227269.682,3556078.502,2556179.589,5418269.682,24,1,32931,594,150030006002,963864,862832,1203,963467.5088,8172.861398,421.4114726,11294.51274,24,1,32931,273,15003000600,3089851,862832,1276,Honolulu,Oahu,Diamond Head,3088560.108,9156.263576,421.4114726,11294.51274
6,2,0,15044,31038023,31038023,2075,14.23469251,10.05084123,7.061527712,1.46038672,0,1375.447256,111.9768225,191.7627716,341.0480901,549.2668417,731100,7801700,8532800,0.0814112079,0.1394184843,0.2479543208,0.3993368989,7166555.801,6714002.589,5867237.278,4686192.527,6598337.278,25,1,32940,594,150030006002,963864,862832,1203,963467.5088,8172.861398,508.6336312,14804.99039,25,1,32940,273,15003000600,3089851,862832,1276,Honolulu,Oahu,Diamond Head,3088560.108,9156.263576,508.6336312,14804.99039
6,2,0,36278,31038024,31038024,2050,12.43128525,8.272862638,5.341063211,0,0,3357.30922,0,0,186.6236256,651.8970433,0,6405500,6405500,0,0,0.05558726151,0.1941724758,6405500,6405500,6049437.472,5161731.254,6405500,26,1,32941,594,150030006002,963864,862832,1203,963467.5088,8172.861398,793.3017952,36137.27875,26,1,32941,273,15003000600,3089851,862832,1276,Honolulu,Oahu,Diamond Head,3088560.108,9156.263576,793.3017952,36137.27875
6,2,0,8876,31039042,31039042,2050,13.11018827,8.770950208,5.471406879,0,0,819.9455255,0,7.209324799,107.7460929,282.807532,138200,4563000,4701200,0,0.008792443613,0.1314064039,0.3449101473,4563000,4522882.104,3963394.422,2989175.67,4661082.104,27,1,32993,594,150030006002,963864,862832,1203,963467.5088,8172.861398,393.6633029,8825.702142,27,1,32993,273,15003000600,3089851,862832,1276,Honolulu,Oahu,Diamond Head,3088560.108,9156.263576,393.6633029,8825.702142
6,2,0,11877,31039043,31039043,2030,8.35784602,3.722601592,0.099974873,0,0,1097.999982,1.786240154,91.21426096,270.2394244,512.3097906,262700,4679900,4942600,0.001626812552,0.08307309876,0.2461196983,0.4665845163,4672285.803,4291126.667,3528083.012,2496328.859,4934985.803,28,1,32994,594,150030006002,963864,862832,1203,963467.5088,8172.861398,440.8443626,11818.61562,28,1,32994,273,15003000600,3089851,862832,1276,Honolulu,Oahu,Diamond Head,3088560.108,9156.263576,440.8443626,11818.61562
6,2,0,9378,31039044,31039044,2030,7.252096644,2.547283939,0,0,0,864.0809982,0,72.16234369,230.7274218,431.3431792,338900,4702600,5041500,0,0.08351340192,0.2670205944,0.4991929925,4702600,4309871.766,3446907.045,2355094.998,5041500,29,1,32995,594,150030006002,963864,862832,1203,963467.5088,8172.861398,403.6959675,9300.765505,29,1,32995,273,15003000600,3089851,862832,1276,Honolulu,Oahu,Diamond Head,3088560.108,9156.263576,403.6959675,9300.765505
6,2,0,8700,31039053,31039053,2030,8.900591113,4.971736387,2.055104234,0,0,797.2040034,0,0,32.0157936,209.2414729,1126300,5081100,6207400,0,0,0.04016010138,0.2624691698,5081100,5081100,4877043.024,3747468.764,6207400,30,1,33001,594,150030006002,963864,862832,1203,963467.5088,8172.861398,396.9840358,8580.91911,30,1,33001,273,15003000600,3089851,862832,1276,Honolulu,Oahu,Diamond Head,3088560.108,9156.263576,396.9840358,8580.91911
6,2,0,0,31039061,31039061,2075,14.80990287,10.02423032,6.196640047,0,0,3350.281408,0,143.8237948,521.7115573,685.5684058,0,100,100,0,0.04292886993,0.1557217122,0.2046300959,100,95.7071,84.4278,79.537,84.4278,31,1,33009,594,150030006002,963864,862832,1203,963467.5088,8172.861398,2588.044574,36061.63278,31,1,33009,273,15003000600,3089851,862832,1276,Honolulu,Oahu,Diamond Head,3088560.108,9156.263576,2588.044574,36061.63278
6,2,0,8805,31040003,31040003,2075,13.13053274,10.03623614,8.340135948,4.324816205,0,806.3191196,71.8018756,116.1328851,231.1156397,435.4401647,1192600,5137900,6330500,0.08904895576,0.1440284402,0.2866304843,0.5400345275,4680375.143,4397898.539,3665223.723,2363254.174,4857823.723,32,1,33013,594,150030006002,963864,862832,1203,963467.5088,8172.861398,395.573957,8679.03269,32,1,33013,273,15003000600,3089851,862832,1276,Honolulu,Oahu,Diamond Head,3088560.108,9156.263576,395.573957,8679.03269
6,2,0,30370,31040004,31040004,2100,20.80808433,17.65430424,15.88968193,11.78855506,5.534147262,2804.856642,17.84345871,42.12365913,118.3778013,234.067731,3057900,3018400,6076300,0.006361629482,0.01501811483,0.04220458168,0.0834508714,2999196.939,2973069.669,2891008.428,2766511.502,5824411.502,33,1,33014,594,150030006002,963864,862832,1203,963467.5088,8172.861398,1156.147722,30190.82051,33,1,33014,273,15003000600,3089851,862832,1276,Honolulu,Oahu,Diamond Head,3088560.108,9156.263576,1156.147722,30190.82051
6,2,0,7179,31040005,31040005,2100,15.94515971,12.67843593,10.76798578,6.47656866,0.007371203,683.0382801,0,0,50.56392882,166.2990632,613500,4295300,4908800,0,0,0.07402795758,0.2434696094,4295300,4295300,3977327.532,3249523.309,3863023.309,34,1,33015,594,150030006002,963864,862832,1203,963467.5088,8172.861398,372.1700685,7352.066651,34,1,33015,273,15003000600,3089851,862832,1276,Honolulu,Oahu,Diamond Head,3088560.108,9156.263576,372.1700685,7352.066651
5,3,0,20037,35002001,35002001,2050,16.42337999,10.07501077,3.767310604,0,0,1824.755217,111.5336222,221.1855305,388.1099512,588.4060795,2558500,6289700,8848200,0.06112251173,0.121213809,0.2126915147,0.3224575405,5905254.667,5527300.304,4951931.128,4261535.917,8085800.304,35,1,43061,887,150030005003,545815,330880,919,545592.4017,4245.849218,750.1437157,19641.2293,35,1,43061,242,15003000500,2880153,1030320,3872,Honolulu,Oahu,Waialae-Kahala,2878982.484,10547.67535,750.1437157,19641.2293
5,3,0,47196,35002002,35002002,2030,7.090036564,1.813141762,0,0,0,3294.479858,166.8476395,307.4898601,542.7792867,841.9924168,3894900,9300200,13195100,0.05064460755,0.0933348733,0.1647541676,0.2555767384,8829191.371,8432165.833,7767954.849,6923282.785,12724091.37,36,1,43062,887,150030005003,545815,330880,919,545592.4017,4245.849218,848.0126182,35461.08131,36,1,43062,242,15003000500,2880153,1030320,3872,Honolulu,Oahu,Waialae-Kahala,2878982.484,10547.67535,848.0126182,35461.08131
5,3,0,31875,35002003,35002003,2030,6.957842076,3.591771648,1.338501526,0,0,3532.442672,182.4255913,310.2596128,543.3963241,851.2744187,1866500,8311500,10178000,0.05164290215,0.0878314644,0.1538301891,0.2409874689,7882269.206,7581492.644,7032941.955,6308536.55,9748769.206,37,1,43063,887,150030005003,545815,330880,919,545592.4017,4245.849218,907.8124493,38022.41582,37,1,43063,242,15003000500,2880153,1030320,3872,Honolulu,Oahu,Waialae-Kahala,2878982.484,10547.67535,907.8124493,38022.41582
5,3,0,18203,35002004,35002004,2075,12.82612709,9.172021257,6.398260632,1.382418915,0,1641.0321,92.64303447,172.5071807,292.6295305,431.7229611,5705100,6266400,11971500,0.05645412693,0.1051211495,0.1783204183,0.263080144,5912636.654,5607669.766,5148975.552,4617835.488,10854075.55,38,1,43064,887,150030005003,545815,330880,919,545592.4017,4245.849218,731.0938905,17663.71115,38,1,43064,242,15003000500,2880153,1030320,3872,Honolulu,Oahu,Waialae-Kahala,2878982.484,10547.67535,731.0938905,17663.71115
5,3,0,24577,35002005,35002005,2075,17.11270356,12.1909986,7.501501068,0.424834898,0,2219.962872,127.2815547,249.3289556,425.3870749,622.9887101,4051400,6550000,10601400,0.05733499255,0.1123122187,0.1916190042,0.2806302384,6174455.75,5814356.4,5294895.55,4711873.5,9346295.55,39,1,43065,887,150030005003,545815,330880,919,545592.4017,4245.849218,749.0415042,23895.19961,39,1,43065,242,15003000500,2880153,1030320,3872,Honolulu,Oahu,Waialae-Kahala,2878982.484,10547.67535,749.0415042,23895.19961
5,3,0,9165,35002006,35002006,2050,15.45763729,10.20427152,5.234441647,0,0,878.1010418,35.12494091,105.9612655,260.7866152,520.9287129,1725600,4383100,6108700,0.04000102407,0.1206709257,0.2969893017,0.5932446132,4207771.617,3854186.94,3081367.514,1782847.841,5579786.94,40,1,43066,887,150030005003,545815,330880,919,545592.4017,4245.849218,411.1967774,9451.681542,40,1,43066,242,15003000500,2880153,1030320,3872,Honolulu,Oahu,Waialae-Kahala,2878982.484,10547.67535,411.1967774,9451.681542
5,3,0.733,0,35002050,35002050,2024,1.005784016,0,0,0,0,3070.019586,208.4145085,414.2771257,720.8184106,1060.439927,4605200,5629500,10234700,0.06788702895,0.1349428283,0.2347927726,0.3454179681,5247330.134,4869838.382,4307732.807,3684969.369,9852530.134,41,1,43109,887,150030005003,545815,330880,919,545592.4017,4245.849218,962.3902201,33045.00705,41,1,43109,242,15003000500,2880153,1030320,3872,Honolulu,Oahu,Waialae-Kahala,2878982.484,10547.67535,962.3902201,33045.00705
5,3,0,17650,35003002,35003002,2030,10.57497346,2.969055982,0,0,0,1518.065522,66.78626184,207.1417373,411.4653056,649.1386743,0,6273600,6273600,0.04399432098,0.1364511178,0.2710458144,0.4276091282,5997599.242,5417561.006,4573165.814,3590952.178,5997599.242,42,1,43113,887,150030005003,545815,330880,919,545592.4017,4245.849218,674.4837694,16340.12899,42,1,43113,242,15003000500,2880153,1030320,3872,Honolulu,Oahu,Waialae-Kahala,2878982.484,10547.67535,674.4837694,16340.12899
5,3,0,21519,35003006,35003006,2024,4.781479569,0,0,0,0,1878.670898,156.99664,309.3010139,524.0653427,762.2338796,4690300,6572500,11262800,0.08356793102,0.16463821,0.2789553738,0.4057303918,6023249.32,5490416.745,4739068.263,3905839.575,10713549.32,43,1,43117,887,150030005003,545815,330880,919,545592.4017,4245.849218,753.5498663,20221.63425,43,1,43117,242,15003000500,2880153,1030320,3872,Honolulu,Oahu,Waialae-Kahala,2878982.484,10547.67535,753.5498663,20221.63425
5,3,0,35428,35003007,35003007,2030,10.742399,4.070094177,0,0,0,3193.406336,186.4145808,368.6031987,649.5194194,992.4902594,0,8497900,8497900,0.05837483901,0.1154263379,0.2033939158,0.3107936025,8001835.088,7517021.395,6769478.127,5856803.667,8001835.088,44,1,43118,887,150030005003,545815,330880,919,545592.4017,4245.849218,842.0391345,34373.08749,44,1,43118,242,15003000500,2880153,1030320,3872,Honolulu,Oahu,Waialae-Kahala,2878982.484,10547.67535,842.0391345,34373.08749
5,3,0,19487,35003011,35003011,2075,24.5926733,18.53462468,12.20266593,2.861369786,0,1779.995868,118.6787462,230.0080191,397.7784323,596.2223455,2203800,6345600,8549400,0.06667360771,0.1292182882,0.2234715481,0.3349571514,5922513.466,5525634.259,4927536.077,4220096.861,7131336.077,45,1,43122,887,150030005003,545815,330880,919,545592.4017,4245.849218,733.3270977,19159.48538,45,1,43122,242,15003000500,2880153,1030320,3872,Honolulu,Oahu,Waialae-Kahala,2878982.484,10547.67535,733.3270977,19159.48538
5,3,0,43387,35003012,35003012,2030,10.38666859,4.265846991,0,0,0,3880.957268,261.0848783,512.986098,889.9192822,1332.392108,1338500,8798100,10136600,0.06727331951,0.1321803005,0.2293040662,0.3433153255,8206225.419,7635167.142,6780660.478,5777580.299,9544725.419,46,1,43123,887,150030005003,545815,330880,919,545592.4017,4245.849218,889.5884616,41773.79208,46,1,43123,242,15003000500,2880153,1030320,3872,Honolulu,Oahu,Waialae-Kahala,2878982.484,10547.67535,889.5884616,41773.79208
5,3,0,19994,35003034,35003034,2030,9.687050155,3.637681782,0,0,0,1764.737915,111.2422908,217.2817466,377.0977021,566.8849485,0,6393600,6393600,0.06303615389,0.1231240882,0.2136848191,0.3212289732,5990573.03,5606394.394,5027383.584,4339790.266,5990573.03,47,1,43141,887,150030005003,545815,330880,919,545592.4017,4245.849218,753.181748,18995.25636,47,1,43141,242,15003000500,2880153,1030320,3872,Honolulu,Oahu,Waialae-Kahala,2878982.484,10547.67535,753.181748,18995.25636
5,3,0,19111,35003035,35003035,2075,20.20444148,13.23956058,6.379835547,0,0,1737.214258,129.2989508,257.8216008,448.7699101,674.8334009,4196300,6824700,11021000,0.07442890258,0.1484109399,0.2583273238,0.3884572083,6316744.404,5811839.448,5061695.723,4173597.512,9257995.723,48,1,43142,887,150030005003,545815,330880,919,545592.4017,4245.849218,734.4893129,18699.00389,48,1,43142,242,15003000500,2880153,1030320,3872,Honolulu,Oahu,Waialae-Kahala,2878982.484,10547.67535,734.4893129,18699.00389
5,3,0,47192,35004001,35004001,2075,32.66856525,24.1186612,15.10895081,1.453649899,0,4248.636152,335.684524,691.5386404,1187.148652,1738.598296,1727900,12128600,13856500,0.07900994859,0.1627672071,0.2794187616,0.4092132706,11170319.31,10154464.16,8739638.717,7165419.208,10467538.72,49,1,43147,887,150030005003,545815,330880,919,545592.4017,4245.849218,1004.179961,45731.36518,49,1,43147,242,15003000500,2880153,1030320,3872,Honolulu,Oahu,Waialae-Kahala,2878982.484,10547.67535,1004.179961,45731.36518
5,3,0,23191,35004003,35004003,2050,20.8834708,11.54997798,1.238842781,0,0,2100.870594,191.2126259,401.6729457,688.3815134,1000.132484,1616500,5114000,6730500,0.09101589905,0.1911935684,0.3276648811,0.4760562057,4648544.176,4136233.884,3438321.19,2679449.616,5752733.884,50,1,43148,887,150030005003,545815,330880,919,545592.4017,4245.849218,874.9483345,22613.31975,50,1,43148,242,15003000500,2880153,1030320,3872,Honolulu,Oahu,Waialae-Kahala,2878982.484,10547.67535,874.9483345,22613.31975
5,3,0,93714,35004004,35004004,2100,83.42884976,67.99612014,49.09968735,23.94010098,0,8287.495094,1044.692826,2288.733831,3932.61337,5662.262886,4448300,17653400,22101700,0.1260565242,0.2761671416,0.4745237644,0.683229712,15428065.36,12778113.48,9276438.018,5592067.518,10040367.52,51,1,43149,887,150030005003,545815,330880,919,545592.4017,4245.849218,1232.705133,89204.83449,51,1,43149,242,15003000500,2880153,1030320,3872,Honolulu,Oahu,Waialae-Kahala,2878982.484,10547.67535,1232.705133,89204.83449
5,3,0,50235,35004006,35004006,2050,25.10708785,9.803060656,0,0,0,4389.506183,535.941172,1184.719492,2064.237181,3014.578554,682700,11206100,11888800,0.1220960057,0.2698981257,0.4702663797,0.686769406,9837880.014,8181596.022,5936252.177,3510097.909,8864296.022,52,1,43150,887,150030005003,545815,330880,919,545592.4017,4245.849218,1007.361458,47247.69414,52,1,43150,242,15003000500,2880153,1030320,3872,Honolulu,Oahu,Waialae-Kahala,2878982.484,10547.67535,1007.361458,47247.69414
5,3,0,45943,35004007,35004007,2030,9.210457243,0,0,0,0,4011.234439,407.8872831,877.9763723,1515.100429,2205.183777,1017200,11177000,12194200,0.1016862238,0.2188793464,0.3777142553,0.5497519057,10040455.58,8730589.417,6955290.622,5032421.896,11057655.58,53,1,43151,887,150030005003,545815,330880,919,545592.4017,4245.849218,984.0278528,43176.06429,53,1,43151,242,15003000500,2880153,1030320,3872,Honolulu,Oahu,Waialae-Kahala,2878982.484,10547.67535,984.0278528,43176.06429
5,3,0,47078,35004008,35004008,2030,16.21055837,5.464888801,0,0,0,4156.947153,403.0202649,859.5099408,1479.834248,2152.052032,1697100,11877800,13574900,0.09695101961,0.2067647024,0.355990633,0.5177001181,10726235.41,9421886.683,7649410.1,5728662.94,12423335.41,54,1,43152,887,150030005003,545815,330880,919,545592.4017,4245.849218,985.920203,44744.4803,54,1,43152,242,15003000500,2880153,1030320,3872,Honolulu,Oahu,Waialae-Kahala,2878982.484,10547.67535,985.920203,44744.4803
5,3,0,64296,35004009,35004009,2100,44.16082806,35.25129602,25.75357691,11.24107546,0,6141.969192,531.4355114,1102.006568,1894.029769,2774.106562,2893800,10620100,13513900,0.08652526491,0.1794223535,0.3083750032,0.4516640307,9701195.848,8714620.418,7345126.663,5823383.154,8717183.154,55,1,43153,887,150030005003,545815,330880,919,545592.4017,4245.849218,1087.385256,66110.83772,55,1,43153,242,15003000500,2880153,1030320,3872,Honolulu,Oahu,Waialae-Kahala,2878982.484,10547.67535,1087.385256,66110.83772
5,3,0,56511,35004011,35004011,2050,15.49268134,8.621455367,1.688191541,0,0,5100.378666,388.7651523,786.1990429,1354.544553,2002.380803,3922600,11462700,15385300,0.07622280182,0.1541452301,0.2655772525,0.3925945374,10588978.62,9695782.109,8418470.522,6962501.294,13618382.11,56,1,43154,887,150030005003,545815,330880,919,545592.4017,4245.849218,996.5329357,54899.37671,56,1,43154,242,15003000500,2880153,1030320,3872,Honolulu,Oahu,Waialae-Kahala,2878982.484,10547.67535,996.5329357,54899.37671
5,4,0,39006,35005001,35005001,2075,20.46806028,14.4774228,8.691144581,0.015693627,0,3624.879114,283.5817262,559.1331012,972.3641449,1454.967855,559300,12025200,12584500,0.07823205059,0.154248758,0.2682473303,0.401383828,11084444.55,10170324.93,8799476.176,7198477.123,9358776.176,57,1,43180,545,150030005004,594762,134511,931,594519.3113,3185.684766,835.3618187,39017.4442,57,1,43180,242,15003000500,2880153,1030320,3872,Honolulu,Oahu,Waialae-Kahala,2878982.484,10547.67535,835.3618187,39017.4442
5,5,0,5929,35022001,35022001,2030,6.163015491,3.57432397,2.524646934,0,0,560.9654458,81.32618127,118.154225,213.3556643,335.1072832,202800,2038900,2241700,0.1449753846,0.2106265652,0.3803365534,0.5973759805,1743310.473,1609452.61,1263430.891,820910.0736,1946110.473,58,1,43844,889,150030005005,957850,490297,815,957466.9123,5829.032703,321.9469045,6038.130487,58,1,43844,242,15003000500,2880153,1030320,3872,Honolulu,Oahu,Waialae-Kahala,2878982.484,10547.67535,321.9469045,6038.130487
5,5,0,6150,35022003,35022003,2024,0,0,0,0,0,572.5497005,109.5869399,181.7335613,267.4892479,267.489248,390000,2067200,2457200,0.1914016195,0.3174109795,0.4671895692,0.4671895694,1671533.786,1411047.981,1101424.832,1101424.832,2061533.786,59,1,43846,889,150030005005,957850,490297,815,957466.9123,5829.032703,321.4202765,6162.820401,59,1,43846,242,15003000500,2880153,1030320,3872,Honolulu,Oahu,Waialae-Kahala,2878982.484,10547.67535,321.4202765,6162.820401
5,5,0,7400,35022005,35022005,2030,8.130623108,5.541773845,4.533528422,1.451684356,0,689.8880544,76.92244043,105.0358962,187.5146708,325.8097067,1892900,2366400,4259300,0.1114998875,0.1522506377,0.27180449,0.4722646009,2102546.4,2006113.234,1723203.014,1248832.104,3995446.4,60,1,43848,889,150030005005,957850,490297,815,957466.9123,5829.032703,349.3582393,7425.82829,60,1,43848,242,15003000500,2880153,1030320,3872,Honolulu,Oahu,Waialae-Kahala,2878982.484,10547.67535,349.3582393,7425.82829
5,5,0,8851,35022006,35022006,2050,8.507019329,6.148737171,5.446272991,3.060914318,0,843.3381275,66.19935646,78.18617214,140.3031016,258.3430363,234200,2563700,2797900,0.07849681439,0.09271034902,0.1663663684,0.3063338747,2362457.241,2326019.373,2137187.486,1778351.524,2560219.373,61,1,43849,889,150030005005,957850,490297,815,957466.9123,5829.032703,381.0574949,9077.535835,61,1,43849,242,15003000500,2880153,1030320,3872,Honolulu,Oahu,Waialae-Kahala,2878982.484,10547.67535,381.0574949,9077.535835
5,5,0,10079,35022007,35022007,2050,8.069754688,6.118645824,5.987580878,4.319611404,0.758601533,973.6671424,57.4821515,55.5415438,101.1860871,204.5424998,320100,3206300,3526400,0.05903675804,0.05704366655,0.1039226679,0.210074358,3017009.667,3023399.823,2873091.685,2532739.734,3343499.823,62,1,43850,889,150030005005,957850,490297,815,957466.9123,5829.032703,410.9621436,10480.37291,62,1,43850,242,15003000500,2880153,1030320,3872,Honolulu,Oahu,Waialae-Kahala,2878982.484,10547.67535,410.9621436,10480.37291
5,5,0,27546,35058011,35058011,2075,13.49332915,10.54963933,9.054905772,5.673423075,0.570802857,2496.269426,166.923038,245.1802182,425.3646013,687.1692387,4070200,4603700,8673900,0.06686899909,0.09821865203,0.1704001166,0.2752784741,4295855.185,4151529.19,3819229.52,3336402.671,7889429.52,63,1,45838,889,150030005005,957850,490297,815,957466.9123,5829.032703,767.9876977,26869.37373,63,1,45838,242,15003000500,2880153,1030320,3872,Honolulu,Oahu,Waialae-Kahala,2878982.484,10547.67535,767.9876977,26869.37373
3.02,2,0,33710,36002003,36002003,2030,10.82357974,6.034992105,1.9989674,0,0,3110.375565,192.5013626,352.8743316,610.7280169,933.4762277,76000,1045200,1121200,0.06189007036,0.113450715,0.1963518566,0.3001168857,980512.572,926621.0148,839972.8896,731517.7116,1056512.572,64,1,47160,662,150030003022,824965,546862,1447,824645.6807,6481.267955,1090.606971,33479.54369,64,1,47160,272,15003000302,1828507,546862,2702,Honolulu,Oahu,Wailupe,1827796.583,12437.45088,1090.606971,33479.54369
3.02,2,0,66695,36003005,36003005,2024,4.697383771,2.958131489,2.813185094,1.123097345,0,5763.983276,51.51366205,51.16178334,121.3488594,271.3109907,732800,7909400,8642200,0.00893716369,0.008876115853,0.02105295134,0.04707005169,7838713.692,7839196.166,7742883.402,7537104.542,8571513.692,65,1,47197,662,150030003022,824965,546862,1447,824645.6807,6481.267955,1034.261949,62042.57275,65,1,47197,272,15003000302,1828507,546862,2702,Honolulu,Oahu,Wailupe,1827796.583,12437.45088,1034.261949,62042.57275
3.02,2,0,32624,36003012,36003012,2100,17.82491619,14.34773237,11.98845652,7.53896398,1.540743028,3048.796747,72.45938652,120.804412,213.6054454,341.2804476,73600,4621000,4694600,0.02376655203,0.03962363583,0.07006221245,0.1119393898,4511172.693,4437897.496,4297243.498,4103729.881,4177329.881,66,1,47203,662,150030003022,824965,546862,1447,824645.6807,6481.267955,1079.569519,32816.73888,66,1,47203,272,15003000302,1828507,546862,2702,Honolulu,Oahu,Wailupe,1827796.583,12437.45088,1079.569519,32816.73888
3.02,2,0,20885,36003013,36003013,2030,7.720367942,3.686766477,0.607236799,0,0,1948.432269,85.8968821,151.4361181,266.0658087,416.0943084,325700,2948800,3274500,0.04408512601,0.07772203352,0.1365537889,0.213553386,2818802.152,2719613.366,2546129.565,2319074.914,3144502.152,67,1,47204,662,150030003022,824965,546862,1447,824645.6807,6481.267955,1088.991273,20972.65048,67,1,47204,272,15003000302,1828507,546862,2702,Honolulu,Oahu,Wailupe,1827796.583,12437.45088,1088.991273,20972.65048
3.02,2,0,11157,36003014,36003014,2030,7.847476857,3.574155556,0.188382297,0,0,1073.980718,87.18759119,155.9052935,272.9961594,424.3791982,27100,2886100,2913200,0.08118171003,0.1451658219,0.2541909319,0.3951460126,2651800.63,2467136.407,2152479.355,1745669.129,2678900.63,68,1,47205,662,150030003022,824965,546862,1447,824645.6807,6481.267955,477.2545787,11560.14795,68,1,47205,272,15003000302,1828507,546862,2702,Honolulu,Oahu,Wailupe,1827796.583,12437.45088,477.2545787,11560.14795
3.02,2,0,8919,36003015,36003015,2050,11.14630175,6.854135653,3.501490273,0,0,843.0677101,73.58469296,130.3710693,228.9772228,359.4266147,34700,2622200,2656900,0.08728206771,0.1546389071,0.2716000389,0.4263318479,2393329.14,2216705.614,1910010.48,1504272.23,2251405.614,69,1,47206,662,150030003022,824965,546862,1447,824645.6807,6481.267955,424.7872658,9074.638305,69,1,47206,272,15003000302,1828507,546862,2702,Honolulu,Oahu,Wailupe,1827796.583,12437.45088,424.7872658,9074.638305
3.02,2,0,13912,36003016,36003016,2030,8.929942883,4.63999788,1.255796362,0,0,1270.194451,95.96268941,172.675141,306.9478469,488.5622374,206900,2717100,2924000,0.07554960526,0.1359438634,0.241654218,0.3846357831,2511823.095,2347726.558,2060501.917,1672005.524,2718723.095,70,1,47207,662,150030003022,824965,546862,1447,824645.6807,6481.267955,513.8288088,13672.15584,70,1,47207,272,15003000302,1828507,546862,2702,Honolulu,Oahu,Wailupe,1827796.583,12437.45088,513.8288088,13672.15584
3.02,2,0,63428,36003042,36003042,2075,12.2681412,9.525384522,8.077323859,4.880595591,0.262847684,5852.035166,79.98835224,122.1243587,225.0160891,382.314646,674400,7376900,8051300,0.01366846746,0.0208686987,0.03845091199,0.06533020312,7276072.531,7222951.474,7093250.818,6894967.123,7767650.818,71,1,47223,662,150030003022,824965,546862,1447,824645.6807,6481.267955,1357.278008,62990.29097,71,1,47223,272,15003000302,1828507,546862,2702,Honolulu,Oahu,Wailupe,1827796.583,12437.45088,1357.278008,62990.29097
3.02,2,0,21409,37001001,37001001,2075,16.43327686,12.66800961,9.793082724,4.653452174,0,1816.085481,94.57485182,162.1827823,288.2360847,458.3614583,2218000,3598600,5816600,0.05207621163,0.08930349591,0.1587128402,0.2523898039,3411199.306,3277234.224,3027455.398,2690349.346,5245455.398,72,1,48905,662,150030003022,824965,546862,1447,824645.6807,6481.267955,621.5348621,19548.06497,72,1,48905,272,15003000302,1828507,546862,2702,Honolulu,Oahu,Wailupe,1827796.583,12437.45088,621.5348621,19548.06497
3.02,2,0,13628,37001008,37001008,2024,2.637656965,1.169376662,1.541407951,0.481623153,0,1331.611043,57.42856969,46.96232214,89.71955827,194.5675344,1877000,3054000,4931000,0.04312713535,0.03526729699,0.06737670037,0.1461143893,2922290.142,2946294.582,2848230.642,2607767.844,4799290.142,73,1,48911,662,150030003022,824965,546862,1447,824645.6807,6481.267955,505.2433315,14333.24787,73,1,48911,272,15003000302,1828507,546862,2702,Honolulu,Oahu,Wailupe,1827796.583,12437.45088,505.2433315,14333.24787
3.02,2,0,7162,37001009,37001009,2024,4.2936578,2.665976361,2.699091505,1.247246168,0,680.0965179,35.57670095,30.67532053,59.73224075,127.1857519,66700,2282600,2349300,0.0523112529,0.04510436346,0.08782906423,0.1870113264,2163194.911,2179645.61,2082121.525,1855728.691,2229894.911,74,1,48912,662,150030003022,824965,546862,1447,824645.6807,6481.267955,346.9964281,7320.449897,74,1,48912,272,15003000302,1828507,546862,2702,Honolulu,Oahu,Wailupe,1827796.583,12437.45088,346.9964281,7320.449897
3.02,2,0,7158,37001010,37001010,2024,5.38569483,3.620030308,3.415174046,1.553950186,0,680.6603394,40.39754647,44.82399046,84.69588484,161.9918118,28400,2282000,2310400,0.05935052204,0.06585368335,0.1244319376,0.2379921416,2146561.018,2131721.172,1998046.176,1738902.256,2174961.018,75,1,48913,662,150030003022,824965,546862,1447,824645.6807,6481.267955,344.3887498,7326.519497,75,1,48913,272,15003000302,1828507,546862,2702,Honolulu,Oahu,Wailupe,1827796.583,12437.45088,344.3887498,7326.519497
3.02,2,0,7147,37001011,37001011,2075,9.889171476,7.8262085,7.282694605,5.138036052,1.412930671,672.7151694,45.9829359,56.45792293,104.7413082,192.352039,513000,2280600,2793600,0.06835424261,0.08392544943,0.1556993405,0.285933851,2124711.868,2089200.645,1925512.861,1628498.92,2438512.861,76,1,48914,662,150030003022,824965,546862,1447,824645.6807,6481.267955,341.4625236,7240.999134,76,1,48914,272,15003000302,1828507,546862,2702,Honolulu,Oahu,Wailupe,1827796.583,12437.45088,341.4625236,7240.999134
3.02,2,0,6949,37001012,37001012,2030,6.900372029,4.750578667,4.167173373,1.910236936,0,595.8588614,43.74976557,55.24867162,101.4564488,183.3341859,602100,2254200,2856300,0.07342303422,0.09272107071,0.1702692623,0.3076805563,2088689.873,2045188.322,1870379.62,1560625.49,2690789.873,77,1,48915,662,150030003022,824965,546862,1447,824645.6807,6481.267955,323.5083603,6413.730394,77,1,48915,272,15003000302,1828507,546862,2702,Honolulu,Oahu,Wailupe,1827796.583,12437.45088,323.5083603,6413.730394
3.02,2,0,8231,37001014,37001014,2100,11.94030495,10.17896049,10.15160861,8.589280634,5.329623143,768.3761814,40.72733053,41.62882899,77.99305829,153.5638094,466800,2424700,2891500,0.0530044157,0.05417766714,0.1015037428,0.199854984,2296181.201,2293334.603,2178583.251,1940111.582,2406911.582,78,1,48917,662,150030003022,824965,546862,1447,824645.6807,6481.267955,369.7884478,8270.680197,78,1,48917,272,15003000302,1828507,546862,2702,Honolulu,Oahu,Wailupe,1827796.583,12437.45088,369.7884478,8270.680197
3.02,2,0,9127,37001015,37001015,2100,10.74039859,9.172054471,9.429724967,8.223283699,5.331894663,881.3738922,38.39800781,30.04649816,58.56859343,130.551445,50000,2677800,2727800,0.04356608262,0.03409052438,0.06645147303,0.1481226596,2561138.965,2586511.12,2499857.512,2281156.231,2331156.231,79,1,48918,662,150030003022,824965,546862,1447,824645.6807,6481.267955,394.5585477,9486.969829,79,1,48918,272,15003000302,1828507,546862,2702,Honolulu,Oahu,Wailupe,1827796.583,12437.45088,394.5585477,9486.969829
3.02,2,0,11315,37001016,37001016,2024,4.793760891,3.490710219,4.125963148,3.393289494,0.957809436,925.5436997,32.82379753,17.86929503,37.20309463,99.14837997,604900,2800000,3404900,0.03546434117,0.01930680856,0.04019593526,0.1071244718,2700700.8,2745940.4,2687451.2,2500052.8,3305600.8,80,1,48919,662,150030003022,824965,546862,1447,824645.6807,6481.267955,408.7698479,9962.407451,80,1,48919,272,15003000302,1828507,546862,2702,Honolulu,Oahu,Wailupe,1827796.583,12437.45088,408.7698479,9962.407451
3.02,2,0,15856,37001022,37001022,2075,12.78320449,9.436897424,7.076233558,2.579220549,0,1318.835852,61.99388503,102.0234325,183.5524306,298.9861558,840400,3209900,4050300,0.0470065209,0.07735870418,0.1391776166,0.2267046012,3059012.231,2961585.346,2763152.538,2482199.621,3603552.538,81,1,48923,662,150030003022,824965,546862,1447,824645.6807,6481.267955,560.9162336,14195.74777,81,1,48923,272,15003000302,1828507,546862,2702,Honolulu,Oahu,Wailupe,1827796.583,12437.45088,560.9162336,14195.74777
3.02,2,0,20508,37001025,37001025,2100,15.44374592,12.51096885,10.86845894,7.304017593,2.145503549,1900.194955,28.91163194,68.07555132,163.5417656,309.2102742,444200,2651700,3095900,0.0152150872,0.03582556154,0.08606578245,0.1627255526,2611354.385,2556700.196,2423478.788,2220199.466,2664399.466,82,1,48926,662,150030003022,824965,546862,1447,824645.6807,6481.267955,612.730601,20453.40759,82,1,48926,272,15003000302,1828507,546862,2702,Honolulu,Oahu,Wailupe,1827796.583,12437.45088,612.730601,20453.40759
2,1,0,12060,38001002,38001002,2024,4.0806501,0,0,0,0,1106.489798,124.9078465,219.6043574,377.6725545,463.9998878,17900,2804400,2822300,0.1128865776,0.1984693919,0.3413249315,0.4193440272,2487819.697,2247813.536,1847188.17,1628391.686,2505719.697,83,1,50251,897,150030002001,381393,666763,646,381249.6119,6251.414651,439.2005126,11910.10917,83,1,50251,234,15003000200,10040042,666763,5745,Honolulu,Oahu,Kuliouou,10036306.66,16411.96111,439.2005126,11910.10917
2,1,0,6171,38001003,38001003,2100,8.962539067,7.816098108,8.606469059,8.07224976,5.872112227,572.590228,19.45183029,2.590734842,9.232814003,46.56521353,579700,2867100,3446800,0.03397164209,0.004524587943,0.01612464473,0.08132380061,2769698.879,2854126.373,2820868.013,2633935.96,3213635.96,84,1,50252,897,150030002001,381393,666763,646,381249.6119,6251.414651,339.0721173,6163.283328,84,1,50252,234,15003000200,10040042,666763,5745,Honolulu,Oahu,Kuliouou,10036306.66,16411.96111,339.0721173,6163.283328
2,1,0,7322,38001023,38001023,2024,3.470714201,1.645417471,1.487409694,0,0,680.2289541,35.2518855,31.60514277,61.17850719,127.6289562,683700,2982200,3665900,0.05182355924,0.04646250733,0.08993811102,0.1876264682,2827650.467,2843638.041,2713986.896,2422661.743,3511350.467,85,1,50271,897,150030002001,381393,666763,646,381249.6119,6251.414651,367.517,7321.893047,85,1,50271,234,15003000200,10040042,666763,5745,Honolulu,Oahu,Kuliouou,10036306.66,16411.96111,367.517,7321.893047
2,1,0,9623,38001024,38001024,2100,10.47657349,9.054884493,9.411276301,8.341348575,5.655009443,894.0444076,31.01234171,14.96819144,33.16813166,93.0874116,651800,3212300,3864100,0.03468769721,0.01674211181,0.0370989756,0.1041194496,3100871.738,3158519.673,3093126.882,2877838.536,3529638.536,86,1,50272,897,150030002001,381393,666763,646,381249.6119,6251.414651,394.3242114,9623.373043,86,1,50272,234,15003000200,10040042,666763,5745,Honolulu,Oahu,Kuliouou,10036306.66,16411.96111,394.3242114,9623.373043
2,1,0,11631,38001047,38001047,2030,6.955055635,3.516725869,1.345199568,0,0,1107.498136,70.70021105,108.8967039,194.3899133,325.0202853,279600,2765800,3045400,0.06383776978,0.09832676038,0.1755216618,0.2934725348,2589236.86,2493847.183,2280341.252,1954112.377,2868836.86,87,1,50293,897,150030002001,381393,666763,646,381249.6119,6251.414651,470.1159514,11920.9619,87,1,50293,234,15003000200,10040042,666763,5745,Honolulu,Oahu,Kuliouou,10036306.66,16411.96111,470.1159514,11920.9619
2,1,0,11351,38001066,38001066,2024,5.936498394,1.905783176,0,0,0,1057.873984,92.78108273,156.0590908,276.4825008,446.7068314,45500,2740600,2786100,0.08770523159,0.1475214375,0.2613567448,0.4222684727,2500235.677,2336303.947,2024325.006,1583332.319,2545735.677,88,1,50304,897,150030002001,381393,666763,646,381249.6119,6251.414651,443.9820064,11386.81419,88,1,50304,234,15003000200,10040042,666763,5745,Honolulu,Oahu,Kuliouou,10036306.66,16411.96111,443.9820064,11386.81419
1.14,2,0,13336,39002001,39002001,2075,18.43899639,12.43759483,6.726075313,0,0,1238.977676,0,11.81691842,77.43151353,224.6483522,2464400,3190600,5655000,0,0.009537636269,0.06249629436,0.1813175141,3190600,3160168.057,2991200.262,2612086.789,5455600.262,89,1,51107,218,150030001142,827073,705184,899,826777.7928,10106.69902,474.1803067,13336.2237,89,1,51107,275,15003000114,1226013,705184,1726,Honolulu,Oahu,Portlock,1225574.746,8996.758425,474.1803067,13336.2237
1.14,2,0,12270,39002002,39002002,2075,21.0838755,14.82397922,8.601920809,0,0,1139.650285,0,76.54217804,305.7758933,580.1721597,1117700,3112100,4229800,0,0.06716286481,0.2683067756,0.509079116,3112100,2903082.028,2277101.785,1527795.244,3394801.785,90,1,51108,218,150030001142,827073,705184,899,826777.7928,10106.69902,462.815092,12267.07767,90,1,51108,275,15003000114,1226013,705184,1726,Honolulu,Oahu,Portlock,1225574.746,8996.758425,462.815092,12267.07767
1.14,2,0,11399,39002003,39002003,2075,25.27367528,18.31676209,11.21866935,0.816990624,0,1059.023573,0.3221101982,119.1705296,346.64439,619.8363713,2147200,3048000,5195200,0.0003041577227,0.1125286846,0.3273245269,0.5852904385,3047073.408,2705011.608,2050313.4,1264036.08,4197513.4,91,1,51109,218,150030001142,827073,705184,899,826777.7928,10106.69902,456.2242629,11399.21646,91,1,51109,275,15003000114,1226013,705184,1726,Honolulu,Oahu,Portlock,1225574.746,8996.758425,456.2242629,11399.21646
1.14,2,0,11957,39002005,39002005,2075,26.29642034,19.06971841,11.45432243,0.40966141,0,1111.024542,39.91960814,208.6337229,461.5997858,761.9078949,2748900,3089100,5838000,0.03593044674,0.1877849813,0.4154721776,0.6857705353,2978108.637,2509013.357,1805665.445,970684.8039,4554565.445,92,1,51111,218,150030001142,827073,705184,899,826777.7928,10106.69902,466.4160114,11958.94836,92,1,51111,275,15003000114,1226013,705184,1726,Honolulu,Oahu,Portlock,1225574.746,8996.758425,466.4160114,11958.94836
1.14,2,0,11569,39002006,39002006,2075,27.31693904,20.44195304,13.49959437,3.34637941,0,952.6615241,0.377682204,120.711034,321.8684576,566.1475251,3425200,3865900,7291100,0.0003964495201,0.1267092571,0.3378623461,0.5942798264,3864369.104,3376055.677,2559759.294,1568472.948,5984959.294,93,1,51112,218,150030001142,827073,705184,899,826777.7928,10106.69902,442.3103515,10254.34992,93,1,51112,275,15003000114,1226013,705184,1726,Honolulu,Oahu,Portlock,1225574.746,8996.758425,442.3103515,10254.34992
1.14,2,0,11399,39002007,39002007,2100,36.94294535,30.35875204,23.95392442,14.46479701,3.349000958,1077.987292,0,76.09805062,292.9689042,556.7828559,3231000,3048000,6279000,0,0.07059271585,0.2717739868,0.5165022444,3048000,2832832.536,2219632.848,1473701.904,4704701.904,94,1,51113,218,150030001142,827073,705184,899,826777.7928,10106.69902,455.9462571,11603.33822,94,1,51113,275,15003000114,1226013,705184,1726,Honolulu,Oahu,Portlock,1225574.746,8996.758425,455.9462571,11603.33822
1.14,2,0,10954,39002008,39002008,2100,32.89324969,26.39999058,20.18764835,10.87235636,0,1017.531233,0,2.823161909,191.3654801,455.5412369,895100,3173900,4069000,0,0.002774521133,0.188068409,0.4476926331,3173900,3165092.428,2576990.975,1752967.187,2648067.187,95,1,51114,218,150030001142,827073,705184,899,826777.7928,10106.69902,436.2314801,10952.59841,95,1,51114,275,15003000114,1226013,705184,1726,Honolulu,Oahu,Portlock,1225574.746,8996.758425,436.2314801,10952.59841
1.14,2,0,9924,39002009,39002009,2100,35.53803146,28.85161216,22.34074618,12.67142319,1.297411538,921.5825904,0,0,128.79489,403.1032788,2338200,2933800,5272000,0,0,0.1397540398,0.4374033136,2933800,2933800,2523789.715,1650547.079,3988747.079,96,1,51115,218,150030001142,827073,705184,899,826777.7928,10106.69902,408.2793347,9919.814721,96,1,51115,275,15003000114,1226013,705184,1726,Honolulu,Oahu,Portlock,1225574.746,8996.758425,408.2793347,9919.814721
1.14,2,0,17531,39002011,39002011,2100,34.4337024,27.75818607,21.11354971,11.26008802,0,1627.14451,0,0,122.5412019,432.9415416,2937700,3131100,6068800,0,0,0.07531058314,0.2660744261,3131100,3131100,2895293.728,2297995.699,5235695.699,97,1,51117,218,150030001142,827073,705184,899,826777.7928,10106.69902,582.9505756,17514.40361,97,1,51117,275,15003000114,1226013,705184,1726,Honolulu,Oahu,Portlock,1225574.746,8996.758425,582.9505756,17514.40361
1.14,2,0,13968,39002032,39002032,2100,13.57365805,11.54486098,10.66822564,7.541897042,2.623434447,1331.904925,77.9594477,114.1461467,214.7358495,369.1901735,898000,2858500,3756500,0.05853229177,0.08570142251,0.161224608,0.277189585,2691186.278,2613523.692,2397638.338,2066152.385,2964152.385,98,1,51138,218,150030001142,827073,705184,899,826777.7928,10106.69902,489.8222509,14336.47945,98,1,51138,275,15003000114,1226013,705184,1726,Honolulu,Oahu,Portlock,1225574.746,8996.758425,489.8222509,14336.47945
1.14,2,0,14491,39003008,39003008,2100,38.37378115,31.73030637,24.08199781,13.16062824,1.746012472,1346.258969,0,0,2.719093221,157.6762199,3534300,3448100,6982400,0,0,0.002019740097,0.11712176,3448100,3448100,3441134.838,3044251.632,6578551.632,99,1,51149,218,150030001142,827073,705184,899,826777.7928,10106.69902,499.286096,14490.98727,99,1,51149,275,15003000114,1226013,705184,1726,Honolulu,Oahu,Portlock,1225574.746,8996.758425,499.286096,14490.98727
9400.04,1,0,20001,41001002,41001002,2075,20.27447461,14.13112222,8.566016493,0,0,1847.308764,0,0,0,196.7811369,274800,3500100,3774900,0,0,0,0.1065231437,3500100,3500100,3500100,3127258.848,3774900,100,1,58766,479,150039400041,6513977,4493292,2331,6204958.245,22573.41739,690.4518555,19884.33719,100,1,58766,391,15003940004,6513977,4493292,2331,Honolulu,Oahu,Makapuu Point,6204958.245,22573.41739,690.4518555,19884.33719
9400.04,1,0,16324,41001003,41001003,2075,17.55934491,11.92307631,6.912807266,0,0,1549.459334,0,0,0,100.5707193,332700,3242700,3575400,0,0,0,0.06490697563,3242700,3242700,3242700,3032226.071,3575400,101,1,58767,479,150039400041,6513977,4493292,2331,6204958.245,22573.41739,668.637431,16678.29997,101,1,58767,391,15003940004,6513977,4493292,2331,Honolulu,Oahu,Makapuu Point,6204958.245,22573.41739,668.637431,16678.29997
9400.04,1,0,14278,41001004,41001004,2075,16.21572052,11.41536834,7.462125856,0.181968696,0,1365.124484,0,0,0,74.45272298,1836100,3099500,4935600,0,0,0,0.05453914559,3099500,3099500,3099500,2930456.37,4935600,102,1,58768,479,150039400041,6513977,4493292,2331,6204958.245,22573.41739,656.8546334,14694.13027,102,1,58768,391,15003940004,6513977,4493292,2331,Honolulu,Oahu,Makapuu Point,6204958.245,22573.41739,656.8546334,14694.13027
9400.04,1,0,0,41001005,41001005,2075,17.6532332,13.60570034,10.48742497,4.643934636,0,1542.929013,0.01117939344,15.48398614,115.4254018,259.2285797,355500,2840800,3196300,0.000007245565643,0.01003544947,0.07480927565,0.1680106975,2840780.114,2812292.572,2628282.593,2363514.351,2983782.593,103,1,58769,479,150039400041,6513977,4493292,2331,6204958.245,22573.41739,721.9000768,16608.00781,103,1,58769,391,15003940004,6513977,4493292,2331,Honolulu,Oahu,Makapuu Point,6204958.245,22573.41739,721.9000768,16608.00781
9400.04,1,0,12624,41001006,41001006,2030,10.92501155,4.575405293,0,0,0,1134.577013,0,0,94.00704167,355.8754067,632000,2983700,3615700,0,0,0.08285646596,0.3136635085,2983700,2983700,2736482.553,2047820.723,3615700,104,1,58770,479,150039400041,6513977,4493292,2331,6204958.245,22573.41739,506.3582087,12212.53413,104,1,58770,391,15003940004,6513977,4493292,2331,Honolulu,Oahu,Makapuu Point,6204958.245,22573.41739,506.3582087,12212.53413
9400.04,1,0,20001,41001008,41001008,2050,20.39052292,13.13662374,6.072340938,0,0,1912.827023,0,0,163.2736536,520.4329943,622000,2262400,2884400,0,0,0.08535724962,0.2720753043,2262400,2262400,2069288.323,1646857.52,2884400,105,1,58772,479,150039400041,6513977,4493292,2331,6204958.245,22573.41739,655.3693695,20589.57811,105,1,58772,391,15003940004,6513977,4493292,2331,Honolulu,Oahu,Makapuu Point,6204958.245,22573.41739,655.3693695,20589.57811
9400.04,1,0,20001,41001009,41001009,2100,42.70717907,35.46706317,28.36954458,17.50767962,4.281691405,1837.659976,0,0,52.51169393,358.6253084,720100,3500100,4220200,0,0,0.0285753048,0.1951532455,3500100,3500100,3400084.643,2817044.985,3537144.985,106,1,58773,479,150039400041,6513977,4493292,2331,6204958.245,22573.41739,677.2757006,19780.48252,106,1,58773,391,15003940004,6513977,4493292,2331,Honolulu,Oahu,Makapuu Point,6204958.245,22573.41739,677.2757006,19780.48252
9400.04,1,0,10000,41001011,41001011,2075,17.86423987,12.3680765,7.597153162,0,0,933.4897731,0,0,2.804529703,264.5021027,506900,2240000,2746900,0,0,0.003004349682,0.283347617,2240000,2240000,2233271.04,1605300.48,2740171.04,107,1,58774,479,150039400041,6513977,4493292,2331,6204958.245,22573.41739,413.5305491,10048.04016,107,1,58774,391,15003940004,6513977,4493292,2331,Honolulu,Oahu,Makapuu Point,6204958.245,22573.41739,413.5305491,10048.04016
9400.04,1,0,10360,41001012,41001012,2100,27.097144,21.27960823,16.11643554,7.738173395,0,1079.538867,0,0,56.67907161,313.9050601,192700,2683900,2876600,0,0,0.05250303933,0.2907769879,2683900,2683900,2542987.198,1903483.61,2096183.61,108,1,58775,479,150039400041,6513977,4493292,2331,6204958.245,22573.41739,463.0523663,11620.1059,108,1,58775,391,15003940004,6513977,4493292,2331,Honolulu,Oahu,Makapuu Point,6204958.245,22573.41739,463.0523663,11620.1059
9400.04,1,0,15143,41002002,41002002,2050,16.35203589,10.14292299,3.861230573,0,0,1395.284261,0,6.778148856,229.4764178,537.0391821,3755200,3160000,6915200,0,0.00485789817,0.1644657109,0.3848958934,3160000,3144648.72,2640287.44,1943728.64,6899848.72,109,1,58777,479,150039400041,6513977,4493292,2331,6204958.245,22573.41739,543.1316205,15018.76214,109,1,58777,391,15003940004,6513977,4493292,2331,Honolulu,Oahu,Makapuu Point,6204958.245,22573.41739,543.1316205,15018.76214
9400.04,1,0,10150,41002004,41002004,2075,15.93257401,12.31477663,9.902350895,5.102711393,0,919.5074846,0,0,0,20.9932682,92100,2248400,2340500,0,0,0,0.02283099219,2248400,2248400,2248400,2197066.78,2340500,110,1,58779,479,150039400041,6513977,4493292,2331,6204958.245,22573.41739,530.5055106,9897.533761,110,1,58779,391,15003940004,6513977,4493292,2331,Honolulu,Oahu,Makapuu Point,6204958.245,22573.41739,530.5055106,9897.533761
9400.04,1,0,18840,41002009,41002009,2075,18.43094109,14.22699967,11.10138006,5.216043718,0,1794.055721,0,0,0,117.6354021,967800,3418800,4386600,0,0,0,0.06556953655,3418800,3418800,3418800,3194629.284,4386600,111,1,58781,479,150039400041,6513977,4493292,2331,6204958.245,22573.41739,731.6028501,19311.09569,111,1,58781,391,15003940004,6513977,4493292,2331,Honolulu,Oahu,Makapuu Point,6204958.245,22573.41739,731.6028501,19311.09569
9400.04,1,0,19200,41002016,41002016,2100,19.29876953,15.2509414,12.32109204,6.69270002,0,1744.940651,0,0,2.944671715,151.9390243,226500,3443900,3670400,0,0,0.001687548349,0.08707403552,3443900,3443900,3438086.697,3144025.851,3370525.851,112,1,58782,479,150039400041,6513977,4493292,2331,6204958.245,22573.41739,725.9655922,18782.44882,112,1,58782,391,15003940004,6513977,4493292,2331,Honolulu,Oahu,Makapuu Point,6204958.245,22573.41739,725.9655922,18782.44882
9400.04,1,0,18841,41002017,41002017,2100,24.05027172,20.01681741,17.10355764,11.5058492,3.690406082,1869.928698,0,0,49.85613948,216.4370164,155300,3418900,3574200,0,0,0.02666205376,0.1157461333,3418900,3418900,3327745.288,3023176.001,3178476.001,113,1,58783,479,150039400041,6513977,4493292,2331,6204958.245,22573.41739,729.8814288,20127.81391,113,1,58783,391,15003940004,6513977,4493292,2331,Honolulu,Oahu,Makapuu Point,6204958.245,22573.41739,729.8814288,20127.81391
9400.04,1,0,0,41002018,41002018,2050,12.79769416,8.658992036,5.626945908,0,0,1397.636721,0,0,59.25495057,174.7796652,226600,3099800,3326400,0,0,0.04239653243,0.1250537157,3099800,3099800,2968377.779,2712157.611,3326400,114,1,58784,479,150039400041,6513977,4493292,2331,6204958.245,22573.41739,687.2810512,15044.11261,114,1,58784,391,15003940004,6513977,4493292,2331,Honolulu,Oahu,Makapuu Point,6204958.245,22573.41739,687.2810512,15044.11261
9400.04,1,0,9161,41002020,41002020,2050,10.5044184,6.421764347,3.488594248,0,0,811.1775887,0,0,33.44313223,134.0068368,105400,2146000,2251400,0,0,0.04122787993,0.1652003687,2146000,2146000,2057524.712,1791480.8,2251400,115,1,58786,479,150039400041,6513977,4493292,2331,6204958.245,22573.41739,624.4707341,8731.451183,115,1,58786,391,15003940004,6513977,4493292,2331,Honolulu,Oahu,Makapuu Point,6204958.245,22573.41739,624.4707341,8731.451183
9400.03,1,0,10006,41016083,41016083,2100,30.15560808,24.51496127,19.02824291,10.39787018,0,925.3482162,0,0,0,0,747400,983400,1730800,0,0,0,0,983400,983400,983400,983400,1730800,116,2,59433,395,150039400031,1265005,213052,2509,1264560.556,8129.525403,410.0126672,9960.390681,116,2,59433,334,15003940003,1265005,213052,2509,Honolulu,Oahu,Waimanalo Bay Beach Park,1264560.556,8129.525403,410.0126672,9960.390681
9400.03,1,0,14085,41016085,41016085,2100,30.28824778,25.35812968,20.66583522,13.03685662,3.60296648,1323.728674,0,0,0,0,450100,1143800,1593900,0,0,0,0,1143800,1143800,1143800,1143800,1593900,117,1,59435,395,150039400031,1265005,213052,2509,1264560.556,8129.525403,527.8376667,14248.52645,117,1,59435,334,15003940003,1265005,213052,2509,Honolulu,Oahu,Waimanalo Bay Beach Park,1264560.556,8129.525403,527.8376667,14248.52645
9400.04,1,0,9846,41017014,41017014,2100,36.17087165,30.27508608,24.58231253,15.71916531,5.010662206,902.4923405,0,0,0,0,61000,977100,1038100,0,0,0,0,977100,977100,977100,977100,1038100,118,1,59468,479,150039400041,6513977,4493292,2331,6204958.245,22573.41739,549.9998133,9714.361705,118,1,59468,391,15003940004,6513977,4493292,2331,Honolulu,Oahu,Makapuu Point,6204958.245,22573.41739,549.9998133,9714.361705
112.02,2,0,10248,43001004,43001004,2050,14.86777324,7.743056423,0.031754803,0,0,958.9917188,0.582182325,60.30354802,307.3053238,581.7736913,124800,3123700,3248500,0.0006070775311,0.06288224063,0.3204462747,0.6066514235,3121803.914,2927275.497,2122722.83,1228704.271,3052075.497,119,1,67255,555,150030112022,981758,3484273,1005,891035.1674,5190.647998,501.6567509,10322.48659,119,1,67255,174,15003011202,1333313,3484273,1676,Honolulu,Oahu,Lanikai,1242462.301,5883.36997,501.6567509,10322.48659
112.02,2,0,0,43001014,43001014,2030,7.763650727,0.663181734,0,0,0,890.9786972,45.02254083,209.2153356,440.8938235,696.9219081,143400,4941300,5084700,0.05053155701,0.234815194,0.4948421605,0.7821981718,4691606.228,3781008.641,2496137.225,1076225.023,4835006.228,120,1,67263,555,150030112022,981758,3484273,1005,891035.1674,5190.647998,414.4466665,9590.400892,120,1,67263,174,15003011202,1333313,3484273,1676,Honolulu,Oahu,Lanikai,1242462.301,5883.36997,414.4466665,9590.400892
112.02,2,0,22248,43001018,43001018,2100,22.60577718,19.46024466,16.05088637,10.30726258,1.541600096,2067.247416,0,0,1.677854884,10.75079112,3384900,5555300,8940200,0,0,0.0008116371902,0.005200534312,5555300,5555300,5550789.096,5526406.885,8911306.885,121,1,67266,555,150030112022,981758,3484273,1005,891035.1674,5190.647998,765.1564061,22251.63373,121,1,67266,174,15003011202,1333313,3484273,1676,Honolulu,Oahu,Lanikai,1242462.301,5883.36997,765.1564061,22251.63373
112.02,2,0,11573,43003061,43003061,2075,46.39187588,36.03048973,23.13127639,6.011619553,0,1074.563027,28.48833663,64.02946281,142.4622633,492.0818136,1412600,2574800,3987400,0.02651155485,0.05958651208,0.1325769263,0.4579366693,2506536.902,2421375.392,2233440.74,1395703.812,3646040.74,122,2,67376,555,150030112022,981758,3484273,1005,891035.1674,5190.647998,825.4837143,11566.49037,122,1,67376,174,15003011202,1333313,3484273,1676,Honolulu,Oahu,Lanikai,1242462.301,5883.36997,825.4837143,11566.49037
112.02,2,0,40370,43003063,43003063,2030,10.17444433,0,0,0,0,3812.317478,342.1873524,766.6014347,1333.451992,1934.319866,118800,4335900,4454700,0.0897583568,0.2010854131,0.3497746449,0.5073868787,3946718.288,3464015.549,2819310.578,2135920.707,4065518.288,123,2,67377,555,150030112022,981758,3484273,1005,891035.1674,5190.647998,983.2632491,41035.42278,123,1,67377,174,15003011202,1333313,3484273,1676,Honolulu,Oahu,Lanikai,1242462.301,5883.36997,983.2632491,41035.42278
112.02,2,0,22314,43003064,43003064,2030,13.20033743,4.190166738,0,0,0,1794.981987,17.38667413,223.4545924,510.8831652,826.9073114,2519700,8582200,11101900,0.009686266635,0.1244884873,0.2846174328,0.4606772197,8499072.811,7513819.086,6139559.983,4628577.851,11018772.81,124,1,67378,555,150030112022,981758,3484273,1005,891035.1674,5190.647998,665.5243777,19320.99531,124,1,67378,174,15003011202,1333313,3484273,1676,Honolulu,Oahu,Lanikai,1242462.301,5883.36997,665.5243777,19320.99531
112.02,2,0,20791,43003065,43003065,2050,20.75173728,13.93868993,6.051484433,0,0,1946.354816,148.0936582,317.8937549,557.6060658,822.8910002,3697700,7081900,10779600,0.07608769838,0.1633277511,0.2864873666,0.4227857086,6543052.393,5925227.437,5053027.715,4087771.827,9622927.437,125,1,67379,555,150030112022,981758,3484273,1005,891035.1674,5190.647998,708.8870581,20950.34926,125,1,67379,174,15003011202,1333313,3484273,1676,Honolulu,Oahu,Lanikai,1242462.301,5883.36997,708.8870581,20950.34926
112.02,2,0,14159,43003067,43003067,2075,23.72619449,16.15846228,7.810768606,0,0,1316.346112,36.48383671,182.0930845,386.5728027,612.0244291,497000,5330000,5827000,0.0277159908,0.1383322235,0.293671094,0.4649418749,5182273.72,4592690.44,3764733.57,2851859.14,4261733.57,126,1,67381,555,150030112022,981758,3484273,1005,891035.1674,5190.647998,614.6998469,14169.01054,126,1,67381,174,15003011202,1333313,3484273,1676,Honolulu,Oahu,Lanikai,1242462.301,5883.36997,614.6998469,14169.01054
112.02,2,0,0,43003069,43003069,2030,11.32218752,3.642285697,0,0,0,1800.233296,155.0496293,354.4130315,630.3803394,929.4594277,7500,5778000,5785500,0.08612752005,0.1968706124,0.3501659151,0.5162994318,5280352.416,4640479.362,3754740.852,2794824.378,5287852.416,127,1,67383,555,150030112022,981758,3484273,1005,891035.1674,5190.647998,656.4113554,19377.52104,127,1,67383,174,15003011202,1333313,3484273,1676,Honolulu,Oahu,Lanikai,1242462.301,5883.36997,656.4113554,19377.52104
112.02,2,0,18678,43003070,43003070,2050,14.53011187,7.00160729,0,0,0,1748.818805,91.62854246,269.9388358,518.3318586,789.4484472,265000,6595900,6860900,0.05239453178,0.1543549481,0.2963896872,0.4514180914,6250307.82,5577789.856,4640941.199,3618392.014,5842789.856,128,1,67384,555,150030112022,981758,3484273,1005,891035.1674,5190.647998,652.9765086,18824.10334,128,1,67384,174,15003011202,1333313,3484273,1676,Honolulu,Oahu,Lanikai,1242462.301,5883.36997,652.9765086,18824.10334
112.02,2,0,27000,43003074,43003074,2100,55.67086344,45.47664803,32.95652657,16.27487388,0,2454.928138,206.6982508,460.3940684,807.8332273,1184.702892,610800,6129800,6740600,0.08419727143,0.187538715,0.3290659367,0.4825814954,5613689.229,4980223.438,4112691.233,3171674.986,3782474.986,129,1,67387,555,150030112022,981758,3484273,1005,891035.1674,5190.647998,870.5124591,26424.58599,129,1,67387,174,15003011202,1333313,3484273,1676,Honolulu,Oahu,Lanikai,1242462.301,5883.36997,870.5124591,26424.58599
112.02,2,0,27646,43003076,43003076,2075,38.91355774,28.59828626,15.77371488,0,0,2552.549929,238.699725,534.9361485,929.0415971,1345.719934,36400,6167600,6204000,0.09351422366,0.2095693183,0.3639660821,0.527206116,5590843.054,4875062.236,3922803.298,2916004.274,3959203.298,130,2,67388,555,150030112022,981758,3484273,1005,891035.1674,5190.647998,885.4908242,27475.36983,130,1,67388,174,15003011202,1333313,3484273,1676,Honolulu,Oahu,Lanikai,1242462.301,5883.36997,885.4908242,27475.36983
112.02,2,0,0,43003091,43003091,2030,9.129406089,1.792000593,0,0,0,1861.852632,31.99895001,230.0488269,507.8484296,813.7050848,421100,6596900,7018000,0.01718661802,0.1235590953,0.2727651055,0.4370405427,6483519.08,5781793.633,4797496.572,3713784.227,6904619.08,131,1,67399,555,150030112022,981758,3484273,1005,891035.1674,5190.647998,661.9419528,20040.78433,131,1,67399,174,15003011202,1333313,3484273,1676,Honolulu,Oahu,Lanikai,1242462.301,5883.36997,661.9419528,20040.78433
112.02,2,0,11735,43003105,43003105,2100,40.7787444,33.83062447,25.93204264,14.86372456,2.715421056,1093.899221,6.785552027,194.5770301,458.2599869,748.2328085,57600,3707000,3764600,0.006203086991,0.1778747314,0.4189234055,0.6840052485,3684005.479,3047617.375,2154052.439,1171393.465,1228993.465,132,1,67412,555,150030112022,981758,3484273,1005,891035.1674,5190.647998,661.3542363,11774.59419,132,1,67412,174,15003011202,1333313,3484273,1676,Honolulu,Oahu,Lanikai,1242462.301,5883.36997,661.3542363,11774.59419
112.02,1,0,20317,43004074,43004074,2024,3.237281548,0,0,0,0,1823.051705,173.4657366,362.7692927,627.9515054,919.6669174,287500,6345400,6632900,0.09515129828,0.1989901283,0.3444507381,0.5044656248,5741628.845,5082728.854,4159720.625,3144361.444,6029128.845,133,1,67485,669,150030112021,351555,0,671,351427.1333,4243.587729,673.5229922,19623.15049,133,1,67485,174,15003011202,1333313,3484273,1676,Honolulu,Oahu,Lanikai,1242462.301,5883.36997,673.5229922,19623.15049
112.02,1,0,9712,43004075,43004075,2075,31.9536825,24.16641619,15.62172172,3.763734978,0,905.7905372,0,0,0,112.5480421,809700,1927600,2737300,0,0,0,0.1242539389,1927600,1927600,1927600,1688087.99,2737300,134,1,67486,669,150030112021,351555,0,671,351427.1333,4243.587729,409.9832309,9749.829668,134,1,67486,174,15003011202,1333313,3484273,1676,Honolulu,Oahu,Lanikai,1242462.301,5883.36997,409.9832309,9749.829668
112.02,1,0,20526,43004076,43004076,2024,4.200703563,0,0,0,0,1925.862929,182.9426607,386.8760978,670.1835699,979.4199996,0,5624500,5624500,0.09499256562,0.2008845447,0.3479913132,0.5085616347,5090211.872,4494622.318,3667224.621,2764093.031,5090211.872,135,1,67487,669,150030112021,351555,0,671,351427.1333,4243.587729,702.5633067,20729.77576,135,1,67487,174,15003011202,1333313,3484273,1676,Honolulu,Oahu,Lanikai,1242462.301,5883.36997,702.5633067,20729.77576
112.02,1,0,20600,43004078,43004078,2075,22.86902319,15.03958124,6.317621816,0,0,1924.776351,149.5347286,319.9158472,566.5084572,847.8403899,349200,4107500,4456700,0.07768940455,0.1662093609,0.2943243025,0.4404877425,3788392.433,3424796.533,2898564.17,2298195.54,3247764.17,136,1,67489,669,150030112021,351555,0,671,351427.1333,4243.587729,702.7026816,20718.07699,136,1,67489,174,15003011202,1333313,3484273,1676,Honolulu,Oahu,Lanikai,1242462.301,5883.36997,702.7026816,20718.07699
112.02,1,22363,0,43004079,43004079,2050,15.04328086,8.912458963,1.998875111,0,0,2079.502932,138.6731456,294.128676,515.9107915,764.3653806,4673400,6356900,11030300,0.06668571777,0.1414418184,0.2480933225,0.3675711965,5932983.767,5457767.35,4779797.608,4020287.91,10131167.35,137,1,67490,669,150030112021,351555,0,671,351427.1333,4243.587729,748.3802289,22383.54852,137,1,67490,174,15003011202,1333313,3484273,1676,Honolulu,Oahu,Lanikai,1242462.301,5883.36997,748.3802289,22383.54852
112.02,2,0,16740,43004082,43004082,2075,41.61555685,32.50396868,21.81158886,2.489223756,0,1567.694552,129.1915767,278.7881913,448.8000678,587.6449753,342400,3630500,3972900,0.08240864043,0.1778332335,0.2862803007,0.3748466016,3331314.126,2984877.294,2591160.46,2269617.967,2933560.46,138,2,67493,555,150030112022,981758,3484273,1005,891035.1674,5190.647998,987.9112013,16874.55644,138,1,67493,174,15003011202,1333313,3484273,1676,Honolulu,Oahu,Lanikai,1242462.301,5883.36997,987.9112013,16874.55644
112.02,2,0,38677,43004083,43004083,2075,40.11629193,29.84516873,17.61193146,1.821167017,0,3555.720342,103.6371572,733.4920393,1585.644993,2488.665432,2573200,10188100,12761300,0.02914659962,0.2062850755,0.4459419864,0.6999047147,9891147.449,8086447.792,5644798.31,3057397.87,8217998.31,139,2,67494,555,150030112022,981758,3484273,1005,891035.1674,5190.647998,849.9766686,38273.39541,139,1,67494,174,15003011202,1333313,3484273,1676,Honolulu,Oahu,Lanikai,1242462.301,5883.36997,849.9766686,38273.39541
112.02,2,0,16177,43004086,43004086,2050,14.94960488,6.38204008,0,0,0,1521.613727,108.7722853,222.767309,359.8301848,495.5732259,112000,4589800,4701800,0.07148482123,0.1464020106,0.2364793234,0.3256892449,4261698.147,3917844.1,3504408.686,3094952.628,4029844.1,140,2,67496,555,150030112022,981758,3484273,1005,891035.1674,5190.647998,961.0736736,16378.38144,140,1,67496,174,15003011202,1333313,3484273,1676,Honolulu,Oahu,Lanikai,1242462.301,5883.36997,961.0736736,16378.38144
112.02,2,0,27904,43004087,43004087,2030,12.16931713,2.213916551,0,0,0,2570.056208,251.3603801,566.1436118,990.7074383,1390.395806,177000,6116100,6293100,0.09780345634,0.2202845254,0.3854808449,0.5409982092,5517927.072,4768814.912,3758459.656,2807302.132,5694927.072,141,2,67497,555,150030112022,981758,3484273,1005,891035.1674,5190.647998,897.0538251,27663.85745,141,1,67497,174,15003011202,1333313,3484273,1676,Honolulu,Oahu,Lanikai,1242462.301,5883.36997,897.0538251,27663.85745
112.02,1,0,19142,43004088,43004088,2030,11.47425806,5.26875501,0,0,0,1784.503427,82.5200569,241.2410536,464.3050455,709.6873848,527800,6702700,7230500,0.04624258807,0.1351866575,0.2601872534,0.3976946045,6392747.044,5796582.095,4958744.595,4037069.724,6920547.044,142,1,67498,669,150030112021,351555,0,671,351427.1333,4243.587729,668.2322412,19208.19966,142,1,67498,174,15003011202,1333313,3484273,1676,Honolulu,Oahu,Lanikai,1242462.301,5883.36997,668.2322412,19208.19966
112.02,1,0,9850,43004098,43004098,2050,19.95974595,12.17965073,3.647960277,0,0,916.270091,178.5610287,375.5448057,650.3767857,839.1462159,52600,3173100,3225700,0.1948781593,0.4098625606,0.7098090313,0.9158284486,2554732.618,1872563.715,920805.0621,267086.1732,1925163.715,143,1,67508,669,150030112021,351555,0,671,351427.1333,4243.587729,414.7210887,9862.630756,143,1,67508,174,15003011202,1333313,3484273,1676,Honolulu,Oahu,Lanikai,1242462.301,5883.36997,414.7210887,9862.630756
112.02,2,0,10204,43004099,43004099,2030,12.24374712,5.086168425,0,0,0,948.7982387,1.571354871,169.7601402,445.6720481,729.247651,97800,3949900,4047700,0.001656152812,0.1789212219,0.4697226765,0.7686013962,3943358.966,3243179.942,2094541.122,914002.9101,4041158.966,144,2,67509,555,150030112022,981758,3484273,1005,891035.1674,5190.647998,710.4800013,10212.73812,144,1,67509,174,15003011202,1333313,3484273,1676,Honolulu,Oahu,Lanikai,1242462.301,5883.36997,710.4800013,10212.73812
112.02,2,0,0,43004100,43004100,2100,39.54146633,33.00006472,25.4316111,14.82964311,3.223762824,927.6137887,0,0,0,0.1160031083,1087500,1900000,2987500,0,0,0,0.0001250553946,1900000,1900000,1900000,1899762.5,2987262.5,145,2,67510,555,150030112022,981758,3484273,1005,891035.1674,5190.647998,446.475051,9984.734447,145,1,67510,174,15003011202,1333313,3484273,1676,Honolulu,Oahu,Lanikai,1242462.301,5883.36997,446.475051,9984.734447
112.02,1,0,20079,43005057,43005057,2030,6.457318126,2.446485922,0,0,0,1943.362251,0,120.9793208,316.5594603,544.4330214,2348900,6918200,9267100,0,0.0622525835,0.1628926671,0.2801500446,6918200,6487521.295,5791273.647,4980066.27,9267100,146,1,67571,669,150030112021,351555,0,671,351427.1333,4243.587729,633.0383557,20918.13316,146,1,67571,174,15003011202,1333313,3484273,1676,Honolulu,Oahu,Lanikai,1242462.301,5883.36997,633.0383557,20918.13316
112.02,1,0,13053,43005060,43005060,2050,17.22755242,10.07893342,2.473021471,0,0,1218.460405,91.05859687,201.8884685,359.4335306,534.7461696,130700,4559900,4690600,0.0747325038,0.1656914477,0.2949899144,0.4388703706,4219124.993,3804365.609,3214775.099,2558696.687,3935065.609,147,1,67573,669,150030112021,351555,0,671,351427.1333,4243.587729,624.3167852,13115.37367,147,1,67573,174,15003011202,1333313,3484273,1676,Honolulu,Oahu,Lanikai,1242462.301,5883.36997,624.3167852,13115.37367
112.02,1,0,13058,43005062,43005062,2024,0,0,0,0,0,1219.621363,65.55300323,155.0957483,285.9866143,434.5184393,194100,5163600,5357700,0.05374865121,0.1271671299,0.2344880329,0.3562732276,4886061.664,4506960.479,3952797.763,3323948.737,5080161.664,148,1,67575,669,150030112021,351555,0,671,351427.1333,4243.587729,625.1111793,13127.87008,148,1,67575,174,15003011202,1333313,3484273,1676,Honolulu,Oahu,Lanikai,1242462.301,5883.36997,625.1111793,13127.87008
112.02,1,0,13055,43005063,43005063,2030,7.438101826,0.841885861,0,0,0,1217.8796,78.46281005,179.0762552,323.8250483,486.3063088,260400,5037500,5297900,0.06442575279,0.147039375,0.2658924973,0.3993057349,4712954.025,4296791.038,3698069.05,3025996.025,4973354.025,149,1,67576,669,150030112021,351555,0,671,351427.1333,4243.587729,624.3785983,13109.12185,149,1,67576,174,15003011202,1333313,3484273,1676,Honolulu,Oahu,Lanikai,1242462.301,5883.36997,624.3785983,13109.12185
112.02,1,0,11228,43007032,43007032,2075,15.88512412,12.13682348,9.379289278,4.591018573,0,1044.669581,0,0,0,26.5632302,2012700,4882400,6895100,0,0,0,0.02542739894,4882400,4882400,4882400,4758255.215,6895100,150,1,67729,669,150030112021,351555,0,671,351427.1333,4243.587729,457.3076865,11244.69831,150,1,67729,174,15003011202,1333313,3484273,1676,Honolulu,Oahu,Lanikai,1242462.301,5883.36997,457.3076865,11244.69831
112.02,1,0,5240,43008036,43008036,2024,5.426212137,0,0,0,0,486.9851699,93.67706189,257.629927,471.6039183,483.7344452,2728500,3505200,6233700,0.192361221,0.5290303338,0.9684153595,0.9933247973,2830936.223,1650844.044,110711.742,23397.21,5559436.223,151,1,67806,669,150030112021,351555,0,671,351427.1333,4243.587729,297.7568963,5241.848916,151,1,67806,174,15003011202,1333313,3484273,1676,Honolulu,Oahu,Lanikai,1242462.301,5883.36997,297.7568963,5241.848916
112.02,1,0,5042,43008037,43008037,2030,6.587272312,0.738077105,0,0,0,468.3961406,57.41293526,188.9450398,381.6925563,468.3961406,217100,3252100,3469200,0.1225734593,0.4033872687,0.8148926159,1,2853480.347,1940245.137,601986.4747,0,3070580.347,152,1,67807,669,150030112021,351555,0,671,351427.1333,4243.587729,286.7973091,5041.757603,152,1,67807,174,15003011202,1333313,3484273,1676,Honolulu,Oahu,Lanikai,1242462.301,5883.36997,286.7973091,5041.757603
112.02,1,0,7122,43008038,43008038,2024,5.797343118,0.177632705,0,0,0,661.6703596,51.32481592,172.3843982,351.1487557,552.5006129,437000,3347400,3784400,0.07756855839,0.2605291225,0.5307004472,0.8350088604,3087745.529,2475305.225,1570934.82,552290.8734,3524745.529,153,1,67808,669,150030112021,351555,0,671,351427.1333,4243.587729,353.8258644,7122.136096,153,1,67808,174,15003011202,1333313,3484273,1676,Honolulu,Oahu,Lanikai,1242462.301,5883.36997,353.8258644,7122.136096
112.02,1,0,10346,43008040,43008040,2030,11.09961246,5.770021249,0.263819769,0,0,961.0582671,52.5987728,178.3186558,364.9626,578.8424232,1468300,4398800,5867100,0.05473005602,0.1855440632,0.3797507523,0.6022969086,4158053.676,3582629.053,2728351.301,1749415.956,5626353.676,154,1,67810,669,150030112021,351555,0,671,351427.1333,4243.587729,426.6418525,10344.71209,154,1,67810,174,15003011202,1333313,3484273,1676,Honolulu,Oahu,Lanikai,1242462.301,5883.36997,426.6418525,10344.71209
112.02,1,0,14497,43008041,43008041,2030,6.651631152,1.354808999,0,0,0,1346.811465,82.62642417,249.5863223,497.8240112,782.6784221,3649000,5070900,8719900,0.06134965904,0.185316452,0.3696315513,0.5811343625,4759800.285,4131181.096,3196533.091,2124027.599,8408800.285,155,1,67811,669,150030112021,351555,0,671,351427.1333,4243.587729,489.9578977,14496.91341,155,1,67811,174,15003011202,1333313,3484273,1676,Honolulu,Oahu,Lanikai,1242462.301,5883.36997,489.9578977,14496.91341
112.02,1,0,7324,43008042,43008042,2075,24.00253856,18.75363031,13.40608087,5.444131052,0,680.4296925,23.07968848,104.2141338,225.4907544,365.2158558,336500,3482600,3819100,0.03391928473,0.1531592976,0.331394642,0.5367429726,3364473.691,2949208.467,2328483.773,1613338.828,2664983.773,156,1,67812,669,150030112021,351555,0,671,351427.1333,4243.587729,392.9738984,7324.061944,156,1,67812,174,15003011202,1333313,3484273,1676,Honolulu,Oahu,Lanikai,1242462.301,5883.36997,392.9738984,7324.061944
112.02,1,0,11080,43008043,43008043,2030,8.41377857,3.208039507,0,0,0,1029.409097,5.482430613,117.5994237,291.5689886,493.3809378,82100,4121100,4203200,0.005325803538,0.1142397362,0.28323918,0.4792855815,4099151.021,3650305.536,2953843.757,2145914.465,4181251.021,157,1,67813,669,150030112021,351555,0,671,351427.1333,4243.587729,445.4993334,11080.4338,157,1,67813,174,15003011202,1333313,3484273,1676,Honolulu,Oahu,Lanikai,1242462.301,5883.36997,445.4993334,11080.4338
112.02,1,0,11193,43008044,43008044,2050,12.27316882,7.297706861,2.360619222,0,0,1039.968752,0,90.46970302,252.0128454,441.5110055,830600,4874400,5705000,0,0.08699271285,0.2423273247,0.4245425689,4874400,4450361.321,3693201.271,2805007.601,5280961.321,158,1,67814,669,150030112021,351555,0,671,351427.1333,4243.587729,448.5305727,11194.09693,158,1,67814,174,15003011202,1333313,3484273,1676,Honolulu,Oahu,Lanikai,1242462.301,5883.36997,448.5305727,11194.09693
112.02,1,0,11250,43008045,43008045,2030,6.398795315,1.834460034,0,0,0,1045.295069,0,84.76498937,235.7009286,414.6404888,0,4301000,4301000,0,0.08109192502,0.2254874586,0.396673151,4301000,3952223.308,3331180.413,2594909.427,4301000,159,1,67815,669,150030112021,351555,0,671,351427.1333,4243.587729,450.0383959,11251.42922,159,1,67815,174,15003011202,1333313,3484273,1676,Honolulu,Oahu,Lanikai,1242462.301,5883.36997,450.0383959,11251.42922
112.02,1,0,11250,43008046,43008046,2024,5.409500486,1.023455175,0,0,0,1045.229488,0,56.54008571,203.2593925,378.0291755,234100,4447600,4681700,0,0.05409346592,0.1944638902,0.361670982,4447600,4207015.973,3582701.914,2839032.06,4681700,160,1,67816,669,150030112021,351555,0,671,351427.1333,4243.587729,450.0284583,11250.72361,160,1,67816,174,15003011202,1333313,3484273,1676,Honolulu,Oahu,Lanikai,1242462.301,5883.36997,450.0284583,11250.72361
112.02,1,0,11250,43008047,43008047,2024,2.712964605,0,0,0,0,1055.329726,4.89301544,108.6940757,269.9756222,459.7844373,255800,4447600,4703400,0.00463648026,0.1029953702,0.2558211104,0.4356784673,4426980.926,3989519.438,3309810.52,2509878.527,4682780.926,161,1,67817,669,150030112021,351555,0,671,351427.1333,4243.587729,451.3886949,11359.44171,161,1,67817,174,15003011202,1333313,3484273,1676,Honolulu,Oahu,Lanikai,1242462.301,5883.36997,451.3886949,11359.44171
112.02,1,0,11250,43008048,43008048,2030,7.883717974,2.908052112,0,0,0,1044.043371,0.8430176144,114.4214894,299.2967741,513.112826,664800,4643100,5307900,0.0008074545924,0.1095945749,0.2866708247,0.4914669643,4639353.018,4134239.456,3312057.88,2361169.572,5304153.018,162,1,67818,669,150030112021,351555,0,671,351427.1333,4243.587729,449.6791123,11237.95703,162,1,67818,174,15003011202,1333313,3484273,1676,Honolulu,Oahu,Lanikai,1242462.301,5883.36997,449.6791123,11237.95703
112.02,1,0,11250,43008050,43008050,2024,3.389647827,0,0,0,0,1044.044738,47.35066246,182.9819927,383.3118891,613.8562456,61500,4447600,4509100,0.04535309718,0.1752625975,0.3671412491,0.5879597142,4245887.997,3668100.281,2814703.688,1832589.104,4307387.997,163,1,67820,669,150030112021,351555,0,671,351427.1333,4243.587729,449.6787986,11237.97235,163,1,67820,174,15003011202,1333313,3484273,1676,Honolulu,Oahu,Lanikai,1242462.301,5883.36997,449.6787986,11237.97235
112.02,1,0,11330,43008051,43008051,2050,12.84760298,7.57495523,2.784854765,0,0,976.6686571,0,13.49026305,121.1511414,276.236542,1968900,4905900,6874800,0,0.01381252788,0.1240452844,0.2828354734,4905900,4838134.803,4297347.635,3518339.774,6807034.803,164,1,67821,669,150030112021,351555,0,671,351427.1333,4243.587729,441.9183624,10512.74454,164,1,67821,174,15003011202,1333313,3484273,1676,Honolulu,Oahu,Lanikai,1242462.301,5883.36997,441.9183624,10512.74454
103.03,3,0.29,0,49007004,49007004,2075,13.86308844,10.72284979,9.006413047,5.149851471,0,1404.380164,125.0711738,191.7094089,345.4956723,566.3086066,507500,1149800,1657300,0.08905791825,0.1365082004,0.2460129253,0.4032445211,1047401.112,992843.1016,866934.2526,686148.899,1374434.253,165,1,85728,630,150030103033,22910179,4292073,904,23153452.81,27206.5529,489.8813512,15116.36681,165,1,85728,206,15003010303,41696663,5641596,5036,Honolulu,Oahu,Kahaluu-Waikane,41984441.4,36520.01864,489.8813512,15116.36681
103.03,3,0,9190,49007030,49007030,2050,9.265466516,6.886396658,5.983914625,3.129936283,0,891.6020588,31.25919205,42.74861299,81.38107142,147.6809563,857900,1194900,2052800,0.03505957814,0.04794584374,0.09127510487,0.1656355039,1153006.806,1137609.325,1085835.503,996981.5436,1995509.325,166,1,85754,630,150030103033,22910179,4292073,904,23153452.81,27206.5529,448.8317077,9596.963367,166,1,85754,206,15003010303,41696663,5641596,5036,Honolulu,Oahu,Kahaluu-Waikane,41984441.4,36520.01864,448.8317077,9596.963367
103.03,3,0,0,49009003,49009003,2050,10.98365305,6.751282889,3.487919461,0,0,480.9074825,73.23496554,152.616264,295.8053077,448.2889417,223900,735600,959500,0.1522849367,0.3173505705,0.6150981602,0.9321729398,623579.154,502156.6044,283133.9112,49893.5412,726056.6044,167,1,85771,630,150030103033,22910179,4292073,904,23153452.81,27206.5529,298.8880581,5176.357382,167,1,85771,206,15003010303,41696663,5641596,5036,Honolulu,Oahu,Kahaluu-Waikane,41984441.4,36520.01864,298.8880581,5176.357382
103.03,3,0,8500,49009005,49009005,2024,0.980502996,0.991939255,0.991939255,0.991939255,0.991939255,794.7804691,70.50978762,84.919212,84.91921201,84.91921198,585300,1112300,1697600,0.08871605476,0.1068461233,0.1068461233,0.1068461233,1013621.193,993455.1942,993455.1942,993455.1942,1598921.193,168,1,85773,630,150030103033,22910179,4292073,904,23153452.81,27206.5529,377.7628779,8554.80146,168,1,85773,206,15003010303,41696663,5641596,5036,Honolulu,Oahu,Kahaluu-Waikane,41984441.4,36520.01864,377.7628779,8554.80146
102.05,1,0,5072,51001020,51001020,2075,23.73317458,17.76737716,11.97232665,3.003989087,0,442.3959208,0,0,0,167.2387483,116600,722600,839200,0,0,0,0.3780295895,722600,722600,722600,449435.522,839200,169,1,85802,955,150030102051,30971746,1977581,1693,31060935.66,27015.73727,275.0094889,4761.825849,169,1,85802,296,15003010205,30971746,1977581,1693,Honolulu,Oahu,Kaaawa,31060935.66,27015.73727,275.0094889,4761.825849
102.05,1,0,0,51001021,51001021,2075,22.68268684,16.58067198,10.6080695,1.432954389,0,531.7133712,0,0,0,151.4715869,331200,742200,1073400,0,0,0,0.2848745116,742200,742200,742200,530765.775,1073400,170,1,85803,955,150030102051,30971746,1977581,1693,31060935.66,27015.73727,330.5033283,5723.212233,170,1,85803,296,15003010205,30971746,1977581,1693,Honolulu,Oahu,Kaaawa,31060935.66,27015.73727,330.5033283,5723.212233
102.05,1,0,8762,51002002,51002002,2024,4.680036817,0,0,0,0,809.9442577,0,146.6023421,450.6356916,774.1713597,354800,752700,1107500,0,0.1810030021,0.5563786486,0.955832889,752700,616459.0419,333913.5267,33244.5009,1107500,171,1,85809,955,150030102051,30971746,1977581,1693,31060935.66,27015.73727,406.4774567,8718.012005,171,1,85809,296,15003010205,30971746,1977581,1693,Honolulu,Oahu,Kaaawa,31060935.66,27015.73727,406.4774567,8718.012005
102.05,1,0,7274,51002003,51002003,2030,8.5053786,3.629354807,0,0,0,682.0770048,0,85.78228915,263.9964911,495.5505272,250800,731800,982600,0,0.1257662823,0.3870479275,0.7265316434,731800,639764.4412,448558.2736,200123.8824,982600,172,1,85810,955,150030102051,30971746,1977581,1693,31060935.66,27015.73727,344.4050051,7341.684471,172,1,85810,296,15003010205,30971746,1977581,1693,Honolulu,Oahu,Kaaawa,31060935.66,27015.73727,344.4050051,7341.684471
102.05,1,0,8772,51002004,51002004,2024,4.463172297,0,0,0,0,815.02017,0,87.22922477,261.1109556,486.628996,636800,752800,1389600,0,0.1070270749,0.3203736119,0.5970760159,752800,672230.0744,511622.4528,303321.1872,1389600,173,1,85811,955,150030102051,30971746,1977581,1693,31060935.66,27015.73727,377.6503918,8772.647134,173,1,85811,296,15003010205,30971746,1977581,1693,Honolulu,Oahu,Kaaawa,31060935.66,27015.73727,377.6503918,8772.647134
102.05,1,0,11333,51002005,51002005,2030,8.846955305,3.974596513,0,0,0,1040.018484,5.509749404,125.8760631,330.9937964,586.4508759,430200,788700,1218900,0.005297741811,0.121032525,0.3182576095,0.5638850512,784521.4674,693241.2729,537689.9154,343963.9005,1214721.467,174,1,85812,955,150030102051,30971746,1977581,1693,31060935.66,27015.73727,420.0228152,11194.46547,174,1,85812,296,15003010205,30971746,1977581,1693,Honolulu,Oahu,Kaaawa,31060935.66,27015.73727,420.0228152,11194.46547
102.05,1,0,0,51002017,51002017,2100,32.88585168,27.48623941,22.72489453,15.04973505,5.502077439,586.3103173,0,0,0,0,0,767900,767900,0,0,0,0,767900,767900,767900,767900,767900,175,1,85824,955,150030102051,30971746,1977581,1693,31060935.66,27015.73727,328.7004443,6310.879585,175,1,85824,296,15003010205,30971746,1977581,1693,Honolulu,Oahu,Kaaawa,31060935.66,27015.73727,328.7004443,6310.879585
102.05,1,0,6325,51002061,51002061,2100,24.2625408,18.96829159,14.32105287,6.787353994,0,617.0573586,0,0,0,3.407090897,44700,853000,897700,0,0,0,0.005521514084,853000,853000,853000,848289.734,892989.734,176,1,85867,955,150030102051,30971746,1977581,1693,31060935.66,27015.73727,332.7087247,6641.832153,176,1,85867,296,15003010205,30971746,1977581,1693,Honolulu,Oahu,Kaaawa,31060935.66,27015.73727,332.7087247,6641.832153
102.05,1,0,8500,51003031,51003031,2075,23.41264081,18.13253218,13.46914938,5.912728658,0,760.0695104,0,0,0,69.26171956,77600,940000,1017600,0,0,0,0.09112550709,940000,940000,940000,854341.56,1017600,177,1,85894,955,150030102051,30971746,1977581,1693,31060935.66,27015.73727,363.8282794,8181.168525,177,1,85894,296,15003010205,30971746,1977581,1693,Honolulu,Oahu,Kaaawa,31060935.66,27015.73727,363.8282794,8181.168525
102.05,1,0,5376,51003051,51003051,2100,21.14239955,17.01111213,13.88210834,8.31424532,0.989880972,470.6220677,0,0,0,0,314800,815000,1129800,0,0,0,0,815000,815000,815000,815000,1129800,178,1,85913,955,150030102051,30971746,1977581,1693,31060935.66,27015.73727,279.2617415,5065.638515,178,1,85913,296,15003010205,30971746,1977581,1693,Honolulu,Oahu,Kaaawa,31060935.66,27015.73727,279.2617415,5065.638515
102.05,1,0,0,51005016,51005016,2100,20.71875339,16.96426078,14.34571743,9.417952004,2.556455384,505.2173256,0,0,0,0,86300,825500,911800,0,0,0,0,825500,825500,825500,825500,911800,179,1,85932,955,150030102051,30971746,1977581,1693,31060935.66,27015.73727,290.7265757,5438.011998,179,1,85932,296,15003010205,30971746,1977581,1693,Honolulu,Oahu,Kaaawa,31060935.66,27015.73727,290.7265757,5438.011998
102.05,1,0,14199,51006001,51006001,2075,20.55520953,14.48764203,8.924361549,0.263540891,0,1337.268863,0,0,0,456.3864656,205100,2102300,2307400,0,0,0,0.3412825036,2102300,2102300,2102300,1384820.749,2307400,180,1,85946,955,150030102051,30971746,1977581,1693,31060935.66,27015.73727,503.4297678,14393.9925,180,1,85946,296,15003010205,30971746,1977581,1693,Honolulu,Oahu,Kaaawa,31060935.66,27015.73727,503.4297678,14393.9925
102.05,1,0,5998,51006003,51006003,2100,30.60905469,24.72284209,19.40121568,11.04435918,0.780494721,586.3711387,0,0,0,146.3686446,316400,839900,1156300,0,0,0,0.2496177504,839900,839900,839900,630245.8418,946645.8418,181,1,85948,955,150030102051,30971746,1977581,1693,31060935.66,27015.73727,328.3967859,6311.536757,181,1,85948,296,15003010205,30971746,1977581,1693,Honolulu,Oahu,Kaaawa,31060935.66,27015.73727,328.3967859,6311.536757
102.05,1,0,6040,51006004,51006004,2075,20.45547524,14.61758833,9.35531146,1.07119692,0,579.4613975,0,0,0,133.4766646,245600,841600,1087200,0,0,0,0.2303460855,841600,841600,841600,647740.8064,1087200,182,1,85949,955,150030102051,30971746,1977581,1693,31060935.66,27015.73727,327.6398779,6237.162184,182,1,85949,296,15003010205,30971746,1977581,1693,Honolulu,Oahu,Kaaawa,31060935.66,27015.73727,327.6398779,6237.162184
102.05,1,0,6082,51006005,51006005,2100,32.80059266,27.07138791,21.93624119,13.79686921,3.753512644,575.5528855,0,0,0,124.1744921,25700,843300,869000,0,0,0,0.2157481879,843300,843300,843300,661359.7116,687059.7116,183,1,85950,955,150030102051,30971746,1977581,1693,31060935.66,27015.73727,327.4434799,6195.091989,183,1,85950,296,15003010205,30971746,1977581,1693,Honolulu,Oahu,Kaaawa,31060935.66,27015.73727,327.4434799,6195.091989
102.05,1,0,4715,51006006,51006006,2100,31.26634333,25.65266907,20.68260751,12.77146929,2.978788996,450.8011561,0,0,0,83.56012044,343100,777200,1120300,0,0,0,0.185359153,777200,777200,777200,633138.9852,976238.9852,184,1,85951,955,150030102051,30971746,1977581,1693,31060935.66,27015.73727,302.2477684,4852.298884,184,1,85951,296,15003010205,30971746,1977581,1693,Honolulu,Oahu,Kaaawa,31060935.66,27015.73727,302.2477684,4852.298884
102.05,1,0,0,51006008,51006008,2100,29.68295558,24.18960041,19.18605866,11.11845822,1.697624489,881.1739884,0,0,0,103.6275914,124900,929300,1054200,0,0,0,0.1176017368,929300,929300,929300,820012.4614,944912.4614,185,1,85953,955,150030102051,30971746,1977581,1693,31060935.66,27015.73727,390.2998758,9484.711865,185,1,85953,296,15003010205,30971746,1977581,1693,Honolulu,Oahu,Kaaawa,31060935.66,27015.73727,390.2998758,9484.711865
102.05,1,0,9455,51006009,51006009,2075,24.2146708,17.86913942,11.6305348,2.107157022,0,889.6614253,0,0,0,261.9358034,267100,978200,1245300,0,0,0,0.2944218958,978200,978200,978200,690196.3996,1245300,186,1,85954,955,150030102051,30971746,1977581,1693,31060935.66,27015.73727,393.734505,9576.066801,186,1,85954,296,15003010205,30971746,1977581,1693,Honolulu,Oahu,Kaaawa,31060935.66,27015.73727,393.734505,9576.066801
102.05,1,0,5999,51006010,51006010,2050,19.01253255,12.17613482,5.339422231,0,0,539.5745082,0,0,0,235.5666964,111900,798000,909900,0,0,0,0.4365786242,798000,798000,798000,449609.958,909900,187,1,85955,955,150030102051,30971746,1977581,1693,31060935.66,27015.73727,307.1467429,5807.829814,187,1,85955,296,15003010205,30971746,1977581,1693,Honolulu,Oahu,Kaaawa,31060935.66,27015.73727,307.1467429,5807.829814
102.05,1,0,13500,51006012,51006012,2075,28.99236053,21.71544815,14.01477422,2.688916888,0,1251.328217,0,0,73.79337843,427.6066872,694600,1140000,1834600,0,0,0.05897204061,0.3417222447,1140000,1140000,1072771.92,750436.92,1767371.92,188,1,85957,955,150030102051,30971746,1977581,1693,31060935.66,27015.73727,479.2659506,13468.94947,188,1,85957,296,15003010205,30971746,1977581,1693,Honolulu,Oahu,Kaaawa,31060935.66,27015.73727,479.2659506,13468.94947
102.05,1,0,0,51006014,51006014,2100,36.99058032,30.54275586,24.03846632,14.18468149,2.578496935,1271.293416,0,0,0,290.5650676,14500,1129500,1144000,0,0,0,0.2285586191,1129500,1129500,1129500,871342.6095,885842.6095,189,1,85959,955,150030102051,30971746,1977581,1693,31060935.66,27015.73727,483.397698,13683.8488,189,1,85959,296,15003010205,30971746,1977581,1693,Honolulu,Oahu,Kaaawa,31060935.66,27015.73727,483.397698,13683.8488
102.05,1,0,0,51010015,51010015,2075,21.61615795,15.46338284,9.63539166,0.640034527,0,1418.628356,0,0,8.349459547,289.5165151,342800,1212000,1554800,0,0,0.005885586251,0.2040820021,1212000,1212000,1204866.168,964652.616,1547666.168,190,1,86029,955,150030102051,30971746,1977581,1693,31060935.66,27015.73727,520.4611249,15269.71533,190,1,86029,296,15003010205,30971746,1977581,1693,Honolulu,Oahu,Kaaawa,31060935.66,27015.73727,520.4611249,15269.71533
102.05,1,0,13500,51010016,51010016,2075,20.70147258,14.9518184,9.763182607,1.557482261,0,1267.178971,0,0,0,225.1623796,393100,1140000,1533100,0,0,0,0.1776879074,1140000,1140000,1140000,937435.68,1533100,191,1,86030,955,150030102051,30971746,1977581,1693,31060935.66,27015.73727,481.5881734,13639.55796,191,1,86030,296,15003010205,30971746,1977581,1693,Honolulu,Oahu,Kaaawa,31060935.66,27015.73727,481.5881734,13639.55796
102.05,1,0,7224,51010019,51010019,2075,18.59658676,13.05473536,8.177129497,0.369358773,0,671.0518357,0,0,0,176.935153,432800,889000,1321800,0,0,0,0.2636683839,889000,889000,889000,654599.148,1321800,192,1,86033,955,150030102051,30971746,1977581,1693,31060935.66,27015.73727,336.64327,7223.012315,192,1,86033,296,15003010205,30971746,1977581,1693,Honolulu,Oahu,Kaaawa,31060935.66,27015.73727,336.64327,7223.012315
102.05,1,0,15300,51010021,51010021,2100,26.78380316,21.33202938,16.56148324,8.88435778,0,1407.541548,0,0,0,175.2167062,81300,1212000,1293300,0,0,0,0.1244842161,1212000,1212000,1212000,1061125.392,1142425.392,193,1,86035,955,150030102051,30971746,1977581,1693,31060935.66,27015.73727,516.1139158,15150.37837,193,1,86035,296,15003010205,30971746,1977581,1693,Honolulu,Oahu,Kaaawa,31060935.66,27015.73727,516.1139158,15150.37837
102.05,1,0,15300,51010022,51010022,2075,22.64268799,17.50601828,13.10269844,5.802618829,0,1395.999158,0,0,0,129.3432695,103000,1212000,1315000,0,0,0,0.09265282769,1212000,1212000,1212000,1099704.564,1315000,194,1,86036,955,150030102051,30971746,1977581,1693,31060935.66,27015.73727,514.7451609,15026.1395,194,1,86036,296,15003010205,30971746,1977581,1693,Honolulu,Oahu,Kaaawa,31060935.66,27015.73727,514.7451609,15026.1395
102.05,1,0,15300,51010023,51010023,2075,22.18290136,17.17392302,12.97535349,6.008904193,0,1368.682825,0,0,0,106.7768777,206000,815400,1021400,0,0,0,0.078014333,815400,815400,815400,751787.3844,1021400,195,1,86037,955,150030102051,30971746,1977581,1693,31060935.66,27015.73727,511.6243491,14732.11436,195,1,86037,296,15003010205,30971746,1977581,1693,Honolulu,Oahu,Kaaawa,31060935.66,27015.73727,511.6243491,14732.11436
102.05,1,0,8175,51010045,51010045,2100,28.68666429,23.12923954,18.22786973,10.38932071,0.645015432,759.1691469,0,0,0,170.3614233,102700,927000,1029700,0,0,0,0.2244050933,927000,927000,927000,718976.565,821676.565,196,1,86059,955,150030102051,30971746,1977581,1693,31060935.66,27015.73727,367.9268884,8171.481225,196,1,86059,296,15003010205,30971746,1977581,1693,Honolulu,Oahu,Kaaawa,31060935.66,27015.73727,367.9268884,8171.481225
102.05,1,0,12193,51011033,51011033,2100,27.68919816,21.68937842,16.09024742,7.342803388,0,1131.654805,0,0,19.99454519,312.4784111,120500,1087700,1208200,0,0,0.01766841364,0.2761252015,1087700,1087700,1068482.516,787358.8375,907858.8375,197,1,86090,955,150030102051,30971746,1977581,1693,31060935.66,27015.73727,461.8091875,12180.80718,197,1,86090,296,15003010205,30971746,1977581,1693,Honolulu,Oahu,Kaaawa,31060935.66,27015.73727,461.8091875,12180.80718
102.05,1,0,5987,51011035,51011035,2075,19.27999458,13.85811203,9.058879223,1.184224042,0,551.6177437,0,0,0,159.4432567,120800,823400,944200,0,0,0,0.2890466424,823400,823400,823400,585398.7002,944200,198,1,86092,955,150030102051,30971746,1977581,1693,31060935.66,27015.73727,303.4846084,5937.455984,198,1,86092,296,15003010205,30971746,1977581,1693,Honolulu,Oahu,Kaaawa,31060935.66,27015.73727,303.4846084,5937.455984
102.05,1,0,6768,51011059,51011059,2100,28.399328,22.57957013,17.26309168,8.871654297,0,626.8226366,0,0,0,201.2158556,223000,870700,1093700,0,0,0,0.3210092359,870700,870700,870700,591197.4637,814197.4637,199,1,86114,955,150030102051,30971746,1977581,1693,31060935.66,27015.73727,325.0814147,6746.940045,199,1,86114,296,15003010205,30971746,1977581,1693,Honolulu,Oahu,Kaaawa,31060935.66,27015.73727,325.0814147,6746.940045
102.05,1,0,8185,51012002,51012002,2024,3.085344846,0,0,0,0,855.3588427,114.6384158,345.0982892,670.8640071,851.9113538,216500,744600,961100,0.1340237688,0.4034544006,0.7843070926,0.9959695408,644805.7296,444188.1516,160605.0078,3000.738,861305.7296,200,1,86121,955,150030102051,30971746,1977581,1693,31060935.66,27015.73727,416.8438058,9206.839474,200,1,86121,296,15003010205,30971746,1977581,1693,Honolulu,Oahu,Kaaawa,31060935.66,27015.73727,416.8438058,9206.839474
102.05,1,0,9414,51012003,51012003,2030,7.984003967,1.984444238,0,0,0,865.2171748,63.92221355,215.3084059,450.934657,737.739859,193800,761800,955600,0.07387996379,0.2488489736,0.5211808898,0.852664372,705518.216,572226.8318,364764.3142,112240.5648,899318.216,201,1,86122,955,150030102051,30971746,1977581,1693,31060935.66,27015.73727,391.4166143,9312.953171,201,1,86122,296,15003010205,30971746,1977581,1693,Honolulu,Oahu,Kaaawa,31060935.66,27015.73727,391.4166143,9312.953171
102.05,1,0,11866,51012004,51012004,2030,7.821737512,1.780195296,0,0,0,1180.351678,85.25272418,242.6482635,487.3010505,784.7256346,324000,796100,1120100,0.07222654549,0.2055728543,0.4128439511,0.6648235853,738600.0853,632443.3347,467434.8916,266833.6136,1062600.085,202,1,86123,955,150030102051,30971746,1977581,1693,31060935.66,27015.73727,462.922453,12704.97173,202,1,86123,296,15003010205,30971746,1977581,1693,Honolulu,Oahu,Kaaawa,31060935.66,27015.73727,462.922453,12704.97173
102.05,1,0,13324,51012005,51012005,2030,12.13532228,5.881211698,0,0,0,1413.208966,154.4276425,320.1796524,575.191218,882.1193877,233700,816500,1050200,0.1092744571,0.2265621434,0.4070107336,0.6241960028,727277.779,631512.127,484175.5185,306843.966,960977.779,203,1,86124,955,150030102051,30971746,1977581,1693,31060935.66,27015.73727,516.3319899,15211.38109,203,1,86124,296,15003010205,30971746,1977581,1693,Honolulu,Oahu,Kaaawa,31060935.66,27015.73727,516.3319899,15211.38109
102.05,1,0,14834,51012006,51012006,2050,13.0315924,6.634188826,0.539319138,0,0,1576.703343,173.2225254,341.077343,598.2569508,907.5329462,357300,837700,1195000,0.1098637395,0.2163230924,0.3794353284,0.5755889021,745666.9272,656486.2229,519847.3005,355529.0947,1013786.223,204,1,86125,955,150030102051,30971746,1977581,1693,31060935.66,27015.73727,557.5891205,16971.18773,204,1,86125,296,15003010205,30971746,1977581,1693,Honolulu,Oahu,Kaaawa,31060935.66,27015.73727,557.5891205,16971.18773
102.05,1,0,16722,51012007,51012007,2075,21.99829827,15.61699305,9.604288544,0.385615388,0,1689.212549,151.0814362,312.280843,559.9301774,858.6386739,766500,864100,1630600,0.08943897334,0.1848677024,0.331474081,0.5083070655,786815.7601,704355.5612,577673.3166,424871.9213,1344173.317,205,1,86126,955,150030102051,30971746,1977581,1693,31060935.66,27015.73727,586.4611592,18182.20299,205,1,86126,296,15003010205,30971746,1977581,1693,Honolulu,Oahu,Kaaawa,31060935.66,27015.73727,586.4611592,18182.20299
102.05,1,0,18855,51012008,51012008,2030,11.71197876,5.558175495,0,0,0,1756.846176,17.93048126,154.8839742,387.5323824,671.7105397,388700,983400,1372100,0.01020606215,0.08816023641,0.2205841284,0.3823388461,973363.4196,896703.456,766477.6944,607407.8274,1362063.42,206,1,86127,955,150030102051,30971746,1977581,1693,31060935.66,27015.73727,601.9923902,18910.19348,206,1,86127,296,15003010205,30971746,1977581,1693,Honolulu,Oahu,Kaaawa,31060935.66,27015.73727,601.9923902,18910.19348
102.05,1,0,8283,51012013,51012013,2100,23.72183219,18.81816733,14.76524979,7.964764569,0,767.9380197,0,0,0,0,63700,931300,995000,0,0,0,0,931300,931300,931300,931300,995000,207,1,86130,955,150030102051,30971746,1977581,1693,31060935.66,27015.73727,418.9394504,8265.864132,207,1,86130,296,15003010205,30971746,1977581,1693,Honolulu,Oahu,Kaaawa,31060935.66,27015.73727,418.9394504,8265.864132
102.05,1,0,9339,51012016,51012016,2030,7.679289462,2.499342384,0,0,0,861.2527231,19.93383327,84.17115253,211.6974582,409.9527676,391800,662500,1054300,0.02314516138,0.09773107274,0.2458017867,0.4759959029,647166.4375,597753.2125,499656.175,347152.65,1038966.438,208,1,86132,955,150030102051,30971746,1977581,1693,31060935.66,27015.73727,665.120817,9270.275867,208,1,86132,296,15003010205,30971746,1977581,1693,Honolulu,Oahu,Kaaawa,31060935.66,27015.73727,665.120817,9270.275867
102.05,1,0,14307,51012017,51012017,2075,15.86301183,10.62420168,6.329451622,1.895202224,0,1330.039848,0,0,0,3.471736241,1053700,764500,1818200,0,0,0,0.002610249794,764500,764500,764500,762504.655,1818200,209,1,86133,955,150030102051,30971746,1977581,1693,31060935.66,27015.73727,735.7986227,14316.16742,209,1,86133,296,15003010205,30971746,1977581,1693,Honolulu,Oahu,Kaaawa,31060935.66,27015.73727,735.7986227,14316.16742
102.05,1,1.418,0,51013001,51013001,2100,28.0450552,22.15291382,16.82499653,8.458649349,0,5832.287589,0,0,0,391.952367,474200,1747100,2221300,0,0,0,0.06720388201,1747100,1747100,1747100,1629687.892,2103887.892,210,1,86134,955,150030102051,30971746,1977581,1693,31060935.66,27015.73727,1178.555997,62777.05132,210,1,86134,296,15003010205,30971746,1977581,1693,Honolulu,Oahu,Kaaawa,31060935.66,27015.73727,1178.555997,62777.05132
102.03,1,0,29715,53001004,53001004,2050,20.086191,11.89100424,3.406077118,0,0,2767.753142,201.3335564,457.8325321,840.2679745,1290.507627,596900,1016100,1613000,0.07274259879,0.1654166786,0.3035920949,0.4662654365,942185.8377,848019.7863,707620.1688,542328.1335,1444919.786,211,1,86228,351,150030102031,21505355,3849233,1381,21495018.94,23713.03781,797.4875889,29791.24843,211,1,86228,331,15003010203,21505355,3849233,1381,Honolulu,Oahu,Punaluu,21495018.94,23713.03781,797.4875889,29791.24843
102.03,1,0,30855,53001005,53001005,2075,29.78985442,21.79039814,13.58158416,1.348450277,0,2911.701181,201.8399471,452.5208715,829.70256,1277.394754,269800,1031600,1301400,0.06932028204,0.155414599,0.2849545707,0.4387107999,960089.488,871273.886,737640.422,579025.7324,1007440.422,212,1,86229,351,150030102031,21505355,3849233,1381,21495018.94,23713.03781,825.1754349,31340.65393,212,1,86229,331,15003010203,21505355,3849233,1381,Honolulu,Oahu,Punaluu,21495018.94,23713.03781,825.1754349,31340.65393
102.03,1,0,32550,53001006,53001006,2030,8.276281315,0.912481469,0,0,0,3090.727069,206.7224194,438.7320841,793.09593,1219.708351,1267400,988800,2256200,0.06688472155,0.1419510925,0.256604971,0.3946347652,922664.112,848438.8512,735068.976,598584.912,2190064.112,213,1,86230,351,150030102031,21505355,3849233,1381,21495018.94,23713.03781,859.9627575,33267.63445,213,1,86230,331,15003010203,21505355,3849233,1381,Honolulu,Oahu,Punaluu,21495018.94,23713.03781,859.9627575,33267.63445
102.03,1,0,33350,53001007,53001007,2100,34.42316565,27.3201624,20.3973042,9.704421403,0,3121.811265,210.2653385,413.6274675,730.0941413,1117.737848,306200,1065600,1371800,0.06735363566,0.1324959879,0.2338687638,0.358041455,993827.5776,924412.2624,816389.1936,684071.5104,990271.5104,214,1,86231,351,150030102031,21505355,3849233,1381,21495018.94,23713.03781,872.0476883,33602.22451,214,1,86231,331,15003010203,21505355,3849233,1381,Honolulu,Oahu,Punaluu,21495018.94,23713.03781,872.0476883,33602.22451
102.03,1,0,37406,53001009,53001009,2050,17.3908629,11.30903186,5.652012823,0,0,3543.91415,204.8420435,395.9463973,702.44138,1083.161619,606600,1050700,1657300,0.05780107386,0.1117257305,0.1982106085,0.305639915,989968.4893,933309.4918,842439.7023,729564.052,1539909.492,215,1,86233,351,150030102031,21505355,3849233,1381,21495018.94,23713.03781,906.5388207,38145.61062,215,1,86233,331,15003010203,21505355,3849233,1381,Honolulu,Oahu,Punaluu,21495018.94,23713.03781,906.5388207,38145.61062
102.03,1,0,35568,53001011,53001011,2075,18.5608102,12.68908039,7.106230259,0,0,3405.361717,35.33549783,233.9689303,571.7258593,977.2492321,360000,1095700,1455700,0.0103764301,0.06870604352,0.1678899062,0.2869736942,1084331.017,1020418.836,911742.927,781262.5882,1271742.927,216,1,86235,351,150030102031,21505355,3849233,1381,21495018.94,23713.03781,927.6632551,36654.27345,216,1,86235,331,15003010203,21505355,3849233,1381,Honolulu,Oahu,Punaluu,21495018.94,23713.03781,927.6632551,36654.27345
102.03,1,0,0,53001013,53001013,2050,14.23861827,9.373637483,4.926010368,0,0,3357.086144,0,57.16332846,300.7919621,618.5506751,679500,1056400,1735900,0,0.01702766209,0.08959911935,0.1842522499,1056400,1038411.621,961747.6164,861756.1872,1717911.621,217,1,86237,351,150030102031,21505355,3849233,1381,21495018.94,23713.03781,921.2794753,36134.65744,217,1,86237,331,15003010203,21505355,3849233,1381,Honolulu,Oahu,Punaluu,21495018.94,23713.03781,921.2794753,36134.65744
102.03,1,0,35680,53001015,53001015,2050,16.78821518,10.99033978,5.570000827,0,0,3309.583033,175.6825241,339.4959669,607.7208449,943.7124383,302500,1105800,1408300,0.05308297823,0.1025796795,0.1836245952,0.2851454183,1047100.819,992367.036,902747.475,790486.659,1294867.036,218,1,86239,351,150030102031,21505355,3849233,1381,21495018.94,23713.03781,911.5474454,35623.34881,218,1,86239,331,15003010203,21505355,3849233,1381,Honolulu,Oahu,Punaluu,21495018.94,23713.03781,911.5474454,35623.34881
102.03,1,0,0,53001016,53001016,2075,23.7275287,17.8537087,12.12618844,2.820157705,0,3256.429823,199.943339,398.0076744,708.3510651,1084.971257,558500,1084200,1642700,0.06139955407,0.1222220948,0.2175238232,0.3331781479,1017630.12,951686.9076,848360.4792,722968.4124,1406860.479,219,1,86240,351,150030102031,21505355,3849233,1381,21495018.94,23713.03781,897.92879,35051.22866,219,1,86240,331,15003010203,21505355,3849233,1381,Honolulu,Oahu,Punaluu,21495018.94,23713.03781,897.92879,35051.22866
102.03,1,0,33760,53001017,53001017,2075,23.54751231,16.68634456,9.84504992,0,0,3166.217301,209.3436319,418.8482126,743.3386782,1134.678026,630400,1071100,1701500,0.06611789778,0.1322866287,0.2347718452,0.3583702312,1000281.01,929407.3943,819635.7108,687249.893,1450035.711,220,1,86241,351,150030102031,21505355,3849233,1381,21495018.94,23713.03781,877.0682246,34080.20573,220,1,86241,331,15003010203,21505355,3849233,1381,Honolulu,Oahu,Punaluu,21495018.94,23713.03781,877.0682246,34080.20573
102.03,1,0,32800,53001018,53001018,2075,32.39327754,25.06103898,17.33526193,5.654817645,0,3010.13913,218.2981196,441.5711483,782.3348982,1189.127077,826300,1058100,1884400,0.07252094011,0.1466945976,0.2598999131,0.3950405698,981365.5299,902882.0205,783099.81,640107.1179,1609399.81,221,1,86242,351,150030102031,21505355,3849233,1381,21495018.94,23713.03781,854.7287807,32400.22854,221,1,86242,331,15003010203,21505355,3849233,1381,Honolulu,Oahu,Punaluu,21495018.94,23713.03781,854.7287807,32400.22854
102.03,1,0,32320,53001019,53001019,2075,29.70877334,22.08994034,14.15833604,2.034418819,0,2954.78633,218.0961635,460.7305576,824.7751332,1253.121159,635800,1051600,1687400,0.07381114544,0.1559268611,0.2791319037,0.42409874,973980.3524,887627.1668,758064.7888,605617.4916,1393864.789,222,1,86243,351,150030102031,21505355,3849233,1381,21495018.94,23713.03781,845.8855318,31804.42213,222,1,86243,331,15003010203,21505355,3849233,1381,Honolulu,Oahu,Punaluu,21495018.94,23713.03781,845.8855318,31804.42213
102.03,1,0,32818,53001020,53001020,2050,20.26982542,12.52680739,4.428408641,0,0,3067.805271,179.3349887,431.8458168,809.7803429,1254.029938,634000,1058300,1692300,0.05845709649,0.1407670236,0.2639608031,0.4087710359,996434.9569,909326.2839,778950.0737,625697.6507,1543326.284,223,1,86244,351,150030102031,21505355,3849233,1381,21495018.94,23713.03781,860.2966166,33020.9196,223,1,86244,331,15003010203,21505355,3849233,1381,Honolulu,Oahu,Punaluu,21495018.94,23713.03781,860.2966166,33020.9196
102.03,1,0,33813,53001021,53001021,2075,26.18918511,17.71181726,8.608163448,0,0,3127.243633,250.1182401,523.8581725,928.4835891,1398.828524,630200,1071900,1702100,0.07998041389,0.1675143462,0.2969015843,0.44730398,986169.438,892341.7434,753650.7462,592434.8424,1383850.746,224,1,86245,351,150030102031,21505355,3849233,1381,21495018.94,23713.03781,875.0045262,33660.69637,224,1,86245,331,15003010203,21505355,3849233,1381,Honolulu,Oahu,Punaluu,21495018.94,23713.03781,875.0045262,33660.69637
102.03,1,0,34310,53001022,53001022,2030,11.21255482,2.330234175,0,0,0,3208.639537,274.5506392,574.7880547,1011.565489,1512.195106,355000,1078600,1433600,0.08556605877,0.1791376214,0.3152630508,0.4712885597,986308.5124,885381.7532,738557.3282,570267.6846,1341308.512,225,1,86246,351,150030102031,21505355,3849233,1381,21495018.94,23713.03781,888.3154832,34536.81946,225,1,86246,331,15003010203,21505355,3849233,1381,Honolulu,Oahu,Punaluu,21495018.94,23713.03781,888.3154832,34536.81946
102.03,1,0.827,0,53001023,53001023,2050,21.56715548,12.67709419,2.848056588,0,0,3396.135458,278.7468619,586.6306022,1032.988606,1541.718587,683400,1033100,1716500,0.08207766308,0.1727347479,0.3041659024,0.4539626309,948305.2182,854647.4715,718866.1054,564110.8247,1538047.472,226,1,86247,351,150030102031,21505355,3849233,1381,21495018.94,23713.03781,901.8783813,36554.97185,226,1,86247,331,15003010203,21505355,3849233,1381,Honolulu,Oahu,Punaluu,21495018.94,23713.03781,901.8783813,36554.97185
102.03,1,0,36026,53001024,53001024,2050,20.13978876,12.49775921,4.093396949,0,0,3329.881285,216.9682172,447.8505305,794.0633792,1197.728206,621700,1033100,1654800,0.06515794366,0.1344944435,0.2384659726,0.3596909629,965785.2702,894154.2486,786740.7754,661503.2279,1515854.249,227,1,86248,351,150030102031,21505355,3849233,1381,21495018.94,23713.03781,897.616564,35841.83069,227,1,86248,331,15003010203,21505355,3849233,1381,Honolulu,Oahu,Punaluu,21495018.94,23713.03781,897.616564,35841.83069
102.03,1,0,0,53001025,53001025,2050,13.24346679,7.202491498,1.029590829,0,0,3177.545993,168.1261058,336.1516501,603.5962805,929.4867661,443300,1078600,1521900,0.05291067579,0.105789704,0.1899567408,0.2925171715,1021530.195,964494.906,873712.3798,763091.1638,1407794.906,228,1,86249,351,150030102031,21505355,3849233,1381,21495018.94,23713.03781,887.1574628,34202.14093,228,1,86249,331,15003010203,21505355,3849233,1381,Honolulu,Oahu,Punaluu,21495018.94,23713.03781,887.1574628,34202.14093
102.03,1,0.79,0,53001026,53001026,2030,8.10180537,2.646959994,0,0,0,3132.853011,166.4345644,330.516224,594.9393765,919.8552277,524900,1075100,1600000,0.05312555802,0.1055000738,0.1899033802,0.293615827,1017984.237,961676.95,870935.2847,759433.4384,1542884.237,229,1,86250,351,150030102031,21505355,3849233,1381,21495018.94,23713.03781,879.5555758,33721.0818,229,1,86250,331,15003010203,21505355,3849233,1381,Honolulu,Oahu,Punaluu,21495018.94,23713.03781,879.5555758,33721.0818
102.03,1,0,23689,53001029,53001029,2050,17.39632009,11.37087296,5.182392641,0,0,2254.335844,187.582744,380.4896092,681.8975557,1044.903373,687500,817400,1504900,0.08320975976,0.1687812445,0.3024826836,0.4635082993,749384.146,679438.4106,570150.3958,438528.5608,1366938.411,230,1,86253,351,150030102031,21505355,3849233,1381,21495018.94,23713.03781,688.5986053,24264.99866,230,1,86253,331,15003010203,21505355,3849233,1381,Honolulu,Oahu,Punaluu,21495018.94,23713.03781,688.5986053,24264.99866
102.03,1,0,19111,53001030,53001030,2030,8.558752792,2.579770333,0,0,0,1765.611238,184.8973755,375.7055376,672.9850825,1029.637118,395400,871900,1267300,0.1047214537,0.2127906356,0.3811626637,0.583161851,780593.7601,686367.5271,539563.9803,363441.0522,1175993.76,231,1,86254,351,150030102031,21505355,3849233,1381,21495018.94,23713.03781,591.1792787,19004.51001,231,1,86254,331,15003010203,21505355,3849233,1381,Honolulu,Oahu,Punaluu,21495018.94,23713.03781,591.1792787,19004.51001
102.03,1,0,15459,53001031,53001031,2050,18.02240011,11.88099767,5.505055599,0,0,1426.995837,185.2562083,378.9390141,680.7716273,1044.448864,690800,873600,1564400,0.1298225289,0.2655501888,0.4770663021,0.7319214513,760186.6272,641615.52,456835.1424,234193.8144,1332415.52,232,1,86255,351,150030102031,21505355,3849233,1381,21495018.94,23713.03781,509.8803292,15359.75316,232,1,86255,331,15003010203,21505355,3849233,1381,Honolulu,Oahu,Punaluu,21495018.94,23713.03781,509.8803292,15359.75316
102.03,1,0,0,53001032,53001032,2030,7.970351198,1.29216861,0,0,0,1171.9541,207.8868846,427.3272111,760.79832,1109.872826,407600,921300,1328900,0.1773848349,0.3646279415,0.6491707482,0.9470275546,757875.1995,585368.2236,323218.7577,48803.1036,1165475.2,233,1,86256,351,150030102031,21505355,3849233,1381,21495018.94,23713.03781,455.6940624,12614.55954,233,1,86256,331,15003010203,21505355,3849233,1381,Honolulu,Oahu,Punaluu,21495018.94,23713.03781,455.6940624,12614.55954
102.03,1,0.246,0,53001033,53001033,2024,3.307570095,0,0,0,0,985.2867018,209.7732675,432.6571867,769.338285,931.3946995,872100,947300,1819400,0.2129058142,0.4391180617,0.7808268228,0.9453032277,745614.1462,531323.5186,207622.5829,51814.4681,1617714.146,234,1,86257,351,150030102031,21505355,3849233,1381,21495018.94,23713.03781,412.9886294,10605.32774,234,1,86257,331,15003010203,21505355,3849233,1381,Honolulu,Oahu,Punaluu,21495018.94,23713.03781,412.9886294,10605.32774
102.03,1,0,9281,53001034,53001034,2050,15.94186671,9.056752407,1.775215009,0,0,864.9096898,187.4696633,407.2836529,742.7658859,855.7336662,268400,922800,1191200,0.2167505643,0.4708973175,0.8587785461,0.9893907726,722782.1772,488256.2484,130318.7388,9789.9852,756656.2484,235,1,86258,351,150030102031,21505355,3849233,1381,21495018.94,23713.03781,386.8373862,9309.625898,235,1,86258,331,15003010203,21505355,3849233,1381,Honolulu,Oahu,Punaluu,21495018.94,23713.03781,386.8373862,9309.625898
102.03,1,0,8089,53001035,53001035,2030,6.934302227,0.198647069,0,0,0,746.7693775,147.6640452,365.1332683,696.0284517,746.7693776,583500,902500,1486000,0.1977371457,0.4889505104,0.9320527497,1,724042.3575,461221.7225,61322.1675,0,1307542.358,236,1,86259,351,150030102031,21505355,3849233,1381,21495018.94,23713.03781,361.9146269,8037.999196,236,1,86259,331,15003010203,21505355,3849233,1381,Honolulu,Oahu,Punaluu,21495018.94,23713.03781,361.9146269,8037.999196
102.03,1,0,0,53001036,53001036,2030,11.17756971,4.526521859,0,0,0,1717.018204,169.9430974,748.4137893,1499.174691,1499.324018,169500,883400,1052900,0.09897571091,0.4358799386,0.8731268473,0.8732138158,795964.6016,498343.608,112079.6082,112002.7524,965464.6016,237,1,86260,351,150030102031,21505355,3849233,1381,21495018.94,23713.03781,1206.079374,18481.45586,237,1,86260,331,15003010203,21505355,3849233,1381,Honolulu,Oahu,Punaluu,21495018.94,23713.03781,1206.079374,18481.45586
102.03,1,0,5400,53002011,53002011,2100,50.45445022,41.86396923,32.04382502,17.7382742,1.475878342,468.2537552,0,0,0,0,486000,642600,1128600,0,0,0,0,642600,642600,642600,642600,1128600,238,1,86274,351,150030102031,21505355,3849233,1381,21495018.94,23713.03781,298.2207132,5040.140054,238,1,86274,331,15003010203,21505355,3849233,1381,Honolulu,Oahu,Punaluu,21495018.94,23713.03781,298.2207132,5040.140054
102.03,1,0,5400,53002012,53002012,2100,54.7808719,45.93973131,35.67573,20.62731876,3.390451461,521.4312798,0,0,0,0,410300,642600,1052900,0,0,0,0,642600,642600,642600,642600,1052900,239,1,86275,351,150030102031,21505355,3849233,1381,21495018.94,23713.03781,309.8918865,5612.526696,239,1,86275,331,15003010203,21505355,3849233,1381,Honolulu,Oahu,Punaluu,21495018.94,23713.03781,309.8918865,5612.526696
102.03,1,0,0,53002033,53002033,2075,21.79996267,15.36861957,8.361935031,0,0,707.4919923,25.75292044,203.5110447,496.0439907,707.4919922,13000,843500,856500,0.03640029953,0.2876513754,0.701130184,0.9999999999,812796.6,600866.3815,252096.845,0,265096.845,240,1,86290,351,150030102031,21505355,3849233,1381,21495018.94,23713.03781,350.3241492,7615.225253,240,1,86290,331,15003010203,21505355,3849233,1381,Honolulu,Oahu,Punaluu,21495018.94,23713.03781,350.3241492,7615.225253
102.03,1,0,13966,53002034,53002034,2030,12.3737028,4.450776597,0,0,0,1372.730205,199.0702752,418.9900508,747.5788027,893.4001966,902100,911900,1814000,0.1450177715,0.3052238883,0.5445926664,0.650819945,779658.0858,633566.2344,415285.6433,318417.242,1681758.086,241,1,86291,351,150030102031,21505355,3849233,1381,21495018.94,23713.03781,521.1250071,14775.6397,241,1,86291,331,15003010203,21505355,3849233,1381,Honolulu,Oahu,Punaluu,21495018.94,23713.03781,521.1250071,14775.6397
102.03,1,0,0,53002035,53002035,2030,7.912029598,0,0,0,0,1246.18556,175.200157,365.6620122,629.721829,702.3195001,259800,938900,1198700,0.1405891406,0.2934250114,0.5053194718,0.5635753796,806900.9879,663403.2675,464455.9909,409759.4325,1066700.988,242,1,86292,351,150030102031,21505355,3849233,1381,21495018.94,23713.03781,537.0425395,13413.55549,242,1,86292,331,15003010203,21505355,3849233,1381,Honolulu,Oahu,Punaluu,21495018.94,23713.03781,537.0425395,13413.55549
102.03,1,0,20791,53002037,53002037,2050,18.97927487,8.828653,0,0,0,1892.256394,255.5297575,575.4261075,1065.407034,1418.127797,752000,875800,1627800,0.1350397115,0.3040952111,0.5630352405,0.7494374452,757531.968,609473.599,382693.947,219443.0754,1361473.599,243,1,86294,351,150030102031,21505355,3849233,1381,21495018.94,23713.03781,623.2007056,20367.68258,243,1,86294,331,15003010203,21505355,3849233,1381,Honolulu,Oahu,Punaluu,21495018.94,23713.03781,623.2007056,20367.68258
102.03,1,0,17650,53002041,53002041,2024,5.519333596,0,0,0,0,1644.961328,272.2494464,549.4280522,998.1805827,1309.618035,349800,985400,1335200,0.1655050741,0.3340066681,0.6068109724,0.7961391023,822311.373,656269.5022,387448.4406,200884.6294,1172111.373,244,1,86297,351,150030102031,21505355,3849233,1381,21495018.94,23713.03781,544.8468268,17705.8503,244,1,86297,331,15003010203,21505355,3849233,1381,Honolulu,Oahu,Punaluu,21495018.94,23713.03781,544.8468268,17705.8503
102.03,1,0,5000,53002043,53002043,2100,60.18369752,50.05759126,38.44551036,21.97967235,3.468345358,467.7856053,0,0,0,0,113000,630000,743000,0,0,0,0,630000,630000,630000,630000,743000,245,1,86298,351,150030102031,21505355,3849233,1381,21495018.94,23713.03781,299.4853666,5035.10118,245,1,86298,331,15003010203,21505355,3849233,1381,Honolulu,Oahu,Punaluu,21495018.94,23713.03781,299.4853666,5035.10118
102.03,1,0,25550,53002046,53002046,2050,23.24520268,13.15060623,1.579182622,0,0,2420.577917,329.435886,706.4511409,1240.948663,1506.09226,555700,999300,1555000,0.13609803,0.2918522622,0.5126662747,0.6222035858,863297.2686,707652.2964,486992.8662,377531.5428,1263352.296,246,1,86299,351,150030102031,21505355,3849233,1381,21495018.94,23713.03781,690.5386315,26054.35587,246,1,86299,331,15003010203,21505355,3849233,1381,Honolulu,Oahu,Punaluu,21495018.94,23713.03781,690.5386315,26054.35587
102.03,1,0,10406,53002049,53002049,2075,21.40995504,14.37602955,7.260682368,0.725768124,0,729.7905989,0,0,13.73828443,85.02537749,514600,612200,1126800,0,0,0.01882496766,0.1165065399,612200,612200,600675.335,540874.4146,1115275.335,247,1,86301,351,150030102031,21505355,3849233,1381,21495018.94,23713.03781,390.6160388,7855.246971,247,1,86301,331,15003010203,21505355,3849233,1381,Honolulu,Oahu,Punaluu,21495018.94,23713.03781,390.6160388,7855.246971
102.03,1,0,14015,53002051,53002051,2030,14.85906907,5.885055428,0,0,0,1304.683201,182.8582517,386.1565053,668.3555894,764.1832974,219500,892900,1112400,0.1401552895,0.2959772188,0.5122742355,0.5857232597,767755.6005,628622.1367,435490.5454,369907.9333,987255.6005,248,1,86302,351,150030102031,21505355,3849233,1381,21495018.94,23713.03781,568.9094889,14043.20595,248,1,86302,331,15003010203,21505355,3849233,1381,Honolulu,Oahu,Punaluu,21495018.94,23713.03781,568.9094889,14043.20595
102.03,1,0,4935,53006018,53006018,2024,4.35660341,0.04452978,0,0,0,574.1666923,90.5824289,176.3586246,323.543477,505.5039931,199000,802300,1001300,0.1577632944,0.3071557911,0.5635009509,0.8804133014,675726.7451,555868.7412,350203.1477,95944.6501,874726.7451,249,1,86419,351,150030102031,21505355,3849233,1381,21495018.94,23713.03781,317.2797971,6180.151025,249,1,86419,331,15003010203,21505355,3849233,1381,Honolulu,Oahu,Punaluu,21495018.94,23713.03781,317.2797971,6180.151025
102.03,1,0,4877,53006019,53006019,2030,6.798062538,2.192534218,0,0,0,432.6601344,48.07096044,109.5103923,213.1584424,344.6956608,394400,839500,1233900,0.1111055922,0.2531095047,0.4926694777,0.7966892104,746226.513,627014.155,425904.3745,170679.5845,1140626.513,250,1,86420,351,150030102031,21505355,3849233,1381,21495018.94,23713.03781,283.3985225,4657.018687,250,1,86420,331,15003010203,21505355,3849233,1381,Honolulu,Oahu,Punaluu,21495018.94,23713.03781,283.3985225,4657.018687
102.03,1,0,0,53006020,53006020,2024,0,0,0,0,0,519.7780148,53.70293326,124.4660787,241.0878499,387.0044136,271600,863400,1135000,0.103318978,0.239460068,0.4638284865,0.7445571043,774194.3754,656650.236,462930.9048,220549.4862,1045794.375,251,1,86421,351,150030102031,21505355,3849233,1381,21495018.94,23713.03781,316.2078868,5594.728634,251,1,86421,331,15003010203,21505355,3849233,1381,Honolulu,Oahu,Punaluu,21495018.94,23713.03781,316.2078868,5594.728634
102.03,1,0,8387,53006021,53006021,2075,19.98479351,14.99781471,10.70781025,3.61404211,0,795.42221,103.7947677,203.2925863,366.8843392,572.4655653,210000,907600,1117600,0.1304901553,0.2555782121,0.4612447761,0.7197002524,789167.276,675637.4072,488974.038,254400.28,698974.038,252,1,86422,351,150030102031,21505355,3849233,1381,21495018.94,23713.03781,376.9913988,8561.676219,252,1,86422,331,15003010203,21505355,3849233,1381,Honolulu,Oahu,Punaluu,21495018.94,23713.03781,376.9913988,8561.676219
102.03,1,0,6110,53006024,53006024,2024,5.793347139,0.884372632,0,0,0,445.2775074,22.36106192,80.47722292,175.1781144,291.8844343,220200,868900,1089100,0.05021826062,0.1807349834,0.3934133467,0.6555112923,825265.5798,711859.3585,527063.4443,299326.4921,1045465.58,253,1,86423,351,150030102031,21505355,3849233,1381,21495018.94,23713.03781,308.3593237,4792.82875,253,1,86423,331,15003010203,21505355,3849233,1381,Honolulu,Oahu,Punaluu,21495018.94,23713.03781,308.3593237,4792.82875
102.03,1,0,10026,53006026,53006026,2050,12.1071122,7.413595178,3.403361183,0,0,1036.109807,132.8847027,247.8356341,443.3733812,695.4268236,597600,723700,1321300,0.1282534938,0.2391982321,0.4279212283,0.6711902726,630883.3039,550592.4074,414013.5723,237959.797,1148192.407,254,1,86424,351,150030102031,21505355,3849233,1381,21495018.94,23713.03781,422.3430412,11152.36217,254,1,86424,331,15003010203,21505355,3849233,1381,Honolulu,Oahu,Punaluu,21495018.94,23713.03781,422.3430412,11152.36217
102.03,1,0,65206,53006027,53006027,2100,24.73710565,20.28297201,16.5401568,10.1820288,2.098629669,5836.218049,283.3528141,517.8477226,926.2195119,1456.272869,11700,1873500,1885200,0.04855075869,0.08873001629,0.158702006,0.2495233827,1782539.702,1707264.345,1576171.803,1406018.66,1417718.66,255,1,86425,351,150030102031,21505355,3849233,1381,21495018.94,23713.03781,1109.035262,62819.22236,255,1,86425,331,15003010203,21505355,3849233,1381,Honolulu,Oahu,Punaluu,21495018.94,23713.03781,1109.035262,62819.22236
102.03,1,0,10101,53006040,53006040,2050,13.95089665,9.159385015,5.049617167,0,0,1064.962529,93.69154862,173.694088,305.5282191,469.2809008,0,720900,720900,0.08797638042,0.1630987787,0.2868910507,0.4406548473,657478.1016,603321.9309,514080.2781,403231.8105,603321.9309,256,1,86437,351,150030102031,21505355,3849233,1381,21495018.94,23713.03781,505.5596538,11462.9166,256,1,86437,331,15003010203,21505355,3849233,1381,Honolulu,Oahu,Punaluu,21495018.94,23713.03781,505.5596538,11462.9166
102.03,1,0,10692,53006041,53006041,2100,23.57827561,18.77389656,14.66700081,7.844292521,0,1244.144209,113.847192,211.6247942,374.3880374,580.0117327,172100,946800,1118900,0.09150642756,0.1700966758,0.3009201302,0.4661933306,860162.1192,785752.1604,661888.944,505408.4676,677508.4676,257,1,86438,351,150030102031,21505355,3849233,1381,21495018.94,23713.03781,505.577584,13391.58102,257,1,86438,331,15003010203,21505355,3849233,1381,Honolulu,Oahu,Punaluu,21495018.94,23713.03781,505.577584,13391.58102
102.03,1,0,11828,53006042,53006042,2100,22.25381126,17.35073168,13.16697334,6.235671304,0,1100.987413,113.6243631,210.7517391,372.0351106,575.5744552,202300,869400,1071700,0.1032022362,0.1914206616,0.3379104121,0.5227802318,779676.1812,702978.5826,575621.046,414895.068,617195.068,258,1,86439,351,150030102031,21505355,3849233,1381,21495018.94,23713.03781,471.2905776,11850.68964,258,1,86439,331,15003010203,21505355,3849233,1381,Honolulu,Oahu,Punaluu,21495018.94,23713.03781,471.2905776,11850.68964
102.03,1,0,6175,53006043,53006043,2050,14.16780235,9.230389842,4.98135797,0,0,562.1415856,64.98353679,122.2708548,219.0826342,344.9925339,175500,870000,1045500,0.1155999457,0.2175090013,0.3897285663,0.6137111054,769428,680767.17,530935.77,336071.43,856267.17,259,1,86440,351,150030102031,21505355,3849233,1381,21495018.94,23713.03781,358.3117766,6050.714493,259,1,86440,331,15003010203,21505355,3849233,1381,Honolulu,Oahu,Punaluu,21495018.94,23713.03781,358.3117766,6050.714493
102.03,1,0,7504,53006044,53006044,2050,11.72307213,6.789140413,2.481295556,0,0,808.8338438,101.3865933,195.5762544,349.9506362,543.0410016,392800,892600,1285400,0.1253490986,0.2418002855,0.4326607236,0.6713875856,780713.4826,676769.32,506406.7914,293319.0712,1069569.32,260,1,86441,351,150030102031,21505355,3849233,1381,21495018.94,23713.03781,390.4762511,8706.03544,260,1,86441,331,15003010203,21505355,3849233,1381,Honolulu,Oahu,Punaluu,21495018.94,23713.03781,390.4762511,8706.03544
102.03,1,0,5379,53006073,53006073,2030,9.016536243,4.27023616,0.30007562,0,0,424.8635079,43.11574171,101.6754991,199.9987044,325.2418463,550100,856400,1406500,0.1014813956,0.2393133258,0.4707363676,0.7655207855,769491.6716,651452.3468,453261.6896,200807.8156,1319591.672,261,1,86464,351,150030102031,21505355,3849233,1381,21495018.94,23713.03781,286.0821763,4573.098324,261,1,86464,331,15003010203,21505355,3849233,1381,Honolulu,Oahu,Punaluu,21495018.94,23713.03781,286.0821763,4573.098324
102.03,1,0,5910,53008003,53008003,2024,2.899162601,0,0,0,0,631.4267761,26.07862988,124.0717005,285.6759229,485.7980135,301400,865500,1166900,0.04130111498,0.1964942021,0.4524292185,0.7693655573,829753.9845,695434.443,473922.7005,199613.727,1131153.985,262,1,86492,351,150030102031,21505355,3849233,1381,21495018.94,23713.03781,325.0292903,6796.477863,262,1,86492,331,15003010203,21505355,3849233,1381,Honolulu,Oahu,Punaluu,21495018.94,23713.03781,325.0292903,6796.477863
102.03,1,0,15315,53008011,53008011,2075,15.84210245,12.23862605,9.574719976,4.721510074,0,1402.066352,8.456312477,50.52845962,177.296407,363.0573872,463000,1025400,1488400,0.006031321176,0.0360385652,0.1264536495,0.258944512,1019215.813,988445.6094,895734.0684,759877.797,1358734.068,263,1,86496,351,150030102031,21505355,3849233,1381,21495018.94,23713.03781,502.2240708,15091.40252,263,1,86496,331,15003010203,21505355,3849233,1381,Honolulu,Oahu,Punaluu,21495018.94,23713.03781,502.2240708,15091.40252
102.03,1,0,8009,53008012,53008012,2075,14.90144848,10.7906481,7.406607143,1.5968963,0,712.7061104,34.69349631,80.6938317,162.1827378,269.9100809,479700,901200,1380900,0.04867854478,0.1132217481,0.2275590674,0.3787116133,857330.4852,799164.3336,696123.8292,559904.7456,1175823.829,264,1,86497,351,150030102031,21505355,3849233,1381,21495018.94,23713.03781,413.2877004,7671.344367,264,1,86497,331,15003010203,21505355,3849233,1381,Honolulu,Oahu,Punaluu,21495018.94,23713.03781,413.2877004,7671.344367
102.03,1,0,5213,53008013,53008013,2024,1.875977211,0,0,0,0,485.8018524,30.62825673,91.48479436,195.2072939,331.7656044,283300,768300,1051600,0.06304680928,0.1883170966,0.401824927,0.6829237121,719860.9899,623616.0489,459577.8525,243609.4908,1003160.99,265,1,86498,351,150030102031,21505355,3849233,1381,21495018.94,23713.03781,359.7124274,5229.020626,265,1,86498,331,15003010203,21505355,3849233,1381,Honolulu,Oahu,Punaluu,21495018.94,23713.03781,359.7124274,5229.020626
102.03,1,0,8924,53008014,53008014,2024,1.644052326,0,0,0,0,847.5052424,106.543434,238.9078693,436.6142013,652.7907339,277100,916700,1193800,0.1257141887,0.2818954472,0.5151758119,0.7702497888,801457.9762,658286.8535,444438.1608,210611.825,1078557.976,266,1,86499,351,150030102031,21505355,3849233,1381,21495018.94,23713.03781,398.5003314,9122.279064,266,1,86499,331,15003010203,21505355,3849233,1381,Honolulu,Oahu,Punaluu,21495018.94,23713.03781,398.5003314,9122.279064
102.03,1,0,14638,53008017,53008017,2050,10.42840705,7.381315613,5.738306966,2.202576747,0,1356.155413,0,0,6.453747673,102.0964826,626900,1013900,1640800,0,0,0.00475885552,0.07528376296,1013900,1013900,1009074.85,937569.5524,1640800,267,1,86502,351,150030102031,21505355,3849233,1381,21495018.94,23713.03781,491.3384446,14597.23022,267,1,86502,331,15003010203,21505355,3849233,1381,Honolulu,Oahu,Punaluu,21495018.94,23713.03781,491.3384446,14597.23022
102.03,1,0,8142,53008018,53008018,2050,12.82819344,8.143324833,4.167722548,0,0,770.9042604,61.03930705,127.2230346,233.2944012,360.0335534,689700,903400,1593100,0.07917884255,0.1650309139,0.3026243507,0.467027583,831869.6914,754310.9946,630009.4784,481486.9048,1444010.995,268,1,86503,351,150030102031,21505355,3849233,1381,21495018.94,23713.03781,440.7241756,8297.764619,268,1,86503,331,15003010203,21505355,3849233,1381,Honolulu,Oahu,Punaluu,21495018.94,23713.03781,440.7241756,8297.764619
102.03,1,0,6086,53008019,53008019,2024,3.945576176,0,0,0,0,519.55364,46.17875531,134.2070076,269.5210806,424.7115212,338300,868500,1206800,0.08888159327,0.2583121304,0.5187550617,0.8174546159,791305.983,644156.028,417961.2825,158540.3325,1129605.983,269,1,86504,351,150030102031,21505355,3849233,1381,21495018.94,23713.03781,306.5377408,5592.310759,269,1,86504,331,15003010203,21505355,3849233,1381,Honolulu,Oahu,Punaluu,21495018.94,23713.03781,306.5377408,5592.310759
102.03,1,0,9473,53008020,53008020,2030,9.731823986,5.332458217,1.559249961,0,0,871.070549,109.6719551,205.7726165,372.7384837,598.9020167,276600,926000,1202600,0.1259047907,0.2362295645,0.4279084905,0.6875470848,809411.97,707251.02,529757.192,289331.478,1086011.97,270,1,86505,351,150030102031,21505355,3849233,1381,21495018.94,23713.03781,397.1124932,9375.92747,270,1,86505,331,15003010203,21505355,3849233,1381,Honolulu,Oahu,Punaluu,21495018.94,23713.03781,397.1124932,9375.92747
102.03,1,0,7836,53009031,53009031,2024,2.951529179,0,0,0,0,729.4817459,0,38.00520994,205.8731711,447.1987938,518900,898200,1417100,0,0.05209891837,0.2822183999,0.6130363045,898200,851404.6782,644711.7924,347571.0648,1417100,271,1,86527,351,150030102031,21505355,3849233,1381,21495018.94,23713.03781,363.2618888,7851.91198,271,1,86527,331,15003010203,21505355,3849233,1381,Honolulu,Oahu,Punaluu,21495018.94,23713.03781,363.2618888,7851.91198
102.03,1,0,8771,53009032,53009032,2030,7.407991479,3.639158767,0.700639284,0,0,796.8151797,0,65.5389307,283.6615006,562.2914217,504100,914100,1418200,0,0.08225110712,0.3559940973,0.7056735815,914100,838914.3609,588685.8846,269043.3966,1418200,272,1,86528,351,150030102031,21505355,3849233,1381,21495018.94,23713.03781,399.7856835,8576.669729,272,1,86528,331,15003010203,21505355,3849233,1381,Honolulu,Oahu,Punaluu,21495018.94,23713.03781,399.7856835,8576.669729
102.03,1,0,6440,53009033,53009033,2024,1.423018077,0,0,0,0,585.7631078,0,0.8378502707,185.1961183,477.5045739,384700,787000,1171700,0,0.001430356845,0.3161621411,0.8151837621,787000,785874.59,538180.506,145450.192,1171700,273,1,86529,351,150030102031,21505355,3849233,1381,21495018.94,23713.03781,399.8585527,6304.964849,273,1,86529,331,15003010203,21505355,3849233,1381,Honolulu,Oahu,Punaluu,21495018.94,23713.03781,399.8585527,6304.964849
102.03,1,0,0,53009034,53009034,2030,6.703943069,3.348957701,1.016219734,0,0,509.1346914,1.323413647,56.98199456,198.0787225,389.1247204,170300,776500,946800,0.002599338976,0.1119192927,0.3890497462,0.7642863999,774481.8765,689594.8965,474402.675,183031.921,944781.8765,274,1,86530,351,150030102031,21505355,3849233,1381,21495018.94,23713.03781,317.7231143,5480.165743,274,1,86530,331,15003010203,21505355,3849233,1381,Honolulu,Oahu,Punaluu,21495018.94,23713.03781,317.7231143,5480.165743
102.03,1,0,4827,53009035,53009035,2030,7.707329567,4.364412166,2.036698036,0,0,445.0803655,0,46.70946912,155.7086415,307.456503,185800,751800,937600,0,0.1049461462,0.3498438788,0.6907887357,751800,672901.5972,488787.2808,232464.8298,937600,275,1,86531,351,150030102031,21505355,3849233,1381,21495018.94,23713.03781,281.6897138,4790.704403,275,1,86531,331,15003010203,21505355,3849233,1381,Honolulu,Oahu,Punaluu,21495018.94,23713.03781,281.6897138,4790.704403
102.03,1,0,5921,53009036,53009036,2024,1.232091299,0,0,0,0,560.4612463,57.50601908,178.7360191,384.9792634,537.2162162,230000,865700,1095700,0.1026048089,0.3189087922,0.6868972045,0.9585251785,776874.8515,589620.4787,271053.2671,35904.9075,1006874.852,276,1,86532,351,150030102031,21505355,3849233,1381,21495018.94,23713.03781,380.9919105,6032.629456,276,1,86532,331,15003010203,21505355,3849233,1381,Honolulu,Oahu,Punaluu,21495018.94,23713.03781,380.9919105,6032.629456
102.03,1,0,7774,53009037,53009037,2024,0,0,0,0,0,727.9981354,231.4671197,397.1922117,509.0838168,523.7396641,455600,897200,1352800,0.3179501545,0.5455950948,0.6992927482,0.7194244581,611935.26,407692.166,269794.3204,251732.7872,1067535.26,277,1,86533,351,150030102031,21505355,3849233,1381,21495018.94,23713.03781,399.9341428,7835.943283,277,1,86533,331,15003010203,21505355,3849233,1381,Honolulu,Oahu,Punaluu,21495018.94,23713.03781,399.9341428,7835.943283
102.03,1,0,7723,53009041,53009041,2100,15.66517945,12.53739567,10.48217892,6.703085979,2.949216987,727.4125908,0,0,0,2.995294764,217200,896300,1113500,0,0,0,0.004117738409,896300,896300,896300,892609.0366,1109809.037,278,1,86537,351,150030102031,21505355,3849233,1381,21495018.94,23713.03781,354.7109823,7829.637987,278,1,86537,331,15003010203,21505355,3849233,1381,Honolulu,Oahu,Punaluu,21495018.94,23713.03781,354.7109823,7829.637987
102.03,1,0,7125,53009042,53009042,2050,10.96031848,7.474059388,4.969038599,0.163408707,0,660.2257496,33.75572794,82.56740238,190.9020636,344.2204956,343700,886100,1229800,0.05112755441,0.1250593489,0.2891466498,0.5213678743,840795.4792,775285.2201,629886.8433,424115.8152,1118985.22,279,1,86538,351,150030102031,21505355,3849233,1381,21495018.94,23713.03781,339.4800804,7106.460556,279,1,86538,331,15003010203,21505355,3849233,1381,Honolulu,Oahu,Punaluu,21495018.94,23713.03781,339.4800804,7106.460556
102.03,1,0,5250,53009043,53009043,2024,2.999161753,0,0,0,0,482.9257191,81.3547671,150.076632,268.0861701,404.2287426,200700,854300,1055000,0.1684622787,0.3107654574,0.5551292041,0.8370412398,710382.9134,588813.4605,380053.2953,139215.8737,911082.9134,280,1,86539,351,150030102031,21505355,3849233,1381,21495018.94,23713.03781,295.193109,5198.059801,280,1,86539,331,15003010203,21505355,3849233,1381,Honolulu,Oahu,Punaluu,21495018.94,23713.03781,295.193109,5198.059801
102.04,1,0,8368,53010016,53010016,2030,9.100264817,4.395182435,0.327242618,0,0,796.2757816,111.7119577,229.4578296,417.550289,648.245971,170300,907300,1077600,0.1402930495,0.2881637681,0.5243789886,0.814097309,780012.1611,645848.8028,431530.9333,168669.7919,950312.1611,281,1,86595,80,150030102041,12733285,758224,886,12727031.66,21820.37296,369.6089409,8570.859074,281,1,86595,91,15003010204,13782634,1421212,2836,Honolulu,Oahu,Hauula,13775870.75,20308.09373,369.6089409,8570.859074
102.04,1,0,6716,53010017,53010017,2030,7.277503733,2.788132549,0,0,0,649.5175925,104.5164567,219.0611778,400.3638596,616.2923035,362500,879200,1241700,0.1609139735,0.3372675048,0.6164018714,0.9488462062,737724.4112,582673.9744,337259.3616,44974.5968,1100224.411,282,1,86596,80,150030102041,12733285,758224,886,12727031.66,21820.37296,339.4659719,6991.20099,282,1,86596,91,15003010204,13782634,1421212,2836,Honolulu,Oahu,Hauula,13775870.75,20308.09373,339.4659719,6991.20099
102.04,1,0,6597,53010018,53010018,2024,0.339089136,0,0,0,0,644.6414397,129.588034,262.3809828,474.2954339,644.6414398,450800,824500,1275300,0.201023431,0.407018486,0.7357507673,1,658756.5365,488913.659,217873.3005,0,1109556.537,283,1,86597,80,150030102041,12733285,758224,886,12727031.66,21820.37296,369.7540806,6938.716691,283,1,86597,91,15003010204,13782634,1421212,2836,Honolulu,Oahu,Hauula,13775870.75,20308.09373,369.7540806,6938.716691
102.04,1,0,4530,53010019,53010019,2024,4.946299754,0,0,0,0,426.3782197,158.2206261,295.0967259,383.8781636,383.8781636,397500,810100,1207600,0.3710804605,0.6921008445,0.9003231072,0.9003231071,509488.092,249428.9799,80748.3377,80748.3377,906988.092,284,1,86598,80,150030102041,12733285,758224,886,12727031.66,21820.37296,298.5561398,4589.398729,284,1,86598,91,15003010204,13782634,1421212,2836,Honolulu,Oahu,Hauula,13775870.75,20308.09373,298.5561398,4589.398729
102.04,1,0,5605,53010020,53010020,2024,1.169992599,0,0,0,0,621.8531038,158.658845,314.7328136,538.9262807,607.9140619,209100,860300,1069400,0.2551387844,0.5061208373,0.8666456392,0.9775846709,640803.9183,424884.1037,114724.4462,19283.6245,849903.9183,285,1,86599,80,150030102041,12733285,758224,886,12727031.66,21820.37296,334.9305197,6693.429617,285,1,86599,91,15003010204,13782634,1421212,2836,Honolulu,Oahu,Hauula,13775870.75,20308.09373,334.9305197,6693.429617
102.04,1,0,4385,53010022,53010022,2024,1.035466502,0,0,0,0,423.9410589,77.75847592,190.7845199,367.3890866,423.9410589,481300,678100,1159400,0.1834181292,0.4500260493,0.8666041632,1,553724.2542,372937.3694,90455.8276,0,1035024.254,286,1,86600,80,150030102041,12733285,758224,886,12727031.66,21820.37296,344.2121546,4563.168857,286,1,86600,91,15003010204,13782634,1421212,2836,Honolulu,Oahu,Hauula,13775870.75,20308.09373,344.2121546,4563.168857
102.04,1,0,8576,53010028,53010028,2030,8.406334322,3.661673652,0,0,0,832.719829,68.31005364,140.5269827,259.1881973,410.1863966,206100,910800,1116900,0.08203245709,0.1687566187,0.3112549843,0.4925863206,836085.2544,757096.1244,627308.946,462152.6712,1042185.254,287,1,86601,80,150030102041,12733285,758224,886,12727031.66,21820.37296,377.5656036,8963.131932,287,1,86601,91,15003010204,13782634,1421212,2836,Honolulu,Oahu,Hauula,13775870.75,20308.09373,377.5656036,8963.131932
102.04,1,0,5507,53013009,53013009,2075,22.18810007,15.86029661,9.737027712,1.162092136,0,491.054734,0,0,3.317284682,145.9794596,623500,646000,1269500,0,0,0.006755427558,0.2972773696,646000,646000,641636.27,453959.058,1265136.27,288,1,86626,80,150030102041,12733285,758224,886,12727031.66,21820.37296,312.0063205,5285.556114,288,1,86626,91,15003010204,13782634,1421212,2836,Honolulu,Oahu,Hauula,13775870.75,20308.09373,312.0063205,5285.556114
102.04,1,0,2698,53013010,53013010,2100,31.36678903,25.67806743,20.15883212,12.08760096,2.820593893,271.9582604,0,0,0,16.64978754,85200,485000,570200,0,0,0,0.06122184893,485000,485000,485000,455307.33,540507.33,289,1,86627,80,150030102041,12733285,758224,886,12727031.66,21820.37296,273.7537797,2927.271821,289,1,86627,91,15003010204,13782634,1421212,2836,Honolulu,Oahu,Hauula,13775870.75,20308.09373,273.7537797,2927.271821
102.04,1,0,2773,53013011,53013011,2100,35.98222568,30.32426902,24.81783732,16.19966782,5.96212574,256.1032302,0,0,0,11.22990853,90100,440700,530800,0,0,0,0.04384914832,440700,440700,440700,421375.7457,511475.7457,290,1,86628,80,150030102041,12733285,758224,886,12727031.66,21820.37296,274.2704991,2756.613891,290,1,86628,91,15003010204,13782634,1421212,2836,Honolulu,Oahu,Hauula,13775870.75,20308.09373,274.2704991,2756.613891
102.04,1,0,4918,53013022,53013022,2024,2.890173656,0,0,0,0,464.8926328,86.06814685,178.0845935,313.8889678,457.7173455,203400,758700,962100,0.1851355362,0.3830660693,0.6751859368,0.9845657109,618237.3168,468067.8258,246436.3818,11709.7758,821637.3168,291,1,86639,80,150030102041,12733285,758224,886,12727031.66,21820.37296,308.6839175,5003.957212,291,1,86639,91,15003010204,13782634,1421212,2836,Honolulu,Oahu,Hauula,13775870.75,20308.09373,308.6839175,5003.957212
102.04,1,0,5750,53013023,53013023,2030,8.988921465,3.230448321,0,0,0,553.4045047,95.80933436,195.007354,338.7086307,500.2381524,183800,819600,1003400,0.1731271313,0.3523776051,0.6120453083,0.9039285877,677705.1108,530790.9912,317967.918,78739.7916,861505.1108,292,1,86640,80,150030102041,12733285,758224,886,12727031.66,21820.37296,338.6965592,5956.670758,292,1,86640,91,15003010204,13782634,1421212,2836,Honolulu,Oahu,Hauula,13775870.75,20308.09373,338.6965592,5956.670758
102.04,1,0,6294,53013024,53013024,2030,11.02901364,4.633994246,0,0,0,591.1346261,97.64793439,198.2921595,341.8164296,502.39655,654700,872000,1526700,0.1651873027,0.3354433166,0.5782378743,0.8498851663,727956.936,579493.704,367776.464,130900.28,1382656.936,293,1,86641,80,150030102041,12733285,758224,886,12727031.66,21820.37296,361.1721463,6362.786023,293,1,86641,91,15003010204,13782634,1421212,2836,Honolulu,Oahu,Hauula,13775870.75,20308.09373,361.1721463,6362.786023
102.04,1,0,6983,53013026,53013026,2050,15.11658489,7.276165048,0,0,0,651.5895938,115.0206855,239.2863063,410.648782,592.8665399,419300,878100,1297400,0.1765232082,0.3672346958,0.6302261207,0.9098772379,723095.1537,555630.9465,324698.5494,79137.0063,974930.9465,294,1,86643,80,150030102041,12733285,758224,886,12727031.66,21820.37296,387.8227034,7013.503798,294,1,86643,91,15003010204,13782634,1421212,2836,Honolulu,Oahu,Hauula,13775870.75,20308.09373,387.8227034,7013.503798
102.04,1,0,6878,53013028,53013028,2024,2.627205759,0,0,0,0,639.8210684,129.7145589,274.8949773,473.0625818,556.0950289,311600,858600,1170200,0.2027356793,0.429643522,0.7393669968,0.8691414778,684530.8704,489707.6616,223779.4938,112355.5374,996130.8704,295,1,86645,80,150030102041,12733285,758224,886,12727031.66,21820.37296,378.8908179,6886.829515,295,1,86645,91,15003010204,13782634,1421212,2836,Honolulu,Oahu,Hauula,13775870.75,20308.09373,378.8908179,6886.829515
102.04,1,0,6458,53013029,53013029,2030,10.33463285,1.420864546,0,0,0,610.1200148,156.8321551,300.6346098,504.2704739,587.7416866,316100,854300,1170400,0.2570513199,0.4927466769,0.8265102958,0.9633214326,634701.3307,433346.2379,148212.507,31334.8697,950801.3307,296,1,86646,80,150030102041,12733285,758224,886,12727031.66,21820.37296,363.4837304,6567.136499,296,1,86646,91,15003010204,13782634,1421212,2836,Honolulu,Oahu,Hauula,13775870.75,20308.09373,363.4837304,6567.136499
102.04,1,0,5787,53013030,53013030,2030,9.399578963,2.534244552,0,0,0,545.0741929,123.4284659,234.7711043,391.1541733,545.0452158,718600,863400,1582000,0.2264434228,0.4307140337,0.7176163878,0.9999468384,667889.1138,491521.5324,243810.3456,45.7602,1386489.114,297,1,86647,80,150030102041,12733285,758224,886,12727031.66,21820.37296,335.2340747,5867.003754,297,1,86647,91,15003010204,13782634,1421212,2836,Honolulu,Oahu,Hauula,13775870.75,20308.09373,335.2340747,5867.003754
102.04,1,0,5052,53013031,53013031,2030,10.80351422,4.157466811,0,0,0,461.0270613,113.9714455,227.8818684,387.6150052,443.4082436,809800,791100,1600900,0.2472120513,0.4942917402,0.8407641065,0.9617835499,595530.5868,400065.5988,125971.5996,30232.6776,1405330.587,298,1,86648,80,150030102041,12733285,758224,886,12727031.66,21820.37296,305.0107818,4962.347655,298,1,86648,91,15003010204,13782634,1421212,2836,Honolulu,Oahu,Hauula,13775870.75,20308.09373,305.0107818,4962.347655
102.04,1,0,4319,53013032,53013032,2030,6.667927916,0.206762521,0,0,0,420.8870651,105.2525326,208.9552503,342.2745434,344.2492116,637500,832300,1469800,0.2500730988,0.4964639393,0.813221816,0.8179134978,624164.2421,419093.0128,155455.3294,151551.0101,1261664.242,299,1,86649,80,150030102041,12733285,758224,886,12727031.66,21820.37296,279.3647798,4530.293628,299,1,86649,91,15003010204,13782634,1421212,2836,Honolulu,Oahu,Hauula,13775870.75,20308.09373,279.3647798,4530.293628
102.04,1,0,3419,53013033,53013033,2024,0.663370944,0,0,0,0,331.5326714,103.5898991,205.6784561,287.2342212,287.2342212,427600,646100,1073700,0.3124575888,0.6203866883,0.8663828516,0.8663828515,444220.8862,245267.9593,86329.9437,86329.9437,871820.8862,300,1,86650,80,150030102041,12733285,758224,886,12727031.66,21820.37296,248.3288834,3568.511402,300,1,86650,91,15003010204,13782634,1421212,2836,Honolulu,Oahu,Hauula,13775870.75,20308.09373,248.3288834,3568.511402
102.04,1,0,2602,53013034,53013034,2024,3.903641522,0,0,0,0,230.2880175,93.78445561,188.1493775,227.1389533,227.1389533,182100,465500,647600,0.4072485258,0.8170176615,0.9863255404,0.9863255403,275925.5905,85178.121,6365.247,6365.247,458025.5905,301,1,86651,80,150030102041,12733285,758224,886,12727031.66,21820.37296,209.4499199,2478.746529,301,1,86651,91,15003010204,13782634,1421212,2836,Honolulu,Oahu,Hauula,13775870.75,20308.09373,209.4499199,2478.746529
102.04,1,0,3100,53013035,53013035,2024,0,0,0,0,0,291.7451747,141.3554712,254.219095,274.1006095,274.1006096,214500,509000,723500,0.4845169123,0.8713737776,0.9395206272,0.9395206273,262380.847,65470.634,30783.811,30783.811,476880.847,302,1,86652,80,150030102041,12733285,758224,886,12727031.66,21820.37296,236.4724304,3140.251597,302,1,86652,91,15003010204,13782634,1421212,2836,Honolulu,Oahu,Hauula,13775870.75,20308.09373,236.4724304,3140.251597
102.04,1,0,5329,53013038,53013038,2100,33.12096043,26.90378958,20.77176213,11.79899764,1.518973141,516.2891143,0,0,0,5.825072086,302400,640400,942800,0,0,0,0.01128257778,640400,640400,640400,633174.3668,935574.3668,303,1,86655,80,150030102041,12733285,758224,886,12727031.66,21820.37296,318.0056782,5557.171268,303,1,86655,91,15003010204,13782634,1421212,2836,Honolulu,Oahu,Hauula,13775870.75,20308.09373,318.0056782,5557.171268
102.04,1,0,17062,53014003,53014003,2100,22.88669694,18.02552839,13.50260748,6.197151211,0,1621.524689,0,0,223.2923992,692.8724863,396800,510200,907000,0,0,0.1377052109,0.4272969084,510200,510200,439942.909,292193.0706,688993.0706,304,1,86658,80,150030102041,12733285,758224,886,12727031.66,21820.37296,560.2591975,17453.57927,304,1,86658,91,15003010204,13782634,1421212,2836,Honolulu,Oahu,Hauula,13775870.75,20308.09373,560.2591975,17453.57927
102.04,1,0,0,53014004,53014004,2100,21.75370539,16.94613709,13.01997761,6.85868492,0,473.031561,0,0,0,70.45898918,345700,630000,975700,0,0,0,0.1489519833,630000,630000,630000,536160.24,881860.24,305,1,86659,80,150030102041,12733285,758224,886,12727031.66,21820.37296,303.1205186,5091.560401,305,1,86659,91,15003010204,13782634,1421212,2836,Honolulu,Oahu,Hauula,13775870.75,20308.09373,303.1205186,5091.560401
102.04,1,0,5000,53014012,53014012,2075,20.20842827,15.37728816,11.43789562,5.287531393,0,486.6285343,0,0,0,108.2854009,276300,630000,906300,0,0,0,0.2225216839,630000,630000,630000,489811.14,906300,306,1,86667,80,150030102041,12733285,758224,886,12727031.66,21820.37296,289.9805606,5237.913861,306,1,86667,91,15003010204,13782634,1421212,2836,Honolulu,Oahu,Hauula,13775870.75,20308.09373,289.9805606,5237.913861
102.04,1,0,9207,53014049,53014049,2100,21.77671904,17.29282506,13.81093836,8.218101677,1.181791435,863.8081539,0,0,0,106.0520001,625200,656700,1281900,0,0,0,0.1227726314,656700,656700,656700,576074.9709,1201274.971,307,1,86703,80,150030102041,12733285,758224,886,12727031.66,21820.37296,384.1853867,9297.756153,307,1,86703,91,15003010204,13782634,1421212,2836,Honolulu,Oahu,Hauula,13775870.75,20308.09373,384.1853867,9297.756153
102.04,1,0,6743,53014050,53014050,2100,24.33335299,19.76297686,16.16052772,10.41391061,3.233310557,645.9634354,0,0,0,59.41273398,166500,617000,783500,0,0,0,0.09197538239,617000,617000,617000,560251.425,726751.425,308,1,86704,80,150030102041,12733285,758224,886,12727031.66,21820.37296,358.261032,6952.946287,308,1,86704,91,15003010204,13782634,1421212,2836,Honolulu,Oahu,Hauula,13775870.75,20308.09373,358.261032,6952.946287
102.04,1,0,0,53014051,53014051,2100,20.81433424,16.22472486,12.59613299,6.800530573,0,793.4947503,0,0,0,71.90414868,385000,664700,1049700,0,0,0,0.09061704396,664700,664700,664700,604466.8801,989466.8801,309,1,86705,80,150030102041,12733285,758224,886,12727031.66,21820.37296,397.2787255,8540.923526,309,1,86705,91,15003010204,13782634,1421212,2836,Honolulu,Oahu,Hauula,13775870.75,20308.09373,397.2787255,8540.923526
102.04,1,0,9103,53014052,53014052,2100,25.60035138,20.8621037,17.01015684,10.92841262,3.423027881,828.9675024,0,0,0,78.89724584,512300,703800,1216100,0,0,0,0.09517531822,703800,703800,703800,636815.835,1149115.835,310,1,86706,80,150030102041,12733285,758224,886,12727031.66,21820.37296,441.6601199,8922.740414,310,1,86706,91,15003010204,13782634,1421212,2836,Honolulu,Oahu,Hauula,13775870.75,20308.09373,441.6601199,8922.740414
102.04,1,0,5036,53016010,53016010,2100,17.67938984,14.30416111,12.30260031,8.572682447,3.394558828,469.3313216,0,0,0,0,471700,568000,1039700,0,0,0,0,568000,568000,568000,568000,1039700,311,1,86767,80,150030102041,12733285,758224,886,12727031.66,21820.37296,285.0765843,5051.732439,311,1,86767,91,15003010204,13782634,1421212,2836,Honolulu,Oahu,Hauula,13775870.75,20308.09373,285.0765843,5051.732439
102.04,1,0,5075,53016034,53016034,2100,19.16714133,15.72263796,13.62702326,9.773454129,4.473911078,484.0946141,0,0,0,0,315400,569100,884500,0,0,0,0,569100,569100,569100,569100,884500,312,1,86791,80,150030102041,12733285,758224,886,12727031.66,21820.37296,287.8685752,5210.639419,312,1,86791,91,15003010204,13782634,1421212,2836,Honolulu,Oahu,Hauula,13775870.75,20308.09373,287.8685752,5210.639419
102.04,1,0,5036,53016035,53016035,2100,19.33807541,15.74948143,13.46164952,9.366954936,3.826496276,433.9351887,0,0,0,0,504200,568000,1072200,0,0,0,0,568000,568000,568000,568000,1072200,313,1,86792,80,150030102041,12733285,758224,886,12727031.66,21820.37296,274.0433357,4670.739959,313,1,86792,91,15003010204,13782634,1421212,2836,Honolulu,Oahu,Hauula,13775870.75,20308.09373,274.0433357,4670.739959
102.02,4,0,8234,54003010,54003010,2030,6.246281537,2.544545289,0.121026993,0,0,707.4630072,66.50943644,109.268481,192.0716434,302.1070767,418400,936900,1355300,0.09401118611,0.1544511583,0.2714935501,0.4270287967,848821.0941,792194.8581,682537.2714,536816.5299,1267221.094,314,1,86892,635,150030102024,1476698,6464284,1333,1364633.851,17378.31092,389.2604231,7614.895627,314,1,86892,237,15003010202,33345457,6688962,7391,Honolulu,Oahu,Laie,33217340.27,35150.99975,389.2604231,7614.895627
102.02,4,0,6499,54003017,54003017,2024,1.890631114,0,0,0,0,552.2519788,67.47681747,109.4653684,188.8208597,297.9618281,219200,988800,1208000,0.122184836,0.1982163444,0.3419106982,0.5395396297,867983.472,792804.0192,650718.4032,455302.848,1087183.472,315,1,86899,635,150030102024,1476698,6464284,1333,1364633.851,17378.31092,315.0722183,5944.259443,315,1,86899,237,15003010202,33345457,6688962,7391,Honolulu,Oahu,Laie,33217340.27,35150.99975,315.0722183,5944.259443
102.02,4,0,6532,54003055,54003055,2024,5.63916269,2.362781123,0.486085233,0,0,591.1729401,64.52457745,102.0074657,175.5945709,279.0649361,427100,1015900,1443000,0.1091467032,0.1725509725,0.2970274161,0.4720529598,905017.5627,840605.4391,714150.2707,536341.3573,1332117.563,316,1,86932,635,150030102024,1476698,6464284,1333,1364633.851,17378.31092,322.6808151,6363.191826,316,1,86932,237,15003010202,33345457,6688962,7391,Honolulu,Oahu,Laie,33217340.27,35150.99975,322.6808151,6363.191826
102.04,2,0,6714,54009021,54009021,2030,8.312521081,4.884544977,2.764451767,0,0,688.6237542,84.10930596,136.3375868,233.4532661,369.4928706,453300,741800,1195100,0.1221411626,0.1979855996,0.3390142507,0.5365671287,651195.8062,594933.9852,490319.4148,343774.5994,1104495.806,317,1,87104,233,150030102042,1049349,662988,1950,1048839.089,5585.487105,343.0382231,7412.124185,317,1,87104,91,15003010204,13782634,1421212,2836,Honolulu,Oahu,Hauula,13775870.75,20308.09373,343.0382231,7412.124185
102.04,2,0,4560,54009022,54009022,2024,5.069672064,1.69922779,0,0,0,460.1481568,55.78663217,89.65798681,153.6229765,244.2610817,346400,726600,1073000,0.1212362396,0.194845911,0.3338554642,0.5308313813,638509.9224,585024.8964,484020.957,340898.1954,984909.9224,318,1,87105,233,150030102042,1049349,662988,1950,1048839.089,5585.487105,287.9686512,4952.885769,318,1,87105,91,15003010204,13782634,1421212,2836,Honolulu,Oahu,Hauula,13775870.75,20308.09373,287.9686512,4952.885769
102.04,2,0,4514,54009024,54009024,2024,4.922000397,1.676719446,0,0,0,422.1992795,53.70647592,84.82829285,144.5987709,229.6326657,336000,647000,983000,0.1272064604,0.2009200322,0.3424893834,0.543896394,564697.718,517004.76,425409.617,295099.288,900697.718,319,1,87107,233,150030102042,1049349,662988,1950,1048839.089,5585.487105,275.7993345,4544.416284,319,1,87107,91,15003010204,13782634,1421212,2836,Honolulu,Oahu,Hauula,13775870.75,20308.09373,275.7993345,4544.416284
102.04,2,0,4609,54009025,54009025,2024,5.222805762,2.008735676,0.202235781,0,0,431.7464388,59.60187654,93.16213536,157.743813,249.1302274,475000,653400,1128400,0.1380483339,0.2157797424,0.3653621636,0.5770290269,563199.4368,512409.348,414672.4692,276369.2514,1038199.437,320,1,87108,233,150030102042,1049349,662988,1950,1048839.089,5585.487105,275.9173151,4647.178653,320,1,87108,91,15003010204,13782634,1421212,2836,Honolulu,Oahu,Hauula,13775870.75,20308.09373,275.9173151,4647.178653
102.04,2,0,3601,54009026,54009026,2024,1.054330797,0,0,0,0,384.7878767,58.66744797,91.70785781,155.1249628,244.6547455,270500,550500,821000,0.1524669864,0.2383335426,0.4031441014,0.6358171874,466566.9165,419297.133,328569.228,200482.7415,737066.9165,321,1,87109,233,150030102042,1049349,662988,1950,1048839.089,5585.487105,258.6179017,4141.73189,321,1,87109,91,15003010204,13782634,1421212,2836,Honolulu,Oahu,Hauula,13775870.75,20308.09373,258.6179017,4141.73189
102.04,2,0,3672,54009027,54009027,2024,2.200535739,0,0,0,0,337.1610051,50.21571163,85.19777786,151.3166994,244.2009021,207800,555000,762800,0.1489368903,0.2526916712,0.4487965604,0.7242857222,472339.965,414755.94,305917.665,153021.27,680139.965,322,1,87110,233,150030102042,1049349,662988,1950,1048839.089,5585.487105,241.3595703,3629.09168,322,1,87110,91,15003010204,13782634,1421212,2836,Honolulu,Oahu,Hauula,13775870.75,20308.09373,241.3595703,3629.09168
102.04,2,0,3611,54009028,54009028,2024,1.062033675,0,0,0,0,315.0818763,47.2474755,86.76816193,161.2401149,267.3282549,215700,585600,801300,0.1499530092,0.2753829034,0.5117403665,0.8484405958,497787.5232,424335.7152,285925.056,88752.9504,713487.5232,323,1,87111,233,150030102042,1049349,662988,1950,1048839.089,5585.487105,234.6474402,3391.438984,323,1,87111,91,15003010204,13782634,1421212,2836,Honolulu,Oahu,Hauula,13775870.75,20308.09373,234.6474402,3391.438984
102.04,2,0,0,54009029,54009029,2030,6.278205822,2.980590906,0.870942252,0,0,326.4867625,58.87907075,105.911358,191.0286968,306.1562706,240500,543900,784400,0.1803413722,0.324397097,0.5851039575,0.9377295061,445812.5301,367460.4717,225661.9344,33868.653,686312.5301,324,1,87112,233,150030102042,1049349,662988,1950,1048839.089,5585.487105,241.9504328,3514.197695,324,1,87112,91,15003010204,13782634,1421212,2836,Honolulu,Oahu,Hauula,13775870.75,20308.09373,241.9504328,3514.197695
102.04,2,0,2875,54009030,54009030,2024,1.197214687,0,0,0,0,288.5842914,47.3217951,96.56852829,188.6240604,286.0274939,219200,504000,723200,0.1639791095,0.3346284991,0.6536185995,0.9911402058,421354.584,335347.488,174576.024,4465.44,640554.584,325,1,87113,233,150030102042,1049349,662988,1950,1048839.089,5585.487105,232.281053,3106.227531,325,1,87113,91,15003010204,13782634,1421212,2836,Honolulu,Oahu,Hauula,13775870.75,20308.09373,232.281053,3106.227531
102.04,2,0,7500,54009052,54009052,2030,8.619365623,5.254432306,3.140367713,0,0,735.4717284,86.85687388,155.7712442,281.6283278,454.6308538,447800,750700,1198500,0.1180968221,0.2117977322,0.3829220307,0.6181486469,662044.5821,591703.2414,463240.4546,286655.5457,1109844.582,326,1,87134,233,150030102042,1049349,662988,1950,1048839.089,5585.487105,361.8635861,7916.380368,326,1,87134,91,15003010204,13782634,1421212,2836,Honolulu,Oahu,Hauula,13775870.75,20308.09373,361.8635861,7916.380368
102.04,2,0,0,54010001,54010001,2024,3.647997767,0,0,0,0,575.4127182,0,21.89713036,158.367133,388.0664592,193600,817500,1011100,0,0.03805465133,0.2752235535,0.6744141153,817500,786390.0375,592504.38,266166.555,1011100,327,1,87135,233,150030102042,1049349,662988,1950,1048839.089,5585.487105,311.490862,6193.557232,327,1,87135,91,15003010204,13782634,1421212,2836,Honolulu,Oahu,Hauula,13775870.75,20308.09373,311.490862,6193.557232
102.04,2,0,1868,54010002,54010002,2024,1.322263871,0,0,0,0,176.5229889,0,1.264985411,48.50117423,107.9312251,174000,439600,613600,0,0.007166122773,0.2747584014,0.61142872,439600,436449.8264,318816.3832,170815.8116,613600,328,1,87136,233,150030102042,1049349,662988,1950,1048839.089,5585.487105,182.3063329,1900.036457,328,1,87136,91,15003010204,13782634,1421212,2836,Honolulu,Oahu,Hauula,13775870.75,20308.09373,182.3063329,1900.036457
102.04,2,0,1533,54010004,54010004,2024,1.393932829,0,0,0,0,142.8136783,0,6.756154983,44.91760947,95.81058317,47400,339700,387100,0,0.04730747827,0.3145189593,0.6708781981,339700,323629.8121,232857.8957,111802.7434,387100,329,1,87138,233,150030102042,1049349,662988,1950,1048839.089,5585.487105,162.7188226,1537.20036,329,1,87138,91,15003010204,13782634,1421212,2836,Honolulu,Oahu,Hauula,13775870.75,20308.09373,162.7188226,1537.20036
102.04,2,0,0,54010006,54010006,2050,10.45651228,6.990641229,4.765066047,0.68612015,0,343.2114661,0,2.388291005,84.03134882,215.7878356,183900,626400,810300,0,0.006958657389,0.2448384076,0.6287314293,626400,622040.8824,473033.4768,232562.9016,805940.8824,330,1,87140,233,150030102042,1049349,662988,1950,1048839.089,5585.487105,252.6720707,3694.217471,330,1,87140,91,15003010204,13782634,1421212,2836,Honolulu,Oahu,Hauula,13775870.75,20308.09373,252.6720707,3694.217471
102.04,2,0,0,54010009,54010009,2024,5.168342058,1.712428299,0,0,0,115.716728,0,0,15.46976113,64.8774419,173600,369700,543300,0,0,0.1336864721,0.5606574178,369700,369700,320276.2858,162425.1071,543300,331,1,87141,233,150030102042,1049349,662988,1950,1048839.089,5585.487105,143.4076833,1245.537507,331,1,87141,91,15003010204,13782634,1421212,2836,Honolulu,Oahu,Hauula,13775870.75,20308.09373,143.4076833,1245.537507
102.04,2,0,1478,54010010,54010010,2024,5.076055156,1.572682509,0,0,0,139.4083096,0,0,17.48113813,75.11620088,302600,414600,717200,0,0,0.1253952378,0.538821546,414600,414600,362611.233,191204.3988,717200,332,1,87142,233,150030102042,1049349,662988,1950,1048839.089,5585.487105,156.0690771,1500.546043,332,1,87142,91,15003010204,13782634,1421212,2836,Honolulu,Oahu,Hauula,13775870.75,20308.09373,156.0690771,1500.546043
102.04,2,0,1385,54010011,54010011,2024,0.755006834,0,0,0,0,128.500942,0,0,24.49224329,77.02543199,170400,383100,553500,0,0,0.1905997179,0.5994153101,383100,383100,310081.14,153464.1135,553500,333,1,87143,233,150030102042,1049349,662988,1950,1048839.089,5585.487105,151.5132818,1383.142646,333,1,87143,91,15003010204,13782634,1421212,2836,Honolulu,Oahu,Hauula,13775870.75,20308.09373,151.5132818,1383.142646
102.04,2,0,1366,54010012,54010012,2024,4.535560537,0.922175737,0,0,0,126.644724,0,0,32.13279855,85.03825708,180200,382000,562200,0,0,0.2537239416,0.6714709812,382000,382000,285077.432,125498.078,562200,334,1,87144,233,150030102042,1049349,662988,1950,1048839.089,5585.487105,150.2569764,1363.162908,334,1,87144,91,15003010204,13782634,1421212,2836,Honolulu,Oahu,Hauula,13775870.75,20308.09373,150.2569764,1363.162908
102.04,2,0,2821,54010013,54010013,2030,9.415512226,5.796417976,3.429475423,0,0,257.3948081,0,3.650868733,73.34348174,168.5549666,303000,500500,803500,0,0.01418392531,0.284945459,0.6548499087,500500,493400.908,357885.0275,172747.575,803500,335,1,87145,233,150030102042,1049349,662988,1950,1048839.089,5585.487105,210.6270112,2770.514693,335,1,87145,91,15003010204,13782634,1421212,2836,Honolulu,Oahu,Hauula,13775870.75,20308.09373,210.6270112,2770.514693
102.04,2,0,2821,54010014,54010014,2024,5.16370599,1.585846076,0,0,0,269.3050022,2.620805474,21.78961891,93.43837952,191.4554021,274200,500500,774700,0.009731737072,0.08091056139,0.3469611732,0.710924047,495629.134,460004.0445,326846.0195,144682.538,769829.134,336,1,87146,233,150030102042,1049349,662988,1950,1048839.089,5585.487105,223.689359,2898.711788,336,1,87146,91,15003010204,13782634,1421212,2836,Honolulu,Oahu,Hauula,13775870.75,20308.09373,223.689359,2898.711788
102.04,2,0,9312,54011001,54011001,2030,9.976042819,3.56711438,0,0,0,830.0682774,123.0194686,237.6874152,400.4214189,531.4218287,458200,825700,1283900,0.1482040357,0.2863468243,0.4823957616,0.6402145982,703327.9572,589263.2821,427385.6228,297074.4745,1161527.957,337,1,87149,233,150030102042,1049349,662988,1950,1048839.089,5585.487105,426.9336263,8934.586273,337,1,87149,91,15003010204,13782634,1421212,2836,Honolulu,Oahu,Hauula,13775870.75,20308.09373,426.9336263,8934.586273
102.04,2,0,13069,54011003,54011003,2024,5.815878037,0,0,0,0,1263.42232,129.8039144,263.4816982,463.9639119,704.5526837,454400,882700,1337100,0.102739925,0.2085460213,0.3672278892,0.557654137,792011.402,698616.4458,558547.8444,390458.8142,1246411.402,338,1,87150,233,150030102042,1049349,662988,1950,1048839.089,5585.487105,561.9496325,13599.05368,338,1,87150,91,15003010204,13782634,1421212,2836,Honolulu,Oahu,Hauula,13775870.75,20308.09373,561.9496325,13599.05368
102.04,2,0,0,54011023,54011023,2030,10.88487342,4.245781493,0,0,0,788.7228561,109.950266,215.3965801,365.1312558,524.2735016,173800,816100,989900,0.139402916,0.2730953952,0.4629398691,0.6647119423,702333.2117,593227.1705,438294.666,273628.5368,876133.2117,339,1,87166,233,150030102042,1049349,662988,1950,1048839.089,5585.487105,448.8791505,8489.558149,339,1,87166,91,15003010204,13782634,1421212,2836,Honolulu,Oahu,Hauula,13775870.75,20308.09373,448.8791505,8489.558149
102.04,2,0,9503,54011024,54011024,2050,16.18496003,9.369323651,2.686263292,0,0,841.4731031,108.2047208,214.5547289,366.6862732,538.5215987,194300,821500,1015800,0.1285896369,0.2549751478,0.4357670754,0.6399748212,715863.315,612038.0375,463517.4095,295760.5375,806338.0375,340,1,87167,233,150030102042,1049349,662988,1950,1048839.089,5585.487105,478.9762828,9057.344688,340,1,87167,91,15003010204,13782634,1421212,2836,Honolulu,Oahu,Hauula,13775870.75,20308.09373,478.9762828,9057.344688
102.04,2,0,10309,54011025,54011025,2024,2.834639611,0,0,0,0,936.6396035,109.0526881,217.1609998,373.5945683,553.7971208,641100,791900,1433000,0.1164297215,0.2318511826,0.3988669355,0.591259561,699699.083,608297.1931,476037.2227,323681.206,1340799.083,341,1,87168,233,150030102042,1049349,662988,1950,1048839.089,5585.487105,515.1311927,10081.6864,341,1,87168,91,15003010204,13782634,1421212,2836,Honolulu,Oahu,Hauula,13775870.75,20308.09373,515.1311927,10081.6864
102.02,2,0,5934,54011027,54011027,2024,5.810337141,1.278588738,0,0,0,551.4247205,62.96092534,116.5647732,201.5548703,295.5084874,203600,476100,679700,0.1141786413,0.2113883707,0.365516566,0.5358999632,421739.3781,375458.1732,302077.3563,220958.01,625339.3781,342,1,87169,381,150030102022,29054522,224678,1026,29039869.12,35428.14633,345.2897536,5935.356332,342,1,87169,237,15003010202,33345457,6688962,7391,Honolulu,Oahu,Laie,33217340.27,35150.99975,345.2897536,5935.356332
102.02,2,0,5321,54011028,54011028,2075,15.04012585,10.88456041,7.398351704,1.980105295,0,479.4628153,53.31546012,113.7873358,227.834834,349.666245,347300,478800,826100,0.1111983212,0.2373225455,0.4751877033,0.7292875148,425558.3976,365169.7476,251279.9856,129616.9056,598579.9856,343,1,87170,381,150030102022,29054522,224678,1026,29039869.12,35428.14633,304.2651001,5160.781591,343,1,87170,237,15003010202,33345457,6688962,7391,Honolulu,Oahu,Laie,33217340.27,35150.99975,304.2651001,5160.781591
102.04,2,0,5025,54011029,54011029,2100,29.83929999,23.40608425,17.24540509,8.240404334,0,448.6207967,0,0,0,105.5621036,160800,600800,761600,0,0,0,0.2353036338,600800,600800,600800,459429.3568,620229.3568,344,1,87171,233,150030102042,1049349,662988,1950,1048839.089,5585.487105,297.6245404,4828.807833,344,1,87171,91,15003010204,13782634,1421212,2836,Honolulu,Oahu,Hauula,13775870.75,20308.09373,297.6245404,4828.807833
102.04,2,0,0,54011030,54011030,2075,23.49582071,16.47219928,9.542837153,0,0,431.2463722,0,0,74.25772965,238.1728758,178400,600000,778400,0,0,0.1721932854,0.5522895753,600000,600000,496684.2,268626,675084.2,345,1,87172,233,150030102042,1049349,662988,1950,1048839.089,5585.487105,293.4642285,4641.79516,345,1,87172,91,15003010204,13782634,1421212,2836,Honolulu,Oahu,Hauula,13775870.75,20308.09373,293.4642285,4641.79516
102.04,2,0,8415,54011031,54011031,2024,5.836590584,0,0,0,0,786.5654176,116.0854908,232.8403663,409.6942114,482.999841,342600,663500,1006100,0.147585297,0.2960216164,0.520864765,0.6140618825,565577.3525,467089.403,317906.0725,256069.863,908177.3525,346,1,87173,233,150030102042,1049349,662988,1950,1048839.089,5585.487105,562.7636922,8466.320806,346,1,87173,91,15003010204,13782634,1421212,2836,Honolulu,Oahu,Hauula,13775870.75,20308.09373,562.7636922,8466.320806
102.04,2,0,5297,54011035,54011035,2100,36.5728459,30.22013212,24.2035345,15.41324813,5.178569378,478.5993894,0,0,0,44.21282807,502400,608900,1111300,0,0,0,0.09237961654,608900,608900,608900,552649.818,1055049.818,347,1,87175,233,150030102042,1049349,662988,1950,1048839.089,5585.487105,308.7578827,5151.487837,347,1,87175,91,15003010204,13782634,1421212,2836,Honolulu,Oahu,Hauula,13775870.75,20308.09373,308.7578827,5151.487837
102.04,2,0,8903,54011037,54011037,2024,5.254121824,0,0,0,0,763.9668253,127.2927549,252.5821989,358.5180165,400.3399401,182000,640000,822000,0.1666207886,0.3306193286,0.469284797,0.5240279117,533362.56,428403.84,339657.6,304622.08,715362.56,348,1,87177,233,150030102042,1049349,662988,1950,1048839.089,5585.487105,558.2273374,8223.102421,348,1,87177,91,15003010204,13782634,1421212,2836,Honolulu,Oahu,Hauula,13775870.75,20308.09373,558.2273374,8223.102421
102.02,2,0,6727,54011039,54011039,2024,5.017800639,0,0,0,0,639.7633993,74.72371425,137.8668819,230.951685,306.8341068,184100,505700,689800,0.1167989828,0.2154966696,0.3609954637,0.4796055967,446634.7457,396723.1671,323144.8285,263163.2458,630734.7457,349,1,87179,381,150030102022,29054522,224678,1026,29039869.12,35428.14633,386.3572532,6886.203935,349,1,87179,237,15003010202,33345457,6688962,7391,Honolulu,Oahu,Laie,33217340.27,35150.99975,386.3572532,6886.203935
102.04,2,0,35593,54011042,54011042,2100,23.38361854,18.09756344,13.33650086,6.331328348,0,3434.145591,235.3070898,450.0836556,777.2339129,1166.535663,539000,881900,1420900,0.06851983515,0.1310613204,0.2263252656,0.3396873057,821472.212,766317.3041,682303.9825,582330.0347,1121330.035,350,2,87181,233,150030102042,1049349,662988,1950,1048839.089,5585.487105,1002.619213,36964.01853,350,2,87181,91,15003010204,13782634,1421212,2836,Honolulu,Oahu,Hauula,13775870.75,20308.09373,1002.619213,36964.01853
102.02,2,0,10200,54012038,54012038,2024,0,0,0,0,0,944.4577648,126.9188326,251.115674,427.9391674,629.6875024,431500,810000,1241500,0.134382751,0.2658834342,0.453105669,0.6667185404,701149.77,594634.77,442984.14,269957.61,1132649.77,351,1,87216,381,150030102022,29054522,224678,1026,29039869.12,35428.14633,460.3706236,10165.83421,351,1,87216,237,15003010202,33345457,6688962,7391,Honolulu,Oahu,Laie,33217340.27,35150.99975,460.3706236,10165.83421
102.02,2,0,10000,54012040,54012040,2030,8.444799063,2.261577067,0,0,0,931.453618,115.4071586,222.8898858,377.7986983,557.0842329,730300,831500,1561800,0.1239000594,0.2392925225,0.4056011926,0.5980804864,728477.15,632527.8705,494242.7685,334196.48,1458777.15,352,1,87218,381,150030102022,29054522,224678,1026,29039869.12,35428.14633,453.8166087,10025.86484,352,1,87218,237,15003010202,33345457,6688962,7391,Honolulu,Oahu,Laie,33217340.27,35150.99975,453.8166087,10025.86484
102.02,2,0,9000,54012041,54012041,2030,6.529297989,0.836377216,0,0,0,838.7239939,115.9130655,222.8095678,404.5421615,598.9532034,279400,793500,1072900,0.1382016805,0.265653027,0.4823304978,0.7141243219,683836.713,582704.3445,410771.145,226842.606,963236.713,353,1,87219,381,150030102022,29054522,224678,1026,29039869.12,35428.14633,423.3616404,9027.75345,353,1,87219,237,15003010202,33345457,6688962,7391,Honolulu,Oahu,Laie,33217340.27,35150.99975,423.3616404,9027.75345
102.02,2,0,7800,54012043,54012043,2024,1.592688354,0,0,0,0,723.0353527,141.4723982,248.3981414,370.0962511,429.5812314,326000,728400,1054400,0.1956645656,0.3435490954,0.5118646685,0.5941358604,585877.614,478158.9084,355557.534,295631.3376,911877.614,354,1,87221,381,150030102022,29054522,224678,1026,29039869.12,35428.14633,382.5236196,7782.5193,354,1,87221,237,15003010202,33345457,6688962,7391,Honolulu,Oahu,Laie,33217340.27,35150.99975,382.5236196,7782.5193
102.02,2,0,7980,54012044,54012044,2024,3.901252552,0,0,0,0,742.0976531,164.3783995,287.0824821,414.2858706,460.7395287,196600,685500,882100,0.2215050793,0.3868527019,0.558263281,0.6208610509,533658.3225,420312.2685,302810.7135,259899.7845,730258.3225,355,1,87222,381,150030102022,29054522,224678,1026,29039869.12,35428.14633,380.8957509,7987.696905,355,1,87222,237,15003010202,33345457,6688962,7391,Honolulu,Oahu,Laie,33217340.27,35150.99975,380.8957509,7987.696905
102.02,2,0,6328,54012045,54012045,2024,3.548752441,0,0,0,0,592.3645143,110.9941827,214.6662278,375.2603823,532.7649512,196700,570200,766900,0.1873748005,0.3623887364,0.6334957163,0.8993870131,463358.775,363565.7922,208980.5808,57369.5326,660058.775,356,1,87223,381,150030102022,29054522,224678,1026,29039869.12,35428.14633,342.6661972,6376.018929,356,1,87223,237,15003010202,33345457,6688962,7391,Honolulu,Oahu,Laie,33217340.27,35150.99975,342.6661972,6376.018929
102.02,4,0,21704,55002002,55002002,2030,8.050210051,0,0,0,0,2011.474329,275.9685019,577.4335457,994.9550181,1451.468768,161900,1121300,1283200,0.1371971285,0.2870698062,0.4946396799,0.7215944778,967461.0039,799408.409,566660.168,312176.6478,1129361.004,357,1,87625,635,150030102024,1476698,6464284,1333,1364633.851,17378.31092,884.1652038,21650.89601,357,1,87625,237,15003010202,33345457,6688962,7391,Honolulu,Oahu,Laie,33217340.27,35150.99975,884.1652038,21650.89601
102.02,4,0,6025,55002006,55002006,2050,12.77218857,7.601870294,3.036053085,0,0,553.9055676,78.1176393,147.2213104,248.9200171,366.9893155,386100,1181800,1567900,0.1410306086,0.2657877425,0.4493907114,0.6625485226,1015129.564,867691.7416,650709.7162,398799.5918,1253791.742,358,1,87627,635,150030102024,1476698,6464284,1333,1364633.851,17378.31092,415.3393891,5962.061888,358,1,87627,237,15003010202,33345457,6688962,7391,Honolulu,Oahu,Laie,33217340.27,35150.99975,415.3393891,5962.061888
102.02,4,0,8573,55002007,55002007,2050,13.53056573,8.313094081,3.698541647,0,0,793.8544427,77.56006453,146.4325495,247.8843283,366.435877,384400,1359800,1744200,0.09770061155,0.1844576809,0.3122541299,0.4615907618,1226946.18,1108974.012,935197.0108,732128.5582,1493374.012,359,1,87628,635,150030102024,1476698,6464284,1333,1364633.851,17378.31092,446.1415146,8544.789752,359,1,87628,237,15003010202,33345457,6688962,7391,Honolulu,Oahu,Laie,33217340.27,35150.99975,446.1415146,8544.789752
102.02,4,0,8607,55002008,55002008,2075,19.60600845,15.25734704,11.40988558,5.766452293,0,828.4455622,73.97877404,140.5204149,239.575475,357.8641231,462500,1360600,1823100,0.08929829239,0.1696193707,0.2891867443,0.4319705958,1239101.141,1129816.389,967132.1678,772860.2574,1429632.168,360,1,87629,635,150030102024,1476698,6464284,1333,1364633.851,17378.31092,451.937958,8917.114068,360,1,87629,237,15003010202,33345457,6688962,7391,Honolulu,Oahu,Laie,33217340.27,35150.99975,451.937958,8917.114068
102.02,4,0,59422,55002019,55002019,2100,42.64749663,34.76426973,26.04420221,14.00263767,0.90716741,5418.510984,403.6838899,789.8171352,1293.804317,1703.090178,1021700,2144800,3166500,0.07450088983,0.1457627635,0.2387748813,0.3143096292,1985010.255,1832167.518,1632675.38,1470667.912,2492367.912,361,1,87633,635,150030102024,1476698,6464284,1333,1364633.851,17378.31092,1178.29094,58323.07358,361,1,87633,237,15003010202,33345457,6688962,7391,Honolulu,Oahu,Laie,33217340.27,35150.99975,1178.29094,58323.07358
102.02,4,0,57427,55002020,55002020,2030,10.04970471,6.013051966,2.923621618,0,0,5288.710871,225.7391008,398.8970727,679.2616927,1027.972912,341500,2263600,2605100,0.04268319943,0.07542425413,0.1284361557,0.1943711685,2166982.761,2092870.234,1972872.27,1823621.804,2508482.761,362,1,87634,635,150030102024,1476698,6464284,1333,1364633.851,17378.31092,972.6611445,56925.94283,362,1,87634,237,15003010202,33345457,6688962,7391,Honolulu,Oahu,Laie,33217340.27,35150.99975,972.6611445,56925.94283
102.02,4,0,20804,55002024,55002024,2100,24.14350306,19.22753838,14.85965263,8.303912938,0.640612499,1907.192291,163.426237,306.4583955,517.2274012,757.4683116,1107900,1639500,2747400,0.08568943873,0.1606856303,0.2711983493,0.3971641009,1499012.885,1376055.303,1194870.879,988349.622,2096249.622,363,1,87638,635,150030102024,1476698,6464284,1333,1364633.851,17378.31092,610.7925199,20528.38356,363,1,87638,237,15003010202,33345457,6688962,7391,Honolulu,Oahu,Laie,33217340.27,35150.99975,610.7925199,20528.38356
102.02,4,0,21538,55002025,55002025,2024,4.143531359,0,0,0,0,2024.085502,155.8581071,295.6411163,504.9732235,748.1878888,461800,726600,1188400,0.07700174078,0.146061575,0.2494821603,0.3696424327,670650.3468,620471.3508,545326.3788,458018.1228,1132450.347,364,1,87639,635,150030102024,1476698,6464284,1333,1364633.851,17378.31092,633.9283069,21786.60216,364,1,87639,237,15003010202,33345457,6688962,7391,Honolulu,Oahu,Laie,33217340.27,35150.99975,633.9283069,21786.60216
102.02,4,0,0,55002027,55002027,2075,20.06414071,14.99420856,10.49937168,3.77341387,0,2199.786213,152.2274271,287.6322718,490.207564,726.4241154,806900,1796900,2603800,0.06920100971,0.130754648,0.222843275,0.3302248697,1672552.723,1561946.341,1396473.413,1203518.698,2203373.413,365,1,87641,635,150030102024,1476698,6464284,1333,1364633.851,17378.31092,679.3434224,23677.76805,365,1,87641,237,15003010202,33345457,6688962,7391,Honolulu,Oahu,Laie,33217340.27,35150.99975,679.3434224,23677.76805
102.02,4,0,0,55002028,55002028,2050,13.80920563,8.493433486,3.674477545,0,0,2434.987511,162.8092517,310.5836528,529.1326698,781.7040677,913300,1833200,2746500,0.06686245862,0.1275504089,0.217304059,0.3210300111,1710628.582,1599375.34,1434838.307,1244687.804,2512675.34,366,1,87642,635,150030102024,1476698,6464284,1333,1364633.851,17378.31092,725.6845109,26209.39739,366,1,87642,237,15003010202,33345457,6688962,7391,Honolulu,Oahu,Laie,33217340.27,35150.99975,725.6845109,26209.39739
102.02,4,0,27866,55002029,55002029,2050,16.24538938,10.83032767,5.791440924,0,0,2586.181702,166.0691895,320.2945548,546.5903531,806.2277758,738500,1894500,2633000,0.06421404552,0.1238484344,0.2113503288,0.3117444436,1772846.577,1659869.964,1494097.425,1303900.992,2398369.964,367,1,87643,635,150030102024,1476698,6464284,1333,1364633.851,17378.31092,760.6012898,27836.80649,367,1,87643,237,15003010202,33345457,6688962,7391,Honolulu,Oahu,Laie,33217340.27,35150.99975,760.6012898,27836.80649
102.02,4,0,7531,55002030,55002030,2030,10.46098605,5.784816857,1.175620218,0,0,745.7010492,0,0,0,0,82000,780100,862100,0,0,0,0,780100,780100,780100,780100,862100,368,1,87644,635,150030102024,1476698,6464284,1333,1364633.851,17378.31092,367.6934372,8026.479681,368,1,87644,237,15003010202,33345457,6688962,7391,Honolulu,Oahu,Laie,33217340.27,35150.99975,367.6934372,8026.479681
102.02,4,0,8137,55002031,55002031,2100,42.97312595,35.52386387,27.8563768,17.26114347,5.677466116,752.7869793,0,0,0,0,266400,797100,1063500,0,0,0,0,797100,797100,797100,797100,1063500,369,1,87645,635,150030102024,1476698,6464284,1333,1364633.851,17378.31092,369.3903971,8102.750329,369,1,87645,237,15003010202,33345457,6688962,7391,Honolulu,Oahu,Laie,33217340.27,35150.99975,369.3903971,8102.750329
102.02,4,0,32174,55002032,55002032,2050,20.1294272,12.64367097,4.795544816,0,0,2993.115488,231.6257228,472.3054768,805.7685868,1172.020202,1232600,1806400,3039000,0.07738616292,0.157797278,0.269207316,0.3915719947,1666609.93,1521355.499,1320104.475,1099064.339,2753955.499,370,1,87646,635,150030102024,1476698,6464284,1333,1364633.851,17378.31092,852.5619667,32216.85588,370,1,87646,237,15003010202,33345457,6688962,7391,Honolulu,Oahu,Laie,33217340.27,35150.99975,852.5619667,32216.85588
102.02,4,0,19350,55002033,55002033,2030,11.03614584,2.938617178,0,0,0,1760.196012,218.9347376,448.3507006,761.9023534,888.0611147,529900,1262800,1792700,0.1243808849,0.2547163485,0.4328508578,0.5045239899,1105731.673,941144.6352,716195.7572,625687.0928,1635631.673,371,1,87647,635,150030102024,1476698,6464284,1333,1364633.851,17378.31092,844.6628352,18946.21365,371,1,87647,237,15003010202,33345457,6688962,7391,Honolulu,Oahu,Laie,33217340.27,35150.99975,844.6628352,18946.21365
102.02,4,0,5000,55002036,55002036,2100,56.16750454,43.91551937,29.72774642,11.50189881,0,479.2891224,0,0,0,206.4362754,225300,750000,975300,0,0,0,0.4307134583,750000,750000,750000,426965.25,652265.25,372,1,87650,635,150030102024,1476698,6464284,1333,1364633.851,17378.31092,288.69101,5158.910213,372,1,87650,237,15003010202,33345457,6688962,7391,Honolulu,Oahu,Laie,33217340.27,35150.99975,288.69101,5158.910213
102.02,4,0,38458,55002037,55002037,2075,34.23909339,22.09272667,7.743240222,0,0,3519.785597,386.9126983,836.8388914,1430.521936,2052.909444,2025500,1859600,3885100,0.1099250757,0.2377528029,0.4064230325,0.5832484359,1655183.47,1417474.521,1103815.789,774992.0192,3129315.789,373,1,87651,635,150030102024,1476698,6464284,1333,1364633.851,17378.31092,965.4157694,37885.75375,373,1,87651,237,15003010202,33345457,6688962,7391,Honolulu,Oahu,Laie,33217340.27,35150.99975,965.4157694,37885.75375
102.02,4,0,39539,55002038,55002038,2100,60.68303579,48.20826043,33.83544585,14.6412314,0,3704.811123,382.6687675,828.262034,1425.769436,2064.250195,1225700,1893000,3118700,0.1032896833,0.2235639028,0.3848426784,0.5571809536,1697472.03,1469793.348,1164492.201,838256.367,2063956.367,374,1,87652,635,150030102024,1476698,6464284,1333,1364633.851,17378.31092,1000.125289,39877.43722,374,1,87652,237,15003010202,33345457,6688962,7391,Honolulu,Oahu,Laie,33217340.27,35150.99975,1000.125289,39877.43722
102.02,4,0,24959,55002041,55002041,2030,9.68878745,5.517405728,2.290413579,0,0,2356.931631,124.4842568,219.7211443,371.7059308,561.0935939,559400,1741800,2301200,0.05281623582,0.09322338475,0.1577075575,0.2380610394,1649805.091,1579424.179,1467104.206,1327145.35,2209205.091,375,1,87655,635,150030102024,1476698,6464284,1333,1364633.851,17378.31092,704.7552384,25369.22658,375,1,87655,237,15003010202,33345457,6688962,7391,Honolulu,Oahu,Laie,33217340.27,35150.99975,704.7552384,25369.22658
102.02,4,0,10734,55002042,55002042,2075,17.68526262,13.29237835,9.800155316,4.379771061,0,991.3540037,66.14505942,119.672117,203.3491543,306.2237068,693400,1434600,2128000,0.06672193704,0.1207158256,0.205122644,0.3088944067,1338880.619,1261420.826,1140330.544,991460.6676,1833730.544,376,1,87656,635,150030102024,1476698,6464284,1333,1364633.851,17378.31092,522.3722102,10670.60927,376,1,87656,237,15003010202,33345457,6688962,7391,Honolulu,Oahu,Laie,33217340.27,35150.99975,522.3722102,10670.60927
102.02,4,0,41800,55002046,55002046,2075,15.78159823,11.60396273,8.370378268,3.274017302,0,3848.620463,130.8063136,232.3240611,391.6041583,584.101304,1054500,2256800,3311300,0.03398784445,0.06036554223,0.1017518256,0.1517690065,2180095.882,2120566.011,2027166.086,1914287.721,3081666.086,377,1,87659,635,150030102024,1476698,6464284,1333,1364633.851,17378.31092,1026.177038,41425.29467,377,1,87659,237,15003010202,33345457,6688962,7391,Honolulu,Oahu,Laie,33217340.27,35150.99975,1026.177038,41425.29467
102.02,4,0,8530,55002054,55002054,2075,21.1212972,15.89020276,11.25924287,4.463622749,0,812.201266,80.86764655,152.4706681,257.3056105,379.3687592,449700,1358700,1808400,0.09956601883,0.1877252283,0.3168003071,0.4670871311,1223419.676,1103638.043,928263.84,724068.8931,1377963.84,378,1,87667,635,150030102024,1476698,6464284,1333,1364633.851,17378.31092,447.450176,8742.26725,378,1,87667,237,15003010202,33345457,6688962,7391,Honolulu,Oahu,Laie,33217340.27,35150.99975,447.450176,8742.26725
102.02,4,0,0,55002061,55002061,2100,22.8816301,18.82831544,15.62827086,10.52732865,4.287261267,2619.184142,91.54531343,164.621737,284.809473,437.6210443,433000,1807100,2240100,0.03495184319,0.062852296,0.1087397668,0.1670829619,1743938.241,1693520.151,1610595.946,1505164.311,1938164.311,379,1,87670,635,150030102024,1476698,6464284,1333,1364633.851,17378.31092,786.8532036,28192.04023,379,1,87670,237,15003010202,33345457,6688962,7391,Honolulu,Oahu,Laie,33217340.27,35150.99975,786.8532036,28192.04023
102.02,4,0,0,55002064,55002064,2100,27.90028552,23.07128868,18.98330558,12.84605466,5.512167468,1008.472737,74.59409798,137.8159265,233.1531914,347.5744306,374600,1428400,1803000,0.07396739174,0.1366580588,0.2311943426,0.3446542657,1322745.537,1233197.713,1098162.49,936096.2264,1310696.226,380,1,87671,635,150030102024,1476698,6464284,1333,1364633.851,17378.31092,527.7354915,10854.87073,380,1,87671,237,15003010202,33345457,6688962,7391,Honolulu,Oahu,Laie,33217340.27,35150.99975,527.7354915,10854.87073
102.02,4,0,11019,55002065,55002065,2030,8.020409687,2.971890563,0,0,0,1097.792601,179.5145698,332.1967995,550.0329763,789.0765969,394200,1261200,1655400,0.1635232098,0.3026043346,0.5010354196,0.7187847654,1054964.792,879555.8352,629294.658,354668.358,1449164.792,381,1,87672,635,150030102024,1476698,6464284,1333,1364633.851,17378.31092,531.623185,11816.2723,381,1,87672,237,15003010202,33345457,6688962,7391,Honolulu,Oahu,Laie,33217340.27,35150.99975,531.623185,11816.2723
102.02,4,0,16226,55002069,55002069,2100,17.97756697,14.0555906,11.14217934,6.453523612,0.613434206,1526.630759,120.4258371,209.3368295,352.9356469,531.8761834,0,971300,971300,0.07888340804,0.1371234192,0.2311859923,0.3483987076,894680.9421,838112.4301,746749.0382,632900.0513,632900.0513,382,1,87673,635,150030102024,1476698,6464284,1333,1364633.851,17378.31092,732.7357583,16432.1749,382,1,87673,237,15003010202,33345457,6688962,7391,Honolulu,Oahu,Laie,33217340.27,35150.99975,732.7357583,16432.1749
102.02,4,0,5053,55002076,55002076,2100,48.52861669,38.41700398,27.30774175,13.25261947,0,488.2782625,0,0,0,119.6185235,468900,750800,1219700,0,0,0,0.244980235,750800,750800,750800,566869.016,1035769.016,383,1,87677,635,150030102024,1476698,6464284,1333,1364633.851,17378.31092,334.3655297,5255.667241,383,1,87677,237,15003010202,33345457,6688962,7391,Honolulu,Oahu,Laie,33217340.27,35150.99975,334.3655297,5255.667241
102.02,4,0,6830,55002077,55002077,2050,18.32058266,8.457530282,0,0,0,633.1226861,130.5750203,278.3884568,475.1165114,560.6063392,493500,1212800,1706300,0.2062396802,0.4397069681,0.7504335601,0.8854624096,962672.128,679523.3504,302673.6448,138911.6864,1173023.35,384,1,87678,635,150030102024,1476698,6464284,1333,1364633.851,17378.31092,440.4220784,6814.727651,384,1,87678,237,15003010202,33345457,6688962,7391,Honolulu,Oahu,Laie,33217340.27,35150.99975,440.4220784,6814.727651
102.02,4,0,5874,55002078,55002078,2100,60.44101057,49.43945815,36.94306405,20.13814231,2.507885026,544.1517734,0,0,0,11.61622037,604800,763100,1367900,0,0,0,0.02134739044,763100,763100,763100,746810.1043,1351610.104,385,1,87679,635,150030102024,1476698,6464284,1333,1364633.851,17378.31092,306.071448,5857.070978,385,1,87679,237,15003010202,33345457,6688962,7391,Honolulu,Oahu,Laie,33217340.27,35150.99975,306.071448,5857.070978
102.02,4,0,5049,55002079,55002079,2075,44.08290514,32.89858695,20.20051071,3.691397185,0,467.7714201,0,0,30.46885929,382.5870549,113700,750700,864400,0,0,0.06513621392,0.8178931812,750700,750700,701802.4048,136707.7249,815502.4048,386,1,87680,635,150030102024,1476698,6464284,1333,1364633.851,17378.31092,287.0360772,5034.938079,386,1,87680,237,15003010202,33345457,6688962,7391,Honolulu,Oahu,Laie,33217340.27,35150.99975,287.0360772,5034.938079
102.02,4,0,12350,55002080,55002080,2075,33.75060221,22.55057541,9.833248636,0,0,1147.436822,182.3684658,391.7732179,641.3990056,647.694745,293300,1287000,1580300,0.1589355181,0.3414333674,0.558984158,0.5644709433,1082449.368,847575.729,567587.592,560525.823,860887.592,387,1,87681,635,150030102024,1476698,6464284,1333,1364633.851,17378.31092,596.6921984,12350.63998,387,1,87681,237,15003010202,33345457,6688962,7391,Honolulu,Oahu,Laie,33217340.27,35150.99975,596.6921984,12350.63998
102.02,4,0,10684,55002081,55002081,2030,9.981435682,0,0,0,0,992.5726421,174.2725822,372.9356187,509.2744739,509.2744738,380700,1186100,1566800,0.1755766528,0.3757262722,0.5130853424,0.5130853423,977848.1203,740451.3914,577529.8815,577529.8815,1358548.12,388,1,87682,635,150030102024,1476698,6464284,1333,1364633.851,17378.31092,530.1209266,10683.72171,388,1,87682,237,15003010202,33345457,6688962,7391,Honolulu,Oahu,Laie,33217340.27,35150.99975,530.1209266,10683.72171
102.02,4,0,6789,55002082,55002082,2024,5.934039928,0.981952585,0,0,0,629.660025,76.3030662,144.6932521,247.4180883,366.5956632,563400,1160400,1723800,0.1211813728,0.2297958364,0.3929391711,0.5822120648,1019781.568,893744.7216,704433.5844,484801.1952,1583181.568,389,1,87683,635,150030102024,1476698,6464284,1333,1364633.851,17378.31092,568.3376801,6777.453058,389,1,87683,237,15003010202,33345457,6688962,7391,Honolulu,Oahu,Laie,33217340.27,35150.99975,568.3376801,6777.453058
102.02,4,0,5600,55002084,55002084,2075,27.65002915,20.23829202,12.62297859,2.097612817,0,538.6090707,0,0,6.82883817,265.9230655,182100,697700,879800,0,0,0.01267865422,0.4937218475,697700,697700,688853.8617,353230.1606,870953.8617,390,1,87685,635,150030102024,1476698,6464284,1333,1364633.851,17378.31092,471.0121582,5797.413685,390,1,87685,237,15003010202,33345457,6688962,7391,Honolulu,Oahu,Laie,33217340.27,35150.99975,471.0121582,5797.413685
102.02,4,0,11480,55002085,55002085,2030,8.452682406,2.119428326,0,0,0,1093.007582,217.8626123,439.6639512,742.3347208,824.83607,603800,1265400,1869200,0.1993239716,0.4022515108,0.6791670369,0.7546480771,1013175.41,756390.3192,405982.0782,310468.4208,1616975.41,391,1,87686,635,150030102024,1476698,6464284,1333,1364633.851,17378.31092,760.7123704,11764.78137,391,1,87686,237,15003010202,33345457,6688962,7391,Honolulu,Oahu,Laie,33217340.27,35150.99975,760.7123704,11764.78137
102.02,4,0,10565,55002086,55002086,2075,34.99639448,25.20691032,13.90773548,0,0,980.5139951,180.6964736,381.1113702,650.0943028,834.7548221,523900,1372500,1896400,0.1842875008,0.3886852938,0.6630137928,0.8513441178,1119564.72,839029.8375,462513.285,204030.36,986413.285,392,1,87687,635,150030102024,1476698,6464284,1333,1364633.851,17378.31092,509.7062355,10553.92704,392,1,87687,237,15003010202,33345457,6688962,7391,Honolulu,Oahu,Laie,33217340.27,35150.99975,509.7062355,10553.92704
102.02,4,0,37626,55002088,55002088,2030,8.085245226,0.717774257,0,0,0,3503.12583,355.925381,734.1573564,1249.514313,1776.610468,939300,1824200,2763500,0.1016022256,0.2095720771,0.3566855357,0.507150058,1638857.632,1441898.758,1173533.399,899056.97,2578157.632,393,1,87689,635,150030102024,1476698,6464284,1333,1364633.851,17378.31092,1059.357671,37706.493,393,1,87689,237,15003010202,33345457,6688962,7391,Honolulu,Oahu,Laie,33217340.27,35150.99975,1059.357671,37706.493
102.02,4,0,23062,55002089,55002089,2050,15.33871621,8.157819299,0.541777288,0,0,2138.484904,276.0864809,550.5483168,903.8790068,1247.975164,494300,1141900,1636200,0.1291037783,0.2574478388,0.4226726152,0.5835791318,994476.1424,847920.1288,659249.7013,475511.1399,1342220.129,394,1,87690,635,150030102024,1476698,6464284,1333,1364633.851,17378.31092,1038.412059,23017.94839,394,1,87690,237,15003010202,33345457,6688962,7391,Honolulu,Oahu,Laie,33217340.27,35150.99975,1038.412059,23017.94839
102.02,4,0,10143,55002090,55002090,2050,13.09363035,7.960537854,3.434548428,0,0,942.2732375,77.11066812,145.4340186,246.8127134,365.1148401,823900,1433700,2257600,0.08183472167,0.1543437856,0.2619332733,0.3874829779,1316373.161,1212417.007,1058166.658,878165.6229,2036317.007,395,1,87691,635,150030102024,1476698,6464284,1333,1364633.851,17378.31092,503.1091918,10142.31916,395,1,87691,237,15003010202,33345457,6688962,7391,Honolulu,Oahu,Laie,33217340.27,35150.99975,503.1091918,10142.31916
102.02,4,0,5932,55002091,55002091,2075,42.5043123,30.94707821,18.6615896,4.12795675,0,556.5356308,0,0,299.5723636,535.841109,335400,825000,1160400,0,0,0.5382806545,0.9628154592,825000,825000,380918.175,30677.625,716318.175,396,1,87692,635,150030102024,1476698,6464284,1333,1364633.851,17378.31092,435.7828001,5990.363701,396,1,87692,237,15003010202,33345457,6688962,7391,Honolulu,Oahu,Laie,33217340.27,35150.99975,435.7828001,5990.363701
102.02,4,0,9270,55002092,55002092,2030,11.40306203,0.945267048,0,0,0,879.2215232,178.661109,414.4655618,608.3530445,683.4878274,229500,1000400,1229900,0.2032037482,0.4714006094,0.691922375,0.7773784074,797114.7184,528810.4396,308201.2312,222711.0488,1026614.718,397,1,87693,635,150030102024,1476698,6464284,1333,1364633.851,17378.31092,732.5908793,9463.651002,397,1,87693,237,15003010202,33345457,6688962,7391,Honolulu,Oahu,Laie,33217340.27,35150.99975,732.5908793,9463.651002
102.02,4,0,7794,55002093,55002093,2030,12.45101272,0.213061773,0,0,0,721.712476,191.8260355,383.9147085,455.7237672,531.1648458,241500,934700,1176200,0.2657928772,0.5319496631,0.6314478166,0.7359784727,686263.2829,437486.335,344485.5544,246781.3634,927763.2829,398,1,87694,635,150030102024,1476698,6464284,1333,1364633.851,17378.31092,644.090743,7768.251766,398,1,87694,237,15003010202,33345457,6688962,7391,Honolulu,Oahu,Laie,33217340.27,35150.99975,644.090743,7768.251766
102.02,4,0,21728,55002097,55002097,2050,18.74333124,9.609062132,0.044305814,0,0,2026.844051,280.8804199,594.6507438,1022.000488,1482.150596,912600,1510500,2423100,0.1385801832,0.2933875171,0.5042324235,0.7312603036,1301174.91,1067337.426,748857.564,405931.77,1979937.426,399,1,87698,635,150030102024,1476698,6464284,1333,1364633.851,17378.31092,873.9418045,21816.23908,399,1,87698,237,15003010202,33345457,6688962,7391,Honolulu,Oahu,Laie,33217340.27,35150.99975,873.9418045,21816.23908
102.02,4,0,15117,55002099,55002099,2075,17.07939468,12.0775135,7.710469773,1.316235613,0,1402.016209,137.0105951,257.290768,434.0055906,641.9845619,838500,1484900,2323400,0.09772397369,0.1835148312,0.3095581833,0.4579009555,1339789.632,1212398.577,1025237.326,804962.8051,1863737.326,400,1,87700,635,150030102024,1476698,6464284,1333,1364633.851,17378.31092,516.3533698,15090.84128,400,1,87700,237,15003010202,33345457,6688962,7391,Honolulu,Oahu,Laie,33217340.27,35150.99975,516.3533698,15090.84128
102.02,4,0,11014,55003026,55003026,2075,13.24778291,10.38445544,9.090088489,5.638096385,0.104590312,1036.335214,0,0.6461732442,104.9352782,279.7616121,687100,1529200,2216300,0,0.0006235175987,0.1012561156,0.2699528186,1529200,1528245.779,1374359.325,1116387.872,2061459.325,401,1,87707,635,150030102024,1476698,6464284,1333,1364633.851,17378.31092,471.8153882,11154.76455,401,1,87707,237,15003010202,33345457,6688962,7391,Honolulu,Oahu,Laie,33217340.27,35150.99975,471.8153882,11154.76455
102.02,4,0,12475,55003028,55003028,2075,13.32476193,10.41951786,9.06973485,5.550801936,0,1165.665555,15.70222512,46.05748394,125.5023372,251.9217351,1091000,1479400,2570400,0.01347060917,0.03951174822,0.1076658194,0.2161183659,1459471.003,1420945.947,1320118.92,1159675.031,2411118.92,402,1,87709,635,150030102024,1476698,6464284,1333,1364633.851,17378.31092,505.1010936,12546.83596,402,1,87709,237,15003010202,33345457,6688962,7391,Honolulu,Oahu,Laie,33217340.27,35150.99975,505.1010936,12546.83596
102.02,4,0,11408,55003041,55003041,2100,12.72689497,10.31378014,9.557419232,6.76891682,1.94023157,1082.417702,0,0,0,78.66434099,758500,1466600,2225100,0,0,0,0.0726746623,1466600,1466600,1466600,1360014.845,2118514.845,403,1,87722,635,150030102024,1476698,6464284,1333,1364633.851,17378.31092,472.4690809,11650.78431,403,1,87722,237,15003010202,33345457,6688962,7391,Honolulu,Oahu,Laie,33217340.27,35150.99975,472.4690809,11650.78431
102.02,4,0,13032,55003043,55003043,2100,17.02803403,14.13550635,12.79108923,9.277918173,3.695090317,1212.609477,14.42848103,41.98169675,118.0739602,241.419957,445200,1508800,1954000,0.01189870383,0.03462095385,0.09737179399,0.1990912668,1490846.789,1456563.835,1361885.126,1208411.499,1653611.499,404,1,87724,635,150030102024,1476698,6464284,1333,1364633.851,17378.31092,518.390587,13052.12523,404,1,87724,237,15003010202,33345457,6688962,7391,Honolulu,Oahu,Laie,33217340.27,35150.99975,518.390587,13052.12523
102.02,4,0,0,56001026,56001026,2100,19.43476067,16.10044483,13.70930042,9.860579244,5.267089803,4677.074724,100.2274075,171.955845,287.5375546,425.5978991,843700,1946900,2790600,0.02142950743,0.03676568265,0.06147807584,0.09099660026,1905177.933,1875320.275,1827208.482,1769737.941,2613437.941,405,1,88397,635,150030102024,1476698,6464284,1333,1364633.851,17378.31092,1247.383641,50342.44519,405,1,88397,237,15003010202,33345457,6688962,7391,Honolulu,Oahu,Laie,33217340.27,35150.99975,1247.383641,50342.44519
102.02,4,0.935,0,56001028,56001028,2100,14.90423288,12.26307103,11.05869181,8.791620019,5.752996754,3812.805878,85.5555379,127.3162827,204.0226085,305.0591827,1286800,1920100,3206900,0.02243899654,0.03339175576,0.0535098337,0.08000910418,1877014.876,1855984.021,1817355.449,1766474.719,3053274.719,406,1,88399,635,150030102024,1476698,6464284,1333,1364633.851,17378.31092,995.5466252,41039.76739,406,1,88399,237,15003010202,33345457,6688962,7391,Honolulu,Oahu,Laie,33217340.27,35150.99975,995.5466252,41039.76739
102.02,4,0.97,0,56001029,56001029,2100,14.33518476,11.75018259,10.63193259,8.507088685,5.608115005,4091.740498,85.98507241,123.5272806,194.7332629,291.7420553,1877200,2614900,4492100,0.02101430246,0.03018942199,0.04759179205,0.07130023409,2559950.491,2535958.784,2490451.679,2428457.63,4305657.63,407,1,88400,635,150030102024,1476698,6464284,1333,1364633.851,17378.31092,1022.050366,44042.13117,407,1,88400,237,15003010202,33345457,6688962,7391,Honolulu,Oahu,Laie,33217340.27,35150.99975,1022.050366,44042.13117
101.03,1,0.148,0,57003037,57003037,2075,15.66188922,11.85497334,9.39541899,4.008843922,0,592.1300954,56.56564313,92.11721297,171.044008,289.7449828,870800,1850300,2721100,0.0955290798,0.1555692131,0.28886221,0.4893265602,1673542.691,1562450.679,1315818.641,944898.2519,2186618.641,408,1,89066,84,150030101031,48277438,8227279,440,48252094.42,39478.54056,359.774967,6373.482285,408,1,89066,92,15003010103,50767945,11704468,3292,Honolulu,Oahu,Turtle Bay,50741343.27,38511.02297,359.774967,6373.482285
101.03,1,0.229,0,57003039,57003039,2030,7.087086365,3.226048207,0.58304364,0,0,929.503158,101.8009886,171.1946578,319.8596623,544.8831201,1658900,2143100,3802000,0.1095219395,0.1841786726,0.3441189624,0.5862090036,1908383.402,1748385.985,1405618.571,886795.4921,3567283.402,409,1,89068,84,150030101031,48277438,8227279,440,48252094.42,39478.54056,404.5982479,10004.84806,409,1,89068,92,15003010103,50767945,11704468,3292,Honolulu,Oahu,Turtle Bay,50741343.27,38511.02297,404.5982479,10004.84806
101.03,1,0.144,0,57003040,57003040,2030,8.048214237,4.027714689,1.217393451,0,0,599.1007477,65.30497194,113.567385,221.028798,397.3403526,917400,1830700,2748100,0.1090049916,0.1895630834,0.3689342716,0.6632279365,1631144.547,1483667.016,1155292.526,616528.5004,2548544.547,410,1,89069,84,150030101031,48277438,8227279,440,48252094.42,39478.54056,338.9800465,6448.512779,410,1,89069,92,15003010103,50767945,11704468,3292,Honolulu,Oahu,Turtle Bay,50741343.27,38511.02297,338.9800465,6448.512779
101.03,1,0.27,0,57003041,57003041,2050,10.56739419,6.131458695,2.826772059,0,0,1116.712901,133.6211638,227.8782365,408.2163759,609.8038444,1401900,2460600,3862500,0.1196557895,0.2040616136,0.3655517685,0.5460703854,2166174.446,1958485.043,1561122.749,1116940.158,3360385.043,411,1,89070,84,150030101031,48277438,8227279,440,48252094.42,39478.54056,445.6308492,12019.90905,411,1,89070,92,15003010103,50767945,11704468,3292,Honolulu,Oahu,Turtle Bay,50741343.27,38511.02297,445.6308492,12019.90905
101.03,1,0.221,0,57003042,57003042,2030,8.886573698,4.151016013,0.457169244,0,0,920.6227689,103.9598218,185.7963528,345.5928863,544.1551886,926500,2283500,3210000,0.1129233659,0.2018159436,0.3753903314,0.5910729204,2025640.33,1822653.164,1426296.935,933784.8045,2952140.33,412,1,89071,84,150030101031,48277438,8227279,440,48252094.42,39478.54056,420.4099747,9909.26464,412,1,89071,92,15003010103,50767945,11704468,3292,Honolulu,Oahu,Turtle Bay,50741343.27,38511.02297,420.4099747,9909.26464
101.03,1,0.264,0,57003043,57003043,2030,10.77411255,5.950076355,2.116562104,0,0,1052.656139,103.0049571,187.636246,348.1769092,580.2424535,1163000,2501000,3664000,0.09785242614,0.1782502748,0.3307603465,0.55121747,2256272.148,2055196.75,1673769.24,1122406.283,3419272.148,413,1,89072,84,150030101031,48277438,8227279,440,48252094.42,39478.54056,468.3436208,11330.42815,413,1,89072,92,15003010103,50767945,11704468,3292,Honolulu,Oahu,Turtle Bay,50741343.27,38511.02297,468.3436208,11330.42815
101.03,1,0.343,0,57003044,57003044,2050,12.44667955,7.583861268,3.625312009,0,0,1335.814605,88.78359721,166.2135528,317.8707086,549.0439081,1591000,2586900,4177900,0.06646401147,0.1244286088,0.2379601986,0.4110180456,2414964.278,2265014.62,1971321.276,1523637.536,3856014.62,414,1,89073,84,150030101031,48277438,8227279,440,48252094.42,39478.54056,569.593164,14378.25592,414,1,89073,92,15003010103,50767945,11704468,3292,Honolulu,Oahu,Turtle Bay,50741343.27,38511.02297,569.593164,14378.25592
101.03,1,0.577,0,57003045,57003045,2030,8.991672372,3.852487493,0,0,0,2327.312707,116.7391285,216.7832273,406.5899143,684.9615415,971200,2860900,3832100,0.0501604826,0.09314744282,0.1747036026,0.2943143564,2717397.256,2594415.748,2361089.326,2018897.077,3688597.256,415,1,89074,84,150030101031,48277438,8227279,440,48252094.42,39478.54056,723.2995513,25050.40454,415,1,89074,92,15003010103,50767945,11704468,3292,Honolulu,Oahu,Turtle Bay,50741343.27,38511.02297,723.2995513,25050.40454
101.03,1,0,0,57003055,57003055,2075,13.07019043,10.09768484,7.296191673,1.653984385,0,2007.004845,17.0271439,27.24759837,44.43457664,60.11266317,1293300,3302600,4595900,0.008483857897,0.01357624943,0.02213974558,0.02995142903,3274580.742,3257763.902,3229480.436,3203683.827,4522780.436,416,1,89084,84,150030101031,48277438,8227279,440,48252094.42,39478.54056,572.3077283,21602.697,416,1,89084,92,15003010103,50767945,11704468,3292,Honolulu,Oahu,Turtle Bay,50741343.27,38511.02297,572.3077283,21602.697
101.03,1,0,27443,57003056,57003056,2050,15.38129952,11.15080499,5.801684627,0,0,2506.988109,217.6395804,416.5164666,703.146493,1071.06708,1206700,2598800,3805500,0.0868131682,0.1661421788,0.2804746023,0.4272326128,2373190.376,2167030.17,1869901.57,1488506.88,3373730.17,417,1,89085,84,150030101031,48277438,8227279,440,48252094.42,39478.54056,641.0464586,26984.33649,417,1,89085,92,15003010103,50767945,11704468,3292,Honolulu,Oahu,Turtle Bay,50741343.27,38511.02297,641.0464586,26984.33649
101.03,1,0,0,57003057,57003057,2075,19.84807482,15.09606222,11.39716426,4.464946471,0,1779.289686,160.4892111,287.0387738,521.0639138,843.4482037,551300,2659500,3210800,0.09019847209,0.1613221141,0.2928493982,0.474036471,2419618.419,2230464.141,1880668.085,1398801.258,2431968.085,418,1,89086,84,150030101031,48277438,8227279,440,48252094.42,39478.54056,572.8207784,19151.65658,418,1,89086,92,15003010103,50767945,11704468,3292,Honolulu,Oahu,Turtle Bay,50741343.27,38511.02297,572.8207784,19151.65658
101.03,1,0.457,0,57003058,57003058,2030,7.25197701,2.451745185,0,0,0,1876.285233,157.8888853,281.0142164,511.5959163,831.1742109,1240000,2333800,3573800,0.08414972443,0.1497715867,0.2726642556,0.4429892621,2137410.73,1984262.106,1697456.757,1299952.272,3377410.73,419,1,89087,84,150030101031,48277438,8227279,440,48252094.42,39478.54056,619.6148326,20195.67556,419,1,89087,92,15003010103,50767945,11704468,3292,Honolulu,Oahu,Turtle Bay,50741343.27,38511.02297,619.6148326,20195.67556
101.03,1,0.463,0,57003059,57003059,2100,30.22781038,25.0540874,20.7456408,13.07367006,2.791823321,1921.210127,152.460866,276.1740442,501.2836895,807.166175,1249300,2659700,3909000,0.07935668451,0.143750046,0.2609208032,0.4201342495,2448634.187,2277368.125,1965728.416,1542269.6,2791569.6,420,1,89088,84,150030101031,48277438,8227279,440,48252094.42,39478.54056,614.2031237,20679.23849,420,1,89088,92,15003010103,50767945,11704468,3292,Honolulu,Oahu,Turtle Bay,50741343.27,38511.02297,614.2031237,20679.23849
101.03,1,0.497,0,57003062,57003062,2050,13.85101349,8.769650884,4.608450878,0,0,2052.226383,94.39103856,248.1647661,511.3962122,840.9902589,1957600,1565200,3522800,0.0459944572,0.1209246544,0.2491909354,0.4097940976,1493210.191,1375928.19,1175166.247,923790.4312,3333528.19,421,1,89091,84,150030101031,48277438,8227279,440,48252094.42,39478.54056,1338.58661,22089.39153,421,1,89091,92,15003010103,50767945,11704468,3292,Honolulu,Oahu,Turtle Bay,50741343.27,38511.02297,1338.58661,22089.39153
101.03,1,0.49,0,57005001,57005001,2050,11.95759404,6.795716188,2.451882851,0,0,1980.872877,34.01683905,165.6620677,400.4872469,714.8128417,1033200,2413100,3446300,0.01717265123,0.08363084258,0.2021771571,0.3608575038,2371659.834,2211290.034,1925226.681,1542313.56,3244490.034,422,1,89103,84,150030101031,48277438,8227279,440,48252094.42,39478.54056,1146.571771,21321.41417,422,1,89103,92,15003010103,50767945,11704468,3292,Honolulu,Oahu,Turtle Bay,50741343.27,38511.02297,1146.571771,21321.41417
101.03,1,0.738,0,57005002,57005002,2050,14.052863,9.171553785,5.04198128,0,0,3102.854903,90.86840421,220.0334012,451.9923793,760.9821404,1000,1105000,1106000,0.02928541844,0.07091320995,0.1456698407,0.2452522481,1072640.075,1026641.135,944034.65,833996.54,1027641.135,423,1,89104,84,150030101031,48277438,8227279,440,48252094.42,39478.54056,1047.322835,33397.98765,423,1,89104,92,15003010103,50767945,11704468,3292,Honolulu,Oahu,Turtle Bay,50741343.27,38511.02297,1047.322835,33397.98765
101.03,1,0.907,0,57005003,57005003,2100,24.11635367,19.38709926,15.35310063,8.042606583,0,3760.029034,48.57529147,174.6219962,403.3180578,709.240687,2018000,2590200,4608200,0.01291886074,0.04644166166,0.1072646126,0.1886263857,2556737.206,2469905.932,2312362.197,2101620.935,4119620.935,424,1,89105,84,150030101031,48277438,8227279,440,48252094.42,39478.54056,985.0774241,40471.66062,424,1,89105,92,15003010103,50767945,11704468,3292,Honolulu,Oahu,Turtle Bay,50741343.27,38511.02297,985.0774241,40471.66062
101.02,1,0.46,0,58001021,58001021,2050,14.61467677,9.648545094,5.579605948,0,0,1861.299052,212.6702188,485.3045414,979.7564898,1648.938609,0,1573500,1573500,0.1142590271,0.2607343193,0.526383167,0.8859074028,1393713.464,1163235.051,745236.3495,179525.3355,1163235.051,425,1,89135,167,150030101021,14816877,2296188,1708,14808807.68,21550.33867,625.8002495,20034.37961,425,1,89135,44,15003010102,20575607,4473082,2414,Honolulu,Oahu,Sunset Beach,20564336.55,24085.48656,625.8002495,20034.37961
101.02,1,0.34,0,58001034,58001034,2075,19.44894544,12.97524074,6.787232946,0,0,1243.245951,0,0,79.36935545,422.8739007,49200,657900,707100,0,0,0.06384042946,0.3401369619,657900,657900,615899.664,434123.8677,665099.664,426,1,89148,167,150030101021,14816877,2296188,1708,14808807.68,21550.33867,751.39143,13381.87254,426,1,89148,44,15003010102,20575607,4473082,2414,Honolulu,Oahu,Sunset Beach,20564336.55,24085.48656,751.39143,13381.87254
101.02,1,0.723,0,58003068,58003068,2100,28.13641302,23.43662725,19.66815885,12.78350761,2.970464363,2924.66491,149.7853373,270.6061412,474.9346497,730.6172687,762400,2741300,3503700,0.05121452948,0.09252551985,0.1623894238,0.2498123003,2600904.321,2487658.476,2296143.034,2056490.364,2818890.364,427,1,89188,167,150030101021,14816877,2296188,1708,14808807.68,21550.33867,886.6320108,31480.07755,427,1,89188,44,15003010102,20575607,4473082,2414,Honolulu,Oahu,Sunset Beach,20564336.55,24085.48656,886.6320108,31480.07755
101.02,1,0.648,0,58003069,58003069,2075,14.75466078,11.33275341,9.378329567,4.749058351,0,2623.685623,107.5700901,177.4251356,317.7634931,515.9539701,2850000,2855400,5705400,0.04099961106,0.06762438841,0.1211134026,0.1966523602,2738328.6,2662306.43,2509573.94,2293879.879,5359573.94,428,1,89189,167,150030101021,14816877,2296188,1708,14808807.68,21550.33867,866.3771405,28240.4456,428,1,89189,44,15003010102,20575607,4473082,2414,Honolulu,Oahu,Sunset Beach,20564336.55,24085.48656,866.3771405,28240.4456
101.02,1,0,22362,58006034,58006034,2100,27.47717044,23.16224953,20.03969268,13.76416441,4.662821755,2079.368567,51.86053435,123.3637302,262.5690227,467.1258055,1903900,3009100,4913000,0.02494052049,0.05932749592,0.1262734404,0.2246479113,2934050.037,2830579.124,2629131.916,2333111.703,4237011.703,429,1,89405,167,150030101021,14816877,2296188,1708,14808807.68,21550.33867,718.9625392,22381.63442,429,1,89405,44,15003010102,20575607,4473082,2414,Honolulu,Oahu,Sunset Beach,20564336.55,24085.48656,718.9625392,22381.63442
101.02,1,0,18114,58006039,58006039,2100,21.41321567,18.28842539,16.47669333,12.03846512,5.166998802,1680.555595,76.00116685,126.8685833,254.5597925,457.2075273,1915500,2614200,4529700,0.04522383377,0.0754920478,0.151473592,0.2720573653,2495975.419,2416848.814,2218216.669,1902988.591,3818488.591,430,1,89410,167,150030101021,14816877,2296188,1708,14808807.68,21550.33867,552.3015544,18088.92533,430,1,89410,44,15003010102,20575607,4473082,2414,Honolulu,Oahu,Sunset Beach,20564336.55,24085.48656,552.3015544,18088.92533
101.02,1,0,13162,58006041,58006041,2100,24.88057849,21.12605713,18.52058209,13.03708636,5.104067753,1216.261954,67.79007746,138.1065575,285.977549,503.0211302,1665400,2682200,4347600,0.05573641208,0.1135500104,0.2351282535,0.4135795982,2532704.901,2377636.19,2051539.678,1572895.724,3238295.724,431,1,89412,167,150030101021,14816877,2296188,1708,14808807.68,21550.33867,468.7259211,13091.4248,431,1,89412,44,15003010102,20575607,4473082,2414,Honolulu,Oahu,Sunset Beach,20564336.55,24085.48656,468.7259211,13091.4248
101.02,1,0,9971,59001010,59001010,2075,15.74339619,12.13549515,9.411583258,3.730363618,0,937.6642158,0,0,0,53.85923927,2842700,3298300,6141000,0,0,0,0.05743979387,3298300,3298300,3298300,3108845.648,6141000,432,1,89442,167,150030101021,14816877,2296188,1708,14808807.68,21550.33867,426.2885572,10092.69655,432,1,89442,44,15003010102,20575607,4473082,2414,Honolulu,Oahu,Sunset Beach,20564336.55,24085.48656,426.2885572,10092.69655
101.02,1,0,8000,59001012,59001012,2075,15.16562735,10.92658287,7.613803498,1.222828625,0,754.9164292,0,0,0.07344845721,185.6168317,653800,3180000,3833800,0,0,0.00009729349418,0.2458773244,3180000,3180000,3179691.54,2398111.14,3833491.54,433,1,89443,167,150030101021,14816877,2296188,1708,14808807.68,21550.33867,436.045712,8125.666702,433,1,89443,44,15003010102,20575607,4473082,2414,Honolulu,Oahu,Sunset Beach,20564336.55,24085.48656,436.045712,8125.666702
101.02,1,0,16803,59001026,59001026,2075,15.56590333,10.59862234,6.242831661,0,0,1575.865323,0,0,25.17956685,334.1935231,1365700,2936100,4301800,0,0,0.01597824794,0.2120698503,2936100,2936100,2889186.994,2313441.273,4254886.994,434,1,89455,167,150030101021,14816877,2296188,1708,14808807.68,21550.33867,807.088503,16962.04326,434,1,89455,44,15003010102,20575607,4473082,2414,Honolulu,Oahu,Sunset Beach,20564336.55,24085.48656,807.088503,16962.04326
101.02,1,0,26385,59001027,59001027,2075,20.10547264,14.06396062,8.409861509,0,0,2366.372362,0,0.4181576457,224.8123794,600.0020936,1494300,3854800,5349100,0,0.0001767083036,0.09500296023,0.2535535418,3854800,3854117.7,3488582.436,2877400.041,4982882.436,435,1,89456,167,150030101021,14816877,2296188,1708,14808807.68,21550.33867,718.5439497,25470.84077,435,1,89456,44,15003010102,20575607,4473082,2414,Honolulu,Oahu,Sunset Beach,20564336.55,24085.48656,718.5439497,25470.84077
101.02,1,0,21206,59001028,59001028,2100,15.40590479,13.16675823,12.09362553,8.512981948,2.694930319,1945.354671,0,0,0,0.4041890299,3123300,4744400,7867700,0,0,0,0.0002077713827,4744400,4744400,4744400,4743413.165,7866713.165,436,1,89457,167,150030101021,14816877,2296188,1708,14808807.68,21550.33867,633.3074933,20939.14002,436,1,89457,44,15003010102,20575607,4473082,2414,Honolulu,Oahu,Sunset Beach,20564336.55,24085.48656,633.3074933,20939.14002
101.02,1,0,5420,59001032,59001032,2100,13.99580483,11.65622472,10.4264097,6.67328888,0.519424719,495.2132001,0,0,0,0,313200,3025200,3338400,0,0,0,0,3025200,3025200,3025200,3025200,3338400,437,1,89461,167,150030101021,14816877,2296188,1708,14808807.68,21550.33867,314.4066345,5330.305274,437,1,89461,44,15003010102,20575607,4473082,2414,Honolulu,Oahu,Sunset Beach,20564336.55,24085.48656,314.4066345,5330.305274
101.02,1,0,7755,59001033,59001033,2050,12.43121124,8.611935741,5.69242566,0.069392933,0,709.5124078,0,0,7.013440493,198.7078083,1054500,3165300,4219800,0,0,0.009884873634,0.2800624854,3165300,3165300,3134011.01,2278819.751,4219800,438,1,89462,167,150030101021,14816877,2296188,1708,14808807.68,21550.33867,353.823201,7636.948171,438,1,89462,44,15003010102,20575607,4473082,2414,Honolulu,Oahu,Sunset Beach,20564336.55,24085.48656,353.823201,7636.948171
101.02,1,0,5445,59001057,59001057,2075,17.15328781,13.24680159,10.17879897,4.008363038,0,474.6473341,0,0,0,107.8692506,1147600,2875400,4023000,0,0,0,0.2272618907,2875400,2875400,2875400,2221930.845,4023000,439,1,89484,167,150030101021,14816877,2296188,1708,14808807.68,21550.33867,305.7550354,5108.941801,439,1,89484,44,15003010102,20575607,4473082,2414,Honolulu,Oahu,Sunset Beach,20564336.55,24085.48656,305.7550354,5108.941801
101.02,1,0,0,59001071,59001071,2050,13.53882707,9.075645136,5.299464825,0,0,1049.583677,0,0,2.169660125,337.458738,365700,3287000,3652700,0,0,0.002067162603,0.3215167552,3287000,3287000,3280205.771,2230173.621,3652700,440,1,89498,167,150030101021,14816877,2296188,1708,14808807.68,21550.33867,666.9951267,11297.38751,440,1,89498,44,15003010102,20575607,4473082,2414,Honolulu,Oahu,Sunset Beach,20564336.55,24085.48656,666.9951267,11297.38751
101.02,1,0,5405,59001087,59001087,2030,10.26338904,5.677327598,1.826765755,0,0,480.9705222,0,0,52.98459212,227.75727,1149400,2873100,4022500,0,0,0.1101618284,0.4735368582,2873100,2873100,2556593.558,1512580.845,4022500,441,1,89512,167,150030101021,14816877,2296188,1708,14808807.68,21550.33867,293.1410428,5177.000978,441,1,89512,44,15003010102,20575607,4473082,2414,Honolulu,Oahu,Sunset Beach,20564336.55,24085.48656,293.1410428,5177.000978
101.02,1,0,0,59001088,59001088,2075,17.38291203,12.49573583,8.425303862,1.095301033,0,489.5464979,0,0,25.98119722,242.1386424,840300,2868500,3708800,0,0,0.05307197035,0.4946182711,2868500,2868500,2716262.968,1449688.267,3556562.968,442,1,89513,167,150030101021,14816877,2296188,1708,14808807.68,21550.33867,290.3627792,5269.310593,442,1,89513,44,15003010102,20575607,4473082,2414,Honolulu,Oahu,Sunset Beach,20564336.55,24085.48656,290.3627792,5269.310593
101.02,1,0,5419,59001089,59001089,2050,15.42189625,10.30036714,6.025272377,0,0,500.647423,0,0,0,174.7564369,595000,3025100,3620100,0,0,0,0.3490608936,3025100,3025100,3025100,1969155.569,3620100,443,1,89514,167,150030101021,14816877,2296188,1708,14808807.68,21550.33867,299.1232322,5388.797144,443,1,89514,44,15003010102,20575607,4473082,2414,Honolulu,Oahu,Sunset Beach,20564336.55,24085.48656,299.1232322,5388.797144
101.02,1,0,10378,59001098,59001098,2075,16.7347152,12.14154343,8.271605172,1.185093677,0,839.7340621,0,0,1.460283474,128.0614355,1266400,3033700,4300100,0,0,0.001738983256,0.152502371,3033700,3033700,3028424.396,2571054.683,4294824.396,444,1,89522,167,150030101021,14816877,2296188,1708,14808807.68,21550.33867,724.4351195,9038.610571,444,1,89522,44,15003010102,20575607,4473082,2414,Honolulu,Oahu,Sunset Beach,20564336.55,24085.48656,724.4351195,9038.610571
101.02,1,0,10922,59001099,59001099,2100,24.65845916,20.18529203,16.41029926,9.498880794,0.23675168,1074.949232,0,0,30.04369621,176.9447857,1401200,3238700,4639900,0,0,0.02794894431,0.1646075745,3238700,3238700,3148181.574,2705584.07,4106784.07,445,1,89523,167,150030101021,14816877,2296188,1708,14808807.68,21550.33867,755.1088346,11570.37384,445,1,89523,44,15003010102,20575607,4473082,2414,Honolulu,Oahu,Sunset Beach,20564336.55,24085.48656,755.1088346,11570.37384
101.02,1,0,28370,59001110,59001110,2030,10.85005203,4.916377192,0,0,0,2616.254451,0,0,97.56780277,461.8705662,540900,936200,1477100,0,0,0.03729293332,0.1765388554,936200,936200,901286.2934,770924.1882,1477100,446,1,89534,167,150030101021,14816877,2296188,1708,14808807.68,21550.33867,765.1474619,28160.47189,446,1,89534,44,15003010102,20575607,4473082,2414,Honolulu,Oahu,Sunset Beach,20564336.55,24085.48656,765.1474619,28160.47189
101.02,2,0,5287,59002001,59002001,2075,29.97349207,20.8485491,10.28848784,0,0,473.7314672,0,0,299.2903366,473.7314672,294300,1106300,1400600,0,0,0.631772127,1,1106300,1106300,407370.6364,0,701670.6364,447,1,89538,231,150030101022,5758730,2176894,706,5755528.861,13510.0575,306.4112105,5099.081497,447,1,89538,44,15003010102,20575607,4473082,2414,Honolulu,Oahu,Sunset Beach,20564336.55,24085.48656,306.4112105,5099.081497
101.02,2,0,5169,59002002,59002002,2030,12.92110858,3.203152611,0,0,0,497.1978263,138.61246,315.5093389,416.3226672,416.3226672,377300,1210900,1588200,0.2787873412,0.6345750568,0.8373380679,0.8373380679,873316.8217,442493.1325,196967.4158,196967.4158,1250616.822,448,1,89539,231,150030101022,5758730,2176894,706,5755528.861,13510.0575,322.6598881,5351.66751,448,1,89539,44,15003010102,20575607,4473082,2414,Honolulu,Oahu,Sunset Beach,20564336.55,24085.48656,322.6598881,5351.66751
101.02,2,0,5134,59002003,59002003,2030,10.40601566,0.314268059,0,0,0,467.3604947,151.9984702,324.181438,363.9640658,363.9640659,427300,1162200,1589500,0.3252274677,0.693643219,0.7787651501,0.7787651502,784221.1806,356048.1054,257119.317,257119.317,1211521.181,449,1,89540,231,150030101022,5758730,2176894,706,5755528.861,13510.0575,304.3537789,5030.507754,449,1,89540,44,15003010102,20575607,4473082,2414,Honolulu,Oahu,Sunset Beach,20564336.55,24085.48656,304.3537789,5030.507754
101.02,2,0,0,59002004,59002004,2030,7.776326791,0,0,0,0,567.5962866,171.1285151,367.5436083,446.6083946,446.6083946,354300,1844000,2198300,0.3014968899,0.6475440678,0.7868416427,0.7868416427,1288039.532,649928.864,393063.352,393063.352,1642339.532,450,1,89541,231,150030101022,5758730,2176894,706,5755528.861,13510.0575,333.8055548,6109.411358,450,1,89541,44,15003010102,20575607,4473082,2414,Honolulu,Oahu,Sunset Beach,20564336.55,24085.48656,333.8055548,6109.411358
101.02,2,0,6883,59002005,59002005,2030,8.191212952,0,0,0,0,656.2821657,157.2242363,338.7618723,550.7737672,550.7737672,569500,1844700,2414200,0.2395680464,0.5161832669,0.8392331775,0.8392331774,1402768.91,892497.2199,296566.8849,296566.8849,1972268.91,451,1,89542,231,150030101022,5758730,2176894,706,5755528.861,13510.0575,379.5530523,7063.994115,451,1,89542,44,15003010102,20575607,4473082,2414,Honolulu,Oahu,Sunset Beach,20564336.55,24085.48656,379.5530523,7063.994115
101.02,2,0,9838,59002008,59002008,2050,24.36572587,14.5589215,3.433741596,0,0,920.9519955,145.0375097,310.9504341,558.0167774,811.6923614,1350200,2512700,3862900,0.1574865036,0.3376402197,0.6059129902,0.8813622919,2116982.415,1664311.972,990222.4049,298101.7026,3014511.972,452,1,89545,231,150030101022,5758730,2176894,706,5755528.861,13510.0575,495.1612556,9912.803168,452,1,89545,44,15003010102,20575607,4473082,2414,Honolulu,Oahu,Sunset Beach,20564336.55,24085.48656,495.1612556,9912.803168
101.02,2,0,0,59002011,59002011,2050,23.30526611,14.38360239,4.482033156,0,0,956.7381575,125.4850551,264.0104131,474.8954151,728.0442181,587200,2065900,2653100,0.1311592457,0.2759484515,0.496369264,0.7609649645,1794938.622,1495819.027,1040451.283,493822.4065,2083019.027,453,1,89547,231,150030101022,5758730,2176894,706,5755528.861,13510.0575,523.904042,10297.99997,453,1,89547,44,15003010102,20575607,4473082,2414,Honolulu,Oahu,Sunset Beach,20564336.55,24085.48656,523.904042,10297.99997
101.02,2,0,11200,59002012,59002012,2075,28.40597685,20.12943275,11.23127431,0,0,1037.321505,127.4894689,265.0732786,474.3770482,724.8246586,1369700,2130000,3499700,0.1229025604,0.25553628,0.4573095668,0.6987463915,1868216.61,1585708.32,1155929.7,641671.02,2525629.7,454,1,89548,231,150030101022,5758730,2176894,706,5755528.861,13510.0575,545.285711,11165.37107,454,1,89548,44,15003010102,20575607,4473082,2414,Honolulu,Oahu,Sunset Beach,20564336.55,24085.48656,545.285711,11165.37107
101.02,2,0,5455,59002017,59002017,2030,9.122441693,1.556505196,0,0,0,496.3822308,133.5801351,275.2934822,404.3856947,404.3856947,797400,2100000,2897400,0.2691074072,0.5545997925,0.8146659361,0.8146659361,1534875.3,935340,389201.4,389201.4,2332275.3,455,1,89550,231,150030101022,5758730,2176894,706,5755528.861,13510.0575,316.6735456,5342.88788,455,1,89550,44,15003010102,20575607,4473082,2414,Honolulu,Oahu,Sunset Beach,20564336.55,24085.48656,316.6735456,5342.88788
101.02,2,0,6848,59002018,59002018,2024,5.747010018,0,0,0,0,583.145426,117.1731011,243.9611872,467.8063388,568.9044501,894800,2307100,3201900,0.2009328992,0.4183539411,0.8022121378,0.9755790318,1843527.476,1341915.487,456316.6948,56341.6891,2738327.476,456,1,89551,231,150030101022,5758730,2176894,706,5755528.861,13510.0575,414.2328829,6276.777946,456,1,89551,44,15003010102,20575607,4473082,2414,Honolulu,Oahu,Sunset Beach,20564336.55,24085.48656,414.2328829,6276.777946
101.02,2,0,5000,59002019,59002019,2075,31.13992523,23.49178781,15.44192697,3.375075069,0,446.2227232,0,0,18.56779477,340.5811124,287600,1100000,1387600,0,0,0.04161104713,0.763253628,1100000,1100000,1054227.9,260420.6,1341827.9,457,1,89552,231,150030101022,5758730,2176894,706,5755528.861,13510.0575,280.5381807,4802.98826,457,1,89552,44,15003010102,20575607,4473082,2414,Honolulu,Oahu,Sunset Beach,20564336.55,24085.48656,280.5381807,4802.98826
101.02,2,0,5000,59002020,59002020,2100,40.82479002,32.75905764,24.24576412,11.75375271,0,447.9956182,0,0,0,22.09708628,226000,1100000,1326000,0,0,0,0.04932433573,1100000,1100000,1100000,1045743.6,1271743.6,458,1,89553,231,150030101022,5758730,2176894,706,5755528.861,13510.0575,279.1714866,4822.071831,458,1,89553,44,15003010102,20575607,4473082,2414,Honolulu,Oahu,Sunset Beach,20564336.55,24085.48656,279.1714866,4822.071831
101.02,2,0,0,59002022,59002022,2100,48.98574531,41.23196424,33.07122893,20.69334728,5.981780842,334.3795927,0,0,0,4.824843837,453800,1017500,1471300,0,0,0,0.01442924132,1017500,1017500,1017500,1002818.493,1456618.493,459,1,89555,231,150030101022,5758730,2176894,706,5755528.861,13510.0575,251.0886012,3599.147398,459,1,89555,44,15003010102,20575607,4473082,2414,Honolulu,Oahu,Sunset Beach,20564336.55,24085.48656,251.0886012,3599.147398
101.02,2,0,0,59002023,59002023,2075,33.72329328,25.97759687,17.82494105,5.457866109,0,368.1636071,0,0,0.4256874285,283.1660213,247200,1017500,1264700,0,0,0.001156245268,0.7691309401,1017500,1017500,1016323.77,234909.2075,1263523.77,460,1,89556,231,150030101022,5758730,2176894,706,5755528.861,13510.0575,259.8522183,3962.786204,460,1,89556,44,15003010102,20575607,4473082,2414,Honolulu,Oahu,Sunset Beach,20564336.55,24085.48656,259.8522183,3962.786204
101.02,2,0,4271,59002025,59002025,2030,11.81718224,3.880229398,0,0,0,382.0723727,66.05163202,181.26252,355.9576437,382.0723727,558000,2305800,2863800,0.1728772786,0.4744193325,0.9316497845,0.9999999998,1907180.213,1211884.67,157601.43,0,2465180.213,461,1,89558,231,150030101022,5758730,2176894,706,5755528.861,13510.0575,275.3260128,4112.495877,461,1,89558,44,15003010102,20575607,4473082,2414,Honolulu,Oahu,Sunset Beach,20564336.55,24085.48656,275.3260128,4112.495877
101.02,2,0,6204,59002026,59002026,2024,4.712042372,0,0,0,0,596.544752,62.45452012,191.3528218,388.3205035,596.544752,817900,2433900,3251800,0.1046937718,0.3207685947,0.6509494924,1,2179085.273,1653180.331,849555.2289,0,2996985.273,462,1,89559,231,150030101022,5758730,2176894,706,5755528.861,13510.0575,350.2494135,6421.003452,462,1,89559,44,15003010102,20575607,4473082,2414,Honolulu,Oahu,Sunset Beach,20564336.55,24085.48656,350.2494135,6421.003452
101.02,2,0,0,59002030,59002030,2100,48.56327996,41.18643726,33.24884878,20.58887727,5.541128931,1133.272418,0,0,0,0,191800,1522100,1713900,0,0,0,0,1522100,1522100,1522100,1522100,1713900,463,1,89562,231,150030101022,5758730,2176894,706,5755528.861,13510.0575,444.4946437,12198.15627,463,1,89562,44,15003010102,20575607,4473082,2414,Honolulu,Oahu,Sunset Beach,20564336.55,24085.48656,444.4946437,12198.15627
101.02,2,0,5000,59002033,59002033,2100,38.2618108,31.42725392,24.38094328,12.71834568,0,464.4547078,0,0,0,113.3441109,296100,1100000,1396100,0,0,0,0.2440369512,1100000,1100000,1100000,831559.3,1127659.3,464,1,89565,231,150030101022,5758730,2176894,706,5755528.861,13510.0575,299.993816,4999.231469,464,1,89565,44,15003010102,20575607,4473082,2414,Honolulu,Oahu,Sunset Beach,20564336.55,24085.48656,299.993816,4999.231469
101.02,2,0,4910,59002035,59002035,2024,2.263021762,0,0,0,0,454.000874,81.55433913,190.1463185,361.7384626,454.000874,1258300,1982400,3240700,0.1796347624,0.4188236839,0.7967792206,1,1626291.576,1152123.302,402865.3104,0,2884591.576,465,1,89567,231,150030101022,5758730,2176894,706,5755528.861,13510.0575,295.471719,4886.710012,465,1,89567,44,15003010102,20575607,4473082,2414,Honolulu,Oahu,Sunset Beach,20564336.55,24085.48656,295.471719,4886.710012
101.02,2,0,4888,59002036,59002036,2030,7.183341581,0.524532762,0,0,0,453.4593688,85.59883823,187.4036597,350.5004898,453.4593687,689100,1977400,2666500,0.1887684854,0.4132755272,0.7729479506,0.9999999998,1604130.157,1160188.038,448972.6248,0,2293230.157,466,1,89568,231,150030101022,5758730,2176894,706,5755528.861,13510.0575,295.2500204,4880.881446,466,1,89568,44,15003010102,20575607,4473082,2414,Honolulu,Oahu,Sunset Beach,20564336.55,24085.48656,295.2500204,4880.881446
101.02,2,0,4625,59002038,59002038,2100,37.91967927,31.36654655,24.85178372,14.40200278,1.342160008,429.6484822,0,0,0,43.34606006,920100,952900,1873000,0,0,0,0.1008872645,952900,952900,952900,856764.7777,1776864.778,467,1,89570,231,150030101022,5758730,2176894,706,5755528.861,13510.0575,284.9860587,4624.589194,467,1,89570,44,15003010102,20575607,4473082,2414,Honolulu,Oahu,Sunset Beach,20564336.55,24085.48656,284.9860587,4624.589194
101.02,2,0,4601,59002045,59002045,2024,4.020078578,0,0,0,0,430.0052358,79.9392974,171.3756024,318.0186792,430.0052357,218700,1540200,1758900,0.1859030792,0.3985430599,0.7395693186,0.9999999998,1253872.199,926364.0714,401115.8262,0,1472572.199,468,1,89576,231,150030101022,5758730,2176894,706,5755528.861,13510.0575,289.8796281,4628.429208,468,1,89576,44,15003010102,20575607,4473082,2414,Honolulu,Oahu,Sunset Beach,20564336.55,24085.48656,289.8796281,4628.429208
101.02,2,0,0,59002046,59002046,2075,19.3982821,13.04838089,6.735561067,0,0,522.0334267,69.22644995,166.900191,322.6336803,514.3065282,695800,2652000,3347800,0.1326092285,0.3197116936,0.6180326082,0.9851984604,2300320.932,1804123.776,1012976.484,39254.904,1708776.484,469,1,89577,231,150030101022,5758730,2176894,706,5755528.861,13510.0575,324.7307515,5618.98835,469,1,89577,44,15003010102,20575607,4473082,2414,Honolulu,Oahu,Sunset Beach,20564336.55,24085.48656,324.7307515,5618.98835
101.02,2,0,5600,59002048,59002048,2050,12.39908443,6.153380174,0,0,0,563.974339,53.06601565,163.0472472,338.2605075,548.883644,0,1189100,1189100,0.0940929613,0.2891040176,0.5997799618,0.9732422311,1077214.014,845326.4336,475901.602,31817.9378,845326.4336,470,1,89579,231,150030101022,5758730,2176894,706,5755528.861,13510.0575,331.8090461,6070.426253,470,1,89579,44,15003010102,20575607,4473082,2414,Honolulu,Oahu,Sunset Beach,20564336.55,24085.48656,331.8090461,6070.426253
101.02,2,0,5015,59002057,59002057,2100,32.0632925,26.11978721,19.96739755,10.15514344,0,466.6875754,0,0,0,211.95376,254300,990300,1244600,0,0,0,0.4541662799,990300,990300,990300,540539.4102,794839.4102,471,1,89586,231,150030101022,5758730,2176894,706,5755528.861,13510.0575,298.7504311,5023.265771,471,1,89586,44,15003010102,20575607,4473082,2414,Honolulu,Oahu,Sunset Beach,20564336.55,24085.48656,298.7504311,5023.265771
101.02,2,0,7858,59002058,59002058,2050,13.11068456,7.14464753,0.972106329,0,0,714.3414948,64.60534324,248.9817244,544.8027468,697.2518368,763700,2152600,2916300,0.0904404178,0.3485471952,0.762664287,0.9760763472,1957918.856,1402317.728,510889.4736,51498.8024,2166017.728,472,1,89587,231,150030101022,5758730,2176894,706,5755528.861,13510.0575,445.2974914,7688.929688,472,1,89587,44,15003010102,20575607,4473082,2414,Honolulu,Oahu,Sunset Beach,20564336.55,24085.48656,445.2974914,7688.929688
101.02,2,0,5951,59002066,59002066,2050,13.08664644,7.869582419,2.502454945,0,0,500.3417568,0,44.03542576,177.4570346,342.7046148,949100,2275000,3224100,0,0.088010695,0.3546716462,0.6849410631,2275000,2074774.975,1468121.2,716759.225,3023874.975,473,1,89590,231,150030101022,5758730,2176894,706,5755528.861,13510.0575,324.579228,5385.506807,473,1,89590,44,15003010102,20575607,4473082,2414,Honolulu,Oahu,Sunset Beach,20564336.55,24085.48656,324.579228,5385.506807
101.02,2,0,7229,59002067,59002067,2050,14.88697467,9.781920171,4.546223245,0,0,656.5415729,0,10.07798126,146.9233301,321.5353489,1649000,2209300,3858300,0,0.01535010376,0.2237837423,0.4897410341,2209300,2175387.245,1714894.009,1127315.209,3824387.245,474,1,89591,231,150030101022,5758730,2176894,706,5755528.861,13510.0575,384.4210883,7066.789268,474,1,89591,44,15003010102,20575607,4473082,2414,Honolulu,Oahu,Sunset Beach,20564336.55,24085.48656,384.4210883,7066.789268
101.02,2,0,13975,59003002,59003002,2075,21.57413752,14.19009764,6.540674283,0,0,1324.252106,42.27122234,278.0633572,639.9098018,1072.270476,1025300,2651400,3676700,0.03192082697,0.2099776591,0.4832235486,0.8097177806,2566764.661,2094664.331,1370179.886,504513.6948,2395479.886,475,1,89600,231,150030101022,5758730,2176894,706,5755528.861,13510.0575,485.9286276,14253.80094,475,1,89600,44,15003010102,20575607,4473082,2414,Honolulu,Oahu,Sunset Beach,20564336.55,24085.48656,485.9286276,14253.80094
101.02,2,0,5474,59003003,59003003,2075,25.84330236,18.40119718,10.49010426,0,0,518.2279688,0,21.94474426,205.1246914,424.9558829,33000,3028400,3061400,0,0.04234573504,0.3958194149,0.8200172674,3028400,2900159.374,1829701.74,545060.5172,1862701.74,476,1,89601,231,150030101022,5758730,2176894,706,5755528.861,13510.0575,322.9929984,5578.030868,476,1,89601,44,15003010102,20575607,4473082,2414,Honolulu,Oahu,Sunset Beach,20564336.55,24085.48656,322.9929984,5578.030868
101.02,2,0,13400,59003004,59003004,2050,19.54183597,12.60054267,5.089438722,0,0,1250.807294,0,0,440.6749018,1068.128757,1228000,2850000,4078000,0,0,0.3523123856,0.8539514933,2850000,2850000,1845910.8,416239.65,4078000,477,1,89602,231,150030101022,5758730,2176894,706,5755528.861,13510.0575,479.0481774,13463.26988,477,1,89602,44,15003010102,20575607,4473082,2414,Honolulu,Oahu,Sunset Beach,20564336.55,24085.48656,479.0481774,13463.26988
101.01,1,0,5439,59003005,59003005,2050,23.85910337,14.05805684,2.375266013,0,0,501.6979722,0,0,236.4330803,501.6979722,1196300,3026300,4222600,0,0,0.4712657683,1,3026300,3026300,1600107.704,0,4222600,478,1,89603,215,150030101011,2056342,2364375,1703,2083830.048,9339.826967,314.300473,5400.107073,478,1,89603,65,15003010101,6891823,2378458,2892,Honolulu,Oahu,Pupukea,6930694.629,15533.72363,314.300473,5400.107073
101.01,1,0,11460,59003006,59003006,2050,28.4691449,17.88908648,5.168602722,0,0,1026.40436,0,0.3181202324,469.6237078,1026.310814,1061900,2587200,3649100,0,0.000309936556,0.4575425886,0.999908861,2587200,2586397.968,1403444.75,235.4352,3648297.968,479,1,89604,215,150030101011,2056342,2364375,1703,2083830.048,9339.826967,422.0478443,11047.86908,479,1,89604,65,15003010101,6891823,2378458,2892,Honolulu,Oahu,Pupukea,6930694.629,15533.72363,422.0478443,11047.86908
101.01,1,0,6215,59003007,59003007,2050,22.22458551,11.62027639,0,0,0,563.3271641,0,56.76873939,331.0951348,563.3271641,2042600,3072900,5115500,0,0.1007740138,0.5877492795,1,3072900,2763231.575,1266806.098,0,4805831.575,480,1,89605,215,150030101011,2056342,2364375,1703,2083830.048,9339.826967,341.8939414,6063.462911,480,1,89605,65,15003010101,6891823,2378458,2892,Honolulu,Oahu,Pupukea,6930694.629,15533.72363,341.8939414,6063.462911
101.01,1,0,7375,59003008,59003008,2050,17.9671551,7.186111276,0,0,0,683.3707592,0,165.3896445,441.6281624,683.3707591,319900,3142500,3462400,0,0.2420203708,0.646249721,0.9999999999,3142500,2381952.15,1111659.375,0,2701852.15,481,1,89606,215,150030101011,2056342,2364375,1703,2083830.048,9339.826967,393.6644388,7355.570143,481,1,89606,65,15003010101,6891823,2378458,2892,Honolulu,Oahu,Pupukea,6930694.629,15533.72363,393.6644388,7355.570143
101.01,1,0,7515,59003009,59003009,2075,45.88230663,34.94951017,21.90461577,3.55454858,0,707.2652509,0,0,59.75514413,615.9163341,245200,722500,967700,0,0,0.08448760073,0.8708420684,722500,722500,661457.42,93316.655,906657.42,482,1,89607,215,150030101011,2056342,2364375,1703,2083830.048,9339.826967,349.1083954,7612.763392,482,1,89607,65,15003010101,6891823,2378458,2892,Honolulu,Oahu,Pupukea,6930694.629,15533.72363,349.1083954,7612.763392
101.01,1,0,10715,59003010,59003010,2050,19.13547219,8.097780511,0,0,0,1079.464435,160.8815518,360.5372702,641.1252673,953.7891618,649800,2934600,3584400,0.1490383069,0.3339964323,0.5939290321,0.8835762722,2497233.085,1954455.338,1191655.957,341657.8704,2604255.338,483,1,89608,215,150030101011,2056342,2364375,1703,2083830.048,9339.826967,572.9843791,11618.99104,483,1,89608,65,15003010101,6891823,2378458,2892,Honolulu,Oahu,Pupukea,6930694.629,15533.72363,572.9843791,11618.99104
101.01,1,0,10004,59003011,59003011,2100,63.3037302,52.36748008,39.11775152,20.5027447,0,924.1588028,0,0,125.1043215,668.9954493,535900,951700,1487600,0,0,0.1353710219,0.7238966368,951700,951700,822867.4193,262767.2251,798667.2251,484,1,89609,215,150030101011,2056342,2364375,1703,2083830.048,9339.826967,400.05512,9947.333836,484,1,89609,65,15003010101,6891823,2378458,2892,Honolulu,Oahu,Pupukea,6930694.629,15533.72363,400.05512,9947.333836
101.01,1,0,4675,59003014,59003014,2075,40.98214085,31.13226724,19.35481639,3.069953977,0,410.8080651,0,0,0,134.4722139,550500,1064300,1614800,0,0,0,0.3273358663,1064300,1064300,1064300,715916.2952,1614800,485,1,89612,215,150030101011,2056342,2364375,1703,2083830.048,9339.826967,272.3132471,4421.799305,485,1,89612,65,15003010101,6891823,2378458,2892,Honolulu,Oahu,Pupukea,6930694.629,15533.72363,272.3132471,4421.799305
101.01,1,0,0,59003015,59003015,2075,40.4545751,31.08526285,19.91798667,4.515358898,0,408.0655424,0,0,50.43107533,391.7975149,388900,1011000,1399900,0,0,0.1235857236,0.960133788,1011000,1011000,886054.554,40304.526,1274954.554,486,1,89613,215,150030101011,2056342,2364375,1703,2083830.048,9339.826967,270.3317574,4392.279268,486,1,89613,65,15003010101,6891823,2378458,2892,Honolulu,Oahu,Pupukea,6930694.629,15533.72363,270.3317574,4392.279268
101.01,1,0,5890,59003016,59003016,2030,14.17496168,5.022664532,0,0,0,558.1479116,102.6760734,306.7608038,552.9119719,558.1479116,498600,2748100,3246700,0.1839585372,0.5496048582,0.990619082,1,2242562.272,1237730.5,25779.9261,0,2741162.272,487,1,89614,215,150030101011,2056342,2364375,1703,2083830.048,9339.826967,339.6586915,6007.715749,487,1,89614,65,15003010101,6891823,2378458,2892,Honolulu,Oahu,Pupukea,6930694.629,15533.72363,339.6586915,6007.715749
101.02,2,0,5046,59003033,59003033,2030,9.803699759,2.882174676,0,0,0,469.7088666,0,74.99450444,255.9470933,465.9786116,1082100,3002800,4084900,0,0.1596616751,0.5449058162,0.9920583679,3002800,2523366.946,1366556.263,23848.2376,4084900,488,1,89630,231,150030101022,5758730,2176894,706,5755528.861,13510.0575,305.180694,5055.786647,488,1,89630,44,15003010102,20575607,4473082,2414,Honolulu,Oahu,Sunset Beach,20564336.55,24085.48656,305.180694,5055.786647
101.02,2,0,4654,59003034,59003034,2075,27.08619518,20.31533181,12.65646989,0.958187634,0,437.7773519,0,83.58510263,261.855391,437.7773518,1331300,2896200,4227500,0,0.1909306232,0.5981474141,0.9999999998,2896200,2343225.638,1163846.659,0,2495146.659,489,1,89631,231,150030101022,5758730,2176894,706,5755528.861,13510.0575,290.7366506,4712.086499,489,1,89631,44,15003010102,20575607,4473082,2414,Honolulu,Oahu,Sunset Beach,20564336.55,24085.48656,290.7366506,4712.086499
101.02,2,0,0,59003035,59003035,2050,17.24834823,10.11762401,2.116016674,0,0,537.6918469,0,75.95825172,273.0716454,501.6453264,447500,3026400,3473900,0,0.1412672559,0.5078590032,0.9329606339,3026400,2598869.551,1489415.522,202886.8296,3046369.551,490,1,89632,231,150030101022,5758730,2176894,706,5755528.861,13510.0575,326.954267,5787.532223,490,1,89632,44,15003010102,20575607,4473082,2414,Honolulu,Oahu,Sunset Beach,20564336.55,24085.48656,326.954267,5787.532223
101.02,2,0,0,59003037,59003037,2075,28.07526833,20.63409876,12.56159671,0.376265459,0,553.7714498,0,67.08093727,244.8333497,457.5131516,711600,3065400,3777000,0,0.1211346979,0.442119849,0.8261768494,3065400,2694072.771,1710125.352,532837.0242,2421725.352,491,1,89634,231,150030101022,5758730,2176894,706,5755528.861,13510.0575,343.6009727,5960.608036,491,1,89634,44,15003010102,20575607,4473082,2414,Honolulu,Oahu,Sunset Beach,20564336.55,24085.48656,343.6009727,5960.608036
101.02,2,0,6210,59003038,59003038,2100,38.96723952,31.56330885,23.63380925,11.60630709,0,614.8268706,0,70.54299307,262.6692266,488.1615943,1072800,3072600,4145400,0,0.1147363533,0.4272247019,0.7939822048,3072600,2720062.166,1759908.465,633010.9068,1705810.907,492,1,89635,231,150030101022,5758730,2176894,706,5755528.861,13510.0575,358.1465449,6617.787686,492,1,89635,44,15003010102,20575607,4473082,2414,Honolulu,Oahu,Sunset Beach,20564336.55,24085.48656,358.1465449,6617.787686
101.02,2,0,6452,59003040,59003040,2100,34.48558978,27.35806009,19.97781919,8.52834446,0,630.099078,0,87.48712422,266.2006884,481.1937437,1345200,3087100,4432300,0,0.1388466152,0.4224743341,0.7636794919,3087100,2658465.426,1782880.515,729546.5591,2074746.559,493,1,89637,231,150030101022,5758730,2176894,706,5755528.861,13510.0575,367.535833,6782.172843,493,1,89637,44,15003010102,20575607,4473082,2414,Honolulu,Oahu,Sunset Beach,20564336.55,24085.48656,367.535833,6782.172843
101.02,2,0,0,59003041,59003041,2030,11.57379757,4.497155124,0,0,0,647.2277562,0.5450930489,104.0452673,278.8400617,494.537095,1017900,3094400,4112300,0.0008421966513,0.1607552616,0.4308221627,0.7640851157,3091794.515,2596959.728,1761264.403,730015.376,4109694.515,494,1,89638,231,150030101022,5758730,2176894,706,5755528.861,13510.0575,373.8170399,6966.539893,494,1,89638,44,15003010102,20575607,4473082,2414,Honolulu,Oahu,Sunset Beach,20564336.55,24085.48656,373.8170399,6966.539893
101.01,1,0,6665,59003044,59003044,2050,27.06866895,16.46573999,3.841772648,0,0,607.2058478,0,96.26064982,372.899698,607.205848,634300,3099900,3734200,0,0.1585305052,0.6141240229,1,3099900,2608469.753,1196177.012,0,3242769.753,495,1,89641,215,150030101011,2056342,2364375,1703,2083830.048,9339.826967,361.0455691,6535.757401,495,1,89641,65,15003010101,6891823,2378458,2892,Honolulu,Oahu,Pupukea,6930694.629,15533.72363,361.0455691,6535.757401
101.01,1,0,4794,59003045,59003045,2050,22.89982549,11.80673799,0,0,0,500.8890641,124.1818217,319.1081057,500.889064,500.8890641,878200,2644400,3522600,0.2479228048,0.6370833954,0.9999999999,1,1988792.419,959697.7148,0,0,1837897.715,496,1,89642,215,150030101011,2056342,2364375,1703,2083830.048,9339.826967,323.2999911,5391.399852,496,1,89642,65,15003010101,6891823,2378458,2892,Honolulu,Oahu,Pupukea,6930694.629,15533.72363,323.2999911,5391.399852
101.01,1,0,5627,59003048,59003048,2075,45.06809861,34.27039233,21.45600122,3.386381559,0,498.2371908,0,0,94.61551351,498.2371908,319200,1113800,1433000,0,0,0.1899005439,0.9999999999,1113800,1113800,902288.2662,0,1221488.266,497,1,89645,215,150030101011,2056342,2364375,1703,2083830.048,9339.826967,292.5130423,5362.856305,497,1,89645,65,15003010101,6891823,2378458,2892,Honolulu,Oahu,Pupukea,6930694.629,15533.72363,292.5130423,5362.856305
101.01,1,0,5980,59003063,59003063,2030,13.68134041,2.805858487,0,0,0,522.5495024,20.54178496,215.2545619,449.5035204,522.5495024,467800,2705100,3172900,0.03931069663,0.4119314265,0.8602123212,1,2598759.814,1590785.452,378140.5188,0,3066559.814,498,1,89655,215,150030101011,2056342,2364375,1703,2083830.048,9339.826967,441.1088976,5624.538532,498,1,89655,65,15003010101,6891823,2378458,2892,Honolulu,Oahu,Pupukea,6930694.629,15533.72363,441.1088976,5624.538532
101.01,1,0,5273,59003064,59003064,2075,38.13221752,27.46519341,14.96330549,0,0,482.9071172,2.52991521,199.3341227,420.2630231,482.9071171,537100,2534000,3071100,0.005238927155,0.4127794261,0.8702771363,0.9999999996,2520724.374,1488018.014,328718.082,0,865818.082,499,1,89656,215,150030101011,2056342,2364375,1703,2083830.048,9339.826967,416.061341,5197.853424,499,1,89656,65,15003010101,6891823,2378458,2892,Honolulu,Oahu,Pupukea,6930694.629,15533.72363,416.061341,5197.853424
101.01,1,0,6020,59003068,59003068,2050,28.1348309,17.30203421,4.657786888,0,0,544.9620393,0,24.1060162,295.1724311,544.9620394,0,2755100,2755100,0,0.04423430342,0.5416385176,1,2755100,2633230.907,1262830.391,0,2633230.907,500,1,89659,215,150030101011,2056342,2364375,1703,2083830.048,9339.826967,336.6914362,5865.78719,500,1,89659,65,15003010101,6891823,2378458,2892,Honolulu,Oahu,Pupukea,6930694.629,15533.72363,336.6914362,5865.78719
101.01,1,0,5945,59003070,59003070,2030,15.32601785,4.316706541,0,0,0,533.9777827,73.92677563,272.6666491,533.9777827,533.9777826,672600,2751000,3423600,0.1384454148,0.5106329475,1,1,2370137.805,1346248.617,0,0,3042737.805,501,1,89661,215,150030101011,2056342,2364375,1703,2083830.048,9339.826967,333.327731,5747.555588,501,1,89661,65,15003010101,6891823,2378458,2892,Honolulu,Oahu,Pupukea,6930694.629,15533.72363,333.327731,5747.555588
101.01,1,0,6260,59003071,59003071,2050,21.82018863,10.88221838,0,0,0,615.124926,49.01146606,261.847226,520.9627271,613.8795715,898900,2712800,3611700,0.07967725578,0.4256813778,0.8469218287,0.9979754447,2496652.234,1558012.583,415269.9984,5493.42,2456912.583,502,1,89662,215,150030101011,2056342,2364375,1703,2083830.048,9339.826967,480.0626435,6621.003636,502,1,89662,65,15003010101,6891823,2378458,2892,Honolulu,Oahu,Pupukea,6930694.629,15533.72363,480.0626435,6621.003636
101.01,1,0,13386,59003072,59003072,2050,19.65170308,8.783023537,0,0,0,1275.483244,277.2066879,688.0471442,1136.922277,1226.335513,892900,3077100,3970000,0.2173346371,0.5394403632,0.8913659063,0.9614673644,2408338.472,1417189.176,334277.6814,118569.8943,2310089.176,503,1,89663,215,150030101011,2056342,2364375,1703,2083830.048,9339.826967,662.953743,13728.85128,503,1,89663,65,15003010101,6891823,2378458,2892,Honolulu,Oahu,Pupukea,6930694.629,15533.72363,662.953743,13728.85128
101.02,2,0,13680,59003075,59003075,2050,14.93989284,7.277379567,0,0,0,1287.365077,13.95793944,245.2723165,637.0586518,1093.503124,1143300,3872900,5016200,0.01084225422,0.1905227358,0.4948546944,0.8494118282,3830910.018,3135023.473,1956376.071,583212.2652,4278323.473,504,1,89666,231,150030101022,5758730,2176894,706,5755528.861,13510.0575,476.9154306,13856.76392,504,1,89666,44,15003010102,20575607,4473082,2414,Honolulu,Oahu,Sunset Beach,20564336.55,24085.48656,476.9154306,13856.76392
101.01,1,0,5425,59003081,59003081,2075,43.45580163,32.37408871,19.06631972,0.462594987,0,484.0606596,0,0,89.47231772,388.0402417,714500,1109400,1823900,0,0,0.184836995,0.8016355679,1109400,1109400,904341.8322,220065.0216,1618841.832,505,1,89672,215,150030101011,2056342,2364375,1703,2083830.048,9339.826967,314.8140157,5210.265439,505,1,89672,65,15003010101,6891823,2378458,2892,Honolulu,Oahu,Pupukea,6930694.629,15533.72363,314.8140157,5210.265439
101.02,2,0,12313,59019001,59019001,2100,34.05503689,29.13036533,24.14639,15.87488228,5.49513553,1115.659215,0,0,192.1617291,508.3996595,1329600,2289700,3619300,0,0,0.1722405252,0.4556944027,2289700,2289700,1895319.782,1246297.448,2575897.448,506,1,90108,231,150030101022,5758730,2176894,706,5755528.861,13510.0575,441.335541,12008.57377,506,1,90108,44,15003010102,20575607,4473082,2414,Honolulu,Oahu,Sunset Beach,20564336.55,24085.48656,441.335541,12008.57377
101.02,2,0,5306,59019012,59019012,2075,19.52264884,15.42907995,11.16768481,3.731361654,0,574.6680329,0,0,0,100.5975118,2180900,2411400,4592300,0,0,0,0.1750532587,2411400,2411400,2411400,1989277.196,4592300,507,1,90117,231,150030101022,5758730,2176894,706,5755528.861,13510.0575,358.091909,6185.53147,507,1,90117,44,15003010102,20575607,4473082,2414,Honolulu,Oahu,Sunset Beach,20564336.55,24085.48656,358.091909,6185.53147
101.02,2,0,5523,59019013,59019013,2075,19.51822403,15.3130504,10.97260917,3.631530924,0,525.2414724,0,0,0,121.1946042,605000,2137100,2742100,0,0,0,0.2307407365,2137100,2137100,2137100,1643983.409,2742100,508,1,90118,231,150030101022,5758730,2176894,706,5755528.861,13510.0575,328.5822716,5653.520638,508,1,90118,44,15003010102,20575607,4473082,2414,Honolulu,Oahu,Sunset Beach,20564336.55,24085.48656,328.5822716,5653.520638
101.02,2,0,5797,59019014,59019014,2075,14.38288473,10.64244252,6.91597887,0.079910662,0,499.3329375,0,0,0,102.3930789,602300,2148700,2751000,0,0,0,0.2050597331,2148700,2148700,2148700,1708087.578,2751000,509,1,90119,231,150030101022,5758730,2176894,706,5755528.861,13510.0575,324.632913,5374.649035,509,1,90119,44,15003010102,20575607,4473082,2414,Honolulu,Oahu,Sunset Beach,20564336.55,24085.48656,324.632913,5374.649035
101.02,2,0,8335,59019036,59019036,2075,14.70548876,12.06228424,10.14296963,5.629764075,0,762.52302,0,2.808256738,70.13504157,196.9432742,1255300,2679700,3935000,0,0.003682848471,0.09197760557,0.2582784638,2679700,2669830.665,2433226.553,1987592.443,3688526.553,510,1,90136,231,150030101022,5758730,2176894,706,5755528.861,13510.0575,527.6974877,8207.529733,510,1,90136,44,15003010102,20575607,4473082,2414,Honolulu,Oahu,Sunset Beach,20564336.55,24085.48656,527.6974877,8207.529733
101.02,2,0,9576,59019038,59019038,2050,10.53094237,6.544763404,2.899620495,0,0,903.184758,0,35.24038436,134.4733965,280.3647102,440700,2783400,3224100,0,0.03901791306,0.1488880269,0.3104178937,2783400,2674797.299,2368985.141,1919382.539,3115497.299,511,1,90137,231,150030101022,5758730,2176894,706,5755528.861,13510.0575,483.3169904,9721.57429,511,1,90137,44,15003010102,20575607,4473082,2414,Honolulu,Oahu,Sunset Beach,20564336.55,24085.48656,483.3169904,9721.57429
101.02,2,0,21476,59019041,59019041,2075,18.64806506,13.69311924,8.479975906,0,0,1962.830068,59.54278797,291.5599464,688.7108686,1198.908066,1206700,4558700,5765400,0.03033517213,0.1485405951,0.3508764614,0.6108058387,4420411.836,3881546.143,2959161.579,1774218.688,4165861.579,512,1,90139,231,150030101022,5758730,2176894,706,5755528.861,13510.0575,581.9447086,21127.23487,512,1,90139,44,15003010102,20575607,4473082,2414,Honolulu,Oahu,Sunset Beach,20564336.55,24085.48656,581.9447086,21127.23487
101.02,2,0,8653,59019042,59019042,2050,14.53724196,8.336913417,1.65236178,0,0,785.5739091,16.46317753,146.274317,353.7013036,603.9875984,1162400,3199700,4362100,0.02095687922,0.1862005794,0.450245737,0.7688488522,3132643.887,2603912.66,1759047.874,739613.8547,3766312.66,513,1,90140,231,150030101022,5758730,2176894,706,5755528.861,13510.0575,391.2720172,8455.649547,513,1,90140,44,15003010102,20575607,4473082,2414,Honolulu,Oahu,Sunset Beach,20564336.55,24085.48656,391.2720172,8455.649547
101.02,2,0,0,59019045,59019045,2075,22.23079814,15.70610031,8.52961567,0,0,1099.849189,69.77633871,280.6025129,604.8624726,991.5800236,1643800,3221900,4865700,0.0634417331,0.2551281718,0.5499503737,0.9015599896,3017496.22,2399903.097,1450016.095,317163.836,3093816.095,514,1,90141,231,150030101022,5758730,2176894,706,5755528.861,13510.0575,439.1393125,11838.40269,514,1,90141,44,15003010102,20575607,4473082,2414,Honolulu,Oahu,Sunset Beach,20564336.55,24085.48656,439.1393125,11838.40269
101.02,2,0,4719,59019048,59019048,2050,19.16300903,12.32426136,4.739962327,0,0,421.2640346,0,83.11697551,264.5079471,421.2640346,1036800,2414600,3451400,0,0.1973037541,0.6278911215,1,2414600,1938189.762,898494.3914,0,2974989.762,515,1,90143,231,150030101022,5758730,2176894,706,5755528.861,13510.0575,279.5224187,4534.342702,515,1,90143,44,15003010102,20575607,4473082,2414,Honolulu,Oahu,Sunset Beach,20564336.55,24085.48656,279.5224187,4534.342702
101.02,2,0,0,59019050,59019050,2050,14.36014942,7.179235793,0,0,0,401.5790789,14.65193517,135.1500366,318.3337703,401.5790789,436600,2069600,2506200,0.03648580303,0.3365465077,0.7927050661,0.9999999999,1994088.574,1373082.329,429017.732,0,1809682.329,516,1,90145,231,150030101022,5758730,2176894,706,5755528.861,13510.0575,274.0268504,4322.46,516,1,90145,44,15003010102,20575607,4473082,2414,Honolulu,Oahu,Sunset Beach,20564336.55,24085.48656,274.0268504,4322.46
101.02,2,0,9420,59019051,59019051,2030,11.6393247,3.585196738,0,0,0,880.685264,158.0392613,433.2231141,834.0022672,880.685264,268100,2729500,2997600,0.1794503301,0.4919159339,0.9469924175,1,2239691.225,1386815.278,144685.336,0,2507791.225,517,1,90146,231,150030101022,5758730,2176894,706,5755528.861,13510.0575,389.999088,9479.395348,517,1,90146,44,15003010102,20575607,4473082,2414,Honolulu,Oahu,Sunset Beach,20564336.55,24085.48656,389.999088,9479.395348
101.02,2,0,5000,59019054,59019054,2100,14.5616537,13.2036183,12.74089771,10.16795496,5.562621026,462.7841185,0,0,0,0,604300,2232500,2836800,0,0,0,0,2232500,2232500,2232500,2232500,2836800,518,1,90148,231,150030101022,5758730,2176894,706,5755528.861,13510.0575,292.5309499,4981.250851,518,1,90148,44,15003010102,20575607,4473082,2414,Honolulu,Oahu,Sunset Beach,20564336.55,24085.48656,292.5309499,4981.250851
101.02,2,0,10160,59020001,59020001,2030,12.04074114,3.482162074,0,0,0,948.7620681,235.6528856,535.7170552,948.762068,948.762068,1013700,2930000,3943700,0.2483793287,0.5646484754,0.9999999999,0.9999999999,2202249.53,1275581.36,0,0,3215949.53,519,1,90149,231,150030101022,5758730,2176894,706,5755528.861,13510.0575,404.2083683,10212.1512,519,1,90149,44,15003010102,20575607,4473082,2414,Honolulu,Oahu,Sunset Beach,20564336.55,24085.48656,404.2083683,10212.1512
101.02,2,0,5487,59020004,59020004,2030,13.26859326,4.410447929,0,0,0,509.9426007,80.99149815,245.1237114,479.7121151,509.9426008,1189800,2546500,3736300,0.1588247345,0.4806888287,0.940717866,1,2142052.138,1322425.462,150961.613,0,3331852.138,520,1,90150,231,150030101022,5758730,2176894,706,5755528.861,13510.0575,319.8239752,5488.848339,520,1,90150,44,15003010102,20575607,4473082,2414,Honolulu,Oahu,Sunset Beach,20564336.55,24085.48656,319.8239752,5488.848339
101.02,2,0,5768,59020006,59020006,2030,15.61139542,6.067769867,0,0,0,509.8418531,52.71771897,224.3217368,464.1777803,509.8418531,995600,2262200,3257800,0.10340014,0.439982978,0.9104348289,1,2028288.52,1266870.457,202613.943,0,3023888.52,521,1,90151,231,150030101022,5758730,2176894,706,5755528.861,13510.0575,326.9335855,5487.762983,521,1,90151,44,15003010102,20575607,4473082,2414,Honolulu,Oahu,Sunset Beach,20564336.55,24085.48656,326.9335855,5487.762983
101.02,2,0,6364,59020008,59020008,2050,17.26625612,7.134275104,0,0,0,615.5037527,39.13266072,239.7466061,524.2542736,615.5037526,1130800,2746700,3877500,0.06357826504,0.389512826,0.8517482978,0.9999999999,2572070.307,1676824.643,407203.7684,0,2807624.643,522,1,90153,231,150030101022,5758730,2176894,706,5755528.861,13510.0575,358.8879855,6625.072226,522,1,90153,44,15003010102,20575607,4473082,2414,Honolulu,Oahu,Sunset Beach,20564336.55,24085.48656,358.8879855,6625.072226
101.02,2,0,6548,59020009,59020009,2050,20.10534802,9.34943472,0,0,0,591.807407,29.34633846,225.4958592,494.5915191,591.807407,289500,2603500,2893000,0.04958764982,0.3810291262,0.835730532,1,2474397.642,1611490.999,427674.3415,0,1900990.999,523,1,90154,231,150030101022,5758730,2176894,706,5755528.861,13510.0575,359.4055455,6370.012852,523,1,90154,44,15003010102,20575607,4473082,2414,Honolulu,Oahu,Sunset Beach,20564336.55,24085.48656,359.4055455,6370.012852
101.02,2,0,6917,59020011,59020011,2075,39.10765688,28.12083158,14.7840236,0,0,656.0106266,34.31659997,241.124017,531.1691393,656.0106266,433000,2468000,2901000,0.05231104281,0.3675611449,0.8096959375,0.9999999999,2338896.452,1560859.452,469670.272,0,902670.272,524,1,90156,231,150030101022,5758730,2176894,706,5755528.861,13510.0575,379.0817934,7061.074408,524,1,90156,44,15003010102,20575607,4473082,2414,Honolulu,Oahu,Sunset Beach,20564336.55,24085.48656,379.0817934,7061.074408
101.02,2,0,7102,59020012,59020012,2050,18.25978624,7.245241937,0,0,0,641.9582722,40.94620217,238.2120281,517.0372063,641.9582722,371600,2429100,2800700,0.06378327681,0.3710708911,0.8054062526,1,2274164.715,1527731.434,472688.2854,0,1899331.434,525,1,90157,231,150030101022,5758730,2176894,706,5755528.861,13510.0575,381.6791534,6909.819665,525,1,90157,44,15003010102,20575607,4473082,2414,Honolulu,Oahu,Sunset Beach,20564336.55,24085.48656,381.6791534,6909.819665
101.02,2,0,7467,59020014,59020014,2050,18.48181034,7.131385319,0,0,0,721.2957167,48.20307252,264.1913268,568.2174345,721.2957166,1278200,2494400,3772600,0.06682844692,0.3662732506,0.7877731994,0.9999999999,2327704.237,1580768.629,529379.0288,0,2858968.629,526,1,90159,231,150030101022,5758730,2176894,706,5755528.861,13510.0575,402.9712895,7763.785423,526,1,90159,44,15003010102,20575607,4473082,2414,Honolulu,Oahu,Sunset Beach,20564336.55,24085.48656,402.9712895,7763.785423
101.02,2,0,5000,59020015,59020015,2075,43.70790067,32.25277172,18.35746065,0,0,447.7423766,0,0,133.8147053,447.7423766,692200,1100000,1792200,0,0,0.298865402,1,1100000,1100000,771248.5,0,1463448.5,527,1,90160,231,150030101022,5758730,2176894,706,5755528.861,13510.0575,296.0089483,4819.346405,527,1,90160,44,15003010102,20575607,4473082,2414,Honolulu,Oahu,Sunset Beach,20564336.55,24085.48656,296.0089483,4819.346405
101.02,2,0,5000,59020016,59020016,2075,46.23500185,34.5022504,20.29957906,0.510304478,0,443.5423293,0,0,84.25087224,443.5423294,487200,1045000,1532200,0,0,0.1899500153,1,1045000,1045000,846502.25,0,1333702.25,528,1,90161,231,150030101022,5758730,2176894,706,5755528.861,13510.0575,293.7096119,4774.138492,528,1,90161,44,15003010102,20575607,4473082,2414,Honolulu,Oahu,Sunset Beach,20564336.55,24085.48656,293.7096119,4774.138492
101.02,2,0,4405,59020017,59020017,2030,15.43259868,3.969895193,0,0,0,420.5808041,52.0362085,270.4165508,420.5808041,420.5808041,636600,2137000,2773600,0.1237246398,0.6429598026,0.9999999999,1,1872599.675,762994.48,0,0,2509199.675,529,1,90162,231,150030101022,5758730,2176894,706,5755528.861,13510.0575,278.9336826,4526.988356,529,1,90162,44,15003010102,20575607,4473082,2414,Honolulu,Oahu,Sunset Beach,20564336.55,24085.48656,278.9336826,4526.988356
101.02,2,0,9362,59020019,59020019,2050,20.76263012,9.033010224,0,0,0,863.3437186,114.9126058,544.7894184,863.3437185,863.3437186,603500,2263500,2867000,0.1331018033,0.6310226236,0.9999999999,1,1962223.623,835179.4395,0,0,1438679.44,530,1,90163,231,150030101022,5758730,2176894,706,5755528.861,13510.0575,386.0834614,9292.737376,530,1,90163,44,15003010102,20575607,4473082,2414,Honolulu,Oahu,Sunset Beach,20564336.55,24085.48656,386.0834614,9292.737376
101.02,2,0,4958,59020020,59020020,2030,14.08066004,2.344381656,0,0,0,434.9396522,49.07768354,255.2929113,434.9396522,434.9396522,315800,2028200,2344000,0.1128379151,0.5869616854,1,1,1799341.968,837723.6716,0,0,2115141.968,531,1,90164,231,150030101022,5758730,2176894,706,5755528.861,13510.0575,292.3344337,4681.542108,531,1,90164,44,15003010102,20575607,4473082,2414,Honolulu,Oahu,Sunset Beach,20564336.55,24085.48656,292.3344337,4681.542108
101.02,2,0,8202,59020028,59020028,2050,24.61267689,13.63473958,0.163133885,0,0,776.8621249,80.64576854,287.9907208,576.6292511,776.8621248,826100,3192100,4018200,0.1038096285,0.3707102091,0.7422542979,1,2860728.099,2008756.609,822751.0066,0,2834856.609,532,1,90169,231,150030101022,5758730,2176894,706,5755528.861,13510.0575,432.3079626,8361.880338,532,1,90169,44,15003010102,20575607,4473082,2414,Honolulu,Oahu,Sunset Beach,20564336.55,24085.48656,432.3079626,8361.880338
101.02,2,0,7942,59020029,59020029,2075,40.8890973,30.33184758,17.31402058,0,0,734.3282486,57.2259741,259.5907168,541.4404928,734.3282485,1175000,3176500,4351500,0.07792969182,0.3535077363,0.7373276105,0.9999999999,2928955.355,2053581.838,834377.608,0,2009377.608,533,1,90170,231,150030101022,5758730,2176894,706,5755528.861,13510.0575,418.2902368,7904.060085,533,1,90170,44,15003010102,20575607,4473082,2414,Honolulu,Oahu,Sunset Beach,20564336.55,24085.48656,418.2902368,7904.060085
101.02,2,0,3250,59020033,59020033,2075,32.8227854,22.88966816,10.58977172,0,0,301.9424265,0,0,157.2739266,301.9424265,838900,816800,1655700,0,0,0.5208738913,1,816800,816800,391350.1168,0,1230250.117,534,1,90171,231,150030101022,5758730,2176894,706,5755528.861,13510.0575,230.0002282,3250.005526,534,1,90171,44,15003010102,20575607,4473082,2414,Honolulu,Oahu,Sunset Beach,20564336.55,24085.48656,230.0002282,3250.005526
101.02,2,0,6600,59020034,59020034,2030,12.42060449,3.442695837,0,0,0,564.4187977,75.33136574,235.6570603,456.2207817,564.4187977,507200,2941200,3448400,0.1334671454,0.4175216369,0.8083018914,1,2548646.86,1713184.294,563822.1576,0,3055846.86,535,1,90172,231,150030101022,5758730,2176894,706,5755528.861,13510.0575,364.2273626,6075.215077,535,1,90172,44,15003010102,20575607,4473082,2414,Honolulu,Oahu,Sunset Beach,20564336.55,24085.48656,364.2273626,6075.215077
101.02,2,0,6740,59020035,59020035,2030,12.5253903,3.692141035,0,0,0,607.9606712,93.72068459,255.7105246,490.3909596,607.9606711,887100,3104400,3991500,0.1541558345,0.4206037277,0.8066162548,0.9999999999,2625838.114,1798676.942,600341.2896,0,3512938.114,536,1,90173,231,150030101022,5758730,2176894,706,5755528.861,13510.0575,360.3712939,6543.879411,536,1,90173,44,15003010102,20575607,4473082,2414,Honolulu,Oahu,Sunset Beach,20564336.55,24085.48656,360.3712939,6543.879411
101.02,2,0,6279,59020036,59020036,2030,12.55209141,4.600799376,0,0,0,600.5136201,73.28779537,223.6151395,437.9916237,600.5136202,558200,3076700,3634900,0.1220418537,0.3723731353,0.7293616814,1,2701213.379,1931019.991,832671.9346,0,3259413.379,537,1,90174,231,150030101022,5758730,2176894,706,5755528.861,13510.0575,355.0666764,6463.724766,537,1,90174,44,15003010102,20575607,4473082,2414,Honolulu,Oahu,Sunset Beach,20564336.55,24085.48656,355.0666764,6463.724766
101.02,2,0,6019,59020037,59020037,2075,33.30716834,25.61608544,16.47005009,3.364584084,0,561.1344933,39.50920794,167.1314523,355.6767488,558.9239405,388700,3061100,3449800,0.07040951573,0.2978456223,0.6338529408,0.9960605651,2845567.949,2149363.609,1120812.582,12057.6729,1509512.582,538,1,90175,231,150030101022,5758730,2176894,706,5755528.861,13510.0575,341.8592236,6039.861185,538,1,90175,44,15003010102,20575607,4473082,2414,Honolulu,Oahu,Sunset Beach,20564336.55,24085.48656,341.8592236,6039.861185
101.02,2,0,5759,59020038,59020038,2030,10.77664809,4.212822651,0,0,0,559.926267,26.15475977,147.6028306,327.2787193,534.7009374,870700,3045500,3916200,0.04671107842,0.2636111918,0.5845032437,0.9549488368,2903241.65,2242672.7,1265396.114,137202.8205,3773941.65,539,1,90176,231,150030101022,5758730,2176894,706,5755528.861,13510.0575,335.5055922,6026.856275,539,1,90176,44,15003010102,20575607,4473082,2414,Honolulu,Oahu,Sunset Beach,20564336.55,24085.48656,335.5055922,6026.856275
101.02,2,0,5240,59020040,59020040,2050,16.02539964,10.22725147,3.552013066,0,0,472.0685755,29.41464971,114.9121684,249.3324741,412.1546204,1135900,2697000,3832900,0.06231012026,0.2434226177,0.5281700309,0.8730820939,2528949.93,2040488.169,1272525.51,342297.846,3176388.169,540,1,90178,231,150030101022,5758730,2176894,706,5755528.861,13510.0575,305.8951943,5081.185922,540,1,90178,44,15003010102,20575607,4473082,2414,Honolulu,Oahu,Sunset Beach,20564336.55,24085.48656,305.8951943,5081.185922
101.02,2,0,4980,59020041,59020041,2050,14.11123911,9.581590515,4.687296112,0,0,449.3309765,21.79672671,92.63957927,209.3402558,356.0943865,331300,2544900,2876200,0.04850929015,0.2061722519,0.4658932206,0.7924990822,2421449.446,2020212.877,1359248.904,528069.2949,2351512.877,541,1,90179,231,150030101022,5758730,2176894,706,5755528.861,13510.0575,295.6809302,4836.446049,541,1,90179,44,15003010102,20575607,4473082,2414,Honolulu,Oahu,Sunset Beach,20564336.55,24085.48656,295.6809302,4836.446049
101.02,2,0,9180,59020043,59020043,2050,11.39497389,7.399583357,2.968681582,0,0,841.3477329,6.284978227,91.81197677,280.494839,528.5060601,2002400,3250800,5253200,0.00747013153,0.1091248876,0.3333875258,0.6281660239,3226516.524,2896056.45,2167022.29,1208757.967,4898456.45,542,1,90180,231,150030101022,5758730,2176894,706,5755528.861,13510.0575,381.9831636,9055.981346,542,1,90180,44,15003010102,20575607,4473082,2414,Honolulu,Oahu,Sunset Beach,20564336.55,24085.48656,381.9831636,9055.981346
101.02,2,0,8140,59020045,59020045,2050,10.91151443,7.823006539,5.025223266,0,0,739.9228435,0,5.023030835,161.0373894,388.8429163,1542800,3029000,4571800,0,0.006788587322,0.2176407863,0.5255181939,3029000,3008436.119,2369765.411,1437205.978,4551236.119,543,1,90181,231,150030101022,5758730,2176894,706,5755528.861,13510.0575,359.7570753,7964.278341,543,1,90181,44,15003010102,20575607,4473082,2414,Honolulu,Oahu,Sunset Beach,20564336.55,24085.48656,359.7570753,7964.278341
101.02,2,0,6810,59020048,59020048,2030,8.814545799,2.94860563,0,0,0,653.1858004,0,95.07120275,392.5836029,653.1858005,1633000,3108600,4741600,0,0.1455500145,0.6010289914,1,3108600,2656143.27,1240241.251,0,4741600,544,1,90182,231,150030101022,5758730,2176894,706,5755528.861,13510.0575,342.2191702,7030.670199,544,1,90182,44,15003010102,20575607,4473082,2414,Honolulu,Oahu,Sunset Beach,20564336.55,24085.48656,342.2191702,7030.670199
101.02,2,0,6475,59020049,59020049,2030,9.905873799,3.949850479,0,0,0,605.9198106,0,147.8365626,453.7457827,605.9198105,475400,3088500,3563900,0,0.2439870096,0.7488545097,0.9999999999,3088500,2334946.151,775661.3325,0,3563900,545,1,90183,231,150030101022,5758730,2176894,706,5755528.861,13510.0575,329.9302729,6521.914973,545,1,90183,44,15003010102,20575607,4473082,2414,Honolulu,Oahu,Sunset Beach,20564336.55,24085.48656,329.9302729,6521.914973
101.02,2,0,6845,59020050,59020050,2030,9.70751332,3.694341517,0,0,0,640.7145051,0,171.8772308,483.3145827,640.714505,593000,3110700,3703700,0,0.2682586853,0.7543368831,0.9999999999,3110700,2276226.729,764183.8941,0,3703700,546,1,90184,231,150030101022,5758730,2176894,706,5755528.861,13510.0575,337.410086,6896.433309,546,1,90184,44,15003010102,20575607,4473082,2414,Honolulu,Oahu,Sunset Beach,20564336.55,24085.48656,337.410086,6896.433309
101.02,2,0,11211,59020051,59020051,2030,10.30892439,4.269290689,0,0,0,1033.056521,0,159.7479869,471.0060402,845.7963002,1821500,3372700,5194200,0,0.1546362504,0.4559344339,0.8187318726,3372700,2851159.163,1834971.398,611362.5836,5194200,547,1,90185,231,150030101022,5758730,2176894,706,5755528.861,13510.0575,422.2384732,11119.46792,547,1,90185,44,15003010102,20575607,4473082,2414,Honolulu,Oahu,Sunset Beach,20564336.55,24085.48656,422.2384732,11119.46792
101.02,2,0,11583,59020052,59020052,2050,12.73937795,7.22337446,1.315280151,0,0,1057.664305,0,82.71181042,369.4292715,716.5203721,1450100,3395000,4845100,0,0.07820232755,0.3492878314,0.6774553785,3395000,3129504.21,2209167.24,1095040.275,4579604.21,548,1,90186,231,150030101022,5758730,2176894,706,5755528.861,13510.0575,428.8619606,11384.34145,548,1,90186,44,15003010102,20575607,4473082,2414,Honolulu,Oahu,Sunset Beach,20564336.55,24085.48656,428.8619606,11384.34145
101.02,2,0,3912,59020056,59020056,2030,10.91484515,1.108185619,0,0,0,363.4825552,54.33430022,248.2305684,363.4825552,363.4825552,1066900,2406200,3473100,0.1494825527,0.6829229212,0.9999999999,0.9999999999,2046514.005,762950.6774,0,0,3113414.005,549,1,90188,231,150030101022,5758730,2176894,706,5755528.861,13510.0575,256.7669659,3912.402699,549,1,90188,44,15003010102,20575607,4473082,2414,Honolulu,Oahu,Sunset Beach,20564336.55,24085.48656,256.7669659,3912.402699
101.02,2,0,5439,59020057,59020057,2050,18.69118222,9.274679276,0,0,0,484.5727697,45.13367928,208.971669,442.6991444,484.5727698,739000,2564300,3303300,0.09314117941,0.4312493025,0.9135865078,1,2325458.534,1458448.189,221588.8559,0,2197448.189,550,1,90189,231,150030101022,5758730,2176894,706,5755528.861,13510.0575,311.0443993,5215.775606,550,1,90189,44,15003010102,20575607,4473082,2414,Honolulu,Oahu,Sunset Beach,20564336.55,24085.48656,311.0443993,5215.775606
101.02,2,0,5169,59020058,59020058,2075,27.02014792,18.32185362,8.089145254,0,0,480.1447125,84.09970292,242.1711339,469.684399,480.1447125,378200,2636300,3014500,0.1751549079,0.5043711356,0.9782142482,1,2174538.874,1306626.733,57434.4318,0,435634.4318,551,1,90190,231,150030101022,5758730,2176894,706,5755528.861,13510.0575,306.397431,5168.113314,551,1,90190,44,15003010102,20575607,4473082,2414,Honolulu,Oahu,Sunset Beach,20564336.55,24085.48656,306.397431,5168.113314
101.02,2,0,7391,59020062,59020062,2030,16.53585096,6.075741716,0,0,0,686.7059909,55.04553152,253.6119904,531.1457263,686.7059908,1456900,2923400,4380300,0.08015880487,0.3693166999,0.7734688985,1,2689063.179,1843738.682,662240.7254,0,4145963.179,552,1,90192,231,150030101022,5758730,2176894,706,5755528.861,13510.0575,396.6806664,7391.473755,552,1,90192,44,15003010102,20575607,4473082,2414,Honolulu,Oahu,Sunset Beach,20564336.55,24085.48656,396.6806664,7391.473755
101.02,2,0,7666,59020063,59020063,2050,19.3411717,8.861916483,0,0,0,712.1684802,51.00513486,250.7851293,529.7440723,712.1684803,1457500,2938800,4396300,0.07161947808,0.3521429778,0.7438465574,1,2728326.083,1903922.152,752782.4364,0,3361422.152,553,1,90193,231,150030101022,5758730,2176894,706,5755528.861,13510.0575,406.7401065,7665.539702,553,1,90193,44,15003010102,20575607,4473082,2414,Honolulu,Oahu,Sunset Beach,20564336.55,24085.48656,406.7401065,7665.539702
100,1,0,20703,61004057,61004057,2050,11.99891982,7.414880552,3.65149574,0,0,1886.325945,1.768350388,95.99857965,294.3306305,555.5083525,1154500,2535200,3689700,0.000937457491,0.05089183016,0.1560338134,0.2944922397,2532824.518,2406178.602,2139622.603,1788603.882,3560678.602,554,1,90672,580,150030100001,160335282,4485610,1022,160416295.6,70728.81258,634.6979757,20303.79837,554,1,90672,320,15003010000,189885427,4509600,3768,Honolulu,Oahu,Kawailoa,189973578.8,68049.09649,634.6979757,20303.79837
100,1,0,18210,61004065,61004065,2030,11.7569789,5.405591754,0,0,0,1689.189446,113.5275169,315.7462609,633.1221594,1010.075088,1568600,3163800,4732400,0.06720827978,0.186921758,0.3748082614,0.5979643614,2951167.33,2572416.176,1977982.45,1271961.497,4519767.33,555,1,90680,580,150030100001,160335282,4485610,1022,160416295.6,70728.81258,582.0024053,18181.88926,555,1,90680,320,15003010000,189885427,4509600,3768,Honolulu,Oahu,Kawailoa,189973578.8,68049.09649,582.0024053,18181.88926
100,1,0,18258,61004068,61004068,2050,16.22952794,10.43049031,4.850522072,0,0,1696.288263,30.61182157,205.0042743,486.2768497,829.7764281,1371600,3166900,4538500,0.01804635582,0.1208546205,0.2866711161,0.4891718266,3109750.123,2784164.301,2259041.61,1617741.193,4155764.301,556,1,90682,580,150030100001,160335282,4485610,1022,160416295.6,70728.81258,563.3866748,18258.29764,556,1,90682,320,15003010000,189885427,4509600,3768,Honolulu,Oahu,Kawailoa,189973578.8,68049.09649,563.3866748,18258.29764
100,1,0,17215,61004069,61004069,2075,17.10877935,12.54977102,8.804450694,1.860145971,0,1599.451219,1.08891406,84.49573951,309.8465138,602.8977918,2909300,3098500,6007800,0.000680804795,0.05282795654,0.1937205149,0.3769404059,3096389.922,2934812.442,2498255.482,1930551.41,5407555.482,557,1,90683,580,150030100001,160335282,4485610,1022,160416295.6,70728.81258,550.2715514,17215.97231,557,1,90683,320,15003010000,189885427,4509600,3768,Honolulu,Oahu,Kawailoa,189973578.8,68049.09649,550.2715514,17215.97231
100,1,0,16464,61004070,61004070,2050,13.19245413,8.770697294,5.271350822,0,0,1520.563796,6.368623728,104.6279003,318.162401,606.9784374,1396700,3049200,4445900,0.004188330501,0.0688086225,0.2092397581,0.3991798561,3036429.95,2839387.597,2411185.392,1832020.344,4236087.597,558,1,90684,580,150030100001,160335282,4485610,1022,160416295.6,70728.81258,529.8919415,16366.85374,558,1,90684,320,15003010000,189885427,4509600,3768,Honolulu,Oahu,Kawailoa,189973578.8,68049.09649,529.8919415,16366.85374
100,1,0,13011,61004071,61004071,2050,11.14369128,6.63456249,3.004445521,0,0,1198.632716,33.65465879,134.9675529,324.9574974,583.8464567,1328500,2688200,4016700,0.02807754063,0.112601259,0.2711068144,0.48709371,2612720.72,2385505.992,1959410.163,1378793.909,3714005.992,559,1,90685,580,150030100001,160335282,4485610,1022,160416295.6,70728.81258,474.0037063,12901.69149,559,1,90685,320,15003010000,189885427,4509600,3768,Honolulu,Oahu,Kawailoa,189973578.8,68049.09649,474.0037063,12901.69149
100,1,0,14569,61004073,61004073,2050,11.58069901,6.762323812,2.604294186,0,0,1345.801534,16.15330572,151.4375364,416.1310316,770.8719732,1380100,2785600,4165700,0.01200273987,0.1125259056,0.3092068342,0.572797663,2752164.443,2472147.574,1924272.981,1190013.891,3852247.574,560,1,90687,580,150030100001,160335282,4485610,1022,160416295.6,70728.81258,492.6087391,14485.76858,560,1,90687,320,15003010000,189885427,4509600,3768,Honolulu,Oahu,Kawailoa,189973578.8,68049.09649,492.6087391,14485.76858
100,1,0,16253,61004080,61004080,2050,12.44707733,6.216949345,0.092714247,0,0,1509.911015,57.43222895,202.9015054,450.8912408,776.3403584,1537100,3035400,4572500,0.03803683024,0.134379777,0.2986210687,0.5141629877,2919942.49,2627502.948,2128965.817,1474709.63,4164602.948,561,1,90694,580,150030100001,160335282,4485610,1022,160416295.6,70728.81258,562.2053279,16252.19377,561,1,90694,320,15003010000,189885427,4509600,3768,Honolulu,Oahu,Kawailoa,189973578.8,68049.09649,562.2053279,16252.19377
100,1,0,0,61004081,61004081,2050,11.97743528,6.404426708,1.285388679,0,0,1492.468039,80.90827764,220.0965968,456.3920234,759.6273071,1900500,3023000,4923500,0.05421106216,0.1474715646,0.3057968489,0.5089739192,2859120.147,2577192.144,2098575.669,1484371.598,4477692.144,562,1,90695,580,150030100001,160335282,4485610,1022,160416295.6,70728.81258,550.9583974,16064.44352,562,1,90695,320,15003010000,189885427,4509600,3768,Honolulu,Oahu,Kawailoa,189973578.8,68049.09649,550.9583974,16064.44352
100,1,0,15763,61004082,61004082,2030,8.506053117,3.24494168,0,0,0,1464.381688,78.91512478,204.6084814,423.4105463,708.4683309,1137200,3003200,4140400,0.05388972386,0.1397234636,0.2891394708,0.4838003212,2841357.552,2583583.886,2134857.755,1550251.84,3978557.552,563,1,90696,580,150030100001,160335282,4485610,1022,160416295.6,70728.81258,544.202939,15762.13113,563,1,90696,320,15003010000,189885427,4509600,3768,Honolulu,Oahu,Kawailoa,189973578.8,68049.09649,544.202939,15762.13113
100,1,0,15892,61004083,61004083,2050,12.52562923,7.635844847,3.337754326,0,0,1476.416832,58.80550598,180.1610273,393.8560092,672.9692835,1419500,3011700,4431200,0.0398298805,0.1220258557,0.2667647785,0.4558125247,2891743.989,2644194.296,2208283.85,1638927.988,4063694.296,564,1,90697,580,150030100001,160335282,4485610,1022,160416295.6,70728.81258,549.868003,15891.67232,564,1,90697,320,15003010000,189885427,4509600,3768,Honolulu,Oahu,Kawailoa,189973578.8,68049.09649,549.868003,15891.67232
100,1,0,18166,61004086,61004086,2050,13.37331675,8.811515184,4.699756022,0,0,1677.977638,18.40272168,144.1523358,366.2874646,653.7066396,1047500,3160900,4208400,0.01096720318,0.08590837719,0.2182910287,0.3895800665,3126234.41,2889353.403,2470903.978,1929476.578,3936853.403,565,1,90698,580,150030100001,160335282,4485610,1022,160416295.6,70728.81258,605.0134589,18061.20825,565,1,90698,320,15003010000,189885427,4509600,3768,Honolulu,Oahu,Kawailoa,189973578.8,68049.09649,605.0134589,18061.20825
100,1,0,18654,61004087,61004087,2050,12.93037325,8.482244903,4.313894785,0,0,1733.499357,10.20878477,139.7227704,366.1796414,659.7953607,1715700,3192900,4908600,0.005889119442,0.08060157035,0.2112372525,0.3806147132,3174097.012,2935545.874,2518441.383,1977634.367,4651245.874,566,1,90699,580,150030100001,160335282,4485610,1022,160416295.6,70728.81258,627.0360489,18658.8257,566,1,90699,320,15003010000,189885427,4509600,3768,Honolulu,Oahu,Kawailoa,189973578.8,68049.09649,627.0360489,18658.8257
100,1,0,21761,61004088,61004088,2050,15.47750296,10.64160629,5.871170579,0,0,2027.68819,6.667084588,162.7126972,453.3574797,812.7085633,2777100,3396800,6173900,0.003288022597,0.08024542333,0.2235834296,0.4008054924,3385631.322,3124223.784,2637333.266,2035345.576,5901323.784,567,1,90700,580,150030100001,160335282,4485610,1022,160416295.6,70728.81258,653.7239029,21825.37913,567,1,90700,320,15003010000,189885427,4509600,3768,Honolulu,Oahu,Kawailoa,189973578.8,68049.09649,653.7239029,21825.37913
100,1,0,23805,61004089,61004089,2075,19.26715259,13.98233164,8.782481295,0.174294006,0,2217.807549,0,111.4891569,384.6623915,731.0098888,6929200,3531000,10460200,0,0.05026998713,0.1734426378,0.3296092527,3531000,3353496.63,2918572.767,2367150.621,9847772.767,568,1,90701,580,150030100001,160335282,4485610,1022,160416295.6,70728.81258,686.6489992,23871.75887,568,1,90701,320,15003010000,189885427,4509600,3768,Honolulu,Oahu,Kawailoa,189973578.8,68049.09649,686.6489992,23871.75887
100,1,0,23889,61004090,61004090,2075,18.34851827,13.21959711,8.231209883,0.057473254,0,2219.405847,0.9639271475,125.3935316,396.7001631,729.4498639,7268000,3368100,10636100,0.000434317657,0.05649869392,0.1787416049,0.3286689836,3366638.245,3177805.718,2766079.07,2261109.941,10034079.07,569,1,90702,580,150030100001,160335282,4485610,1022,160416295.6,70728.81258,700.3693577,23888.96856,569,1,90702,320,15003010000,189885427,4509600,3768,Honolulu,Oahu,Kawailoa,189973578.8,68049.09649,700.3693577,23888.96856
100,1,0,25455,61004093,61004093,2050,16.42996807,11.1954446,6.087118025,0,0,2378.944419,87.61104917,176.9823943,331.7754207,538.6899551,2443500,3639200,6082700,0.03682769907,0.07439534647,0.1394632922,0.2264407486,3505175.542,3368461.716,3131666.25,2815135.913,5811961.716,570,1,90705,580,150030100001,160335282,4485610,1022,160416295.6,70728.81258,717.9104214,25606.19187,570,1,90705,320,15003010000,189885427,4509600,3768,Honolulu,Oahu,Kawailoa,189973578.8,68049.09649,717.9104214,25606.19187
100,1,0,5412,61008005,61008005,2030,10.77938547,5.875898187,1.706137004,0,0,513.472079,2.342325041,161.7508321,465.360706,513.472079,2254900,2474300,4729200,0.004561737896,0.3150138804,0.9063018712,1,2463012.243,1694860.86,231836.9614,0,4717912.243,571,1,90728,580,150030100001,160335282,4485610,1022,160416295.6,70728.81258,374.1952193,5526.84356,571,1,90728,320,15003010000,189885427,4509600,3768,Honolulu,Oahu,Kawailoa,189973578.8,68049.09649,374.1952193,5526.84356
100,1,0,7653,61008006,61008006,2050,11.95091291,7.96095265,4.844421647,0,0,711.8497885,0,18.27272385,279.0988432,628.2676058,1767700,1765000,3532700,0,0.02566935348,0.3920754739,0.8825845228,1765000,1719694.215,1072987.625,207237.475,3487394.215,572,1,90729,580,150030100001,160335282,4485610,1022,160416295.6,70728.81258,403.2435908,7662.115635,572,1,90729,320,15003010000,189885427,4509600,3768,Honolulu,Oahu,Kawailoa,189973578.8,68049.09649,403.2435908,7662.115635
100,1,0,6491,61008008,61008008,2075,14.46183744,11.17468662,8.955399045,4.034324006,0,602.9937708,0,1.233981182,95.54011678,261.5002248,1313000,1596500,2909500,0,0.002046424426,0.1584429581,0.4336698611,1596500,1593233.561,1343545.751,904145.845,2656545.751,573,1,90731,580,150030100001,160335282,4485610,1022,160416295.6,70728.81258,323.3972905,6490.425474,573,1,90731,320,15003010000,189885427,4509600,3768,Honolulu,Oahu,Kawailoa,189973578.8,68049.09649,323.3972905,6490.425474
100,1,0,7012,61008009,61008009,2100,21.51718556,18.40450392,16.46684424,11.83492896,4.868287468,756.4015913,0,0,22.20230137,191.1356653,992300,1734900,2727200,0,0,0.02935253129,0.2526907235,1734900,1734900,1683975.48,1296506.384,2288806.384,574,1,90732,580,150030100001,160335282,4485610,1022,160416295.6,70728.81258,361.1744102,8141.656574,574,1,90732,320,15003010000,189885427,4509600,3768,Honolulu,Oahu,Kawailoa,189973578.8,68049.09649,361.1744102,8141.656574
100,1,0,10418,61008010,61008010,2075,12.83239735,10.17418346,8.983505872,5.277020348,0,870.1342711,0,0,0.0627558412,139.8319169,1715000,2526100,4241100,0,0,0.00007212201988,0.1607015395,2526100,2526100,2525918.121,2120150.678,4240918.121,575,1,90733,580,150030100001,160335282,4485610,1022,160416295.6,70728.81258,395.512133,9365.836398,575,1,90733,320,15003010000,189885427,4509600,3768,Honolulu,Oahu,Kawailoa,189973578.8,68049.09649,395.512133,9365.836398
100,1,0,10382,61008011,61008011,2100,17.06883513,14.4430329,13.30250007,9.658017064,3.612335083,970.4476822,0,0,10.54162683,155.3368364,7500,2523900,2531400,0,0,0.01086264311,0.1600671929,2523900,2523900,2496482.874,2119906.899,2127406.899,576,1,90734,580,150030100001,160335282,4485610,1022,160416295.6,70728.81258,432.9792611,10445.57628,576,1,90734,320,15003010000,189885427,4509600,3768,Honolulu,Oahu,Kawailoa,189973578.8,68049.09649,432.9792611,10445.57628
100,1,0,13877,61008013,61008013,2100,20.32802902,17.53507282,16.21735984,12.33621683,6.029338518,1314.551661,0,0,0,114.7091353,2989200,2714900,5704100,0,0,0,0.08726103253,2714900,2714900,2714900,2477995.111,5467195.111,577,1,90736,580,150030100001,160335282,4485610,1022,160416295.6,70728.81258,529.5723347,14149.39555,577,1,90736,320,15003010000,189885427,4509600,3768,Honolulu,Oahu,Kawailoa,189973578.8,68049.09649,529.5723347,14149.39555
100,1,0,16234,61008014,61008014,2100,16.63305548,13.5900691,11.91519857,7.588812686,0.863056215,1500.381075,0,0,0,146.1556189,1848100,2889600,4737700,0,0,0,0.09741233169,2889600,2889600,2889600,2608118.285,4456218.285,578,1,90737,580,150030100001,160335282,4485610,1022,160416295.6,70728.81258,587.5268017,16149.60066,578,1,90737,320,15003010000,189885427,4509600,3768,Honolulu,Oahu,Kawailoa,189973578.8,68049.09649,587.5268017,16149.60066
100,1,0,26995,61008015,61008015,2100,22.28410224,19.03817704,17.07361609,12.38555248,5.294873733,2519.059736,0,5.001100003,119.6849771,354.3357879,4099800,3562200,7662000,0,0.001985304251,0.04751176617,0.1406619235,3562200,3555129.033,3392952.754,3061133.824,7160933.824,579,1,90738,580,150030100001,160335282,4485610,1022,160416295.6,70728.81258,740.7897567,27114.3344,579,1,90738,320,15003010000,189885427,4509600,3768,Honolulu,Oahu,Kawailoa,189973578.8,68049.09649,740.7897567,27114.3344
100,1,0,12835,61010001,61010001,2030,9.62556563,3.984831214,0,0,0,1129.723095,164.5333255,452.6183231,913.6743818,1126.056383,1280800,2141800,3422600,0.1456404018,0.4006453661,0.8087595851,0.9967543266,1829868.248,1283698.539,409597.832,6952.2828,3110668.248,580,1,90771,580,150030100001,160335282,4485610,1022,160416295.6,70728.81258,472.6537854,12159.96402,580,1,90771,320,15003010000,189885427,4509600,3768,Honolulu,Oahu,Kawailoa,189973578.8,68049.09649,472.6537854,12159.96402
100,1,0,10736,61010002,61010002,2030,10.74763142,4.378994782,0,0,0,1020.275305,131.5740969,337.1118971,662.1100016,1008.468396,1031500,2036800,3068300,0.1289594056,0.3304126794,0.648952296,0.9884277228,1774136.309,1363814.802,715014.5664,23569.8496,2805636.309,581,1,90772,580,150030100001,160335282,4485610,1022,160416295.6,70728.81258,423.5490153,10981.90919,581,1,90772,320,15003010000,189885427,4509600,3768,Honolulu,Oahu,Kawailoa,189973578.8,68049.09649,423.5490153,10981.90919
100,1,0,7989,61010004,61010004,2030,7.583648478,1.956108988,0,0,0,765.1744742,75.96186171,159.5079358,303.4137982,489.884105,884200,1899500,2783700,0.09927390978,0.2084595621,0.3965289073,0.6402253624,1710929.037,1503530.23,1146293.165,683392.6125,2595129.037,582,1,90774,580,150030100001,160335282,4485610,1022,160416295.6,70728.81258,428.1727907,8236.086261,582,1,90774,320,15003010000,189885427,4509600,3768,Honolulu,Oahu,Kawailoa,189973578.8,68049.09649,428.1727907,8236.086261
100,1,0,18450,61010006,61010006,2075,19.08537547,14.35115172,10.23348105,2.828622207,0,1698.792738,58.88308563,170.3236473,379.4288244,665.4686956,1855800,2397400,4253200,0.03466172437,0.1002615819,0.2233520406,0.3917303629,2314301.321,2157031.881,1861935.915,1458266.498,3717735.915,583,1,90776,580,150030100001,160335282,4485610,1022,160416295.6,70728.81258,570.1284821,18285.249,583,1,90776,320,15003010000,189885427,4509600,3768,Honolulu,Oahu,Kawailoa,189973578.8,68049.09649,570.1284821,18285.249
100,1,0,9320,61010007,61010007,2050,13.71372402,9.513013515,6.087708183,0,0,890.5281849,32.50003247,81.5951059,177.554495,309.9616167,1437000,1966000,3403000,0.03649523173,0.09162551762,0.1993811067,0.3480649147,1894250.83,1785863.284,1574016.954,1281704.21,3222863.284,584,1,90777,580,150030100001,160335282,4485610,1022,160416295.6,70728.81258,488.1275639,9585.354819,584,1,90777,320,15003010000,189885427,4509600,3768,Honolulu,Oahu,Kawailoa,189973578.8,68049.09649,488.1275639,9585.354819
100,1,0,9650,61010008,61010008,2050,10.90573221,6.917985658,3.791833888,0,0,880.1182052,20.72190092,63.59706772,150.2542747,272.0037239,1353500,1982500,3336000,0.02354445209,0.07225968892,0.1707205621,0.3090536274,1935824.02,1839244.55,1644045.618,1369800.445,3192744.55,585,1,90778,580,150030100001,160335282,4485610,1022,160416295.6,70728.81258,493.2498654,9473.304691,585,1,90778,320,15003010000,189885427,4509600,3768,Honolulu,Oahu,Kawailoa,189973578.8,68049.09649,493.2498654,9473.304691
100,1,0,20185,61010009,61010009,2075,14.40861044,10.6745617,7.869130807,2.146219712,0,1930.144844,12.80276062,96.6212885,272.4926482,520.9354647,2433400,2477900,4911300,0.006633056925,0.05005908692,0.1411773055,0.2698944934,2461464.089,2353858.804,2128077.512,1809129.657,4561477.512,586,1,90779,580,150030100001,160335282,4485610,1022,160416295.6,70728.81258,610.1785417,20775.45034,586,1,90779,320,15003010000,189885427,4509600,3768,Honolulu,Oahu,Kawailoa,189973578.8,68049.09649,610.1785417,20775.45034
100,1,0,10640,61010010,61010010,2075,13.64167878,10.03497307,7.391160804,1.906001986,0,974.425154,0,28.4542223,114.56506,236.3609877,1015100,2032000,3047100,0,0.02920103425,0.1175719444,0.2425645384,2032000,1972663.568,1793093.696,1539107.92,2808193.696,587,1,90780,580,150030100001,160335282,4485610,1022,160416295.6,70728.81258,507.7605048,10488.39583,587,1,90780,320,15003010000,189885427,4509600,3768,Honolulu,Oahu,Kawailoa,189973578.8,68049.09649,507.7605048,10488.39583
100,1,0,10116,61010011,61010011,2075,12.36313076,8.750564391,6.101517676,0.666032324,0,924.8671296,0,21.22332161,103.9053154,220.466007,2054400,2005800,4060200,0,0.02294742772,0.1123462085,0.2383758703,2005800,1959772.907,1780456.393,1527665.419,3834856.393,588,1,90781,580,150030100001,160335282,4485610,1022,160416295.6,70728.81258,498.3984131,9954.969252,588,1,90781,320,15003010000,189885427,4509600,3768,Honolulu,Oahu,Kawailoa,189973578.8,68049.09649,498.3984131,9954.969252
100,1,0,9895,61010012,61010012,2075,14.73846744,11.08765651,8.390993493,2.920540565,0,957.8942589,0,25.73839839,113.2115968,235.7352707,0,1745400,1745400,0,0.02686976997,0.1181879897,0.2460973835,1745400,1698501.102,1539114.665,1315862.296,1539114.665,589,1,90782,580,150030100001,160335282,4485610,1022,160416295.6,70728.81258,499.0677605,10310.46244,589,1,90782,320,15003010000,189885427,4509600,3768,Honolulu,Oahu,Kawailoa,189973578.8,68049.09649,499.0677605,10310.46244
100,1,0,9865,61010013,61010013,2050,11.23966095,7.506488,4.726119384,0,0,890.6850866,0,28.00766342,111.2558122,227.5962252,2144700,1993300,4138000,0,0.03144507957,0.1249103795,0.2555293994,1993300,1930620.682,1744316.897,1483954.044,4075320.682,590,1,90783,580,150030100001,160335282,4485610,1022,160416295.6,70728.81258,487.906819,9587.045184,590,1,90783,320,15003010000,189885427,4509600,3768,Honolulu,Oahu,Kawailoa,189973578.8,68049.09649,487.906819,9587.045184
100,1,0,19599,61010014,61010014,2075,14.57397969,10.7068519,7.788357389,2.045458844,0,1799.682008,4.822235434,89.16343271,266.4064681,511.1210016,2010200,2480000,4490200,0.002679493051,0.04954399294,0.1480297447,0.2840062851,2473356.08,2357130.88,2112885.6,1775665.12,4123085.6,591,1,90784,580,150030100001,160335282,4485610,1022,160416295.6,70728.81258,589.3131527,19371.19084,591,1,90784,320,15003010000,189885427,4509600,3768,Honolulu,Oahu,Kawailoa,189973578.8,68049.09649,589.3131527,19371.19084
100,1,0,20674,61010015,61010015,2075,13.50688678,9.407078154,6.255605644,0.119352984,0,1905.380202,11.23875338,110.0510357,300.7398645,562.6346791,1953200,2533700,4486900,0.005898430861,0.05775804516,0.1578371939,0.2952873545,2518756.237,2387358.555,2133788.393,1785531.328,4086988.393,592,1,90785,580,150030100001,160335282,4485610,1022,160416295.6,70728.81258,610.9127771,20508.8901,592,1,90785,320,15003010000,189885427,4509600,3768,Honolulu,Oahu,Kawailoa,189973578.8,68049.09649,610.9127771,20508.8901
100,1,0,21041,61010016,61010016,2075,15.62152097,11.31355007,7.92323595,1.475214834,0,1940.907008,0.001881160283,74.40495167,264.4829397,521.7704596,1851700,2552100,4403800,0.000000969217111,0.03833514504,0.1362677029,0.2688281599,2552097.448,2454265.247,2204330.437,1866024.061,4056030.437,593,1,90786,580,150030100001,160335282,4485610,1022,160416295.6,70728.81258,633.3457997,20891.30271,593,1,90786,320,15003010000,189885427,4509600,3768,Honolulu,Oahu,Kawailoa,189973578.8,68049.09649,633.3457997,20891.30271
100,1,0,8911,61012001,61012001,2024,4.823518607,0.033630612,0,0,0,823.0392732,123.0935589,227.132676,417.385086,546.4800287,1091500,1945600,3037100,0.1495597633,0.2759682112,0.5071265729,0.6639780706,1654616.064,1408676.659,958933.7088,653764.4032,2746116.064,594,1,90874,580,150030100001,160335282,4485610,1022,160416295.6,70728.81258,384.8058055,8858.917516,594,1,90874,320,15003010000,189885427,4509600,3768,Honolulu,Oahu,Kawailoa,189973578.8,68049.09649,384.8058055,8858.917516
100,1,0,10725,61012002,61012002,2024,5.841132901,0.333321715,0,0,0,983.7472234,165.8419995,314.1952812,563.5416517,681.3818048,831900,2036300,2868200,0.1685819238,0.3193861937,0.5728520887,0.6926391136,1693016.473,1385934.288,869801.4724,625879.2043,2524916.473,595,1,90875,580,150030100001,160335282,4485610,1022,160416295.6,70728.81258,413.2611439,10588.72764,595,1,90875,320,15003010000,189885427,4509600,3768,Honolulu,Oahu,Kawailoa,189973578.8,68049.09649,413.2611439,10588.72764
100,1,0,0,61012004,61012004,2024,2.797374882,0,0,0,0,528.623007,92.02263416,178.8220771,274.6931593,274.6931592,1139500,1784500,2924000,0.1740798886,0.3382790283,0.519639054,0.5196390539,1473854.24,1180841.125,857204.2045,857204.2045,2613354.24,596,1,90876,580,150030100001,160335282,4485610,1022,160416295.6,70728.81258,328.2195801,5689.92198,596,1,90876,320,15003010000,189885427,4509600,3768,Honolulu,Oahu,Kawailoa,189973578.8,68049.09649,328.2195801,5689.92198
100,1,0,5700,61012005,61012005,2024,2.047910289,0,0,0,0,526.8154838,89.95869224,173.1002356,274.4666408,274.4666408,849400,1387400,2236800,0.170759393,0.3285784889,0.5209919777,0.5209919777,1150488.963,931530.8828,664575.6992,664575.6992,1999888.963,597,1,90877,580,150030100001,160335282,4485610,1022,160416295.6,70728.81258,328.4172982,5670.466247,597,1,90877,320,15003010000,189885427,4509600,3768,Honolulu,Oahu,Kawailoa,189973578.8,68049.09649,328.4172982,5670.466247
100,1,0,5700,61012006,61012006,2050,12.63602428,6.778734213,1.428119554,0,0,535.2413324,88.85048183,169.5672356,289.2176689,289.2176689,1207800,1498500,2706300,0.1660007859,0.3168051966,0.5403500279,0.5403500279,1249747.502,1023767.708,688785.525,688785.525,2231567.708,598,1,90878,580,150030100001,160335282,4485610,1022,160416295.6,70728.81258,334.054897,5761.158952,598,1,90878,320,15003010000,189885427,4509600,3768,Honolulu,Oahu,Kawailoa,189973578.8,68049.09649,334.054897,5761.158952
100,1,0,13888,61012007,61012007,2024,5.411928934,0,0,0,0,1358.020547,177.6509133,335.5705188,606.6719455,759.0628786,1209000,1731800,2940800,0.1308160717,0.2471026815,0.4467325231,0.5589480072,1505252.851,1303867.025,958147.7906,763813.8536,2714252.851,599,1,90879,580,150030100001,160335282,4485610,1022,160416295.6,70728.81258,504.9016681,14617.27934,599,1,90879,320,15003010000,189885427,4509600,3768,Honolulu,Oahu,Kawailoa,189973578.8,68049.09649,504.9016681,14617.27934
100,1,0,6553,61012008,61012008,2075,18.85110405,13.74370109,9.38924373,1.728707502,0,608.802522,81.39848273,150.8176795,272.4267943,433.0893059,966900,1713400,2680300,0.1337026043,0.2477284079,0.44747974,0.7113789616,1484313.28,1288942.845,946687.768,494523.2214,1913587.768,600,1,90880,580,150030100001,160335282,4485610,1022,160416295.6,70728.81258,369.2503338,6552.943798,600,1,90880,320,15003010000,189885427,4509600,3768,Honolulu,Oahu,Kawailoa,189973578.8,68049.09649,369.2503338,6552.943798
100,1,0,8255,61012009,61012009,2030,7.509347779,2.793180118,0,0,0,743.979592,70.03618865,125.5956771,228.2936552,368.9656493,1140900,1912800,3053700,0.09413724435,0.1688160246,0.3068547278,0.4959351753,1732734.746,1589888.755,1325847.756,964175.532,2873634.746,601,1,90881,580,150030100001,160335282,4485610,1022,160416295.6,70728.81258,424.7712704,8007.952252,601,1,90881,320,15003010000,189885427,4509600,3768,Honolulu,Oahu,Kawailoa,189973578.8,68049.09649,424.7712704,8007.952252
100,1,0,6620,61012010,61012010,2030,7.772291044,2.934854481,0,0,0,634.1072458,75.9075497,137.8181414,249.1057627,398.4204009,885400,1716600,2602000,0.1197077469,0.217342007,0.392844845,0.6283170608,1511109.247,1343510.723,1042242.273,638031.0378,2396509.247,602,1,90882,580,150030100001,160335282,4485610,1022,160416295.6,70728.81258,374.013642,6825.319251,602,1,90882,320,15003010000,189885427,4509600,3768,Honolulu,Oahu,Kawailoa,189973578.8,68049.09649,374.013642,6825.319251
100,1,0,6020,61012012,61012012,2024,4.941440237,0.516737408,0,0,0,560.1004411,161.6140539,291.9193089,503.1408324,511.0720789,1377500,1575900,2953400,0.2885447716,0.5211909999,0.8983046529,0.9124650534,1121181.935,754555.1031,160261.1505,137946.4065,2498681.935,603,1,90884,580,150030100001,160335282,4485610,1022,160416295.6,70728.81258,344.8007015,6028.735198,603,1,90884,320,15003010000,189885427,4509600,3768,Honolulu,Oahu,Kawailoa,189973578.8,68049.09649,344.8007015,6028.735198
100,1,0,6780,61012015,61012015,2030,7.653282738,2.914735875,0,0,0,630.4431108,147.0065011,272.4240483,461.8126962,467.1826836,888500,1609100,2497600,0.2331796455,0.4321151958,0.7325208069,0.7410386054,1233890.062,913783.7535,430400.4589,416694.1451,2122390.062,604,1,90887,580,150030100001,160335282,4485610,1022,160416295.6,70728.81258,337.0177784,6785.880851,604,1,90887,320,15003010000,189885427,4509600,3768,Honolulu,Oahu,Kawailoa,189973578.8,68049.09649,337.0177784,6785.880851
100,1,0,11060,61012017,61012017,2024,3.205914588,0,0,0,0,1027.843039,185.1352614,347.9121187,620.1252951,791.425372,2147600,1796400,3944000,0.1801201686,0.3384875954,0.6033268424,0.7699866049,1472832.432,1188340.157,712583.3772,413195.3532,3620432.432,605,1,90889,580,150030100001,160335282,4485610,1022,160416295.6,70728.81258,427.5316621,11063.36365,605,1,90889,320,15003010000,189885427,4509600,3768,Honolulu,Oahu,Kawailoa,189973578.8,68049.09649,427.5316621,11063.36365
100,1,0,12810,61012019,61012019,2050,12.60980713,6.468085713,0.685359564,0,0,1190.029112,179.1190024,347.2541094,623.0441547,960.9204116,1192700,2675600,3868300,0.1505164879,0.2918030374,0.5235537084,0.8074763902,2272879.39,1894851.893,1274778.918,515117.2144,3087551.893,606,1,90891,580,150030100001,160335282,4485610,1022,160416295.6,70728.81258,462.3287036,12809.08032,606,1,90891,320,15003010000,189885427,4509600,3768,Honolulu,Oahu,Kawailoa,189973578.8,68049.09649,462.3287036,12809.08032
100,1,0,14590,61012021,61012021,2050,14.19638169,9.409249144,5.456838591,0,0,1356.36784,170.7718338,342.4258237,604.4830176,943.4275747,2173800,2786900,4960700,0.1259037768,0.2524579347,0.4456630418,0.695554367,2436018.142,2083324.8,1544881.785,848460.5574,4257124.8,607,1,90893,580,150030100001,160335282,4485610,1022,160416295.6,70728.81258,491.8647169,14599.49166,607,1,90893,320,15003010000,189885427,4509600,3768,Honolulu,Oahu,Kawailoa,189973578.8,68049.09649,491.8647169,14599.49166
100,1,0,10820,61012023,61012023,2030,6.967033694,2.026066428,0,0,0,1004.240027,158.9169784,290.5210145,529.1940766,833.2439416,1546200,2551300,4097500,0.158246011,0.2892943983,0.5269597528,0.8297258812,2147566.98,1813224.218,1206866.952,434420.0562,3693766.98,608,1,90895,580,150030100001,160335282,4485610,1022,160416295.6,70728.81258,422.8587603,10809.30499,608,1,90895,320,15003010000,189885427,4509600,3768,Honolulu,Oahu,Kawailoa,189973578.8,68049.09649,422.8587603,10809.30499
100,1,0,13300,61012025,61012025,2030,7.063483484,2.188016556,0,0,0,1125.829809,200.1796884,356.9949169,564.1104614,626.0514019,1450000,2237500,3687500,0.1778063493,0.3170949231,0.5010619337,0.5560799657,1839659.075,1527999.938,1116373.775,993271,3289659.075,609,1,90897,580,150030100001,160335282,4485610,1022,160416295.6,70728.81258,576.9507554,12118.06264,609,1,90897,320,15003010000,189885427,4509600,3768,Honolulu,Oahu,Kawailoa,189973578.8,68049.09649,576.9507554,12118.06264
100,1,0,17359,61012032,61012032,2030,8.683660067,3.454957083,0,0,0,1629.60053,158.2812108,291.3846062,527.3181797,841.8916188,1294500,2959900,4254400,0.09712884105,0.1788073831,0.3235873884,0.5166245367,2672407.873,2430649.161,2002114.839,1430741.663,3966907.873,610,1,90899,580,150030100001,160335282,4485610,1022,160416295.6,70728.81258,555.0132219,17540.47359,610,1,90899,320,15003010000,189885427,4509600,3768,Honolulu,Oahu,Kawailoa,189973578.8,68049.09649,555.0132219,17540.47359
100,1,0,7149,61012033,61012033,2050,14.10658447,9.09255946,4.921489801,0,0,664.1567721,20.24112255,39.17843447,77.35628944,137.1888367,1471600,1857500,3329100,0.03047642274,0.05898973874,0.1164729363,0.2065609242,1800890.83,1747926.075,1641151.403,1473812.943,3219526.075,611,1,90900,580,150030100001,160335282,4485610,1022,160416295.6,70728.81258,384.2560479,7148.761873,611,1,90900,320,15003010000,189885427,4509600,3768,Honolulu,Oahu,Kawailoa,189973578.8,68049.09649,384.2560479,7148.761873
100,1,0,3083,61012034,61012034,2050,13.91717948,8.956667473,4.913989038,0,0,791.6225445,76.12206604,137.9033042,250.624691,403.8909955,1121200,1871600,2992800,0.09615954797,0.1742033564,0.316596202,0.5102065351,1691626.944,1545561.665,1279058.926,916696.5788,2666761.665,612,1,90901,580,150030100001,160335282,4485610,1022,160416295.6,70728.81258,436.5677962,8520.760821,612,1,90901,320,15003010000,189885427,4509600,3768,Honolulu,Oahu,Kawailoa,189973578.8,68049.09649,436.5677962,8520.760821
100,1,0,6780,61012035,61012035,2024,2.010807431,0,0,0,0,638.3212452,72.90842044,130.9768741,237.5406451,382.6889685,2371600,1839000,4210600,0.1142190096,0.2051895892,0.3721333841,0.5995240977,1628951.259,1461655.59,1154647.413,736475.364,4000551.259,613,1,90902,580,150030100001,160335282,4485610,1022,160416295.6,70728.81258,375.4499817,6870.677981,613,1,90902,320,15003010000,189885427,4509600,3768,Honolulu,Oahu,Kawailoa,189973578.8,68049.09649,375.4499817,6870.677981
100,1,0,5072,61012036,61012036,2100,28.45239444,23.28564251,18.89821715,11.22116129,1.124157686,470.5702646,0,0,81.77021337,364.4663826,301800,853100,1154900,0,0,0.1737683392,0.7745206401,853100,853100,704858.5192,192356.1349,494156.1349,614,1,90903,580,150030100001,160335282,4485610,1022,160416295.6,70728.81258,288.0413731,5065.061266,614,1,90903,320,15003010000,189885427,4509600,3768,Honolulu,Oahu,Kawailoa,189973578.8,68049.09649,288.0413731,5065.061266
100,1,0,8000,61012037,61012037,2024,2.941355516,0,0,0,0,738.6699475,162.4533604,301.5815542,463.6633155,502.839556,934200,1863100,2797300,0.2199268577,0.408276464,0.6277002564,0.6807364476,1453354.006,1102440.984,693632.13,594820.7584,2387554.006,615,1,90904,580,150030100001,160335282,4485610,1022,160416295.6,70728.81258,455.8307177,7950.800136,615,1,90904,320,15003010000,189885427,4509600,3768,Honolulu,Oahu,Kawailoa,189973578.8,68049.09649,455.8307177,7950.800136
100,1,0,6308,61012038,61012038,2050,12.59399673,7.203536614,2.504805553,0,0,581.1285633,82.735534,154.6709003,279.0531011,436.2947117,872700,1701900,2574600,0.1423704482,0.2661560799,0.48019168,0.7507714113,1459600.497,1248929.104,884661.2352,424162.8351,2121629.104,616,1,90905,580,150030100001,160335282,4485610,1022,160416295.6,70728.81258,352.7981124,6255.073285,616,1,90905,320,15003010000,189885427,4509600,3768,Honolulu,Oahu,Kawailoa,189973578.8,68049.09649,352.7981124,6255.073285
100,1,0,5690,61012039,61012039,2024,2.412923569,0,0,0,0,528.6230086,93.80423053,183.3744835,273.4659342,273.4659342,1065400,1673000,2738400,0.1774501469,0.3468908476,0.5173175017,0.5173175018,1376126.15,1092651.357,807526.986,807526.986,2441526.15,617,1,90906,580,150030100001,160335282,4485610,1022,160416295.6,70728.81258,328.2195801,5689.921981,617,1,90906,320,15003010000,189885427,4509600,3768,Honolulu,Oahu,Kawailoa,189973578.8,68049.09649,328.2195801,5689.921981
99.02,1,0,27284,66006010,66006010,2024,0.725980838,0,0,0,0,2430.145641,114.3442116,116.7481771,212.248651,411.9281109,312400,2168500,2480900,0.04705241104,0.04804163798,0.08733988918,0.1695075818,2066467.738,2064320.923,1979103.21,1800921.902,2378867.738,618,1,91442,710,150030099021,1375759,1045939,689,1417242.44,9839.31574,671.458351,26157.3214,618,1,91442,217,15003009902,3914125,1076747,3998,Honolulu,Oahu,Haleiwa,3984897.262,11592.98648,671.458351,26157.3214
99.02,1,0,12840,66030029,66030029,2024,4.750820515,0.542159356,0,0,0,1243.608046,121.0972253,201.8800424,327.2778491,468.5399802,504100,1556400,2060500,0.09737571712,0.1623341398,0.2631680055,0.3767585629,1404843.994,1303743.362,1146805.325,970012.2924,1908943.994,619,1,91847,710,150030099021,1375759,1045939,689,1417242.44,9839.31574,536.5480143,13385.80718,619,1,91847,217,15003009902,3914125,1076747,3998,Honolulu,Oahu,Haleiwa,3984897.262,11592.98648,536.5480143,13385.80718
99.02,1,0,8082,66030031,66030031,2024,5.734456407,1.757488662,0,0,0,750.7108963,76.64452308,126.6462248,212.5379978,321.3505193,497100,1467900,1965000,0.1020959246,0.1687017272,0.2831156425,0.4280616159,1318033.282,1220262.334,1052314.024,839547.7902,1815133.282,620,1,91849,710,150030099021,1375759,1045939,689,1417242.44,9839.31574,397.6335237,8080.418196,620,1,91849,217,15003009902,3914125,1076747,3998,Honolulu,Oahu,Haleiwa,3984897.262,11592.98648,397.6335237,8080.418196
99.02,1,0,0,66030034,66030034,2030,7.014739531,3.115528134,0.510199604,0,0,660.7677909,62.71732129,104.6313571,181.4598702,286.9398486,496900,1389500,1886400,0.09491582694,0.1583481498,0.2746197268,0.4342521722,1257614.218,1169475.454,1007915.51,786106.846,1754514.218,621,1,91852,710,150030099021,1375759,1045939,689,1417242.44,9839.31574,377.9499294,7112.299563,621,1,91852,217,15003009902,3914125,1076747,3998,Honolulu,Oahu,Haleiwa,3984897.262,11592.98648,377.9499294,7112.299563
99.02,1,0,7175,66030035,66030035,2050,9.966029468,6.285657194,3.88463001,0,0,647.4922706,58.98402672,97.69067348,169.6383349,269.160259,429800,1477600,1907400,0.0910961094,0.150875428,0.2619928338,0.4156964819,1342996.55,1254667.1,1090479.143,863367.5904,1684467.1,622,1,91853,710,150030099021,1375759,1045939,689,1417242.44,9839.31574,380.6057624,6969.405959,622,1,91853,217,15003009902,3914125,1076747,3998,Honolulu,Oahu,Haleiwa,3984897.262,11592.98648,380.6057624,6969.405959
99.02,1,0,7786,66030036,66030036,2050,9.494642388,6.157033418,4.256410721,0,0,690.8244346,57.96891885,93.20360297,160.8270629,254.6625415,664000,1500100,2164100,0.08391266427,0.1349164828,0.2328045373,0.3686356892,1374222.109,1297712.508,1150869.22,947109.1364,1961712.508,623,1,91854,710,150030099021,1375759,1045939,689,1417242.44,9839.31574,396.0949964,7435.819257,623,1,91854,217,15003009902,3914125,1076747,3998,Honolulu,Oahu,Haleiwa,3984897.262,11592.98648,396.0949964,7435.819257
99.02,1,0,8706,66030039,66030039,2075,8.789559039,6.739426478,6.296186602,4.133065629,0.265804672,766.5207328,35.7399588,42.05753276,75.14240373,138.3732321,476400,1534200,2010600,0.0466262128,0.05486809549,0.09803049091,0.1805211864,1462666.391,1450021.514,1383802.374,1257244.682,1860202.374,624,1,91857,710,150030099021,1375759,1045939,689,1417242.44,9839.31574,428.8540245,8250.590434,624,1,91857,217,15003009902,3914125,1076747,3998,Honolulu,Oahu,Haleiwa,3984897.262,11592.98648,428.8540245,8250.590434
99.02,1,0,8345,66030040,66030040,2100,8.965369026,7.525971826,7.962058373,6.75259691,3.475154073,799.1089848,29.97444465,27.99662943,50.93146872,104.2561379,539900,1529500,2069400,0.0375098331,0.03503480747,0.06373532233,0.1304654808,1472128.455,1475913.968,1432017.318,1329953.783,1869853.783,625,1,91858,710,150030099021,1375759,1045939,689,1417242.44,9839.31574,427.9976475,8601.361074,625,1,91858,217,15003009902,3914125,1076747,3998,Honolulu,Oahu,Haleiwa,3984897.262,11592.98648,427.9976475,8601.361074
99.02,1,0,7327,66031007,66031007,2100,8.070052024,6.666342984,7.263585859,6.526584836,4.060879781,701.7165266,21.41243841,12.12364899,23.20993491,60.83743961,457900,1435000,1892900,0.03051437098,0.0172771319,0.03307594168,0.08669802878,1391212.41,1410207.505,1387535.94,1310588.37,1768488.37,626,1,91887,710,150030099021,1375759,1045939,689,1417242.44,9839.31574,397.4826723,7553.058664,626,1,91887,217,15003009902,3914125,1076747,3998,Honolulu,Oahu,Haleiwa,3984897.262,11592.98648,397.4826723,7553.058664
99.02,1,0,7671,66031008,66031008,2100,9.197973359,7.7580568,8.283111717,7.473092465,4.961580251,714.4096707,21.0246719,13.53264582,25.49218757,62.44210582,474800,1512100,1986900,0.02942943351,0.0189424169,0.03568287023,0.08740378018,1467600.409,1483457.802,1458143.736,1379936.412,1854736.412,627,1,91888,710,150030099021,1375759,1045939,689,1417242.44,9839.31574,410.1422113,7689.684439,627,1,91888,217,15003009902,3914125,1076747,3998,Honolulu,Oahu,Haleiwa,3984897.262,11592.98648,410.1422113,7689.684439
99.02,1,0,7990,66031009,66031009,2100,10.59662576,9.039688723,9.476250924,8.514440897,5.810482933,773.1825399,22.46780563,15.52672882,29.04848301,68.73611306,979900,1532600,2512500,0.02905886317,0.02008158232,0.03757001938,0.08890023961,1488064.177,1501822.327,1475020.218,1396351.86,2376251.86,628,1,91889,710,150030099021,1375759,1045939,689,1417242.44,9839.31574,426.6175343,8322.296734,628,1,91889,217,15003009902,3914125,1076747,3998,Honolulu,Oahu,Haleiwa,3984897.262,11592.98648,426.6175343,8322.296734
99.05,3,0,38202,67013001,67013001,2100,25.11112032,20.29427302,16.05951823,9.099459951,0.388087134,3540.455137,153.3415048,290.1416399,510.9577641,784.1120119,834300,2496100,3330400,0.04331124075,0.08195037886,0.1443197963,0.2214720937,2387991.413,2291544.605,2135862.848,1943283.741,2777583.741,629,1,92925,168,150030099053,748724,513761,1651,748274.4057,4429.878852,971.7349679,38108.4006,629,1,92925,400,15003009905,3163067,513761,3879,Honolulu,Oahu,Waialua District Park,3161175.454,10339.49201,971.7349679,38108.4006
99.05,3,0,12782,67013002,67013002,2075,15.73628552,10.67159154,6.146521352,0,0,1189.071485,0,24.38561255,140.6763168,283.7846939,942500,1513800,2456300,0,0.02050811315,0.1183077036,0.2386607512,1513800,1482754.99,1334705.35,1152514.978,2277205.35,630,1,92926,168,150030099053,748724,513761,1651,748274.4057,4429.878852,852.292658,12798.81487,630,1,92926,400,15003009905,3163067,513761,3879,Honolulu,Oahu,Waialua District Park,3161175.454,10339.49201,852.292658,12798.81487
99.05,3,1.041,0,67013003,67013003,2050,15.05117684,9.921364267,5.330900633,0,0,4272.192591,167.5086819,316.9886477,555.8792362,850.2938511,1979700,2846200,4825900,0.03920906616,0.07419811748,0.1301156782,0.1990298501,2734603.344,2635017.652,2475863.841,2279720.814,4614717.652,631,1,92927,168,150030099053,748724,513761,1651,748274.4057,4429.878852,1120.968121,45984.61221,631,1,92927,400,15003009905,3163067,513761,3879,Honolulu,Oahu,Waialua District Park,3161175.454,10339.49201,1120.968121,45984.61221
99.05,3,1.124,0,67013004,67013004,2075,16.31369241,11.12586467,6.474906989,0,0,4522.618327,165.2108896,313.5268004,550.538801,842.7746601,644400,2728900,3373300,0.03652992086,0.06932417856,0.1217301044,0.1863466247,2629213.283,2539721.736,2396711.003,2220377.672,3041111.003,632,1,92928,168,150030099053,748724,513761,1651,748274.4057,4429.878852,1178.451932,48680.11178,632,1,92928,400,15003009905,3163067,513761,3879,Honolulu,Oahu,Waialua District Park,3161175.454,10339.49201,1178.451932,48680.11178
99.06,1,0,12087,67013020,67013020,2100,34.90845957,28.29896158,21.78566041,11.57012904,0,1104.219744,141.5237005,282.1867997,484.3314294,713.3659261,1724300,1697100,3421400,0.1281662471,0.2555531192,0.4386187009,0.6460361991,1479589.481,1263401.004,952719.6951,600712.3044,2325012.304,633,1,92943,364,150030099061,358118,1271318,1245,357903.1019,5383.320515,567.3203484,11885.49391,633,1,92943,109,15003009906,87666397,7880220,1921,Honolulu,Oahu,Mokuleia,87621214.46,62239.89934,567.3203484,11885.49391
99.06,1,0,0,67013022,67013022,2030,11.71298893,5.848524464,0.351540387,0,0,719.5246833,136.36871,278.9312863,471.0356719,662.286249,652700,1542000,2194700,0.1895261041,0.3876604831,0.654648385,0.9204496584,1249750.908,944228.28,532532.784,122666.1,1902450.908,634,1,92945,364,150030099061,358118,1271318,1245,357903.1019,5383.320515,386.1421286,7744.749158,634,1,92945,109,15003009906,87666397,7880220,1921,Honolulu,Oahu,Mokuleia,87621214.46,62239.89934,386.1421286,7744.749158
99.06,1,0,7825,67013023,67013023,2030,10.49190516,4.893693563,0,0,0,765.7115449,92.40515846,211.1621002,393.2996639,610.5815431,845500,1553100,2398600,0.1206788105,0.2757723866,0.5136394593,0.7974041231,1365673.445,1124798.507,755367.2691,314651.8476,2211173.445,635,1,92946,364,150030099061,358118,1271318,1245,357903.1019,5383.320515,390.1558133,8241.891196,635,1,92946,109,15003009906,87666397,7880220,1921,Honolulu,Oahu,Mokuleia,87621214.46,62239.89934,390.1558133,8241.891196
99.06,3,0,7771,67013024,67013024,2030,6.633768402,1.184597005,0,0,0,705.661382,69.71399266,161.8465364,306.2676526,482.1710966,1095900,1583100,2679000,0.09879241579,0.2293543908,0.4340150395,0.6832896186,1426702.385,1220009.683,896010.8535,501383.601,2522602.385,636,2,92947,168,150030099053,748724,513761,1651,748274.4057,4429.878852,370.6316017,7595.530099,636,2,92947,109,15003009906,87666397,7880220,1921,Honolulu,Oahu,Mokuleia,87621214.46,62239.89934,370.6316017,7595.530099
99.06,3,0,9880,67013025,67013025,2030,10.2924151,5.001132932,0.206455852,0,0,973.061045,89.17747399,182.3567593,346.5650698,575.5178595,1186600,1618200,2804800,0.09164633036,0.1874052612,0.3561596383,0.5914509294,1469898.443,1314941.229,1041861.888,661113.9918,2656498.443,637,2,92948,168,150030099053,748724,513761,1651,748274.4057,4429.878852,478.8830098,10473.73903,637,2,92948,109,15003009906,87666397,7880220,1921,Honolulu,Oahu,Mokuleia,87621214.46,62239.89934,478.8830098,10473.73903
99.05,3,0,9320,67014018,67014018,2075,13.41991093,10.493228,8.688033636,4.78836876,0,951.1158474,58.17327801,91.54322486,167.1588188,277.629792,781000,1521800,2302800,0.06116318866,0.09624823843,0.1757502193,0.2918990286,1428722.147,1375329.794,1254343.65,1077588.102,2035343.65,638,1,92976,168,150030099053,748724,513761,1651,748274.4057,4429.878852,433.2019743,10237.5267,638,1,92976,400,15003009905,3163067,513761,3879,Honolulu,Oahu,Waialua District Park,3161175.454,10339.49201,433.2019743,10237.5267
99.05,3,0.661,0,67014019,67014019,2075,16.16844838,12.55656796,9.914417322,4.625486282,0,2651.884552,101.2962424,182.4166195,323.9218634,507.0772075,642200,2213800,2856000,0.0381978327,0.06878754182,0.1221477998,0.1912139076,2129237.268,2061517.126,1943388.758,1790490.447,2585588.758,639,1,92977,168,150030099053,748724,513761,1651,748274.4057,4429.878852,865.0298377,28544.09742,639,1,92977,400,15003009905,3163067,513761,3879,Honolulu,Oahu,Waialua District Park,3161175.454,10339.49201,865.0298377,28544.09742
99.05,3,0,10492,67014025,67014025,2075,12.29609416,8.918031857,6.593662281,2.123124629,0,1049.391296,74.14492519,125.5648095,225.0783887,361.3461681,1093100,1466600,2559700,0.07065517458,0.1196548991,0.2144847109,0.3443388274,1362977.377,1291113.977,1152036.299,961592.4226,2245136.299,640,1,92982,168,150030099053,748724,513761,1651,748274.4057,4429.878852,568.2574352,11295.33542,640,1,92982,400,15003009905,3163067,513761,3879,Honolulu,Oahu,Waialua District Park,3161175.454,10339.49201,568.2574352,11295.33542
99.05,3,0,10162,67014026,67014026,2075,12.09001501,9.130623398,7.341002489,3.530178461,0,1057.784749,61.17070343,97.30815717,176.3673789,290.3165563,1207500,1553100,2760600,0.05782906538,0.09199239942,0.1667327677,0.2744571203,1463285.78,1410227.225,1294146.978,1126840.833,2501646.978,641,1,92983,168,150030099053,748724,513761,1651,748274.4057,4429.878852,484.4340729,11385.67851,641,1,92983,400,15003009905,3163067,513761,3879,Honolulu,Oahu,Waialua District Park,3161175.454,10339.49201,484.4340729,11385.67851
99.05,3,0,8846,67014027,67014027,2050,9.743363836,6.83820856,5.00742935,1.066643628,0,960.3716054,64.00606445,105.8876355,192.5301596,314.8564127,780300,1516100,2296400,0.06664718541,0.1102569411,0.2004746481,0.3278485234,1415056.483,1348939.362,1212159.853,1019048.131,2129239.362,642,1,92984,168,150030099053,748724,513761,1651,748274.4057,4429.878852,442.1422368,10337.15331,642,1,92984,400,15003009905,3163067,513761,3879,Honolulu,Oahu,Waialua District Park,3161175.454,10339.49201,442.1422368,10337.15331
99.05,3,0,9263,67014028,67014028,2050,10.40876167,7.072546049,4.672977295,0.078688154,0,905.448312,67.21947647,115.4557342,208.5043361,336.1059843,1025600,1534700,2560300,0.07423888871,0.1275122309,0.2302774585,0.3712039438,1420765.407,1339007.334,1181293.888,965013.2212,2364607.334,643,1,92985,168,150030099053,748724,513761,1651,748274.4057,4429.878852,428.9608113,9745.975141,643,1,92985,400,15003009905,3163067,513761,3879,Honolulu,Oahu,Waialua District Park,3161175.454,10339.49201,428.9608113,9745.975141
99.05,3,0,8855,67014029,67014029,2075,12.78040097,9.606934951,7.582977619,3.410460599,0,808.4726066,64.73119717,112.5614869,205.756053,333.7295149,914900,1541700,2456600,0.08006603643,0.1392273355,0.2544997213,0.4127901332,1418262.248,1327053.734,1149337.35,905301.657,2064237.35,644,1,92986,168,150030099053,748724,513761,1651,748274.4057,4429.878852,396.2874475,8702.157374,644,1,92986,400,15003009905,3163067,513761,3879,Honolulu,Oahu,Waialua District Park,3161175.454,10339.49201,396.2874475,8702.157374
99.05,3,0,7546,67014030,67014030,2075,11.10079594,8.543547723,7.346039674,4.175506015,0,715.2502586,37.42410998,71.6324375,153.4512508,276.108433,831400,1431600,2263000,0.05232309886,0.1001501735,0.2145420417,0.3860305252,1356694.393,1288225.26,1124461.673,878958.0204,1955861.673,645,1,92987,168,150030099053,748724,513761,1651,748274.4057,4429.878852,372.1471966,7698.740339,645,1,92987,400,15003009905,3163067,513761,3879,Honolulu,Oahu,Waialua District Park,3161175.454,10339.49201,372.1471966,7698.740339
99.05,3,0,8325,67014031,67014031,2100,9.141959744,7.777158504,8.224197516,7.139205763,4.264181236,743.6718311,14.3615779,19.11236043,55.2713439,130.4735286,855700,1477200,2332900,0.01931171425,0.02569999243,0.0743222233,0.1754450326,1448672.314,1439235.96,1367411.542,1218032.646,2073732.646,646,1,92988,168,150030099053,748724,513761,1651,748274.4057,4429.878852,372.755769,8004.660976,646,1,92988,400,15003009905,3163067,513761,3879,Honolulu,Oahu,Waialua District Park,3161175.454,10339.49201,372.755769,8004.660976
99.05,3,0,0,67015038,67015038,2100,29.58501078,24.77737031,20.78872393,14.20569535,5.804142887,720.6756245,0,0,0,0,873900,908700,1782600,0,0,0,0,908700,908700,908700,908700,1782600,647,1,93041,168,150030099053,748724,513761,1651,748274.4057,4429.878852,372.8718125,7757.132467,647,1,93041,400,15003009905,3163067,513761,3879,Honolulu,Oahu,Waialua District Park,3161175.454,10339.49201,372.8718125,7757.132467
99.05,3,0,9028,67015039,67015039,2030,8.113853454,3.37411949,0,0,0,958.1354974,105.8193778,177.7931606,298.085934,453.604317,960500,1311600,2272100,0.1104430199,0.1855616049,0.3111104169,0.4734239763,1166742.961,1068216.881,903548.124,690657.0816,2127242.961,648,1,93042,168,150030099053,748724,513761,1651,748274.4057,4429.878852,513.8980713,10313.07903,648,1,93042,400,15003009905,3163067,513761,3879,Honolulu,Oahu,Waialua District Park,3161175.454,10339.49201,513.8980713,10313.07903
99.05,3,0,7841,67015040,67015040,2024,0.502355982,0,0,0,0,911.7641076,112.4881542,205.472696,357.9550515,550.7141587,484500,1268200,1752700,0.1233741856,0.2253572984,0.3925961205,0.6040094737,1111737.093,982402.2526,770309.7528,502195.7862,1596237.093,649,1,93043,168,150030099053,748724,513761,1651,748274.4057,4429.878852,408.8676893,9813.952396,649,1,93043,400,15003009905,3163067,513761,3879,Honolulu,Oahu,Waialua District Park,3161175.454,10339.49201,408.8676893,9813.952396
99.05,3,0,7954,67015042,67015042,2030,9.907554282,5.219633736,1.384833652,0,0,813.2674727,84.46395786,152.9834771,266.7671071,412.092685,329100,1350300,1679400,0.1038575385,0.1881096715,0.3280189065,0.5067123657,1210060.543,1096295.067,907375.9443,666086.7864,1539160.543,650,1,93045,168,150030099053,748724,513761,1651,748274.4057,4429.878852,418.993503,8753.764362,650,1,93045,400,15003009905,3163067,513761,3879,Honolulu,Oahu,Waialua District Park,3161175.454,10339.49201,418.993503,8753.764362
99.05,3,0,8140,67015043,67015043,2024,4.521164943,0,0,0,0,797.6574033,78.37077173,140.0503563,245.6845956,384.4530248,1089000,1335800,2424800,0.09825116824,0.1755770783,0.3080076667,0.48197763,1204556.314,1101264.243,924362.9136,691973.7876,2293556.314,651,1,93046,168,150030099053,748724,513761,1651,748274.4057,4429.878852,503.1089593,8585.742344,651,1,93046,400,15003009905,3163067,513761,3879,Honolulu,Oahu,Waialua District Park,3161175.454,10339.49201,503.1089593,8585.742344
99.05,3,0,9135,67015046,67015046,2100,19.10762559,15.13989914,12.24507587,7.016443975,0,1005.942082,95.60370388,166.2551579,290.4949736,455.4355994,506100,979400,1485500,0.09503897448,0.1652730916,0.2887790249,0.4527453494,886318.8034,817531.6238,696569.8474,535981.547,1042081.547,652,1,93049,168,150030099053,748724,513761,1651,748274.4057,4429.878852,625.3756429,10827.65435,652,1,93049,400,15003009905,3163067,513761,3879,Honolulu,Oahu,Waialua District Park,3161175.454,10339.49201,625.3756429,10827.65435
99.05,3,0,8502,67015049,67015049,2024,4.19684028,0.422608642,0,0,0,921.3282142,91.0705436,153.2325236,268.5901651,426.2584014,484100,813400,1297500,0.09884701478,0.1663169772,0.2915249539,0.4626564071,732997.8502,678117.7522,576273.565,437075.6096,1217097.85,653,1,93052,168,150030099053,748724,513761,1651,748274.4057,4429.878852,596.7208836,9916.898014,653,1,93052,400,15003009905,3163067,513761,3879,Honolulu,Oahu,Waialua District Park,3161175.454,10339.49201,596.7208836,9916.898014
99.05,3,0,9819,67015050,67015050,2024,5.883798346,2.445704282,0.258374286,0,0,1111.019314,94.38415634,151.7352809,268.3947858,434.5457652,781900,1532700,2314600,0.08495275929,0.1365730361,0.2415752656,0.3911235023,1402492.537,1323374.563,1162437.998,933224.2452,2184392.537,654,1,93053,168,150030099053,748724,513761,1651,748274.4057,4429.878852,593.3450297,11958.67487,654,1,93053,400,15003009905,3163067,513761,3879,Honolulu,Oahu,Waialua District Park,3161175.454,10339.49201,593.3450297,11958.67487
99.05,3,0,8987,67015053,67015053,2030,7.44203655,4.651846323,3.23814896,0,0,917.3887222,76.33429147,111.8257794,202.2568184,341.427233,457400,1350800,1808200,0.08320822964,0.1218957424,0.2204701383,0.3721729128,1238402.634,1186142.883,1052989.124,848068.7116,1695802.634,655,1,93056,168,150030099053,748724,513761,1651,748274.4057,4429.878852,554.2900307,9874.494349,655,1,93056,400,15003009905,3163067,513761,3879,Honolulu,Oahu,Waialua District Park,3161175.454,10339.49201,554.2900307,9874.494349
99.05,3,0,9988,67015054,67015054,2100,12.04148468,9.740561862,8.863295868,6.159519738,1.754640506,917.3926342,36.34042732,46.2858989,86.65833967,155.7777749,520000,1402200,1922200,0.03961273065,0.05045375031,0.09446156035,0.1698049114,1346654.651,1331453.401,1269745.384,1164099.429,1684099.429,656,1,93057,168,150030099053,748724,513761,1651,748274.4057,4429.878852,458.4891199,9874.536615,656,1,93057,400,15003009905,3163067,513761,3879,Honolulu,Oahu,Waialua District Park,3161175.454,10339.49201,458.4891199,9874.536615
99.05,3,0,9897,67015055,67015055,2100,13.44866407,11.62685286,11.32441627,9.368470942,5.82083283,887.4942151,25.82757719,23.67491998,48.2401229,100.4182821,560500,1399900,1960400,0.02910168512,0.02667614006,0.05435542236,0.1131480976,1359160.11,1362556.268,1323808.436,1241504.115,1802004.115,657,1,93058,168,150030099053,748724,513761,1651,748274.4057,4429.878852,448.6343218,9552.719145,657,1,93058,400,15003009905,3163067,513761,3879,Honolulu,Oahu,Waialua District Park,3161175.454,10339.49201,448.6343218,9552.719145
99.05,3,0,10536,67015056,67015056,2100,8.747246025,7.47937576,7.850686052,6.752231697,4.137898092,1002.954261,8.818338164,1.88859787,6.443790908,27.18265672,474200,1416200,1890400,0.008792363226,0.001883034893,0.00642481034,0.02710258859,1403748.77,1413533.295,1407100.915,1377816.731,1852016.731,658,1,93059,168,150030099053,748724,513761,1651,748274.4057,4429.878852,462.1016271,10795.49524,658,1,93059,400,15003009905,3163067,513761,3879,Honolulu,Oahu,Waialua District Park,3161175.454,10339.49201,462.1016271,10795.49524
99.06,1,0,54771,68004001,68004001,2075,13.26898769,9.543480134,6.640170506,1.616245277,0,5174.401361,234.0735207,415.4108536,729.1022478,1141.042379,1475100,3352300,4827400,0.04523683116,0.08028191566,0.1409056231,0.2205167902,3200652.005,3083170.651,2879940.816,2613060.861,4355040.816,659,1,93271,364,150030099061,358118,1271318,1245,357903.1019,5383.320515,978.1134827,55695.81052,659,1,93271,109,15003009906,87666397,7880220,1921,Honolulu,Oahu,Mokuleia,87621214.46,62239.89934,978.1134827,55695.81052
99.06,1,0,12916,68004018,68004018,2050,11.86728365,6.681222215,2.130027374,0,0,1199.433679,47.5081056,214.6753355,482.8355708,817.16618,1400400,2880100,4280500,0.03960878073,0.1789805799,0.4025529541,0.6812933422,2766022.119,2364616.822,1720707.105,917908.0307,3765016.822,660,1,93275,364,150030099061,358118,1271318,1245,357903.1019,5383.320515,455.5452359,12910.36765,660,1,93275,109,15003009906,87666397,7880220,1921,Honolulu,Oahu,Mokuleia,87621214.46,62239.89934,455.5452359,12910.36765
99.06,1,0,10000,68004029,68004029,2030,7.015102993,3.588394097,1.453996819,0,0,929.0291294,0,0,34.13677814,166.5642776,894900,1455300,2350200,0,0,0.03674457244,0.1792885414,1455300,1455300,1401825.002,1194380.718,2350200,661,1,93276,364,150030099061,358118,1271318,1245,357903.1019,5383.320515,635.5333267,9999.804905,661,1,93276,109,15003009906,87666397,7880220,1921,Honolulu,Oahu,Mokuleia,87621214.46,62239.89934,635.5333267,9999.804905
99.06,1,0,4784,68004030,68004030,2030,6.727173287,2.228094953,0,0,0,443.824982,29.64028596,83.36564455,174.7511945,293.8590454,750100,1017500,1767600,0.06678372593,0.1878345022,0.3937389772,0.6621056889,949547.28,826377.8875,616870.5675,343807.145,1699647.28,662,1,93277,364,150030099061,358118,1271318,1245,357903.1019,5383.320515,291.2531086,4777.206973,662,1,93277,109,15003009906,87666397,7880220,1921,Honolulu,Oahu,Mokuleia,87621214.46,62239.89934,291.2531086,4777.206973
99.06,1,0,9195,68005005,68005005,2100,19.03797832,15.77644179,13.7563241,9.635635155,3.783758465,821.8635507,0,0,28.05922641,132.1785679,1204500,1734200,2938700,0,0,0.03414097922,0.1608278744,1734200,1734200,1674992.678,1455292.082,2659792.082,663,1,93284,364,150030099061,358118,1271318,1245,357903.1019,5383.320515,420.3483551,8846.305275,663,1,93284,109,15003009906,87666397,7880220,1921,Honolulu,Oahu,Mokuleia,87621214.46,62239.89934,420.3483551,8846.305275
99.06,1,0,18812,68005009,68005009,2100,12.9251931,10.3196647,9.154939981,6.140222963,1.415333272,1747.828303,0.1592091068,8.949437748,54.04336078,186.3395905,2666700,2042000,4708700,0.00009108967199,0.005120318588,0.03092029159,0.1066120684,2041814.178,2031544.96,1978861.36,1824298.296,4490998.296,664,1,93288,364,150030099061,358118,1271318,1245,357903.1019,5383.320515,599.7771609,18813.12478,664,1,93288,109,15003009906,87666397,7880220,1921,Honolulu,Oahu,Mokuleia,87621214.46,62239.89934,599.7771609,18813.12478
99.06,1,0,13050,68005014,68005014,2075,13.25871461,9.672415139,7.25874991,2.648624126,0,1250.96123,0,0,0.2538695102,96.94928982,950700,1317100,2267800,0,0,0.0002029395509,0.07749983572,1317100,1317100,1316832.629,1215024.75,2267532.629,665,1,93292,364,150030099061,358118,1271318,1245,357903.1019,5383.320515,567.9474075,13464.98786,665,1,93292,109,15003009906,87666397,7880220,1921,Honolulu,Oahu,Mokuleia,87621214.46,62239.89934,567.9474075,13464.98786
99.06,1,0,13230,68005015,68005015,2075,12.98282538,9.339715993,6.850569212,2.146505222,0,1272.387283,0,0,13.86226401,134.4686577,929700,1863400,2793100,0,0,0.01089468922,0.1056821768,1863400,1863400,1843098.257,1666472.161,2772798.257,666,1,93293,364,150030099061,358118,1271318,1245,357903.1019,5383.320515,572.5044036,13695.61107,666,1,93293,109,15003009906,87666397,7880220,1921,Honolulu,Oahu,Mokuleia,87621214.46,62239.89934,572.5044036,13695.61107
99.06,1,0,13590,68005016,68005016,2075,16.87627459,12.59686563,9.235662365,3.484214214,0,1242.331215,0,3.934196402,88.93485037,220.3927463,1227500,1874900,3102400,0,0.003166785438,0.07158706895,0.1774025667,1874900,1868962.192,1740681.534,1542287.115,2968181.534,667,1,93294,364,150030099061,358118,1271318,1245,357903.1019,5383.320515,573.9853278,13372.09648,667,1,93294,109,15003009906,87666397,7880220,1921,Honolulu,Oahu,Mokuleia,87621214.46,62239.89934,573.9853278,13372.09648
99.06,1,0,6609,68005020,68005020,2075,16.69570634,12.17737619,8.452377988,2.181447197,0,622.851286,0,0.4422400717,105.1357232,243.2041069,915100,1651500,2566600,0,0.0007100251402,0.1687974732,0.3904689809,1651500,1650327.435,1372731.755,1006640.447,2287831.755,668,1,93298,364,150030099061,358118,1271318,1245,357903.1019,5383.320515,356.2760611,6704.192235,668,1,93298,109,15003009906,87666397,7880220,1921,Honolulu,Oahu,Mokuleia,87621214.46,62239.89934,356.2760611,6704.192235
99.06,1,0,6811,68005021,68005021,2075,15.09802182,10.46844214,6.656518267,0.273542939,0,659.090583,0,0,89.49611355,226.6498309,794700,1658000,2452700,0,0,0.135787274,0.3438826722,1658000,1658000,1432865.154,1087841.986,2227565.154,669,1,93299,364,150030099061,358118,1271318,1245,357903.1019,5383.320515,368.4671172,7094.261363,669,1,93299,109,15003009906,87666397,7880220,1921,Honolulu,Oahu,Mokuleia,87621214.46,62239.89934,368.4671172,7094.261363
99.06,1,0,7013,68005022,68005022,2050,12.29580942,7.587833108,3.680301405,0,0,661.7713426,0,0,72.22626149,210.538001,1048800,1664400,2713200,0,0,0.1091408117,0.3181431221,1664400,1664400,1482745.72,1134882.791,2713200,670,1,93300,364,150030099061,358118,1271318,1245,357903.1019,5383.320515,370.4721906,7123.11588,670,1,93300,109,15003009906,87666397,7880220,1921,Honolulu,Oahu,Mokuleia,87621214.46,62239.89934,370.4721906,7123.11588
99.06,1,0,7214,68005023,68005023,2100,29.22010886,24.49398051,20.56455104,14.03668761,5.713719532,666.7185369,0,0,59.94830003,202.4520635,890200,1670900,2561100,0,0,0.08991545414,0.3036544693,1670900,1670900,1520661.027,1163524.531,2053724.531,671,1,93301,364,150030099061,358118,1271318,1245,357903.1019,5383.320515,375.5887023,7176.366119,671,1,93301,109,15003009906,87666397,7880220,1921,Honolulu,Oahu,Mokuleia,87621214.46,62239.89934,375.5887023,7176.366119
99.06,1,0,8282,68005025,68005025,2075,17.97008132,12.95340227,8.564571066,1.466776478,0,800.5491363,0,3.335550234,112.3018359,261.9335206,1190600,1705000,2895600,0,0.004166577769,0.1402810031,0.3271923093,1705000,1697895.265,1465820.895,1147137.64,2656420.895,672,1,93303,364,150030099061,358118,1271318,1245,357903.1019,5383.320515,425.3597443,8616.880652,672,1,93303,109,15003009906,87666397,7880220,1921,Honolulu,Oahu,Mokuleia,87621214.46,62239.89934,425.3597443,8616.880652
99.06,1,0,9425,68005027,68005027,2075,15.660901,10.72328426,6.482208781,0,0,892.1555223,0,12.46107057,130.4034166,278.9270599,1641500,1741600,3383100,0,0.01396737481,0.1461666866,0.3126439874,1741600,1717275.073,1487035.553,1197099.21,3128535.553,673,1,93305,364,150030099061,358118,1271318,1245,357903.1019,5383.320515,462.3500121,9602.905152,673,1,93305,109,15003009906,87666397,7880220,1921,Honolulu,Oahu,Mokuleia,87621214.46,62239.89934,462.3500121,9602.905152
99.06,1,0,10211,68005028,68005028,2030,10.72044375,5.87404392,1.749667763,0,0,993.581907,0,2.284753619,117.6672293,267.9699262,1449000,1766800,3215800,0,0.002299512102,0.1184273068,0.2697008916,1766800,1762736.36,1557563.176,1290292.273,3215800,674,1,93306,364,150030099061,358118,1271318,1245,357903.1019,5383.320515,494.0449603,10694.62962,674,1,93306,109,15003009906,87666397,7880220,1921,Honolulu,Oahu,Mokuleia,87621214.46,62239.89934,494.0449603,10694.62962
99.06,1,0,9909,68005029,68005029,2100,23.61447613,18.9429094,15.00501077,8.540632559,0.388060341,928.4854906,0,0,87.72838509,215.9582647,2075900,1757100,3833000,0,0,0.0944854669,0.2325919649,1757100,1757100,1591080.407,1348412.597,3424312.597,675,1,93307,364,150030099061,358118,1271318,1245,357903.1019,5383.320515,504.099417,9993.950487,675,1,93307,109,15003009906,87666397,7880220,1921,Honolulu,Oahu,Mokuleia,87621214.46,62239.89934,504.099417,9993.950487
99.06,1,0,10352,68005030,68005030,2075,18.08158214,13.47413681,9.661355589,3.306035651,0,939.1398477,0,0,70.43728055,192.3717795,896400,1771300,2667700,0,0,0.0750019081,0.2048382676,1771300,1771300,1638448.957,1408470.451,2534848.957,676,1,93308,364,150030099061,358118,1271318,1245,357903.1019,5383.320515,515.5050803,10108.63019,676,1,93308,109,15003009906,87666397,7880220,1921,Honolulu,Oahu,Mokuleia,87621214.46,62239.89934,515.5050803,10108.63019
99.06,1,0,6459,68005045,68005045,2100,21.10934536,17.67588472,15.45659351,11.08796224,4.961132558,601.9707202,0,0,0,28.14401147,818900,1419100,2238000,0,0,0,0.04675312358,1419100,1419100,1419100,1352752.818,2171652.818,677,1,93321,364,150030099061,358118,1271318,1245,357903.1019,5383.320515,527.25143,6479.445575,677,1,93321,109,15003009906,87666397,7880220,1921,Honolulu,Oahu,Mokuleia,87621214.46,62239.89934,527.25143,6479.445575
99.06,1,0,7986,68005051,68005051,2100,16.85569976,14.31080583,13.17916949,10.16448722,5.40819644,780.5526957,0,0,8.025289306,91.07829375,1398800,1505800,2904600,0,0,0.0102815471,0.1166843626,1505800,1505800,1490317.364,1330097.233,2728897.233,678,1,93327,364,150030099061,358118,1271318,1245,357903.1019,5383.320515,417.6011756,8401.645413,678,1,93327,109,15003009906,87666397,7880220,1921,Honolulu,Oahu,Mokuleia,87621214.46,62239.89934,417.6011756,8401.645413
99.06,2,0,9895,68006002,68006002,2030,8.245114346,2.320991342,0,0,0,914.1574422,89.67590147,214.9937467,413.0391281,661.278359,868800,1630100,2498900,0.09809677998,0.235182406,0.4518249363,0.7233746929,1470192.08,1246729.822,893580.0675,450926.4125,2338992.08,679,1,93328,362,150030099062,84278321,6608902,657,84235262.43,67714.90731,413.5454984,9839.739541,679,1,93328,109,15003009906,87666397,7880220,1921,Honolulu,Oahu,Mokuleia,87621214.46,62239.89934,413.5454984,9839.739541
99.06,2,0,17935,68006003,68006003,2024,3.133542041,0,0,0,0,2125.180206,471.3448895,925.129668,1542.629117,1681.872907,1016700,1554300,2571000,0.2217905513,0.4353182217,0.7258815572,0.7914024899,1209570.249,877685.2326,426061.6074,324223.8714,2226270.249,680,1,93329,362,150030099062,84278321,6608902,657,84235262.43,67714.90731,696.0085178,22874.82861,680,1,93329,109,15003009906,87666397,7880220,1921,Honolulu,Oahu,Mokuleia,87621214.46,62239.89934,696.0085178,22874.82861
99.06,2,0,19294,68006004,68006004,2024,5.660022511,0,0,0,0,1852.187187,430.2930871,893.1048929,1531.844351,1830.797233,1090500,1694700,2785200,0.2323161989,0.4821893268,0.8270461873,0.9884515158,1300994.075,877534.3017,293105.1438,19570.3956,2391494.075,681,2,93330,362,150030099062,84278321,6608902,657,84235262.43,67714.90731,682.3038458,19936.40642,681,1,93330,109,15003009906,87666397,7880220,1921,Honolulu,Oahu,Mokuleia,87621214.46,62239.89934,682.3038458,19936.40642
99.06,1,0,10033,68006005,68006005,2024,5.936699953,0.325370586,0,0,0,934.3502721,118.1465323,226.3252683,393.7118388,596.4428095,925400,1695000,2620400,0.1264477957,0.2422274334,0.4213749924,0.6383503353,1480670.64,1284425.235,980769.375,612996.75,2406070.64,682,1,93331,364,150030099061,358118,1271318,1245,357903.1019,5383.320515,429.4759307,10057.08754,682,1,93331,109,15003009906,87666397,7880220,1921,Honolulu,Oahu,Mokuleia,87621214.46,62239.89934,429.4759307,10057.08754
99.06,1,0,10870,68006006,68006006,2030,7.085892109,2.56776294,0,0,0,1004.692946,84.92416776,154.0586291,269.2373371,416.3378229,890800,1741700,2632500,0.08452748487,0.1533390174,0.2679797229,0.4143930987,1594479.324,1474629.464,1274959.234,1019951.712,2485279.324,683,1,93332,364,150030099061,358118,1271318,1245,357903.1019,5383.320515,477.5353974,10814.23445,683,1,93332,109,15003009906,87666397,7880220,1921,Honolulu,Oahu,Mokuleia,87621214.46,62239.89934,477.5353974,10814.23445
99.06,1,0,9977,68006012,68006012,2075,16.88909904,11.7715035,7.26032851,0.245734603,0,920.0477181,102.8479029,193.7096697,337.3763676,514.3982616,977500,1701100,2678600,0.1117854008,0.2105430684,0.3666944235,0.5590995461,1510942.537,1342945.303,1077316.837,750014.99,2054816.837,684,1,93336,364,150030099061,358118,1271318,1245,357903.1019,5383.320515,438.7790471,9903.138278,684,1,93336,109,15003009906,87666397,7880220,1921,Honolulu,Oahu,Mokuleia,87621214.46,62239.89934,438.7790471,9903.138278
99.06,1,0,9924,68006013,68006013,2075,17.13274198,12.08200895,7.706687908,0.797120628,0,921.4076554,90.56494934,167.5121269,292.1297045,448.318394,2034700,1721200,3755900,0.09828977305,0.1818002335,0.3170471862,0.4865581389,1552023.252,1408285.84,1175498.704,883736.3704,3210198.704,685,1,93337,364,150030099061,358118,1271318,1245,357903.1019,5383.320515,448.2669748,9917.776187,685,1,93337,109,15003009906,87666397,7880220,1921,Honolulu,Oahu,Mokuleia,87621214.46,62239.89934,448.2669748,9917.776187
99.06,2,0,12338,68006018,68006018,2030,7.731098474,1.862943964,0,0,0,1120.946408,125.400264,245.5905033,437.5747373,680.6357187,824900,1544800,2369700,0.1118699904,0.2190921007,0.3903618711,0.6071973769,1371983.224,1206346.678,941768.7824,606802.0744,2196883.224,686,1,93341,362,150030099062,84278321,6608902,657,84235262.43,67714.90731,478.2772274,12065.55759,686,1,93341,109,15003009906,87666397,7880220,1921,Honolulu,Oahu,Mokuleia,87621214.46,62239.89934,478.2772274,12065.55759
99.06,2,0,10972,68006019,68006019,2030,8.190398894,2.33289183,0,0,0,958.4393604,121.4728341,240.7440654,435.9766924,667.6640784,1301000,1691900,2992900,0.1267402395,0.2511834085,0.4548818741,0.6966158799,1477468.594,1266923.482,922285.1442,513295.3896,2778468.594,687,1,93342,362,150030099062,84278321,6608902,657,84235262.43,67714.90731,436.2419554,10316.37754,687,1,93342,109,15003009906,87666397,7880220,1921,Honolulu,Oahu,Mokuleia,87621214.46,62239.89934,436.2419554,10316.37754
99.06,2,0,11789,68006020,68006020,2030,6.220491352,2.296215445,0,0,0,1087.969849,122.6284943,218.6252574,383.601144,598.6217538,871600,1554000,2425600,0.1127131368,0.2009479009,0.3525843519,0.5502190659,1378843.998,1241726.808,1006084.464,698959.674,2250443.998,688,2,93343,362,150030099062,84278321,6608902,657,84235262.43,67714.90731,593.6925908,11710.60444,688,1,93343,109,15003009906,87666397,7880220,1921,Honolulu,Oahu,Mokuleia,87621214.46,62239.89934,593.6925908,11710.60444
99.06,2,0,7500,68006021,68006021,2100,20.17709395,16.18318045,13.02146847,7.724986212,0.964602717,696.7901132,0,0,0,0,346000,687500,1033500,0,0,0,0,687500,687500,687500,687500,1033500,689,2,93344,362,150030099062,84278321,6608902,657,84235262.43,67714.90731,346.4198912,7500.05515,689,1,93344,109,15003009906,87666397,7880220,1921,Honolulu,Oahu,Mokuleia,87621214.46,62239.89934,346.4198912,7500.05515
99.06,2,0,9332,68006031,68006031,2050,10.50385179,6.609873194,3.580622334,0,0,881.554643,91.02950533,164.0408562,291.0872798,458.0661779,1003100,1524200,2527300,0.1032601961,0.1860813252,0.3301976595,0.5196117808,1366811.108,1240575.34,1020912.208,732207.3896,2243675.34,690,2,93354,362,150030099062,84278321,6608902,657,84235262.43,67714.90731,633.5294825,9488.811842,690,1,93354,109,15003009906,87666397,7880220,1921,Honolulu,Oahu,Mokuleia,87621214.46,62239.89934,633.5294825,9488.811842
99.06,2,0,12287,68009010,68009010,2030,8.062208521,1.195832971,0,0,0,1181.248689,158.9727081,306.2204281,508.698137,736.6319476,502100,1578300,2080400,0.1345802197,0.2592345125,0.4306444033,0.6236044572,1365892.386,1169149.4,898614.5748,594065.8068,1867992.386,691,1,93400,362,150030099062,84278321,6608902,657,84235262.43,67714.90731,594.6932074,12714.6483,691,1,93400,109,15003009906,87666397,7880220,1921,Honolulu,Oahu,Mokuleia,87621214.46,62239.89934,594.6932074,12714.6483
99.06,2,0,5723,68009011,68009011,2024,2.35926571,0,0,0,0,490.2588093,152.1434137,257.4136244,310.9928012,354.4494325,1296400,1061600,2358000,0.3103328502,0.5250566017,0.6343441368,0.7229843213,732150.4872,504199.4888,388180.4096,294080.1856,2028550.487,692,1,93401,362,150030099062,84278321,6608902,657,84235262.43,67714.90731,449.9767448,5277.014169,692,1,93401,109,15003009906,87666397,7880220,1921,Honolulu,Oahu,Mokuleia,87621214.46,62239.89934,449.9767448,5277.014169
99.06,2,0,11559,68009012,68009012,2050,11.90377059,6.15122108,0.907648802,0,0,1068.233595,161.8440409,307.0162796,527.9112429,793.4217697,1356500,1557100,2913600,0.1515062264,0.2874055646,0.494190826,0.7427418246,1321190.007,1109580.117,787595.1939,400576.4318,2466080.117,693,1,93402,362,150030099062,84278321,6608902,657,84235262.43,67714.90731,510.7880179,11498.18702,693,1,93402,109,15003009906,87666397,7880220,1921,Honolulu,Oahu,Mokuleia,87621214.46,62239.89934,510.7880179,11498.18702
99.06,2,0,11345,68009013,68009013,2050,14.88423154,9.207373483,4.057639434,0,0,1024.312748,136.1370708,259.615488,451.0548067,684.4104109,1504500,1470600,2975100,0.1329057664,0.2534533408,0.4403487192,0.6681654721,1275148.436,1097872.018,823022.7606,487996.551,2602372.018,694,1,93403,362,150030099062,84278321,6608902,657,84235262.43,67714.90731,517.354407,11025.43484,694,1,93403,109,15003009906,87666397,7880220,1921,Honolulu,Oahu,Mokuleia,87621214.46,62239.89934,517.354407,11025.43484
99.06,2,0,7550,68009014,68009014,2100,33.14585293,27.52716751,22.4722011,14.55439502,4.79440828,704.3646613,0,0,0,0,636000,621200,1257200,0,0,0,0,621200,621200,621200,621200,1257200,695,1,93404,362,150030099062,84278321,6608902,657,84235262.43,67714.90731,350.2128182,7581.597026,695,1,93404,109,15003009906,87666397,7880220,1921,Honolulu,Oahu,Mokuleia,87621214.46,62239.89934,350.2128182,7581.597026
99.06,2,0,0,68009020,68009020,2024,5.931800473,0.484494728,0,0,0,7393.73392,292.8595127,605.1667218,1090.494347,1682.365924,1098900,3322700,4421600,0.03960914957,0.08184859346,0.1474889898,0.2275394195,3191091.176,3050740.328,2832638.3,2566656.165,4289991.176,696,1,93410,362,150030099062,84278321,6608902,657,84235262.43,67714.90731,1353.52731,79584.23414,696,1,93410,109,15003009906,87666397,7880220,1921,Honolulu,Oahu,Mokuleia,87621214.46,62239.89934,1353.52731,79584.23414
99.06,2,0,5033,68009023,68009023,2050,12.66599205,6.812146234,1.340456373,0,0,459.7908433,0.03015444232,33.57131361,183.8055585,377.794178,0,358700,358700,0.00006558295529,0.07301431532,0.3997590669,0.821665293,358676.3258,332509.8782,215306.4467,63968.7645,332509.8782,697,1,93412,362,150030099062,84278321,6608902,657,84235262.43,67714.90731,320.8712635,4949.069681,697,1,93412,109,15003009906,87666397,7880220,1921,Honolulu,Oahu,Mokuleia,87621214.46,62239.89934,320.8712635,4949.069681
99.06,2,0,6790,68010005,68010005,2075,30.74546609,23.70334748,16.41590686,5.603451206,0,649.4710726,0,0,0,197.7987479,441000,583600,1024600,0,0,0,0.3045535918,583600,583600,583600,405862.2856,1024600,698,1,93417,362,150030099062,84278321,6608902,657,84235262.43,67714.90731,344.4202577,6990.738405,698,1,93417,109,15003009906,87666397,7880220,1921,Honolulu,Oahu,Mokuleia,87621214.46,62239.89934,344.4202577,6990.738405
99.06,2,0,6147,68010007,68010007,2100,41.60132031,33.98209717,26.05161798,14.47976669,1.138431709,615.3228007,0,0,0,96.45789553,320600,613100,933700,0,0,0,0.1567598266,613100,613100,613100,516990.444,837590.444,699,1,93419,362,150030099062,84278321,6608902,657,84235262.43,67714.90731,328.1360821,6623.17575,699,1,93419,109,15003009906,87666397,7880220,1921,Honolulu,Oahu,Mokuleia,87621214.46,62239.89934,328.1360821,6623.17575
99.06,2,0,62307,68010008,68010008,2024,5.610972734,0,0,0,0,5808.471117,474.0190027,898.931845,1564.03493,2367.619019,1292800,1381700,2674500,0.08160822239,0.1547622131,0.2692679189,0.4076148389,1268942.226,1167865.345,1009652.404,818498.3545,2561742.226,700,1,93420,362,150030099062,84278321,6608902,657,84235262.43,67714.90731,1017.49622,62520.89683,700,1,93420,109,15003009906,87666397,7880220,1921,Honolulu,Oahu,Mokuleia,87621214.46,62239.89934,1017.49622,62520.89683
99.06,2,0,9516,68010009,68010009,2024,0,0,0,0,0,960.1178389,142.4336321,265.2962859,421.0645417,443.2450577,720900,879800,1600700,0.1483501569,0.2763163803,0.4385550654,0.4616569339,749281.67,636697.1832,493959.311,473634.1714,1470181.67,701,1,93421,362,150030099062,84278321,6608902,657,84235262.43,67714.90731,440.3922477,10334.45754,701,1,93421,109,15003009906,87666397,7880220,1921,Honolulu,Oahu,Mokuleia,87621214.46,62239.89934,440.3922477,10334.45754
99.06,2,0,7774,68010010,68010010,2024,0,0,0,0,0,731.4596466,123.8137968,247.803266,385.9332497,385.9332497,563100,800200,1363300,0.1692694838,0.3387791346,0.5276206985,0.5276206985,664750.9462,529109.0442,377997.6758,377997.6758,1227850.946,702,1,93422,362,150030099062,84278321,6608902,657,84235262.43,67714.90731,384.4596553,7873.243052,702,1,93422,109,15003009906,87666397,7880220,1921,Honolulu,Oahu,Mokuleia,87621214.46,62239.89934,384.4596553,7873.243052
99.06,2,0,7836,68010011,68010011,2024,0.516885302,0,0,0,0,725.4629686,132.8747721,269.8524303,406.7409362,406.7409362,559200,875000,1434200,0.1831585868,0.3719727154,0.5606639537,0.5606639537,714735.875,549523.625,384419,384419,1273935.875,703,1,93423,362,150030099062,84278321,6608902,657,84235262.43,67714.90731,382.5617405,7808.6962,703,1,93423,109,15003009906,87666397,7880220,1921,Honolulu,Oahu,Mokuleia,87621214.46,62239.89934,382.5617405,7808.6962
99.06,2,0,7909,68010013,68010013,2024,1.94707051,0,0,0,0,729.2029282,138.9769575,284.6144458,483.9794747,483.9794749,688100,804000,1492100,0.1905874924,0.3903089727,0.6637102733,0.6637102735,650768.052,490191.564,270377.16,270377.16,1338868.052,704,1,93425,362,150030099062,84278321,6608902,657,84235262.43,67714.90731,385.6824202,7848.95213,704,1,93425,109,15003009906,87666397,7880220,1921,Honolulu,Oahu,Mokuleia,87621214.46,62239.89934,385.6824202,7848.95213
99.06,2,0,9407,68010014,68010014,2024,4.118406788,0,0,0,0,872.5781778,159.1713766,327.1965901,572.8386497,606.2797961,447100,1124300,1571400,0.1824150324,0.3749768198,0.6564897728,0.6948143004,919210.8155,702713.3589,386208.293,343120.6198,1366310.816,705,1,93426,362,150030099062,84278321,6608902,657,84235262.43,67714.90731,408.72307,9392.207239,705,1,93426,109,15003009906,87666397,7880220,1921,Honolulu,Oahu,Mokuleia,87621214.46,62239.89934,408.72307,9392.207239
99.06,2,0,11109,68010015,68010015,2024,1.696494659,0,0,0,0,1021.196018,221.441731,479.1820658,689.2318674,726.1562623,426300,1065000,1491300,0.2168454706,0.4692361285,0.6749261212,0.7110841108,834060.075,565263.66,346203.81,307695.54,1260360.075,706,1,93427,362,150030099062,84278321,6608902,657,84235262.43,67714.90731,480.2457559,10991.89252,706,1,93427,109,15003009906,87666397,7880220,1921,Honolulu,Oahu,Mokuleia,87621214.46,62239.89934,480.2457559,10991.89252
99.06,2,0,6184,68010016,68010016,2075,23.06730228,15.34282212,7.226533784,0,0,559.220672,0,0,34.89949228,333.4955266,467000,615100,1082100,0,0,0.0624073716,0.5963576515,615100,615100,576713.4543,248280.1942,1043713.454,707,1,93428,362,150030099062,84278321,6608902,657,84235262.43,67714.90731,306.3112429,6019.308119,707,1,93428,109,15003009906,87666397,7880220,1921,Honolulu,Oahu,Mokuleia,87621214.46,62239.89934,306.3112429,6019.308119
99.06,2,0,6126,68010017,68010017,2075,25.23790834,17.31503495,9.010384891,0,0,566.4294732,0,6.300317987,201.5745458,481.3486655,306600,611900,918500,0,0.01112286398,0.3558687451,0.8497945256,611900,605093.8363,394143.7589,91910.4395,700743.7589,708,1,93429,362,150030099062,84278321,6608902,657,84235262.43,67714.90731,319.439683,6096.901394,708,1,93429,109,15003009906,87666397,7880220,1921,Honolulu,Oahu,Mokuleia,87621214.46,62239.89934,319.439683,6096.901394
99.06,2,0,11358,68010018,68010018,2024,2.803757462,0,0,0,0,1039.598581,152.7170839,312.6282431,542.3372558,784.4169707,727900,1087800,1815700,0.1469000503,0.3007201517,0.5216794882,0.7545383236,928002.18,760676.784,520317.5838,267013.5636,1655902.18,709,1,93430,362,150030099062,84278321,6608902,657,84235262.43,67714.90731,494.0442349,11189.97371,709,1,93430,109,15003009906,87666397,7880220,1921,Honolulu,Oahu,Mokuleia,87621214.46,62239.89934,494.0442349,11189.97371
99.06,2,0,10632,68010019,68010019,2030,6.815097515,0,0,0,0,984.0894949,158.5301154,325.0596979,563.8922661,719.4581886,541100,995400,1536500,0.1610931894,0.3303151793,0.5730091308,0.731090203,835048.0278,666604.449,425026.8414,267673.014,1376148.028,710,1,93431,362,150030099062,84278321,6608902,657,84235262.43,67714.90731,471.1088773,10592.48584,710,1,93431,109,15003009906,87666397,7880220,1921,Honolulu,Oahu,Mokuleia,87621214.46,62239.89934,471.1088773,10592.48584
99.06,2,0,9906,68010020,68010020,2030,9.290165084,0.838375525,0,0,0,930.0497118,159.3333087,327.6465056,569.1653262,648.4754256,491100,978400,1469500,0.1713169809,0.3522892395,0.611973015,0.6972481335,810783.4472,633720.4424,379645.6168,296212.5568,1301883.447,711,1,93432,362,150030099062,84278321,6608902,657,84235262.43,67714.90731,450.1735365,10010.81566,711,1,93432,109,15003009906,87666397,7880220,1921,Honolulu,Oahu,Mokuleia,87621214.46,62239.89934,450.1735365,10010.81566
99.06,2,0,9326,68010021,68010021,2024,4.380942115,0,0,0,0,876.9503441,165.3434778,339.7916705,588.623538,616.2575553,860100,1189900,2050000,0.1885437173,0.3874696814,0.671216497,0.702727993,965551.4944,728849.447,391220.0816,353723.9528,1825651.494,712,1,93433,362,150030099062,84278321,6608902,657,84235262.43,67714.90731,428.3020573,9439.267825,712,1,93433,109,15003009906,87666397,7880220,1921,Honolulu,Oahu,Mokuleia,87621214.46,62239.89934,428.3020573,9439.267825
99.06,2,0,8594,68010022,68010022,2050,16.93110763,8.197278744,0,0,0,851.9267333,174.9797775,359.6231079,589.2856921,589.3444996,446600,957600,1404200,0.2053929882,0.4221291501,0.6917093561,0.6917783848,760915.6632,553369.2696,295219.4616,295153.3872,999969.2696,713,1,93434,362,150030099062,84278321,6608902,657,84235262.43,67714.90731,412.427909,9169.920452,713,1,93434,109,15003009906,87666397,7880220,1921,Honolulu,Oahu,Mokuleia,87621214.46,62239.89934,412.427909,9169.920452
99.06,2,0,0,68010023,68010023,2024,0.2426942,0,0,0,0,783.2476388,168.5852332,349.0108859,503.2086338,503.2086337,465000,810300,1275300,0.2152387378,0.4455945585,0.6424642844,0.6424642843,635891.8383,449234.3715,289711.4208,289711.4208,1100891.838,714,1,93435,362,150030099062,84278321,6608902,657,84235262.43,67714.90731,396.1933221,8430.676976,714,1,93435,109,15003009906,87666397,7880220,1921,Honolulu,Oahu,Mokuleia,87621214.46,62239.89934,396.1933221,8430.676976
99.06,2,0,8061,68010024,68010024,2024,3.293981668,0,0,0,0,738.8884148,164.7856773,339.7300555,445.9814734,445.9814733,472300,1030000,1502300,0.2230183529,0.4597853325,0.6035843361,0.6035843361,800291.46,556421.45,408308.48,408308.48,1272591.46,715,1,93436,362,150030099062,84278321,6608902,657,84235262.43,67714.90731,386.2280242,7953.205624,715,1,93436,109,15003009906,87666397,7880220,1921,Honolulu,Oahu,Mokuleia,87621214.46,62239.89934,386.2280242,7953.205624
99.06,2,0,8551,68010026,68010026,2024,4.315662397,0,0,0,0,748.6966207,175.4595204,361.7304234,453.0502447,453.0502447,699900,950200,1650100,0.2343532956,0.4831468627,0.6051185917,0.6051185917,727517.7794,491113.7206,375215.9262,375215.9262,1427417.779,716,1,93438,362,150030099062,84278321,6608902,657,84235262.43,67714.90731,380.659306,8058.778831,716,1,93438,109,15003009906,87666397,7880220,1921,Honolulu,Oahu,Mokuleia,87621214.46,62239.89934,380.659306,8058.778831
99.06,2,0,7714,68010027,68010027,2024,0,0,0,0,0,687.6860966,158.9791775,330.5083128,415.4741097,415.4741098,486000,862300,1348300,0.2311798629,0.48060927,0.6041624395,0.6041624396,662953.486,447870.8593,341331.1074,341331.1074,1148953.486,717,1,93439,362,150030099062,84278321,6608902,657,84235262.43,67714.90731,373.580403,7402.077774,717,1,93439,109,15003009906,87666397,7880220,1921,Honolulu,Oahu,Mokuleia,87621214.46,62239.89934,373.580403,7402.077774
99.06,2,0,0,68010028,68010028,2024,0,0,0,0,0,743.4509811,167.3529224,346.4403583,446.1160775,446.1160774,487500,946900,1434400,0.2251028335,0.4659895098,0.6000611861,0.600061186,733749.9693,505654.069,378702.2391,378702.2391,1221249.969,718,1,93440,362,150030099062,84278321,6608902,657,84235262.43,67714.90731,388.6215026,8002.316786,718,1,93440,109,15003009906,87666397,7880220,1921,Honolulu,Oahu,Mokuleia,87621214.46,62239.89934,388.6215026,8002.316786
99.06,2,0,8293,68010029,68010029,2024,2.653587626,0,0,0,0,741.7575638,165.4940881,348.2586822,453.5207017,453.5207018,549900,947900,1497800,0.2231107523,0.4695047266,0.611413653,0.6114136531,736413.0831,502856.2105,368340.6694,368340.6694,1286313.083,719,1,93441,362,150030099062,84278321,6608902,657,84235262.43,67714.90731,394.3395383,7984.089699,719,1,93441,109,15003009906,87666397,7880220,1921,Honolulu,Oahu,Mokuleia,87621214.46,62239.89934,394.3395383,7984.089699
99.06,2,0,0,68010030,68010030,2024,0,0,0,0,0,695.6059056,158.0265916,347.0695627,430.3585055,430.3585054,443700,801100,1244800,0.2271783353,0.4989456817,0.6186815006,0.6186815006,619107.7042,401394.3594,305473.8498,305473.8498,1062807.704,720,1,93442,362,150030099062,84278321,6608902,657,84235262.43,67714.90731,394.9362659,7487.323667,720,1,93442,109,15003009906,87666397,7880220,1921,Honolulu,Oahu,Mokuleia,87621214.46,62239.89934,394.9362659,7487.323667
99.06,1,0,10000,68011039,68011039,2100,16.81423326,13.57546015,11.51786755,7.162146698,0.813502602,930.5752795,13.95202919,53.02869203,148.131142,283.3064926,1154300,1120000,2274300,0.01499290761,0.05698484926,0.1591823308,0.3044423152,1103207.84,1056176.8,941716.16,779024.96,1933324.96,721,1,93475,364,150030099061,358118,1271318,1245,357903.1019,5383.320515,421.8663988,10016.43997,721,1,93475,109,15003009906,87666397,7880220,1921,Honolulu,Oahu,Mokuleia,87621214.46,62239.89934,421.8663988,10016.43997
99.06,1,0,10000,68011040,68011040,2100,17.30859522,13.68156029,11.17053709,6.392455729,0,930.5525852,0,19.69981203,136.6743298,295.1915714,1232100,1120000,2352100,0,0.02117001483,0.1468743754,0.3172218057,1120000,1096289.6,955501.12,764711.36,1996811.36,722,1,93476,364,150030099061,358118,1271318,1245,357903.1019,5383.320515,418.6449799,10016.19551,722,1,93476,109,15003009906,87666397,7880220,1921,Honolulu,Oahu,Mokuleia,87621214.46,62239.89934,418.6449799,10016.19551
99.06,1,0,10005,68011041,68011041,2100,19.18789514,15.13421368,12.03632686,6.527921428,0,931.1608651,0,40.24516033,177.646551,356.4890909,1151500,1120000,2271500,0,0.04322041641,0.1907796575,0.3828437215,1120000,1071593.6,906326.4,691214.72,1842714.72,723,1,93477,364,150030099061,358118,1271318,1245,357903.1019,5383.320515,417.5953191,10022.74283,723,1,93477,109,15003009906,87666397,7880220,1921,Honolulu,Oahu,Mokuleia,87621214.46,62239.89934,417.5953191,10022.74283
99.06,1,0,10515,68011048,68011048,2050,13.76373941,7.050455673,0.377633297,0,0,979.6887615,73.76326628,258.7330112,542.3268508,863.1775897,1178100,1125800,2303900,0.07529255124,0.2640971515,0.5535705544,0.8810732792,1041035.141,828479.5974,502589.7682,133888.0166,2006579.597,724,1,93482,364,150030099061,358118,1271318,1245,357903.1019,5383.320515,423.8702717,10545.08045,724,1,93482,109,15003009906,87666397,7880220,1921,Honolulu,Oahu,Mokuleia,87621214.46,62239.89934,423.8702717,10545.08045
99.06,1,0,12197,68011049,68011049,2050,16.0150092,9.419901824,2.910860379,0,0,1133.978157,28.22681716,201.9499561,463.5166829,773.3689087,937500,1127900,2065400,0.02489185262,0.1780898114,0.4087527437,0.6819963013,1099824.313,927032.289,666867.4913,358676.7116,1864532.289,725,1,93483,364,150030099061,358118,1271318,1245,357903.1019,5383.320515,506.7581996,12205.80416,725,1,93483,109,15003009906,87666397,7880220,1921,Honolulu,Oahu,Mokuleia,87621214.46,62239.89934,506.7581996,12205.80416
99.06,1,0,10010,68011075,68011075,2050,14.22302457,9.523469123,5.579194037,0,0,934.8958965,1.121479917,97.52840332,260.5529898,463.3811202,1154600,1120100,2274700,0.001199577323,0.1043200678,0.2786973296,0.4956499669,1118755.88,1003251.168,807931.4903,564922.435,2157851.168,726,1,93502,364,150030099061,358118,1271318,1245,357903.1019,5383.320515,412.776759,10062.94408,726,1,93502,109,15003009906,87666397,7880220,1921,Honolulu,Oahu,Mokuleia,87621214.46,62239.89934,412.776759,10062.94408
99.06,1,0,8170,68012040,68012040,2024,2.538474763,0,0,0,0,770.8169123,38.83307477,82.58969591,179.3455127,329.1529934,1686400,1343300,3029700,0.05037911617,0.1071456718,0.2326694055,0.4270183855,1275625.889,1199370.778,1030755.732,769686.7206,2962025.889,727,1,93545,364,150030099061,358118,1271318,1245,357903.1019,5383.320515,456.99338,8296.851044,727,1,93545,109,15003009906,87666397,7880220,1921,Honolulu,Oahu,Mokuleia,87621214.46,62239.89934,456.99338,8296.851044
99.06,1,0,0,68012041,68012041,2030,8.616591309,6.012781494,4.876011522,1.855729505,0,805.2604205,7.479931929,31.07292882,97.61146909,200.4667908,1218000,1222100,2440100,0.009288835932,0.0385874284,0.1212172691,0.2489465342,1210747.913,1174942.827,1073960.704,917861.8713,2428747.913,728,1,93546,364,150030099061,358118,1271318,1245,357903.1019,5383.320515,409.6520877,8667.588154,728,1,93546,109,15003009906,87666397,7880220,1921,Honolulu,Oahu,Mokuleia,87621214.46,62239.89934,409.6520877,8667.588154
99.06,1,0,8830,68012042,68012042,2030,8.216222712,5.965963805,5.17184006,2.694267084,0,817.982072,10.1505931,23.14692132,72.76292513,155.8628802,1136600,1291900,2428500,0.01240930999,0.02829759002,0.0889541808,0.1905455945,1275868.813,1255341.814,1176980.327,1045733.623,2412468.813,729,1,93547,364,150030099061,358118,1271318,1245,357903.1019,5383.320515,404.9892331,8804.521642,729,1,93547,109,15003009906,87666397,7880220,1921,Honolulu,Oahu,Mokuleia,87621214.46,62239.89934,404.9892331,8804.521642
99.06,1,0,0,68012043,68012043,2030,8.004819944,5.589415075,4.712405582,2.076105453,0,806.4775854,44.57108039,60.3301396,109.1892747,190.9179029,1033100,1428300,2461400,0.05526635978,0.07480696388,0.1353903403,0.2367305755,1349363.572,1321453.162,1234922.463,1090177.113,2382463.572,730,1,93548,364,150030099061,358118,1271318,1245,357903.1019,5383.320515,401.3077715,8680.690412,730,1,93548,109,15003009906,87666397,7880220,1921,Honolulu,Oahu,Mokuleia,87621214.46,62239.89934,401.3077715,8680.690412
99.06,1,0,0,68012045,68012045,2030,8.579891621,6.007569997,4.964472831,2.113389121,0,796.2214002,50.86835953,71.31761085,127.3380225,218.3955476,1022800,1285700,2308500,0.06388720463,0.08957007539,0.1599279076,0.2742899745,1203560.484,1170539.851,1080080.57,933045.347,2226360.484,731,1,93550,364,150030099061,358118,1271318,1245,357903.1019,5383.320515,393.7579137,8570.29594,731,1,93550,109,15003009906,87666397,7880220,1921,Honolulu,Oahu,Mokuleia,87621214.46,62239.89934,393.7579137,8570.29594
99.06,1,0,8690,68012046,68012046,2030,7.271031435,4.590798555,3.439683199,0.431171271,0,807.4342128,53.76829159,77.02654979,137.7536459,235.2339092,1080400,1288600,2369000,0.06659154485,0.09539668814,0.1706066497,0.2913350778,1202789.549,1165671.426,1068755.82,913185.719,2283189.549,732,1,93551,364,150030099061,358118,1271318,1245,357903.1019,5383.320515,396.4377137,8690.987663,732,1,93551,109,15003009906,87666397,7880220,1921,Honolulu,Oahu,Mokuleia,87621214.46,62239.89934,396.4377137,8690.987663
99.06,1,0,9090,68012047,68012047,2100,13.42473641,10.70758506,9.558784691,6.546770977,1.676639492,842.5437798,27.02275274,50.063857,110.9834052,210.0736088,1145400,1298200,2443600,0.03207281733,0.05941988796,0.1317241998,0.2493325734,1256562.831,1221060.956,1127195.903,974515.8994,2119915.899,733,1,93552,364,150030099061,358118,1271318,1245,357903.1019,5383.320515,407.2122919,9068.896409,733,1,93552,109,15003009906,87666397,7880220,1921,Honolulu,Oahu,Mokuleia,87621214.46,62239.89934,407.2122919,9068.896409
99.06,1,0,9210,68012049,68012049,2075,11.63951658,9.104917806,8.196679613,5.46905965,0.873402683,824.2958812,44.35085094,60.63465592,108.9287836,191.5360172,1107000,1301000,2408000,0.05380452814,0.07355933386,0.1321476742,0.232363186,1230999.695,1205299.741,1129075.452,998695.737,2236075.452,734,1,93554,364,150030099061,358118,1271318,1245,357903.1019,5383.320515,410.8480637,8872.481569,734,1,93554,109,15003009906,87666397,7880220,1921,Honolulu,Oahu,Mokuleia,87621214.46,62239.89934,410.8480637,8872.481569
99.06,1,0,0,68012050,68012050,2100,13.67383484,11.16147642,10.28399469,7.611173935,3.082423009,910.0297388,45.77678746,63.04468197,115.8619604,206.254422,914900,1315700,2230600,0.05030251815,0.06927760631,0.1273166749,0.2266458042,1249516.343,1224550.935,1148189.023,1017501.858,1932401.858,735,1,93555,364,150030099061,358118,1271318,1245,357903.1019,5383.320515,426.4578678,9795.29516,735,1,93555,109,15003009906,87666397,7880220,1921,Honolulu,Oahu,Mokuleia,87621214.46,62239.89934,426.4578678,9795.29516
99.06,1,0,9770,68012051,68012051,2100,12.97555748,10.37676426,9.368779884,6.51971033,1.819638,869.491064,34.68112968,51.99515229,102.7915235,188.4800426,991700,1314500,2306200,0.03988670052,0.05979952462,0.1182203334,0.2167705343,1262068.539,1235892.9,1159099.81,1029554.521,2021254.521,736,1,93556,364,150030099061,358118,1271318,1245,357903.1019,5383.320515,421.8002756,9358.948869,736,1,93556,109,15003009906,87666397,7880220,1921,Honolulu,Oahu,Mokuleia,87621214.46,62239.89934,421.8002756,9358.948869
99.06,1,0,9240,68012052,68012052,2075,11.75513856,9.0416218,7.874585661,4.823275122,0,864.6010067,30.72401281,50.47802506,104.2220778,192.6004411,940800,1301800,2242600,0.03553548119,0.05838302833,0.1205435536,0.2227622216,1255540.537,1225797.011,1144875.821,1011808.428,2085675.821,737,1,93557,364,150030099061,358118,1271318,1245,357903.1019,5383.320515,422.8475533,9306.311804,737,1,93557,109,15003009906,87666397,7880220,1921,Honolulu,Oahu,Mokuleia,87621214.46,62239.89934,422.8475533,9306.311804
98.01,1,0.644,0,84001007,84001007,2075,20.44409586,15.61875611,11.57252592,5.120632328,0,2632.59897,143.3302002,261.6762164,444.0078377,659.8716563,338700,1087200,1425900,0.05444437297,0.09939843453,0.1686576052,0.2506540737,1028008.483,979134.4944,903835.0224,814688.9712,1242535.022,738,1,98122,733,150030098011,51371184,12016633,2091,51340259.98,51483.37683,934.5663607,28336.7128,738,1,98122,321,15003009801,54594260,12016633,3805,Honolulu,Oahu,Makua Valley,54561287.06,44890.33853,934.5663607,28336.7128
98.01,1,0,19668,84001014,84001014,2075,15.54329514,11.5138305,8.333722042,2.905960119,0,1858.701694,95.43232685,172.0823748,289.0320227,425.9167724,1149300,1126800,2276100,0.05134354112,0.09258202939,0.1555021033,0.2291474602,1068945.581,1022478.602,951580.3464,868597.1604,2100880.346,739,1,98124,733,150030098011,51371184,12016633,2091,51340259.98,51483.37683,795.7906409,20006.69713,739,1,98124,321,15003009801,54594260,12016633,3805,Honolulu,Oahu,Makua Valley,54561287.06,44890.33853,795.7906409,20006.69713
98.01,1,0,18014,84001015,84001015,2075,17.50703474,13.55545153,10.33261918,5.071742737,0,1695.13981,73.88814406,132.662317,228.166277,348.4890005,1051000,1146600,2197600,0.04358823008,0.0782603985,0.1346002705,0.2055812733,1096621.999,1056867.084,992267.64,910880.8254,2043267.64,740,1,98125,733,150030098011,51371184,12016633,2091,51340259.98,51483.37683,738.3164309,18246.14897,740,1,98125,321,15003009801,54594260,12016633,3805,Honolulu,Oahu,Makua Valley,54561287.06,44890.33853,738.3164309,18246.14897
98.01,1,0,11742,84001017,84001017,2024,4.372866673,0.467170932,0,0,0,1172.89918,79.59006387,144.5885266,250.4632412,382.7659033,422400,943800,1366200,0.06785754926,0.1232744716,0.2135420038,0.3263416924,879755.6196,827453.9988,742259.0604,635798.4204,1302155.62,741,1,98127,733,150030098011,51371184,12016633,2091,51340259.98,51483.37683,662.6448151,12624.83098,741,1,98127,321,15003009801,54594260,12016633,3805,Honolulu,Oahu,Makua Valley,54561287.06,44890.33853,662.6448151,12624.83098
98.03,2,0,18670,84003004,84003004,2024,5.754284359,0,0,0,0,1757.185073,114.8148167,230.6211934,396.4198706,586.3510771,323500,1188200,1511700,0.06534019577,0.1312446804,0.2255993843,0.3336877179,1110563.012,1032254.691,920143.2682,791711.9184,1434063.012,742,1,98162,86,150030098032,445518,5201969,811,445234.4756,6240.562741,605.546618,18913.94746,742,1,98162,94,15003009803,846850,5201969,2825,Honolulu,Oahu,Lahilahi Point,846310.4109,6526.385872,605.546618,18913.94746
98.03,2,0,13916,84006010,84006010,2024,3.459059936,0.079672865,0,0,0,1297.43073,10.16182741,39.73215941,102.4699364,205.6816554,495000,1123200,1618200,0.007832269712,0.03062372309,0.07897911928,0.1585299705,1114403.098,1088803.123,1034490.787,945139.104,1609403.098,743,1,98254,86,150030098032,445518,5201969,811,445234.4756,6240.562741,485.301544,13965.26683,743,1,98254,94,15003009803,846850,5201969,2825,Honolulu,Oahu,Lahilahi Point,846310.4109,6526.385872,485.301544,13965.26683
98.03,2,0,13815,84008019,84008019,2075,16.17266954,12.61600793,9.518705125,4.211746091,0,1258.022072,83.38600936,159.8581144,286.6911722,445.468375,689100,1120600,1809700,0.06628342319,0.1270709934,0.2278904152,0.3541021934,1046323.27,978204.2374,865226.466,723793.2988,1554326.466,744,1,98377,86,150030098032,445518,5201969,811,445234.4756,6240.562741,516.6918102,13541.08512,744,1,98377,94,15003009803,846850,5201969,2825,Honolulu,Oahu,Lahilahi Point,846310.4109,6526.385872,516.6918102,13541.08512
98.01,1,0,16468,84009005,84009005,2100,29.36514057,24.43808367,20.20114951,13.50407259,5.297186169,1548.29908,148.3328089,293.3129259,520.7595069,774.6702289,561800,1188400,1750200,0.09580371832,0.1894420334,0.3363429674,0.5003362975,1074546.526,963267.1272,788689.9788,593800.6976,1155600.698,745,1,98389,733,150030098011,51371184,12016633,2091,51340259.98,51483.37683,540.5691311,16665.57657,745,1,98389,321,15003009801,54594260,12016633,3805,Honolulu,Oahu,Makua Valley,54561287.06,44890.33853,540.5691311,16665.57657
98.01,1,0,11014,84009006,84009006,2030,7.60571532,2.549842315,0,0,0,1060.94614,85.33764087,154.5306999,254.0508447,359.701443,416500,1048900,1465400,0.08043541297,0.145653671,0.2394568727,0.3390383636,964531.7285,896123.5194,797733.5527,693283.0418,1381031.729,746,1,98390,733,150030098011,51371184,12016633,2091,51340259.98,51483.37683,475.4974856,11419.81346,746,1,98390,321,15003009801,54594260,12016633,3805,Honolulu,Oahu,Makua Valley,54561287.06,44890.33853,475.4974856,11419.81346
96.1,1,0,41034,87001021,87001021,2100,68.94875993,54.75248971,38.17625362,19.10808725,0,3797.06586,0,0,0,606.5481497,51300,571300,622600,0,0,0,0.1597412771,571300,571300,571300,480039.9667,531339.9667,747,1,103058,160,150030096101,306090,20028,1027,325915.6889,2629.688172,1054.284054,40870.53913,747,1,103058,42,15003009610,1797455,2833890,7105,Honolulu,Oahu,Maili Beach Park,1839259.06,7608.63294,1054.284054,40870.53913
9400.07,1,0,9994,87008007,87008007,2100,49.08555392,40.02226539,29.97202519,15.66111441,0,937.8269098,0,0,0,0,6600,739400,746000,0,0,0,0,739400,739400,739400,739400,746000,748,1,103289,361,150039400071,770613,1269951,2059,770146.3524,4314.492015,500.5018796,10094.50136,748,1,103289,327,15003940007,770613,1269951,2059,Honolulu,Oahu,Pacific Shopping Mall,770146.3524,4314.492015,500.5018796,10094.50136
9400.07,1,0,4997,87008066,87008066,2100,50.40181749,42.1053834,32.67707146,19.16835943,3.975598707,473.8231272,0,0,0,0,45200,424900,470100,0,0,0,0,424900,424900,424900,424900,470100,749,1,103302,361,150039400071,770613,1269951,2059,770146.3524,4314.492015,302.1600789,5100.097267,749,1,103302,327,15003940007,770613,1269951,2059,Honolulu,Oahu,Pacific Shopping Mall,770146.3524,4314.492015,302.1600789,5100.097267
9400.07,1,0,4997,87008085,87008085,2100,48.35371929,40.1771033,31.11833981,18.07400145,3.257408708,469.7770074,0,0,0,0,17600,382400,400000,0,0,0,0,382400,382400,382400,382400,400000,750,1,103318,361,150039400071,770613,1269951,2059,770146.3524,4314.492015,301.4759793,5056.546074,750,1,103318,327,15003940007,770613,1269951,2059,Honolulu,Oahu,Pacific Shopping Mall,770146.3524,4314.492015,301.4759793,5056.546074
9400.07,1,0,4997,87008086,87008086,2100,48.88510896,40.6894253,31.56910138,18.42352078,3.54488553,462.974967,0,0,0,0,13200,424900,438100,0,0,0,0,424900,424900,424900,424900,438100,751,1,103319,361,150039400071,770613,1269951,2059,770146.3524,4314.492015,299.9141186,4983.330806,751,1,103319,327,15003940007,770613,1269951,2059,Honolulu,Oahu,Pacific Shopping Mall,770146.3524,4314.492015,299.9141186,4983.330806
96.1,1,0,5000,87011007,87011007,2100,121.3130473,102.0272983,77.40331362,42.95540233,5.213687879,466.0066573,0,0,0,0,182000,455000,637000,0,0,0,0,455000,455000,455000,455000,637000,752,1,103359,160,150030096101,306090,20028,1027,325915.6889,2629.688172,302.4993655,5015.975544,752,1,103359,42,15003009610,1797455,2833890,7105,Honolulu,Oahu,Maili Beach Park,1839259.06,7608.63294,302.4993655,5015.975544
96.1,1,0,5000,87011008,87011008,2100,115.8062956,96.13744088,71.64775611,38.57540776,2.91006082,445.3805843,0,0,0,0,112800,455000,567800,0,0,0,0,455000,455000,455000,455000,567800,753,1,103360,160,150030096101,306090,20028,1027,325915.6889,2629.688172,293.4077748,4793.961828,753,1,103360,42,15003009610,1797455,2833890,7105,Honolulu,Oahu,Maili Beach Park,1839259.06,7608.63294,293.4077748,4793.961828
96.1,1,0,5000,87011035,87011035,2100,99.13442411,81.41809382,59.10915616,28.16620489,0,480.6862443,0,0,0,25.26448995,116400,455000,571400,0,0,0,0.05255921143,455000,455000,455000,431085.655,547485.655,754,1,103382,160,150030096101,306090,20028,1027,325915.6889,2629.688172,303.4378967,5173.982985,754,1,103382,42,15003009610,1797455,2833890,7105,Honolulu,Oahu,Maili Beach Park,1839259.06,7608.63294,303.4378967,5173.982985
96.1,1,0,5000,87011036,87011036,2100,99.97279328,80.75223578,56.89841415,24.7998121,0,480.0689486,0,0,0,91.1909416,53000,455000,508000,0,0,0,0.1899538428,455000,455000,455000,368570.93,421570.93,755,1,103383,160,150030096101,306090,20028,1027,325915.6889,2629.688172,302.6059943,5167.338548,755,1,103383,42,15003009610,1797455,2833890,7105,Honolulu,Oahu,Maili Beach Park,1839259.06,7608.63294,302.6059943,5167.338548
96.1,1,0,5000,87011041,87011041,2075,60.05770513,43.56725208,22.88475158,0,0,453.8602872,0,0,18.86818165,453.8602873,917800,455000,1372800,0,0,0.04157266493,1,455000,455000,436084.285,0,1353884.285,756,1,103386,160,150030096101,306090,20028,1027,325915.6889,2629.688172,296.0379554,4885.235403,756,1,103386,42,15003009610,1797455,2833890,7105,Honolulu,Oahu,Maili Beach Park,1839259.06,7608.63294,296.0379554,4885.235403
96.1,1,0,5000,87011042,87011042,2075,66.91315185,50.39527948,30.14885789,2.001263667,0,471.0660398,0,0,81.94333502,471.0660397,2000,455000,457000,0,0,0.1739529665,0.9999999999,455000,455000,375851.385,0,377851.385,757,1,103387,160,150030096101,306090,20028,1027,325915.6889,2629.688172,299.754033,5070.433708,757,1,103387,42,15003009610,1797455,2833890,7105,Honolulu,Oahu,Maili Beach Park,1839259.06,7608.63294,299.754033,5070.433708
96.1,1,0,5000,87011045,87011045,2100,77.35205309,60.54594389,40.23442991,12.40590184,0,474.6469557,0,0,0,390.1842079,162000,455000,617000,0,0,0,0.8220514282,455000,455000,455000,80966.795,242966.795,758,1,103389,160,150030096101,306090,20028,1027,325915.6889,2629.688172,301.3904611,5108.977682,758,1,103389,42,15003009610,1797455,2833890,7105,Honolulu,Oahu,Maili Beach Park,1839259.06,7608.63294,301.3904611,5108.977682
96.1,1,0,5000,87011046,87011046,2100,87.45533894,71.13919645,50.71286292,22.25425979,0,482.439928,0,0,0,178.0752987,25700,455000,480700,0,0,0,0.3691139319,455000,455000,455000,287053.13,312753.13,759,1,103390,160,150030096101,306090,20028,1027,325915.6889,2629.688172,304.8941308,5192.859567,759,1,103390,42,15003009610,1797455,2833890,7105,Honolulu,Oahu,Maili Beach Park,1839259.06,7608.63294,304.8941308,5192.859567
96.1,1,0,5000,87011048,87011048,2100,93.61988102,76.5194485,55.56181369,27.25552039,0,453.6139966,0,0,0,1.342261433,178000,455000,633000,0,0,0,0.002959038838,455000,455000,455000,453653.655,631653.655,760,1,103392,160,150030096101,306090,20028,1027,325915.6889,2629.688172,297.0664744,4882.584265,760,1,103392,42,15003009610,1797455,2833890,7105,Honolulu,Oahu,Maili Beach Park,1839259.06,7608.63294,297.0664744,4882.584265
96.1,1,0,5000,87011073,87011073,2100,92.20894165,75.05054772,53.97795806,25.13396067,0,460.3195145,0,0,0,54.98690539,382800,455000,837800,0,0,0,0.1194537786,455000,455000,455000,400648.43,783448.43,761,1,103417,160,150030096101,306090,20028,1027,325915.6889,2629.688172,299.4332678,4954.76075,761,1,103417,42,15003009610,1797455,2833890,7105,Honolulu,Oahu,Maili Beach Park,1839259.06,7608.63294,299.4332678,4954.76075
96.1,1,0,5000,87011075,87011075,2100,78.862487,61.63154546,40.50649103,11.48397381,0,473.9616451,0,0,0,424.7862262,46900,455000,501900,0,0,0,0.8962459949,455000,455000,455000,47208.07,94108.07,762,1,103419,160,150030096101,306090,20028,1027,325915.6889,2629.688172,301.5507048,5101.601204,762,1,103419,42,15003009610,1797455,2833890,7105,Honolulu,Oahu,Maili Beach Park,1839259.06,7608.63294,301.5507048,5101.601204
96.1,1,0,0,87011076,87011076,2100,76.66469995,59.44838025,38.29345306,9.326491823,0,476.7486677,0,0,0,476.7486678,35800,455000,490800,0,0,0,1,455000,455000,455000,0,35800,763,1,103420,160,150030096101,306090,20028,1027,325915.6889,2629.688172,302.5314212,5131.600355,763,1,103420,42,15003009610,1797455,2833890,7105,Honolulu,Oahu,Maili Beach Park,1839259.06,7608.63294,302.5314212,5131.600355
96.1,1,0,0,87011078,87011078,2075,46.72468167,29.52145314,8.383601184,0,0,489.9760511,0,0,265.6650883,489.9760511,0,457800,457800,0,0,0.5422001498,0.9999999998,457800,457800,209580.84,0,209580.84,764,1,103422,160,150030096101,306090,20028,1027,325915.6889,2629.688172,308.1395646,5273.976385,764,1,103422,42,15003009610,1797455,2833890,7105,Honolulu,Oahu,Maili Beach Park,1839259.06,7608.63294,308.1395646,5273.976385
96.1,1,0,5920,87011079,87011079,2075,55.79655692,38.55759305,17.53090912,0,0,550.6791573,0,0,245.7223642,550.6791573,311200,462400,773600,0,0,0.4462169321,0.9999999999,462400,462400,256069.2592,0,567269.2592,765,1,103423,160,150030096101,306090,20028,1027,325915.6889,2629.688172,413.3256306,5927.368879,765,1,103423,42,15003009610,1797455,2833890,7105,Honolulu,Oahu,Maili Beach Park,1839259.06,7608.63294,413.3256306,5927.368879
96.1,1,0,5006,87011080,87011080,2075,54.1374444,37.15812321,16.236516,0,0,465.7735644,0,0,227.7614882,465.7735643,327300,455100,782400,0,0,0.4889961682,0.9999999998,455100,455100,232557.9204,0,559857.9204,766,1,103424,160,150030096101,306090,20028,1027,325915.6889,2629.688172,300.9781951,5013.46722,766,1,103424,42,15003009610,1797455,2833890,7105,Honolulu,Oahu,Maili Beach Park,1839259.06,7608.63294,300.9781951,5013.46722
96.1,1,0,4707,87011087,87011087,2100,80.67402861,62.99023649,41.34970978,11.75440458,0,466.3943596,0,0,0,393.7819894,200000,448300,648300,0,0,0,0.844311217,448300,448300,448300,69795.3787,269795.3787,767,1,103429,160,150030096101,306090,20028,1027,325915.6889,2629.688172,297.7068969,5020.148923,767,1,103429,42,15003009610,1797455,2833890,7105,Honolulu,Oahu,Maili Beach Park,1839259.06,7608.63294,297.7068969,5020.148923
96.1,1,0,4707,87011088,87011088,2100,85.64629376,68.39277026,47.34972212,18.65545692,0,474.8592505,0,0,0,165.3703468,29500,448300,477800,0,0,0,0.3482512906,448300,448300,448300,292179.0767,321679.0767,768,1,103430,160,150030096101,306090,20028,1027,325915.6889,2629.688172,300.7018418,5111.26286,768,1,103430,42,15003009610,1797455,2833890,7105,Honolulu,Oahu,Maili Beach Park,1839259.06,7608.63294,300.7018418,5111.26286
96.1,1,0,4707,87011089,87011089,2100,99.48926369,82.22475319,61.162357,32.44439733,2.354619071,458.3823343,0,0,0,0,9400,448300,457700,0,0,0,0,448300,448300,448300,448300,457700,769,1,103431,160,150030096101,306090,20028,1027,325915.6889,2629.688172,297.2588458,4933.909456,769,1,103431,42,15003009610,1797455,2833890,7105,Honolulu,Oahu,Maili Beach Park,1839259.06,7608.63294,297.2588458,4933.909456
96.1,1,0,4707,87011090,87011090,2100,97.3635382,79.70104553,58.08523779,28.52076533,0,436.6467548,0,0,0,0,47500,448300,495800,0,0,0,0,448300,448300,448300,448300,495800,770,1,103432,160,150030096101,306090,20028,1027,325915.6889,2629.688172,290.7271951,4699.953294,770,1,103432,42,15003009610,1797455,2833890,7105,Honolulu,Oahu,Maili Beach Park,1839259.06,7608.63294,290.7271951,4699.953294
96.1,1,0,5000,87011103,87011103,2100,105.0629081,85.33819526,59.87147805,24.85343059,0,486.3531288,0,0,0,254.6277043,40600,455000,495600,0,0,0,0.5235449085,455000,455000,455000,216787.025,257387.025,771,1,103444,160,150030096101,306090,20028,1027,325915.6889,2629.688172,306.7895702,5234.979761,771,1,103444,42,15003009610,1797455,2833890,7105,Honolulu,Oahu,Maili Beach Park,1839259.06,7608.63294,306.7895702,5234.979761
96.1,1,0,5000,87012044,87012044,2100,105.709732,85.24188608,60.07341308,27.59180772,0,464.5538656,0,0,0,114.2028261,872700,455000,1327700,0,0,0,0.2458333351,455000,455000,455000,343145.985,1215845.985,772,1,103483,160,150030096101,306090,20028,1027,325915.6889,2629.688172,300.0189675,5000.338178,772,1,103483,42,15003009610,1797455,2833890,7105,Honolulu,Oahu,Maili Beach Park,1839259.06,7608.63294,300.0189675,5000.338178
96.1,1,0,15000,87012078,87012078,2100,119.0925412,97.82146169,70.91805382,35.44545009,0,1412.943916,0,0,0,765.6527555,20600,437100,457700,0,0,0,0.5418847464,437100,437100,437100,200242.0665,220842.0665,773,1,103509,160,150030096101,306090,20028,1027,325915.6889,2629.688172,503.4973291,15208.56432,773,1,103509,42,15003009610,1797455,2833890,7105,Honolulu,Oahu,Maili Beach Park,1839259.06,7608.63294,503.4973291,15208.56432
96.1,2,0,8415,87023054,87023054,2100,36.72895549,30.56843585,25.07486306,15.50849244,2.925579449,783.1146611,0,0,0,0,158800,614400,773200,0,0,0,0,614400,614400,614400,614400,773200,774,1,104188,166,150030096102,495605,22916,2228,518198.5743,3758.896548,365.0367865,8429.245954,774,1,104188,42,15003009610,1797455,2833890,7105,Honolulu,Oahu,Maili Beach Park,1839259.06,7608.63294,365.0367865,8429.245954
96.1,2,0,7561,87023055,87023055,2100,28.89643027,22.89143868,17.62855128,8.361304526,0,714.3465991,0,0,0,67.12799727,49100,615900,665000,0,0,0,0.09397118619,615900,615900,615900,558023.2611,607123.2611,775,1,104189,166,150030096102,495605,22916,2228,518198.5743,3758.896548,367.7224635,7689.042944,775,1,104189,42,15003009610,1797455,2833890,7105,Honolulu,Oahu,Maili Beach Park,1839259.06,7608.63294,367.7224635,7689.042944
96.1,3,0,0,87028001,87028001,2024,0,0,0,0,0,886.3048188,245.5773291,510.4050423,787.0440128,787.0440128,301400,884100,1185500,0.2770799886,0.5758798006,0.8880060179,0.888006018,639133.572,374964.492,99013.8954,99013.8954,940533.572,776,1,104550,165,150030096103,433206,2790946,1199,432938.0275,5257.821219,399.3338987,9539.956434,776,1,104550,42,15003009610,1797455,2833890,7105,Honolulu,Oahu,Maili Beach Park,1839259.06,7608.63294,399.3338987,9539.956434
96.1,3,0,13678,87028002,87028002,2024,0,0,0,0,0,875.8355962,242.2244419,513.4050815,838.3973587,838.3973586,396500,895500,1292000,0.2765638242,0.5861888734,0.9572542635,0.9572542635,647836.938,370567.7505,38279.043,38279.043,1044336.938,777,1,104551,165,150030096103,433206,2790946,1199,432938.0275,5257.821219,389.0401051,9427.268161,777,1,104551,42,15003009610,1797455,2833890,7105,Honolulu,Oahu,Maili Beach Park,1839259.06,7608.63294,389.0401051,9427.268161
96.1,3,0,14327,87028004,87028004,2024,4.649236326,0,0,0,0,860.4040387,119.9218799,328.203858,656.9837386,860.4040387,253200,937000,1190200,0.1393785646,0.3814531815,0.7635758423,1,806401.877,579578.539,221529.288,0,1059601.877,778,1,104553,165,150030096103,433206,2790946,1199,432938.0275,5257.821219,404.6025977,9261.168255,778,1,104553,42,15003009610,1797455,2833890,7105,Honolulu,Oahu,Maili Beach Park,1839259.06,7608.63294,404.6025977,9261.168255
96.1,3,0,12731,87028005,87028005,2030,11.33734718,2.818086497,0,0,0,862.5665702,111.4046812,280.7082243,551.8982735,860.3251785,275900,914000,1189900,0.1291548792,0.3254336929,0.6398326721,0.9974014855,795952.33,616553.324,329192.638,2375.486,1071852.33,779,1,104554,165,150030096103,433206,2790946,1199,432938.0275,5257.821219,424.3720882,9284.444995,779,1,104554,42,15003009610,1797455,2833890,7105,Honolulu,Oahu,Maili Beach Park,1839259.06,7608.63294,424.3720882,9284.444995
96.1,3,0,0,87028006,87028006,2030,13.36343271,4.857615796,0,0,0,915.5411831,97.39312206,266.3328538,531.7980073,860.2063426,970700,957200,1927900,0.1063776528,0.2909021011,0.5808564564,0.9395605118,855374.9784,678748.6056,401204.6368,57852.2108,1826074.978,780,1,104555,165,150030096103,433206,2790946,1199,432938.0275,5257.821219,444.3846035,9854.649274,780,1,104555,42,15003009610,1797455,2833890,7105,Honolulu,Oahu,Maili Beach Park,1839259.06,7608.63294,444.3846035,9854.649274
96.1,3,0,16227,87028007,87028007,2030,11.98239807,3.303299194,0,0,0,1110.071217,116.2417492,317.273358,625.5722583,996.9307993,265500,1024900,1290400,0.1047155781,0.2858135164,0.5635424545,0.8980782351,917576.5716,731969.2314,447325.8042,104459.8578,1183076.572,781,1,104556,165,150030096103,433206,2790946,1199,432938.0275,5257.821219,494.300196,11948.52327,781,1,104556,42,15003009610,1797455,2833890,7105,Honolulu,Oahu,Maili Beach Park,1839259.06,7608.63294,494.300196,11948.52327
96.1,3,0,16315,87028008,87028008,2050,21.96051696,12.8315567,2.619370816,0,0,1177.83293,172.4821697,366.3674123,660.5952541,1012.171584,679500,1035500,1715000,0.1464402679,0.3110521052,0.5608564996,0.8593507263,883861.38,713405.654,454733.612,145642.0395,1392905.654,782,1,104557,165,150030096103,433206,2790946,1199,432938.0275,5257.821219,527.818786,12677.88938,782,1,104557,42,15003009610,1797455,2833890,7105,Honolulu,Oahu,Maili Beach Park,1839259.06,7608.63294,527.818786,12677.88938
96.1,3,0,17388,87028009,87028009,2075,41.72681903,32.33133705,21.81318946,5.990776458,0,1082.235448,96.9744463,291.6597102,580.8630164,918.9455084,538800,1077200,1616000,0.08960568283,0.2694974654,0.5367251807,0.8491179162,980676.4168,786897.8316,499039.83,162530.0904,1037839.83,783,1,104558,165,150030096103,433206,2790946,1199,432938.0275,5257.821219,513.6504949,11648.90529,783,1,104558,42,15003009610,1797455,2833890,7105,Honolulu,Oahu,Maili Beach Park,1839259.06,7608.63294,513.6504949,11648.90529
96.1,3,0,19212,87028010,87028010,2100,60.2140614,49.73990957,37.72169766,20.07667981,0,1399.400477,127.6210539,383.6792442,753.8585439,1173.913986,990500,1138200,2128700,0.09119694893,0.2741740127,0.5387010767,0.8388692193,1034399.575,826135.1532,525050.5218,183399.3042,1173899.304,784,1,104559,165,150030096103,433206,2790946,1199,432938.0275,5257.821219,569.9154367,15062.78886,784,1,104559,42,15003009610,1797455,2833890,7105,Honolulu,Oahu,Maili Beach Park,1839259.06,7608.63294,569.9154367,15062.78886
96.1,3,0,19535,87028011,87028011,2050,26.11154133,15.52370523,3.391395605,0,0,1369.019594,195.1311102,418.2257528,748.2360864,1135.138122,570700,1154700,1725400,0.1425334678,0.3054928905,0.5465488514,0.8291613412,990117.1449,801947.2329,523599.8697,197267.7933,1372647.233,785,1,104560,165,150030096103,433206,2790946,1199,432938.0275,5257.821219,616.3621078,14735.78028,785,1,104560,42,15003009610,1797455,2833890,7105,Honolulu,Oahu,Maili Beach Park,1839259.06,7608.63294,616.3621078,14735.78028
96.1,3,0,20922,87028012,87028012,2050,25.27587347,14.17569713,1.354863025,0,0,1666.253131,236.9176538,511.3599921,908.3456108,1362.063975,922100,1201500,2123600,0.1421858717,0.3068921418,0.545142628,0.8174412096,1030663.521,832769.262,546510.6855,219344.6385,1754869.262,786,1,104561,165,150030096103,433206,2790946,1199,432938.0275,5257.821219,663.0887958,17935.12529,786,1,104561,42,15003009610,1797455,2833890,7105,Honolulu,Oahu,Maili Beach Park,1839259.06,7608.63294,663.0887958,17935.12529
96.1,3,0,20772,87028013,87028013,2100,61.49275217,50.10940525,36.85519407,17.66636426,0,1524.009423,210.5620007,455.8909644,809.2328644,1211.562373,296600,1206500,1503100,0.1381631882,0.2991392032,0.5309894101,0.7949835183,1039806.341,845588.7965,565861.7715,247351.804,543951.804,787,1,104562,165,150030096103,433206,2790946,1199,432938.0275,5257.821219,671.4725742,16404.04662,787,1,104562,42,15003009610,1797455,2833890,7105,Honolulu,Oahu,Maili Beach Park,1839259.06,7608.63294,671.4725742,16404.04662
96.1,3,0,21957,87028014,87028014,2050,30.58834752,18.81744638,5.060068878,0,0,1612.10218,228.0134258,492.5065349,868.7180407,1290.732815,529100,1232900,1762000,0.1414385693,0.3055057807,0.5388728157,0.8006519883,1058519.857,856241.6526,568523.4783,245776.1492,1385341.653,788,1,104563,165,150030096103,433206,2790946,1199,432938.0275,5257.821219,678.236186,17352.24329,788,1,104563,42,15003009610,1797455,2833890,7105,Honolulu,Oahu,Maili Beach Park,1839259.06,7608.63294,678.236186,17352.24329
96.1,3,0,28707,87028015,87028015,2030,11.8200272,0.140253307,0,0,0,2707.984762,293.2293747,636.697412,1130.558867,1692.363291,1337200,1421200,2758400,0.108283244,0.2351185357,0.4174908527,0.6249530333,1267308.2,1087048.877,827861.7908,533016.7964,2604508.2,789,1,104564,165,150030096103,433206,2790946,1199,432938.0275,5257.821219,924.8008966,29148.09691,789,1,104564,42,15003009610,1797455,2833890,7105,Honolulu,Oahu,Maili Beach Park,1839259.06,7608.63294,924.8008966,29148.09691
96.1,3,0,29732,87028016,87028016,2100,59.30780424,47.60720476,33.95717943,14.4455133,0,2762.298375,285.4743758,619.1006008,1098.048864,1641.786132,116400,1484200,1600600,0.1033466835,0.2241251729,0.3975127647,0.594355102,1330812.383,1151553.675,894211.2054,602058.309,718458.309,790,1,104565,165,150030096103,433206,2790946,1199,432938.0275,5257.821219,901.8212415,29732.6756,790,1,104565,42,15003009610,1797455,2833890,7105,Honolulu,Oahu,Maili Beach Park,1839259.06,7608.63294,901.8212415,29732.6756
84.18,3,0,12500,91006003,91006003,2100,20.0000851,16.38246192,14.07599901,10.55653909,6.093180655,1161.276879,55.33669222,91.22728224,145.4457092,214.0237531,216500,1460900,1677400,0.04765159214,0.07855773577,0.1252463661,0.1843003653,1391285.193,1346134.618,1277928.119,1191656.13,1408156.13,791,1,108422,114,150030084183,375707,239578,1734,375507.1588,4398.067498,599.9813424,12499.58033,791,1,108422,114,15003008418,1075597,413753,5762,Honolulu,Oahu,Ewa Beach Park,1075016.826,8004.493245,599.9813424,12499.58033
84.18,3,0,12500,91006005,91006005,2030,9.692273608,6.08526474,3.549467735,0,0,1161.2751,55.21857759,93.68524262,149.0761551,218.7885059,426700,1328100,1754800,0.04754995401,0.08067446088,0.1283728163,0.1884036831,1264948.845,1220956.861,1157607.819,1077880.648,1691648.845,792,1,108424,114,150030084183,375707,239578,1734,375507.1588,4398.067498,599.9811892,12499.56119,792,1,108424,114,15003008418,1075597,413753,5762,Honolulu,Oahu,Ewa Beach Park,1075016.826,8004.493245,599.9811892,12499.56119
84.18,3,0,12500,91006006,91006006,2024,2.697265707,0,0,0,0,1161.270363,53.80206447,92.58297046,147.3965447,216.4921634,232700,1328100,1560800,0.0463303518,0.07972559481,0.1269269839,0.1864270115,1266569.127,1222215.899,1159528.251,1080506.301,1499269.127,793,1,108425,114,150030084183,375707,239578,1734,375507.1588,4398.067498,599.9818912,12499.51991,793,1,108425,114,15003008418,1075597,413753,5762,Honolulu,Oahu,Ewa Beach Park,1075016.826,8004.493245,599.9818912,12499.51991
84.18,3,0,11040,91006007,91006007,2030,9.183352722,5.697356034,3.156890704,0,0,1007.016012,106.2179714,183.5014814,291.0035625,427.0345068,303100,1269700,1572800,0.105477937,0.1822230027,0.2889761028,0.4240593018,1135774.583,1038331.457,902787.1728,731272.2877,1438874.583,794,1,108426,114,150030084183,375707,239578,1734,375507.1588,4398.067498,419.9836627,10839.16922,794,1,108426,114,15003008418,1075597,413753,5762,Honolulu,Oahu,Ewa Beach Park,1075016.826,8004.493245,419.9836627,10839.16922
84.18,3,0,12500,91006009,91006009,2024,0,0,0,0,0,1161.280789,51.92898675,90.93408076,144.8536342,213.0396104,202700,1328100,1530800,0.0447169946,0.07830499019,0.1247360979,0.1834522817,1268711.352,1224103.13,1162438.118,1084457.399,1471411.352,795,1,108428,114,150030084183,375707,239578,1734,375507.1588,4398.067498,599.9838946,12499.6211,795,1,108428,114,15003008418,1075597,413753,5762,Honolulu,Oahu,Ewa Beach Park,1075016.826,8004.493245,599.9838946,12499.6211
84.18,3,0,13750,91006012,91006012,2024,0,0,0,0,0,1272.323939,48.5048167,94.80088731,158.8385289,238.5289344,266700,1435600,1702300,0.03812300878,0.07451002405,0.1248412641,0.1874750031,1380870.621,1328633.444,1256378.26,1166460.89,1647570.621,796,1,108431,114,150030084183,375707,239578,1734,375507.1588,4398.067498,609.5438504,13694.85222,796,1,108431,114,15003008418,1075597,413753,5762,Honolulu,Oahu,Ewa Beach Park,1075016.826,8004.493245,609.5438504,13694.85222
84.18,3,0,6875,91006042,91006042,2075,14.76833436,11.19975232,8.528487449,4.857265349,0.249245181,638.678512,51.11605166,95.23014562,155.9289641,232.327924,91700,1140800,1232500,0.0800340871,0.1491049782,0.2441431193,0.3637634891,1049497.213,970701.016,862281.6656,725819.1696,953981.6656,797,1,108452,114,150030084183,375707,239578,1734,375507.1588,4398.067498,359.9827133,6874.513326,797,1,108452,114,15003008418,1075597,413753,5762,Honolulu,Oahu,Ewa Beach Park,1075016.826,8004.493245,359.9827133,6874.513326
84.18,3,0,18123,91007009,91007009,2024,5.736726281,1.545555989,0,0,0,1734.170813,100.9662838,172.1801178,279.188028,408.7972176,196500,1458700,1655200,0.05822164868,0.09928671184,0.1609922309,0.2357306526,1373771.569,1313870.053,1223860.97,1114839.19,1570271.569,798,1,108454,114,150030084183,375707,239578,1734,375507.1588,4398.067498,698.2620218,18666.01498,798,1,108454,114,15003008418,1075597,413753,5762,Honolulu,Oahu,Ewa Beach Park,1075016.826,8004.493245,698.2620218,18666.01498
84.18,3,0,15606,91007011,91007011,2030,7.328226923,2.995286429,0,0,0,1434.756368,98.86389714,170.6750787,277.1970147,405.3748647,594400,1425200,2019600,0.06890640064,0.1189575335,0.1932014527,0.2825391639,1326995.169,1255661.058,1149849.935,1022525.417,1921395.169,799,1,108456,114,150030084183,375707,239578,1734,375507.1588,4398.067498,561.8066097,15443.21803,799,1,108456,114,15003008418,1075597,413753,5762,Honolulu,Oahu,Ewa Beach Park,1075016.826,8004.493245,561.8066097,15443.21803
84.18,3,0,5508,91007013,91007013,2100,24.6713157,19.96210587,16.30452679,10.97060691,4.691670668,511.9496943,0,0,0,0,177400,615200,792600,0,0,0,0,615200,615200,615200,615200,792600,800,1,108458,114,150030084183,375707,239578,1734,375507.1588,4398.067498,312.0507255,5510.448465,800,1,108458,114,15003008418,1075597,413753,5762,Honolulu,Oahu,Ewa Beach Park,1075016.826,8004.493245,312.0507255,5510.448465
84.18,3,0,15140,91007015,91007015,2030,9.594298855,4.540910598,0.417511318,0,0,1399.558994,114.8658895,208.6527621,342.1571944,497.1274559,187400,1410600,1598000,0.08207291728,0.1490846496,0.2444750067,0.3552029305,1294827.826,1200300.699,1065743.565,909550.6482,1482227.826,801,1,108460,114,150030084183,375707,239578,1734,375507.1588,4398.067498,552.8787149,15064.367,801,1,108460,114,15003008418,1075597,413753,5762,Honolulu,Oahu,Ewa Beach Park,1075016.826,8004.493245,552.8787149,15064.367
84.18,3,0,15000,91007050,91007050,2030,6.38647147,2.54997647,0,0,0,1394.038628,47.02431119,98.70404801,171.1115929,260.7105291,460400,1406300,1866700,0.03373243053,0.07080438519,0.1227452306,0.1870181527,1358862.688,1306728.335,1233683.707,1143296.587,1819262.688,802,1,108492,114,150030084183,375707,239578,1734,375507.1588,4398.067498,620.161923,15004.95283,802,1,108492,114,15003008418,1075597,413753,5762,Honolulu,Oahu,Ewa Beach Park,1075016.826,8004.493245,620.161923,15004.95283
84.18,3,0,5000,91007052,91007052,2024,0,0,0,0,0,465.5043799,46.91042085,105.0657642,187.5829404,289.0888709,106400,1028100,1134500,0.1007733179,0.2257030625,0.4029670793,0.6210228806,924495.2787,796054.7457,613809.6273,389626.2537,1030895.279,803,1,108494,114,150030084183,375707,239578,1734,375507.1588,4398.067498,296.3146923,5010.526493,803,1,108494,114,15003008418,1075597,413753,5762,Honolulu,Oahu,Ewa Beach Park,1075016.826,8004.493245,296.3146923,5010.526493
84.18,3,0,6240,91007053,91007053,2050,12.44065785,8.257055543,5.112332576,0.576609334,0,582.6466014,43.16119654,92.25068252,162.8038424,248.3447687,125900,1132500,1258400,0.07407783112,0.1583304224,0.2794212512,0.4262356772,1048606.665,953191.275,816055.7175,649787.73,1079091.275,804,1,108495,114,150030084183,375707,239578,1734,375507.1588,4398.067498,345.2090404,6271.405199,804,1,108495,114,15003008418,1075597,413753,5762,Honolulu,Oahu,Ewa Beach Park,1075016.826,8004.493245,345.2090404,6271.405199
84.18,3,0,5274,91007064,91007064,2024,0,0,0,0,0,492.0893704,39.43941242,84.98332507,150.0725571,229.5843218,207800,1069200,1277000,0.08014684891,0.1726989652,0.3049701255,0.4665500528,983506.8276,884550.2292,743126.076,570364.74,1191306.828,805,1,108505,114,150030084183,375707,239578,1734,375507.1588,4398.067498,357.4675181,5296.679163,805,1,108505,114,15003008418,1075597,413753,5762,Honolulu,Oahu,Ewa Beach Park,1075016.826,8004.493245,357.4675181,5296.679163
84.18,3,0,10120,91007070,91007070,2024,0,0,0,0,0,789.6040374,71.39747345,138.8228186,236.7210551,354.3717421,190000,1253800,1443800,0.09042186979,0.1758132076,0.2997971691,0.4487967707,1140428.896,1033365.661,877914.5214,691098.3214,1330428.896,806,1,108510,114,150030084183,375707,239578,1734,375507.1588,4398.067498,402.5202171,8499.021813,806,1,108510,114,15003008418,1075597,413753,5762,Honolulu,Oahu,Ewa Beach Park,1075016.826,8004.493245,402.5202171,8499.021813
84.18,3,0,15327,91007072,91007072,2030,6.561580921,1.737485616,0,0,0,1423.922882,111.4880237,199.7000805,327.4183252,476.7273999,436800,1345700,1782500,0.07829639163,0.1402464157,0.2299410517,0.3347986087,1240337.073,1156970.958,1036268.396,895160.9857,1677137.073,807,1,108512,114,150030084183,375707,239578,1734,375507.1588,4398.067498,558.7623796,15326.61556,807,1,108512,114,15003008418,1075597,413753,5762,Honolulu,Oahu,Ewa Beach Park,1075016.826,8004.493245,558.7623796,15326.61556
84.18,3,0,10307,91007078,91007078,2030,9.879914528,5.411594693,2.115190578,0,0,963.5838375,89.50515239,155.9277387,253.9145857,381.8770128,964800,1196600,2161400,0.09288776845,0.1618206249,0.2635106317,0.3963090682,1085450.219,1002964.991,881282.7374,722376.6506,2050250.219,808,1,108518,114,150030084183,375707,239578,1734,375507.1588,4398.067498,539.9688311,10371.68148,808,1,108518,114,15003008418,1075597,413753,5762,Honolulu,Oahu,Ewa Beach Park,1075016.826,8004.493245,539.9688311,10371.68148
84.18,3,0,7557,91007080,91007080,2050,10.80140885,6.149463598,2.59819552,0,0,702.1255878,100.0604941,177.1556085,289.6755622,422.3937052,592600,1079800,1672400,0.1425108212,0.2523132779,0.4125694424,0.6015928098,925916.6222,807352.4226,634307.9938,430199.8786,1399952.423,809,1,108520,114,150030084183,375707,239578,1734,375507.1588,4398.067498,513.3525364,7557.43201,809,1,108520,114,15003008418,1075597,413753,5762,Honolulu,Oahu,Ewa Beach Park,1075016.826,8004.493245,513.3525364,7557.43201
84.18,3,0,12500,91023026,91023026,2024,1.725780768,1.882116785,47.76514179,176.4676947,160.0819745,1161.29679,1.891905883,0,0,0,150200,1314800,1465000,0.001629132105,0,0,0,1312658.191,1314800,1314800,1314800,1462858.191,810,1,109087,114,150030084183,375707,239578,1734,375507.1588,4398.067498,600.059981,12499.80433,810,1,109087,114,15003008418,1075597,413753,5762,Honolulu,Oahu,Ewa Beach Park,1075016.826,8004.493245,600.059981,12499.80433
84.18,3,0,12218,91023029,91023029,2024,5.249983115,5.453096672,87.33655841,130.4511836,114.0118111,1135.052608,0,0,0,0,747700,1306100,2053800,0,0,0,0,1306100,1306100,1306100,1306100,2053800,811,1,109090,114,150030084183,375707,239578,1734,375507.1588,4398.067498,588.7564203,12217.30446,811,1,109090,114,15003008418,1075597,413753,5762,Honolulu,Oahu,Ewa Beach Park,1075016.826,8004.493245,588.7564203,12217.30446
84.18,3,0,12500,91024009,91024009,2100,8.316219482,6.692477089,7.162440512,6.999613064,5.809999167,1158.865313,24.61546571,17.18100864,19.39781689,35.94586199,271200,1460900,1732100,0.02124100655,0.01482571653,0.0167386293,0.03101815333,1429869.023,1439240.697,1436445.995,1415585.804,1686785.804,812,1,109170,114,150030084183,375707,239578,1734,375507.1588,4398.067498,599.0095035,12473.62305,812,1,109170,114,15003008418,1075597,413753,5762,Honolulu,Oahu,Ewa Beach Park,1075016.826,8004.493245,599.0095035,12473.62305
84.18,3,0,12502,91024010,91024010,2030,7.065110108,5.320473457,5.637092134,5.263740609,3.789442057,1159.084949,27.18890962,23.2023312,29.73494411,50.60388538,212400,1328200,1540600,0.02345721912,0.02001780044,0.02565380918,0.04365847855,1297044.413,1301612.092,1294126.357,1270213.444,1509444.413,813,1,109171,114,150030084183,375707,239578,1734,375507.1588,4398.067498,599.0282039,12475.98713,813,1,109171,114,15003008418,1075597,413753,5762,Honolulu,Oahu,Ewa Beach Park,1075016.826,8004.493245,599.0282039,12475.98713
84.18,3,0,7125,91024013,91024013,2024,3.080474846,0.444599957,0,0,0,659.8154451,29.35476623,39.11420218,61.89650378,97.59663232,125900,1125400,1251300,0.04448935903,0.05928051923,0.09380881311,0.1479150466,1075332.079,1058685.163,1019827.351,958936.459,1201232.079,814,1,109174,114,150030084183,375707,239578,1734,375507.1588,4398.067498,589.0285601,7102.032091,814,1,109174,114,15003008418,1075597,413753,5762,Honolulu,Oahu,Ewa Beach Park,1075016.826,8004.493245,589.0285601,7102.032091
84.18,3,0,12500,91024020,91024020,2030,8.394719148,5.643019062,4.571817781,2.492650773,0,1161.280823,43.01134732,59.8740985,92.50374027,139.5491575,225400,1328100,1553500,0.03703785205,0.05155867323,0.07965665015,0.1201683131,1278909.832,1259624.492,1222307.538,1168504.879,1504309.832,815,1,109180,114,150030084183,375707,239578,1734,375507.1588,4398.067498,599.9849282,12499.62276,815,1,109180,114,15003008418,1075597,413753,5762,Honolulu,Oahu,Ewa Beach Park,1075016.826,8004.493245,599.9849282,12499.62276
84.18,3,0,12500,91024022,91024022,2024,5.992826899,3.195257812,2.117371215,0.016449223,0,1161.277131,42.55363656,59.02878046,91.1032583,137.5044088,235800,1328100,1563900,0.03664382552,0.05083091616,0.07845091916,0.1184079193,1279433.104,1260591.349,1223909.227,1170842.335,1515233.104,816,1,109182,114,150030084183,375707,239578,1734,375507.1588,4398.067498,599.9845326,12499.59133,816,1,109182,114,15003008418,1075597,413753,5762,Honolulu,Oahu,Ewa Beach Park,1075016.826,8004.493245,599.9845326,12499.59133
84.18,3,0,7500,91024024,91024024,2075,10.89617621,8.00506228,6.784307346,4.525515043,1.325320828,692.7503121,43.52896477,61.49094007,95.21091718,143.2858038,91700,1125000,1216700,0.06283499842,0.08876349673,0.1374390102,0.2068361446,1054310.625,1025141.625,970381.125,892309.5,1062081.125,817,1,109184,114,150030084183,375707,239578,1734,375507.1588,4398.067498,599.982159,7456.531544,817,1,109184,114,15003008418,1075597,413753,5762,Honolulu,Oahu,Ewa Beach Park,1075016.826,8004.493245,599.982159,7456.531544
84.18,3,0,7500,91024025,91024025,2024,3.394120001,0.485563524,0,0,0,697.5071268,44.51795662,63.96679727,99.36350968,149.1304057,109300,1136700,1246000,0.06382437528,0.09170773289,0.1424551891,0.2138048487,1064151.259,1032455.516,974771.4015,893667.8565,1173451.259,818,1,109185,114,150030084183,375707,239578,1734,375507.1588,4398.067498,615.2883034,7507.724301,818,1,109185,114,15003008418,1075597,413753,5762,Honolulu,Oahu,Ewa Beach Park,1075016.826,8004.493245,615.2883034,7507.724301
84.18,3,0,12500,91024029,91024029,2075,13.68379211,10.27845573,8.354575056,5.234368057,1.173042138,1161.273084,51.30536709,79.8911551,126.6167128,187.7591017,173900,1261700,1435600,0.04418027747,0.06879618255,0.1090326768,0.1616838488,1205958.094,1174900.087,1124133.064,1057703.297,1298033.064,819,1,109188,114,150030084183,375707,239578,1734,375507.1588,4398.067498,599.982159,12499.53948,819,1,109188,114,15003008418,1075597,413753,5762,Honolulu,Oahu,Ewa Beach Park,1075016.826,8004.493245,599.982159,12499.53948
84.18,3,0,7500,91024095,91024095,2030,8.158209008,5.347552878,4.246837509,2.120993738,0,697.4751038,42.84349338,59.79115531,92.37991073,139.2964518,101000,1125000,1226000,0.06142655579,0.08572514629,0.132449044,0.1997153031,1055894.625,1028559.375,975994.875,900320.625,1156894.625,820,1,109244,114,150030084183,375707,239578,1734,375507.1588,4398.067498,615.2900677,7507.370612,820,1,109244,114,15003008418,1075597,413753,5762,Honolulu,Oahu,Ewa Beach Park,1075016.826,8004.493245,615.2900677,7507.370612
84.18,2,0,12097,91025001,91025001,2100,17.60782767,13.62541119,10.74237079,6.579024673,1.472642882,1172.02685,65.33850114,113.4961235,182.3251527,266.1359983,191500,1302400,1493900,0.05574829717,0.09683747729,0.1555639725,0.2270732946,1229793.805,1176279.491,1099793.446,1006660.125,1198160.125,821,1,109250,369,150030084182,232959,174175,1113,232831.8399,3109.394787,586.9465528,12615.2822,821,1,109250,114,15003008418,1075597,413753,5762,Honolulu,Oahu,Ewa Beach Park,1075016.826,8004.493245,586.9465528,12615.2822
84.18,2,0,6961,91025003,91025003,2024,2.854862915,0,0,0,0,663.7041962,60.82393857,103.9427691,166.686229,243.9106575,135300,1108800,1244100,0.09164314301,0.1566100827,0.2511453596,0.3674990438,1007186.242,935150.832,830330.424,701317.1088,1142486.242,822,1,109251,369,150030084182,232959,174175,1113,232831.8399,3109.394787,581.8021297,7143.889406,822,1,109251,114,15003008418,1075597,413753,5762,Honolulu,Oahu,Ewa Beach Park,1075016.826,8004.493245,581.8021297,7143.889406
84.18,2,0,12086,91025004,91025004,2075,13.20461868,9.385307436,6.819754441,2.976504327,0,1123.423453,58.7735184,98.87490116,158.4990895,232.6009734,415100,1249400,1664500,0.05231644244,0.08801213908,0.1410857937,0.2070465707,1184036.39,1139437.807,1073127.152,990715.4782,1488227.152,823,1,109252,369,150030084182,232959,174175,1113,232831.8399,3109.394787,582.577219,12092.13226,823,1,109252,114,15003008418,1075597,413753,5762,Honolulu,Oahu,Ewa Beach Park,1075016.826,8004.493245,582.577219,12092.13226
84.18,2,0,12080,91025005,91025005,2024,0.439580367,0,0,0,0,1117.7018,57.45265617,95.32999124,152.6431795,224.2449316,440800,1315000,1755800,0.05140249049,0.08529107782,0.1365687873,0.2006303753,1247406.37,1202842.335,1135411.765,1051171.55,1688206.37,824,1,109253,369,150030084182,232959,174175,1113,232831.8399,3109.394787,582.5589369,12030.55367,824,1,109253,114,15003008418,1075597,413753,5762,Honolulu,Oahu,Ewa Beach Park,1075016.826,8004.493245,582.5589369,12030.55367
84.18,2,0,12074,91025006,91025006,2075,14.66624756,10.92696855,8.522829418,4.838060125,0.212304453,1115.330467,56.40761771,92.74430407,148.4156982,218.315468,282300,1314800,1597100,0.05057480218,0.08315410262,0.1330688103,0.1957406119,1248303.99,1205469.121,1139840.879,1057439.733,1422140.879,825,1,109254,369,150030084182,232959,174175,1113,232831.8399,3109.394787,582.2574109,12005.02944,825,1,109254,114,15003008418,1075597,413753,5762,Honolulu,Oahu,Ewa Beach Park,1075016.826,8004.493245,582.2574109,12005.02944
84.18,2,0,15688,91025007,91025007,2030,9.42839564,5.753779222,3.413433346,0,0,1355.852206,67.40870859,110.0992325,175.9736798,259.1358248,237300,1427800,1665100,0.04971685579,0.08120297481,0.1297882461,0.1911239468,1356814.067,1311858.357,1242488.694,1154913.153,1594114.067,826,1,109255,369,150030084182,232959,174175,1113,232831.8399,3109.394787,603.6232872,14593.92178,826,1,109255,114,15003008418,1075597,413753,5762,Honolulu,Oahu,Ewa Beach Park,1075016.826,8004.493245,603.6232872,14593.92178
84.18,2,0,0,91025010,91025010,2075,12.81156243,9.33359451,7.250550426,3.992801526,0,1161.435791,54.81783246,87.88110875,139.5494825,206.0670611,389100,1248300,1637400,0.04719833235,0.07566592096,0.1201525591,0.177424411,1189382.737,1153846.132,1098313.01,1026821.621,1487413.01,827,1,109258,369,150030084182,232959,174175,1113,232831.8399,3109.394787,586.003511,12501.29109,827,1,109258,114,15003008418,1075597,413753,5762,Honolulu,Oahu,Ewa Beach Park,1075016.826,8004.493245,586.003511,12501.29109
84.18,2,0,0,91025011,91025011,2030,8.77974628,5.319385902,3.256108634,0.025601827,0,1089.703109,51.77539426,82.70466535,131.0790589,193.4484725,478800,1313800,1792600,0.04751330322,0.0758965122,0.1202887812,0.1775240162,1251377.421,1214086.521,1155764.312,1080568.969,1730177.421,828,1,109259,369,150030084182,232959,174175,1113,232831.8399,3109.394787,579.47524,11729.18575,828,1,109259,114,15003008418,1075597,413753,5762,Honolulu,Oahu,Ewa Beach Park,1075016.826,8004.493245,579.47524,11729.18575
84.18,2,0,12036,91025012,91025012,2050,9.884514122,6.401002656,4.31595962,1.049490619,0,1122.538058,52.61570543,84.11171578,133.4558392,197.1907681,298800,1313600,1612400,0.0468720905,0.07492994576,0.1188875854,0.175665107,1252028.941,1215171.952,1157428.723,1082846.456,1513971.952,829,1,109260,369,150030084182,232959,174175,1113,232831.8399,3109.394787,582.2993934,12082.60944,829,1,109260,114,15003008418,1075597,413753,5762,Honolulu,Oahu,Ewa Beach Park,1075016.826,8004.493245,582.2993934,12082.60944
84.18,2,0,12030,91025013,91025013,2030,9.515755554,5.977642365,3.840877205,0.488048995,0,1133.139803,53.88676075,86.41030327,137.424274,202.9887408,132800,1313400,1446200,0.04755526247,0.07625740712,0.1212774219,0.1791383025,1250941.263,1213244.056,1154114.788,1078120.151,1383741.263,830,1,109261,369,150030084182,232959,174175,1113,232831.8399,3109.394787,583.1521503,12196.72294,830,1,109261,114,15003008418,1075597,413753,5762,Honolulu,Oahu,Ewa Beach Park,1075016.826,8004.493245,583.1521503,12196.72294
84.18,2,0,6373,91025016,91025016,2050,8.945151841,6.611374493,5.967746943,5.944457811,5.944453277,693.2527017,0,0,0,0,85800,1011600,1097400,0,0,0,0,1011600,1011600,1011600,1011600,1097400,831,1,109264,369,150030084182,232959,174175,1113,232831.8399,3109.394787,579.2475733,7461.938431,831,1,109264,114,15003008418,1075597,413753,5762,Honolulu,Oahu,Ewa Beach Park,1075016.826,8004.493245,579.2475733,7461.938431
84.18,3,0,21956,91025054,91025054,2050,13.2516215,8.296706583,4.178957998,0,0,2041.740998,153.5092183,281.1424074,459.96857,667.7255978,146200,1542400,1688600,0.07518545127,0.1376973905,0.2252825263,0.3270373659,1426434.656,1330016.147,1194923.501,1037978.131,1476216.147,832,1,109294,114,150030084183,375707,239578,1734,375507.1588,4398.067498,1285.354738,21976.55832,832,1,109294,114,15003008418,1075597,413753,5762,Honolulu,Oahu,Ewa Beach Park,1075016.826,8004.493245,1285.354738,21976.55832
84.18,3,0,16983,91025074,91025074,2030,9.701796174,5.407872314,1.998842595,0,0,1587.697217,137.4724786,246.5822162,400.2262522,582.6483505,409800,589400,999200,0.08658608024,0.1553080862,0.2520797089,0.3669769931,538366.2116,497861.4648,440824.048,373103.7562,948166.2116,833,2,109312,114,150030084183,375707,239578,1734,375507.1588,4398.067498,571.7346497,17089.419,833,1,109312,114,15003008418,1075597,413753,5762,Honolulu,Oahu,Ewa Beach Park,1075016.826,8004.493245,571.7346497,17089.419
5,4,0,40380,35005015,35005015,2075,22.03456574,14.45359232,6.726506143,0,0,3754.006253,226.4864286,456.1619486,787.5345081,1168.046221,1024900,8273700,9298600,0.06033192629,0.1215133694,0.2097850816,0.3111465838,7774531.132,7268337.892,6538001.846,5699363.066,7562901.846,834,1,168075,545,150030005004,594762,134511,931,594519.3113,3185.684766,1010.05199,40407.32116,834,1,168075,242,15003000500,2880153,1030320,3872,Honolulu,Oahu,Waialae-Kahala,2878982.484,10547.67535,1010.05199,40407.32116
5,4,0,42176,35005014,35005014,2050,16.47849006,9.707055209,3.149400017,0,0,3966.898288,203.7493772,400.1772707,689.266011,1027.812328,8160600,8511400,16672000,0.05136239006,0.1008791357,0.1737543947,0.2590972224,8074237.473,7652778.479,7032510.204,6306121.794,15813378.48,835,1,168076,545,150030005004,594762,134511,931,594519.3113,3185.684766,1046.894023,42698.8447,835,1,168076,242,15003000500,2880153,1030320,3872,Honolulu,Oahu,Waialae-Kahala,2878982.484,10547.67535,1046.894023,42698.8447
5,4,0,55937,35005006,35005006,2050,17.86729407,11.23318616,4.505270095,0,0,5189.404817,208.6098727,410.0713446,714.8279643,1074.469041,0,12846400,12846400,0.04019919048,0.0790208818,0.1377475818,0.2070505346,12329987.57,11831264.63,11076834.09,10186540.03,11831264.63,836,1,168080,545,150030005004,594762,134511,931,594519.3113,3185.684766,1197.793477,55857.65218,836,1,168080,242,15003000500,2880153,1030320,3872,Honolulu,Oahu,Waialae-Kahala,2878982.484,10547.67535,1197.793477,55857.65218
5,4,0,30798,35005005,35005005,2050,17.45307526,10.8113299,4.05340109,0,0,2866.726325,244.7940527,496.7813965,865.3866268,1289.315965,3204600,9327900,12532500,0.08539149712,0.1732922296,0.3018727735,0.4497520233,8531381.291,7711449.553,6512058.843,5132658.319,10916049.55,837,1,168081,545,150030005004,594762,134511,931,594519.3113,3185.684766,758.8829156,30856.83288,837,1,168081,242,15003000500,2880153,1030320,3872,Honolulu,Oahu,Waialae-Kahala,2878982.484,10547.67535,758.8829156,30856.83288
5,4,0,36894,35005009,35005009,2075,17.57117356,12.89043005,8.375459879,0.961802478,0,3421.515957,190.965787,354.7316845,620.2148548,951.1458242,0,11849400,11849400,0.05581320952,0.1036767588,0.181269023,0.2779895918,11188049.44,10620889.76,9701471.111,8555385.294,9701471.111,838,1,168082,545,150030005004,594762,134511,931,594519.3113,3185.684766,823.1033874,36828.47537,838,1,168082,242,15003000500,2880153,1030320,3872,Honolulu,Oahu,Waialae-Kahala,2878982.484,10547.67535,823.1033874,36828.47537
5,4,0,34888,35005010,35005010,2100,22.13044693,17.68199115,14.08600681,8.092407492,0.437537982,3261.475932,181.1982654,328.7887323,575.509709,891.3739504,5250800,11085800,16336600,0.05555713708,0.1008097987,0.1764568315,0.2733038566,10469906.21,9968240.502,9129632.989,8056006.517,13306806.52,839,1,168083,545,150030005004,594762,134511,931,594519.3113,3185.684766,797.2446371,35105.83993,839,1,168083,242,15003000500,2880153,1030320,3872,Honolulu,Oahu,Waialae-Kahala,2878982.484,10547.67535,797.2446371,35105.83993
5,4,0,30492,35005002,35005002,2075,20.60701894,13.68049455,6.569288141,0,0,2843.131132,252.0218785,510.8136309,888.8592828,1323.274441,4082000,10648900,14730900,0.08864236887,0.1796658709,0.3126339383,0.4654285645,9704960.206,8735654.733,7319691.797,5692593.122,11401691.8,840,1,168085,545,150030005004,594762,134511,931,594519.3113,3185.684766,758.4658581,30602.86642,840,1,168085,242,15003000500,2880153,1030320,3872,Honolulu,Oahu,Waialae-Kahala,2878982.484,10547.67535,758.4658581,30602.86642
5,4,0,33306,35005013,35005013,2050,14.08861748,8.667031321,3.894246003,0,0,3095.255778,240.8208337,450.8770097,772.4078639,1156.342085,0,10928600,10928600,0.07780320948,0.1456671248,0.2495457304,0.3735853084,10078322.13,9336663.624,8201411.584,6845838.969,9336663.624,841,1,168087,545,150030005004,594762,134511,931,594519.3113,3185.684766,771.12526,33316.67979,841,1,168087,242,15003000500,2880153,1030320,3872,Honolulu,Oahu,Waialae-Kahala,2878982.484,10547.67535,771.12526,33316.67979
102.05,1,0.192,0,51005031,51005031,2050,17.50059595,11.38718076,5.681962107,0,0,758.9456924,0,0,1.034608075,244.8205188,375900,1134600,1510500,0,0,0.001363217533,0.3225797593,1134600,1134600,1133053.54,768600.732,1510500,842,1,168232,955,150030102051,30971746,1977581,1693,31060935.66,27015.73727,476.8620942,8169.060767,842,1,168232,296,15003010205,30971746,1977581,1693,Honolulu,Oahu,Kaaawa,31060935.66,27015.73727,476.8620942,8169.060767
3.02,2,0,39235,36002035,36002035,2024,4.710870831,0.088070157,0,0,0,3516.449701,117.0613559,211.5884167,369.0509309,570.9952258,493100,5437000,5930100,0.0332896432,0.06017103461,0.1049498677,0.1623783288,5256002.27,5109850.273,4866386.85,4554150.814,5749102.27,843,1,168753,662,150030003022,824965,546862,1447,824645.6807,6481.267955,1013.103333,37850.52039,843,1,168753,272,15003000302,1828507,546862,2702,Honolulu,Oahu,Wailupe,1827796.583,12437.45088,1013.103333,37850.52039
3.02,2,0,10028,36002005,36002005,2075,13.23331089,9.617758731,7.027644519,2.277411241,0,980.9079915,74.86800134,129.093458,223.9518336,349.5141194,527700,2807000,3334700,0.07632520276,0.1316060824,0.2283107442,0.3563169252,2592755.725,2437581.958,2166131.023,1806818.181,2693831.023,844,1,168754,662,150030003022,824965,546862,1447,824645.6807,6481.267955,488.340661,10558.32633,844,1,168754,272,15003000302,1828507,546862,2702,Honolulu,Oahu,Wailupe,1827796.583,12437.45088,488.340661,10558.32633
3.02,2,0,14954,36002042,36002042,2024,5.86993191,2.274971527,0,0,0,1393.903078,100.780372,165.7605438,287.3253717,457.1817189,263100,3337800,3600900,0.07230084616,0.1189182709,0.2061300934,0.3279867346,3096473.722,2940875.5,2649779.286,2243044.991,3359573.722,845,1,168761,662,150030003022,824965,546862,1447,824645.6807,6481.267955,512.2679554,15003.73258,845,1,168761,272,15003000302,1828507,546862,2702,Honolulu,Oahu,Wailupe,1827796.583,12437.45088,512.2679554,15003.73258
3.02,2,0,49252,36002041,36002041,2075,15.05042687,11.37103011,8.854674313,4.256174659,0,4630.463773,105.3277988,176.33981,305.3773966,482.959129,2081600,5884500,7966100,0.02274670615,0.03808253745,0.06594963519,0.1043003796,5750645.279,5660400.587,5496417.225,5270746.65,7578017.225,846,1,168767,662,150030003022,824965,546862,1447,824645.6807,6481.267955,1277.53161,49841.57957,846,1,168767,272,15003000302,1828507,546862,2702,Honolulu,Oahu,Wailupe,1827796.583,12437.45088,1277.53161,49841.57957
3.02,2,0,20008,36002040,36002040,2024,5.441296392,1.668296208,0,0,0,1849.6703,110.6323976,188.511575,326.7756465,513.0261079,286800,3674200,3961000,0.05981195545,0.1019163118,0.1766669695,0.2773608399,3454438.75,3299740.233,3025090.109,2655120.214,3741238.75,847,1,168768,662,150030003022,824965,546862,1447,824645.6807,6481.267955,622.6514006,19909.53034,847,1,168768,272,15003000302,1828507,546862,2702,Honolulu,Oahu,Wailupe,1827796.583,12437.45088,622.6514006,19909.53034
102.02,2,0,6294,54011014,54011014,2024,3.939050387,0,0,0,0,591.3126004,83.55939497,153.701979,243.6590044,245.5838908,173600,498300,671900,0.1413117104,0.2599335425,0.412064624,0.4153199012,427884.2304,368774.8878,292968.0105,291346.044,601484.2304,848,1,169027,381,150030102022,29054522,224678,1026,29039869.12,35428.14633,359.9521565,6364.696778,848,1,169027,237,15003010202,33345457,6688962,7391,Honolulu,Oahu,Laie,33217340.27,35150.99975,359.9521565,6364.696778
102.04,2,0,13715,54011040,54011040,2024,5.60865318,0,0,0,0,1260.491563,118.2951878,229.4728513,391.4790002,578.1215732,408400,661000,1069400,0.09384845665,0.1820502875,0.3105764544,0.4586477137,598966.472,540664.95,455709.264,357833.672,1007366.472,849,1,169028,233,150030102042,1049349,662988,1950,1048839.089,5585.487105,758.8345177,13567.51422,849,1,169028,91,15003010204,13782634,1421212,2836,Honolulu,Oahu,Hauula,13775870.75,20308.09373,758.8345177,13567.51422
102.04,2,0,11890,54011034,54011034,2024,5.9943157,0,0,0,0,1066.10238,116.0364592,226.1823702,387.3278067,533.2196883,569300,792600,1361900,0.1088417599,0.2121582077,0.3633120176,0.5001580507,706331.8308,624443.5692,504638.9088,396174.7692,1275631.831,850,1,169029,233,150030102042,1049349,662988,1950,1048839.089,5585.487105,671.1883615,11475.18179,850,1,169029,91,15003010204,13782634,1421212,2836,Honolulu,Oahu,Hauula,13775870.75,20308.09373,671.1883615,11475.18179
102.04,2,0,9221,54011033,54011033,2030,6.384692921,0,0,0,0,862.5511792,107.4253975,213.4481101,374.0986195,465.3678141,341400,730200,1071600,0.1245437953,0.2474613857,0.4337117942,0.5395248715,639257.9712,549503.9778,413503.4976,336238.845,980657.9712,851,1,169030,233,150030102042,1049349,662988,1950,1048839.089,5585.487105,605.657399,9284.222713,851,1,169030,91,15003010204,13782634,1421212,2836,Honolulu,Oahu,Hauula,13775870.75,20308.09373,605.657399,9284.222713
96.1,2,0,18084,87023040,87023040,2050,13.88086254,7.76543696,2.339978756,0,0,1719.911438,255.6201945,490.259965,892.2751444,1367.780558,376300,1274500,1650800,0.1486240448,0.2850495405,0.5187913311,0.7952622021,1085078.712,911203.775,613300.8705,260938.581,1287503.775,852,1,169256,166,150030096102,495605,22916,2228,518198.5743,3758.896548,605.9968423,18512.67986,852,1,169256,42,15003009610,1797455,2833890,7105,Honolulu,Oahu,Maili Beach Park,1839259.06,7608.63294,605.9968423,18512.67986
96.1,2,0,23132,87023041,87023041,2024,3.83356347,0,0,0,0,2203.393999,233.5384657,440.025426,810.6925597,1368.219158,370700,1452700,1823400,0.1059903339,0.1997034694,0.3679290042,0.6209598277,1298728.327,1162591.452,918209.5417,550631.408,1669428.327,853,1,169257,166,150030096102,495605,22916,2228,518198.5743,3758.896548,639.6034042,23716.76177,853,1,169257,42,15003009610,1797455,2833890,7105,Honolulu,Oahu,Maili Beach Park,1839259.06,7608.63294,639.6034042,23716.76177
96.1,2,0,22225,87023051,87023051,2024,5.801230435,0.558000475,0,0,0,2177.585674,182.4912131,327.6578384,590.4956632,943.1878465,219700,1489000,1708700,0.08380437806,0.1504684028,0.271169888,0.4331346674,1364215.844,1264953.148,1085227.87,844061.985,1583915.844,854,1,169258,166,150030096102,495605,22916,2228,518198.5743,3758.896548,758.3263662,23438.97968,854,1,169258,42,15003009610,1797455,2833890,7105,Honolulu,Oahu,Maili Beach Park,1839259.06,7608.63294,758.3263662,23438.97968
96.1,2,0,15237,87023046,87023046,2100,24.88823086,20.07735944,16.40761715,9.104135247,0,1396.247818,8.066200623,120.7394178,344.2192064,662.4929262,488100,1109100,1597200,0.005777055133,0.08647420341,0.2465315985,0.4744809036,1102692.729,1013191.687,835671.3588,582853.1229,1070953.123,855,1,169259,166,150030096102,495605,22916,2228,518198.5743,3758.896548,773.2434367,15028.85622,855,1,169259,42,15003009610,1797455,2833890,7105,Honolulu,Oahu,Maili Beach Park,1839259.06,7608.63294,773.2434367,15028.85622
96.1,2,0,8630,87023044,87023044,2075,17.7592983,12.80644836,8.802476552,0.967754134,0,818.8777069,3.528230274,109.0181853,341.5340203,670.681417,642000,991100,1633100,0.004308616835,0.1331312166,0.4170757336,0.8190251259,986829.3501,859153.8659,577735.9764,179364.3225,1219735.976,856,1,169260,166,150030096102,495605,22916,2228,518198.5743,3758.896548,375.9803943,8814.18957,856,1,169260,42,15003009610,1797455,2833890,7105,Honolulu,Oahu,Maili Beach Park,1839259.06,7608.63294,375.9803943,8814.18957
96.1,2,0,8800,87023043,87023043,2100,25.78168377,20.79253055,16.80714426,8.982090001,0,824.2138886,0,0,0,0,412700,649700,1062400,0,0,0,0,649700,649700,649700,649700,1062400,857,1,169262,166,150030096102,495605,22916,2228,518198.5743,3758.896548,377.463672,8871.62556,857,1,169262,42,15003009610,1797455,2833890,7105,Honolulu,Oahu,Maili Beach Park,1839259.06,7608.63294,377.463672,8871.62556
2,1,0,9327,37002002,37002002,2030,8.312010445,4.613716931,2.078362488,0,0,902.5164853,75.21128202,126.9619334,220.033732,343.1739122,183100,2164600,2347700,0.08333507836,0.1406754729,0.2438002359,0.3802411566,1984213.059,1860094.895,1636870.52,1341530.331,2167313.059,858,1,169382,897,150030002001,381393,666763,646,381249.6119,6251.414651,425.6348987,9714.559491,858,1,169382,234,15003000200,10040042,666763,5745,Honolulu,Oahu,Kuliouou,10036306.66,16411.96111,425.6348987,9714.559491
2,1,0,8900,37002003,37002003,2030,11.11464923,5.353852205,0.0648414,0,0,897.5581726,116.255032,224.3031504,392.2837063,599.031171,67100,2116800,2183900,0.1295236738,0.2499037469,0.4370565812,0.6674009432,1842623.597,1587803.213,1191637.742,704045.5632,1909723.597,859,1,169383,897,150030002001,381393,666763,646,381249.6119,6251.414651,420.7690756,9661.188018,859,1,169383,234,15003000200,10040042,666763,5745,Honolulu,Oahu,Kuliouou,10036306.66,16411.96111,420.7690756,9661.188018
2,1,0,8674,37002004,37002004,2050,12.89387289,6.943985185,1.407548074,0,0,829.0239857,111.2972244,216.974354,381.3227369,582.2824164,116400,2091500,2207900,0.1342509098,0.2617226494,0.4599658676,0.7023710127,1810714.034,1544106.346,1129481.111,622491.0535,1660506.346,860,1,169384,897,150030002001,381393,666763,646,381249.6119,6251.414651,408.7692191,8923.495284,860,1,169384,234,15003000200,10040042,666763,5745,Honolulu,Oahu,Kuliouou,10036306.66,16411.96111,408.7692191,8923.495284
2,1,0,10060,37002005,37002005,2030,9.498135214,3.652985939,0,0,0,1002.556627,127.3509432,246.31402,430.3510694,654.7001601,148700,2243400,2392100,0.1270261845,0.2456858927,0.4292536278,0.6530306041,1958429.872,1692228.028,1280411.576,778390.2546,2107129.872,861,1,169385,897,150030002001,381393,666763,646,381249.6119,6251.414651,437.6860619,10791.37574,861,1,169385,234,15003000200,10040042,666763,5745,Honolulu,Oahu,Kuliouou,10036306.66,16411.96111,437.6860619,10791.37574
2,1,0,14125,37002016,37002016,2030,6.39930233,2.116135762,0,0,0,1384.296458,87.51568338,156.5305706,268.9420632,405.0154789,383200,2471000,2854200,0.06322033324,0.113075902,0.1942806843,0.2925785706,2314783.38,2191589.204,1990931.649,1748037.291,2697983.38,862,1,169393,897,150030002001,381393,666763,646,381249.6119,6251.414651,495.8717272,14900.36887,862,1,169393,234,15003000200,10040042,666763,5745,Honolulu,Oahu,Kuliouou,10036306.66,16411.96111,495.8717272,14900.36887
2,1,0,16172,37002020,37002020,2075,18.57136281,14.96290252,11.57965534,5.925802473,0,1512.915242,65.15745999,126.5767775,230.0547731,359.8569867,855700,2424000,3279700,0.04306748864,0.08366415648,0.1520605826,0.2378566735,2319605.592,2221198.464,2055404.136,1847434.632,2911104.136,863,1,169396,897,150030002001,381393,666763,646,381249.6119,6251.414651,668.3385391,16284.79073,863,1,169396,234,15003000200,10040042,666763,5745,Honolulu,Oahu,Kuliouou,10036306.66,16411.96111,668.3385391,16284.79073
2,1,0,10247,37002075,37002075,2030,9.005343439,3.663656058,0,0,0,948.0758527,103.358809,195.3350553,341.8413136,523.5875207,1348300,2253800,3602100,0.1090195565,0.2060331509,0.360563253,0.5522633229,2008090.724,1789442.825,1441163.111,1009109.651,3356390.724,864,1,169446,897,150030002001,381393,666763,646,381249.6119,6251.414651,432.0874037,10204.95203,864,1,169446,234,15003000200,10040042,666763,5745,Honolulu,Oahu,Kuliouou,10036306.66,16411.96111,432.0874037,10204.95203
2,1,0,8871,37002078,37002078,2030,9.635035222,4.663067677,0.460427987,0,0,887.7115442,98.59546599,184.4359485,322.7217814,497.2266539,3700,1849400,1853100,0.1110670089,0.2077656303,0.3635435221,0.5601218743,1643992.69,1465157.56,1177061.726,813510.3732,1647692.69,865,1,169449,897,150030002001,381393,666763,646,381249.6119,6251.414651,422.355653,9555.200277,865,1,169449,234,15003000200,10040042,666763,5745,Honolulu,Oahu,Kuliouou,10036306.66,16411.96111,422.355653,9555.200277
103.03,3,0,9245,49008012,49008012,2024,2.293639117,0.600224782,0.737084789,0,0,843.2718313,46.88748945,40.937811,83.1447338,178.8634636,888100,1139200,2027300,0.05560186848,0.04854639925,0.0985977839,0.212106532,1075858.202,1083896.397,1026877.158,897567.7056,1963958.202,866,1,170023,630,150030103033,22910179,4292073,904,23153452.81,27206.5529,426.8868517,9076.749021,866,1,170023,206,15003010303,41696663,5641596,5036,Honolulu,Oahu,Kahaluu-Waikane,41984441.4,36520.01864,426.8868517,9076.749021
112.02,1,0,22198,43005094,43005094,2050,13.09686629,8.748810997,4.822517941,0,0,2089.627448,0.0784747126,101.4705239,378.4146062,708.5415002,2749800,7405300,10155100,0.00003755440362,0.0485591458,0.1810919006,0.3390755136,7405018.599,7045706.037,6064259.412,4894340.497,9795506.037,867,1,170287,669,150030112021,351555,0,671,351427.1333,4243.587729,768.5441709,22492.53233,867,1,170287,174,15003011202,1333313,3484273,1676,Honolulu,Oahu,Lanikai,1242462.301,5883.36997,768.5441709,22492.53233
99.06,1,0,20545,68004005,68004005,2075,20.77596846,16.16283069,12.23153429,5.664756285,0,1908.726448,0,69.75390618,216.0707211,399.4218269,1747100,2097400,3844500,0,0.03654473708,0.1132015126,0.2092609066,2097400,2020750.517,1859970.125,1658495.979,3607070.125,868,1,170341,364,150030099061,358118,1271318,1245,357903.1019,5383.320515,728.5889682,20544.99642,868,1,170341,109,15003009906,87666397,7880220,1921,Honolulu,Oahu,Mokuleia,87621214.46,62239.89934,728.5889682,20544.99642
99.06,1,0,11515,68004011,68004011,2075,17.81589876,13.71865026,10.61018384,5.299343646,0,1069.797085,0,9.662892445,111.4943981,273.1947738,920100,1808500,2728600,0,0.009032453522,0.1042201364,0.2553706471,1808500,1792165.628,1620018.13,1346661.547,2540118.13,869,1,170344,364,150030099061,358118,1271318,1245,357903.1019,5383.320515,472.6817032,11514.99475,869,1,170344,109,15003009906,87666397,7880220,1921,Honolulu,Oahu,Mokuleia,87621214.46,62239.89934,472.6817032,11514.99475
99.06,1,0,9905,68004012,68004012,2050,13.31732123,8.869838498,5.367924571,0,0,920.2222333,3.916128325,72.27971981,202.6761785,374.4542456,1085400,1757000,2842400,0.004255633241,0.07854593945,0.2202469916,0.4069171903,1749522.208,1618994.678,1370026.021,1042046.831,2704394.678,870,1,170345,364,150030099061,358118,1271318,1245,357903.1019,5383.320515,426.6819927,9905.01307,870,1,170345,109,15003009906,87666397,7880220,1921,Honolulu,Oahu,Mokuleia,87621214.46,62239.89934,426.6819927,9905.01307
99.06,1,0,7515,68004013,68004013,2075,18.45444845,13.90163247,10.27312613,4.144465051,0,698.0294387,20.29154069,88.36021892,203.2694647,352.5608045,1744600,1680500,3425100,0.02906974916,0.1265852327,0.2912047164,0.505080137,1631647.865,1467773.908,1191129.998,831713.06,2935729.998,871,1,170346,364,150030099061,358118,1271318,1245,357903.1019,5383.320515,371.1553345,7513.392403,871,1,170346,109,15003009906,87666397,7880220,1921,Honolulu,Oahu,Mokuleia,87621214.46,62239.89934,371.1553345,7513.392403
99.06,1,0,6922,68004014,68004014,2075,14.55010813,10.01904335,6.414983377,0.293822523,0,643.0236258,35.57063759,102.5877238,215.6457174,362.5003102,1184200,1661500,2845700,0.05531777708,0.1595395871,0.3353620439,0.5637433768,1569589.143,1396424.29,1104296.037,724841.0055,2288496.037,872,1,170347,364,150030099061,358118,1271318,1245,357903.1019,5383.320515,351.4356191,6921.325219,872,1,170347,109,15003009906,87666397,7880220,1921,Honolulu,Oahu,Mokuleia,87621214.46,62239.89934,351.4356191,6921.325219
99.06,1,0,6439,68004015,68004015,2030,8.392110367,3.961652651,0.512350202,0,0,597.9721408,38.75980344,103.1390989,212.637163,355.7699587,1055900,1646100,2702000,0.06481874454,0.172481445,0.3555971065,0.5949607589,1539401.444,1362179.026,1060751.778,666734.6979,2595301.444,873,1,170348,364,150030099061,358118,1271318,1245,357903.1019,5383.320515,334.7596565,6436.40368,873,1,170348,109,15003009906,87666397,7880220,1921,Honolulu,Oahu,Mokuleia,87621214.46,62239.89934,334.7596565,6436.40368
99.06,1,0,4845,68004017,68004017,2075,15.30481986,10.65308405,6.862989903,0.443222764,0,449.2659616,37.91171649,94.23619187,188.748226,310.5898973,1040300,1023900,2064200,0.08438590885,0.2097559128,0.4201258101,0.6913274627,937497.1746,809130.8316,593732.9886,316050.2847,1634032.989,874,1,170349,364,150030099061,358118,1271318,1245,357903.1019,5383.320515,293.6269467,4835.77208,874,1,170349,109,15003009906,87666397,7880220,1921,Honolulu,Oahu,Mokuleia,87621214.46,62239.89934,293.6269467,4835.77208
99.06,1,0,5880,68004031,68004031,2030,7.995906869,2.922443124,0,0,0,545.9760702,41.0341286,121.0355666,250.2663489,412.0943834,917400,1628200,2545600,0.07515737565,0.2216865779,0.4583833662,0.7547846983,1505829.373,1267249.227,881860.7994,399259.063,2423229.373,875,1,170350,364,150030099061,358118,1271318,1245,357903.1019,5383.320515,315.9283764,5876.732243,875,1,170350,109,15003009906,87666397,7880220,1921,Honolulu,Oahu,Mokuleia,87621214.46,62239.89934,315.9283764,5876.732243
99.06,1,0,4882,68004032,68004032,2030,7.80671577,2.994751623,0,0,0,453.9350967,40.97064118,102.4406476,203.4664449,331.5843496,1310600,1502100,2812700,0.09025660602,0.2256724548,0.4482280537,0.7304664302,1366524.96,1163118.089,828816.7212,404867.0214,2677124.96,876,1,170351,364,150030099061,358118,1271318,1245,357903.1019,5383.320515,295.3715243,4886.029266,876,1,170351,109,15003009906,87666397,7880220,1921,Honolulu,Oahu,Mokuleia,87621214.46,62239.89934,295.3715243,4886.029266
99.06,1,0,6180,68004019,68004019,2075,20.29352033,15.03147917,10.39675472,2.990646412,0,574.1533225,0,33.48950415,168.8370661,336.978707,708000,1637800,2345800,0,0.05832850363,0.2940626825,0.5869141461,1637800,1542268.764,1156183.619,676552.2508,1864183.619,877,1,170359,364,150030099061,358118,1271318,1245,357903.1019,5383.320515,326.0340141,6180.024017,877,1,170359,109,15003009906,87666397,7880220,1921,Honolulu,Oahu,Mokuleia,87621214.46,62239.89934,326.0340141,6180.024017
99.06,1,0,6300,68004020,68004020,2050,15.32654976,9.946850666,5.151754483,0,0,585.300389,0,35.77728439,174.6943055,346.1590806,952900,1641600,2594500,0,0.06112636359,0.2984694847,0.5914212379,1641600,1541255.558,1151633.29,670723.2864,2494155.558,878,1,170360,364,150030099061,358118,1271318,1245,357903.1019,5383.320515,330.0335394,6300.007802,878,1,170360,109,15003009906,87666397,7880220,1921,Honolulu,Oahu,Mokuleia,87621214.46,62239.89934,330.0335394,6300.007802
99.06,1,0,6420,68004021,68004021,2075,23.08281782,17.58058605,12.61369593,4.787185939,0,596.4498255,0,33.77539039,177.0703568,353.0731092,737300,1645400,2382700,0,0.05662737911,0.2968738514,0.5919577709,1645400,1552225.934,1156923.52,671392.3068,1894223.52,879,1,170361,364,150030099061,358118,1271318,1245,357903.1019,5383.320515,334.0336373,6420.017095,879,1,170361,109,15003009906,87666397,7880220,1921,Honolulu,Oahu,Mokuleia,87621214.46,62239.89934,334.0336373,6420.017095
99.06,1,0,6540,68004022,68004022,2075,23.96474797,18.39497359,13.33613393,5.397352439,0,607.5967536,0,26.97794317,172.2161097,350.1690798,930500,1649300,2579800,0,0.04440106537,0.2834381662,0.5763182204,1649300,1576069.431,1181825.707,698778.7226,2112325.707,880,1,170362,364,150030099061,358118,1271318,1245,357903.1019,5383.320515,338.0332567,6539.999385,880,1,170362,109,15003009906,87666397,7880220,1921,Honolulu,Oahu,Mokuleia,87621214.46,62239.89934,338.0332567,6539.999385
99.06,1,0,6660,68004023,68004023,2075,17.9439027,12.35569852,7.267965732,0,0,618.7460333,0,24.82289262,170.7901386,349.5849258,1187800,1653100,2840900,0,0.04011806344,0.276026236,0.5649893607,1653100,1586780.934,1196801.419,719116.6841,2384601.419,881,1,170363,364,150030099061,358118,1271318,1245,357903.1019,5383.320515,342.0335047,6660.006983,881,1,170363,109,15003009906,87666397,7880220,1921,Honolulu,Oahu,Mokuleia,87621214.46,62239.89934,342.0335047,6660.006983
99.06,1,0,6780,68004024,68004024,2075,17.41985668,11.86911893,6.826564287,0,0,629.8940626,0,12.72160828,156.7558669,333.7875414,1590200,1657000,3247200,0,0.02019642514,0.2488606834,0.5299106012,1657000,1623535.228,1244637.323,778937.473,2834837.323,882,1,170364,364,150030099061,358118,1271318,1245,357903.1019,5383.320515,346.0333527,6780.001121,882,1,170364,109,15003009906,87666397,7880220,1921,Honolulu,Oahu,Mokuleia,87621214.46,62239.89934,346.0333527,6780.001121
99.06,1,0,6900,68004025,68004025,2075,20.69899008,15.3251151,10.50625917,2.865603261,0,641.0443195,0,0.6138314892,136.5342446,308.1186133,1352000,1660800,3012800,0,0.0009575492217,0.2129872154,0.4806510313,1660800,1659208.954,1307071.19,862534.8192,2659071.19,883,1,170365,364,150030099061,358118,1271318,1245,357903.1019,5383.320515,350.0336089,6900.019231,883,1,170365,109,15003009906,87666397,7880220,1921,Honolulu,Oahu,Mokuleia,87621214.46,62239.89934,350.0336089,6900.019231
99.06,1,0,11520,68004026,68004026,2100,27.65182522,22.85505965,18.76088545,11.99872698,3.422039954,1070.264794,0,0,49.77805988,343.2033943,1570400,2441300,4011700,0,0,0.04651004139,0.3206714788,2441300,2441300,2327755.137,1658445.888,3228845.888,884,1,170366,364,150030099061,358118,1271318,1245,357903.1019,5383.320515,433.6558205,11520.02589,884,1,170366,109,15003009906,87666397,7880220,1921,Honolulu,Oahu,Mokuleia,87621214.46,62239.89934,433.6558205,11520.02589
99.06,1,0,4600,68004028,68004028,2075,19.23700976,15.00471612,11.74649446,6.084403121,0,435.2259844,0,0,0,76.56419367,889900,1305600,2195500,0,0,0,0.1759182503,1305600,1305600,1305600,1075921.459,2195500,885,1,170368,364,150030099061,358118,1271318,1245,357903.1019,5383.320515,286.5151221,4684.648788,885,1,170368,109,15003009906,87666397,7880220,1921,Honolulu,Oahu,Mokuleia,87621214.46,62239.89934,286.5151221,4684.648788
99.06,1,0,6660,68004033,68004033,2050,11.5977513,6.742789695,2.57236147,0,0,618.7436096,0,0,92.39532101,255.1345322,1526300,1570500,3096800,0,0,0.1493273136,0.4123428966,1570500,1570500,1335981.947,922915.3185,3096800,886,1,170369,364,150030099061,358118,1271318,1245,357903.1019,5383.320515,342.8272578,6659.980335,886,1,170369,109,15003009906,87666397,7880220,1921,Honolulu,Oahu,Mokuleia,87621214.46,62239.89934,342.8272578,6659.980335