tmk,year_tce,total_value,public_costce_discounted,Field,OBJECTID_1,Join_Count,TARGET_FID,objectid,geoid20,aland20,awater20,pop20,st_areasha,st_perimet,Shape_Length,Shape_Area
36002035,2024,5930100,5749102.269999999552965,0,1,1,28305,662,150030003022,824965,546862,1447,824645.680677170050330,6481.267955300802896,308.795226502361459,3515.103513735306478
36002005,2075,3334700,596584.396217062370852,0,2,1,28306,662,150030003022,824965,546862,1447,824645.680677170050330,6481.267955300802896,148.817949075068356,980.527721593714318
36002042,2024,3600900,3359573.722200000192970,0,3,1,28308,662,150030003022,824965,546862,1447,824645.680677170050330,6481.267955300802896,156.109836979696581,1393.366916749724396
36002041,2075,7966100,1678251.825040001189336,0,4,1,28314,662,150030003022,824965,546862,1447,824645.680677170050330,6481.267955300802896,389.317941891702276,4628.674697636782184
36002040,2024,3961000,3741238.749600000213832,0,5,1,28315,662,150030003022,824965,546862,1447,824645.680677170050330,6481.267955300802896,189.748155441036488,1848.956067305785382
35005015,2075,9298600,1674904.324964604107663,0,6,1,28856,545,150030005004,594762,134511,931,594519.311304698465392,3185.684766241732632,307.803063651819855,3752.480085144892655
35005014,2050,16672000,7332580.223887288011611,0,7,1,28859,545,150030005004,594762,134511,931,594519.311304698465392,3185.684766241732632,319.030516203490038,3965.292041572434755
35005006,2050,12846400,5486095.025820405222476,0,8,1,28871,545,150030005004,594762,134511,931,594519.311304698465392,3185.684766241732632,365.015509289895817,5187.306577363265205
35005005,2050,12532500,5061714.622276276350021,0,9,1,28874,545,150030005004,594762,134511,931,594519.311304698465392,3185.684766241732632,231.261934109112985,2865.563728515511229
35005009,2075,11849400,2148518.684355444740504,0,10,1,28877,545,150030005004,594762,134511,931,594519.311304698465392,3185.684766241732632,250.832434977909429,3420.129657572084398
35005010,2100,16336600,1407488.206762295681983,0,11,1,28880,545,150030005004,594762,134511,931,594519.311304698465392,3185.684766241732632,242.952135907244468,3260.149651410157276
68004012,2050,2842400,1254013.553101350786164,0,12,1,29096,364,150030099061,358118,1271318,1245,357903.101912828744389,5383.320514601013201,130.014216332809525,919.661751817862751
35005002,2075,14730900,2525054.971424950752407,0,13,1,29257,545,150030005004,594762,134511,931,594519.311304698465392,3185.684766241732632,231.134863497171295,2841.980653800366326
35005013,2050,10928600,4329361.694222936406732,0,14,1,29265,545,150030005004,594762,134511,931,594519.311304698465392,3185.684766241732632,234.992663291127855,3094.001322641689057
51005031,2050,1510500,700410.885795860318467,0,15,1,29426,955,150030102051,30971746,1977581,1693,31060935.663778513669968,27015.737265564737754,145.327518322450914,763.870234781952377
68004013,2075,3425100,650156.113379519665614,0,16,1,29508,364,150030099061,358118,1271318,1245,357903.101912828744389,5383.320514601013201,113.094679468150616,697.604135239091534
68004014,2075,2845700,506817.619524751091376,0,17,1,30046,364,150030099061,358118,1271318,1245,357903.101912828744389,5383.320514601013201,107.085951710051773,642.632985786310883
54011014,2024,671900,601484.230400000000373,0,18,1,30176,381,150030102022,29054522,224678,1026,29039869.115277223289013,35428.146325697358407,109.710961808761382,591.923825465403979
54011040,2024,1069400,1007366.471999999950640,0,19,1,30177,233,150030102042,1049349,662988,1950,1048839.089303324231878,5585.487104777602326,231.239092017749755,1259.879610913568513
54011034,2024,1361900,1275631.830800000112504,0,20,1,30178,233,150030102042,1049349,662988,1950,1048839.089303324231878,5585.487104777602326,204.530482524228574,1065.578325064514956
54011033,2030,1071600,821285.612071332405321,0,21,1,30179,233,150030102042,1049349,662988,1950,1048839.089303324231878,5585.487104777602326,184.561474504733553,862.136380783363052
68004015,2030,2702000,2173524.100782102905214,0,22,1,30222,364,150030099061,358118,1271318,1245,357903.101912828744389,5383.320514601013201,102.004499199564165,597.606684409674017
68004017,2075,2064200,361878.148844339360949,0,23,1,30236,364,150030099061,358118,1271318,1245,357903.101912828744389,5383.320514601013201,89.471078172202951,448.992501433926236
87023040,2050,1650800,597008.712024669861421,0,24,1,30403,166,150030096102,495605,22916,2228,518198.574342582200188,3758.896548419338160,184.651921093316076,1718.845009254083607
87023041,2024,1823400,1669428.327000000048429,0,25,1,30413,166,150030096102,495605,22916,2228,518198.574342582200188,3758.896548419338160,194.892242389292420,2202.027705687052276
87023051,2024,1708700,1583915.844000000040978,0,26,1,30414,166,150030096102,495605,22916,2228,518198.574342582200188,3758.896548419338160,231.069444614565896,2175.024679865153757
87023046,2100,1597200,113276.907466411968926,0,27,1,30415,166,150030096102,495605,22916,2228,518198.574342582200188,3758.896548419338160,235.730915223115858,1394.686487093810456
87023044,2075,1633100,270126.613292337569874,0,28,1,30416,166,150030096102,495605,22916,2228,518198.574342582200188,3758.896548419338160,114.571093990096912,819.678775785855009
87023043,2100,1062400,112372.226121752755716,0,29,1,30419,166,150030096102,495605,22916,2228,518198.574342582200188,3758.896548419338160,115.016021592908729,823.701769797807174
68004031,2030,2545600,2029416.449885908747092,0,30,1,30503,364,150030099061,358118,1271318,1245,357903.101912828744389,5383.320514601013201,96.266422928682118,545.642292704773467
37002002,2030,2347700,1815090.566217391751707,0,31,1,30543,897,150030002001,381393,666763,646,381249.611876976094209,6251.414651152307670,129.761825560482976,902.435772699528115
37002003,2030,2183900,1599363.446937282802537,0,32,1,30544,897,150030002001,381393,666763,646,381249.611876976094209,6251.414651152307670,128.231612655151594,898.308737690451949
37002004,2050,2207900,769968.037286528851837,0,33,1,30546,897,150030002001,381393,666763,646,381249.611876976094209,6251.414651152307670,124.580862811135333,830.117360947727434
37002005,2030,2392100,1764688.094252849929035,0,34,1,30547,897,150030002001,381393,666763,646,381249.611876976094209,6251.414651152307670,133.499699458960151,1003.671928793545931
37002016,2030,2854200,2259518.605544153135270,0,35,1,30555,897,150030002001,381393,666763,646,381249.611876976094209,6251.414651152307670,151.186758351517312,1384.084335094469452
37002020,2075,3279700,644702.391676537226886,0,36,1,30558,897,150030002001,381393,666763,646,381249.611876976094209,6251.414651152307670,203.671923330478478,1512.345283436572345
37002075,2030,3602100,2810924.390629052184522,0,37,1,30607,897,150030002001,381393,666763,646,381249.611876976094209,6251.414651152307670,131.691692433599002,948.710402851742288
68004032,2030,2812700,2242050.007426102645695,0,38,1,30609,364,150030099061,358118,1271318,1245,357903.101912828744389,5383.320514601013201,90.002709889925313,453.659467222347075
37002078,2030,1853100,1379916.687895237468183,0,39,1,30611,897,150030002001,381393,666763,646,381249.611876976094209,6251.414651152307670,128.716128141044521,886.790194061476882
68004026,2100,4011700,341521.649289265740663,0,40,1,31356,364,150030099061,358118,1271318,1245,357903.101912828744389,5383.320514601013201,132.139171610127505,1069.612162644746832
43005094,2050,10155100,4542124.502088043838739,0,41,1,31499,669,150030112021,351555,0,671,351427.133320813125465,4243.587728884976059,234.210279138109769,2088.877547495701037
68004011,2075,2728600,562542.649471174110658,0,42,1,31533,364,150030099061,358118,1271318,1245,357903.101912828744389,5383.320514601013201,144.030636617615983,1069.143431338827440
68004005,2075,3844500,798833.235782749834470,0,43,1,31551,364,150030099061,358118,1271318,1245,357903.101912828744389,5383.320514601013201,222.008073513277452,1907.558746688339625
68004028,2075,2195500,486222.421046993928030,0,44,1,31558,364,150030099061,358118,1271318,1245,357903.101912828744389,5383.320514601013201,87.303928238096020,434.960032946108640
68004033,2050,3096800,1435969.831931559136137,0,45,1,31559,364,150030099061,358118,1271318,1245,357903.101912828744389,5383.320514601013201,104.462920571476587,618.367557291129401
68004019,2075,2345800,412848.040224020951428,0,46,1,31565,364,150030099061,358118,1271318,1245,357903.101912828744389,5383.320514601013201,99.345698649064204,573.802518597827884
68004020,2050,2594500,1156526.781841517658904,0,47,1,31566,364,150030099061,358118,1271318,1245,357903.101912828744389,5383.320514601013201,100.564534202391314,584.944228479406092
68004021,2075,2382700,419500.772531563590746,0,48,1,31567,364,150030099061,358118,1271318,1245,357903.101912828744389,5383.320514601013201,101.783299144695746,596.085785179221261
68004022,2075,2579800,467802.377181896707043,0,49,1,31568,364,150030099061,358118,1271318,1245,357903.101912828744389,5383.320514601013201,103.002164610369405,607.227925605624250
68004023,2075,2840900,528101.423535762354732,0,50,1,31569,364,150030099061,358118,1271318,1245,357903.101912828744389,5383.320514601013201,104.221217371334689,618.371858065570677
68004024,2075,3247200,627812.100416050641797,0,51,1,31570,364,150030099061,358118,1271318,1245,357903.101912828744389,5383.320514601013201,105.439788532613591,629.510131779801554
68004025,2075,3012800,588886.373005055822432,0,52,1,31710,364,150030099061,358118,1271318,1245,357903.101912828744389,5383.320514601013201,106.658652459469138,640.653249095053184
49008012,2024,2027300,1963958.201600000029430,0,53,1,31981,630,150030103033,22910179,4292073,904,23153452.807999588549137,27206.552896275254170,130.087713510439585,842.902864492092817
31033065,2100,2997200,317019.988829176756553,0,54,1,65358,689,150030017002,955648,1263788,951,955240.369390010833740,6515.237908513528964,91.621119929162461,508.957254404989840
31033066,2030,5955100,4124333.748375646770000,0,55,1,65359,689,150030017002,955648,1263788,951,955240.369390010833740,6515.237908513528964,121.813674353225849,837.658587248538652
31036002,2030,11466400,9208280.037953060120344,0,56,1,65430,689,150030017002,955648,1263788,951,955240.369390010833740,6515.237908513528964,187.057517087971149,1677.920893894781784
31036004,2030,5733100,4549791.764223666861653,0,57,1,65431,689,150030017002,955648,1263788,951,955240.369390010833740,6515.237908513528964,223.536788779239458,2728.687412178427621
31036005,2075,9297400,1803124.791385961463675,0,58,1,65432,689,150030017002,955648,1263788,951,955240.369390010833740,6515.237908513528964,199.408657615246341,1358.699426648270446
31037005,2024,10703900,10191468.479399999603629,0,59,1,65433,689,150030017002,955648,1263788,951,955240.369390010833740,6515.237908513528964,216.310573148162632,2376.250503860551362
31036008,2050,9987700,4282665.698317002505064,0,60,1,65436,689,150030017002,955648,1263788,951,955240.369390010833740,6515.237908513528964,275.176404468283749,4499.695646166921506
31036009,2024,6394400,5979428.072499999776483,0,61,1,65437,689,150030017002,955648,1263788,951,955240.369390010833740,6515.237908513528964,251.416269035732171,2409.757108622162377
31036021,2075,8952100,1742620.808781569125131,0,62,1,65445,689,150030017002,955648,1263788,951,955240.369390010833740,6515.237908513528964,205.341306322680992,1671.960311057654280
31037002,2024,5661900,4495670.390700000338256,0,63,1,65448,689,150030017002,955648,1263788,951,955240.369390010833740,6515.237908513528964,91.518521754648447,484.806275091284760
31037004,2024,6855300,6191060.070399999618530,0,64,1,65449,689,150030017002,955648,1263788,951,955240.369390010833740,6515.237908513528964,163.602463659604865,1570.050992612658320
31037006,2050,9724300,4070032.527766209095716,0,65,1,65450,689,150030017002,955648,1263788,951,955240.369390010833740,6515.237908513528964,161.006773123455787,1321.970859134402190
31037009,2100,12069200,850490.071839362615719,0,66,1,65451,689,150030017002,955648,1263788,951,955240.369390010833740,6515.237908513528964,201.038769356538040,2254.245638889639395
31037010,2050,8638300,3704293.700956291053444,0,67,1,65452,689,150030017002,955648,1263788,951,955240.369390010833740,6515.237908513528964,166.546276030423030,1241.145951638834731
31037011,2100,9000600,705935.295831071445718,0,68,1,65453,689,150030017002,955648,1263788,951,955240.369390010833740,6515.237908513528964,177.758202542237569,1688.984512175828058
31037012,2024,7862800,6394537.677999999374151,0,69,1,65454,689,150030017002,955648,1263788,951,955240.369390010833740,6515.237908513528964,99.070693437303078,510.524159732483838
31037013,2050,10636900,4515256.009030481800437,0,70,1,65455,689,150030017002,955648,1263788,951,955240.369390010833740,6515.237908513528964,160.119266317699015,1322.046542604610750
31038001,2030,5841300,4709798.026056068018079,0,71,1,65456,594,150030006002,963864,862832,1203,963467.508786569815129,8172.861398152447691,275.927751325260488,2417.716000117934982
31038002,2075,10237800,2007482.191939142299816,0,72,1,65457,594,150030006002,963864,862832,1203,963467.508786569815129,8172.861398152447691,231.752333657474139,2326.484640996481176
31038006,2030,8126100,6498053.100986231118441,0,73,1,65460,594,150030006002,963864,862832,1203,963467.508786569815129,8172.861398152447691,203.211744705197475,1986.366351452500112
31038008,2075,6129200,1025965.492060786229558,0,74,1,65462,594,150030006002,963864,862832,1203,963467.508786569815129,8172.861398152447691,147.385077548785944,1263.773226342992302
31038009,2075,6488200,1254485.472262687748298,0,75,1,65463,594,150030006002,963864,862832,1203,963467.508786569815129,8172.861398152447691,208.573036770563448,1889.967663755119474
31038010,2030,11123900,8866179.905414953827858,0,76,1,65464,594,150030006002,963864,862832,1203,963467.508786569815129,8172.861398152447691,137.544526720600174,940.699611792836436
31038011,2050,6255600,2512423.083383299876004,0,77,1,65465,594,150030006002,963864,862832,1203,963467.508786569815129,8172.861398152447691,128.420253887559312,1048.870771138829241
31038023,2075,8532800,1461288.784464147640392,0,78,1,65474,594,150030006002,963864,862832,1203,963467.508786569815129,8172.861398152447691,155.000216087108811,1374.872020826687503
31038024,2050,6405500,2970196.576607337221503,0,79,1,65475,594,150030006002,963864,862832,1203,963467.508786569815129,8172.861398152447691,241.765085883346984,3354.952725530269163
31039042,2050,4701200,2161319.195782769005746,0,80,1,65527,594,150030006002,963864,862832,1203,963467.508786569815129,8172.861398152447691,119.964264579769861,819.602018379901438
31039043,2030,4942600,4132972.916718596126884,0,81,1,65528,594,150030006002,963864,862832,1203,963467.508786569815129,8172.861398152447691,134.342174876675216,1097.541294008552768
31039044,2030,5041500,4222176.880070642568171,0,82,1,65529,594,150030006002,963864,862832,1203,963467.508786569815129,8172.861398152447691,123.021562733001701,863.719725519715666
31039053,2030,6207400,5198599.774938115850091,0,83,1,65535,594,150030006002,963864,862832,1203,963467.508786569815129,8172.861398152447691,120.976396507879286,796.871326482307154
31039061,2075,100,18.697649428226551,0,84,1,65546,594,150030006002,963864,862832,1203,963467.508786569815129,8172.861398152447691,789.188131179074730,3348.859456550092546
31040003,2075,6330500,1075829.110278561478481,0,85,1,65550,594,150030006002,963864,862832,1203,963467.508786569815129,8172.861398152447691,120.546760963339835,805.984987115640934
31040004,2100,6076300,616059.945673882495612,0,86,1,65551,594,150030006002,963864,862832,1203,963467.508786569815129,8172.861398152447691,352.323133698405286,2803.693783809339948
31040005,2100,4908800,408599.895324312499724,0,87,1,65552,594,150030006002,963864,862832,1203,963467.508786569815129,8172.861398152447691,113.414651975312637,682.754755594183052
35022001,2030,2241700,1629836.882485937792808,0,88,1,76415,889,150030005005,957850,490297,815,957466.912331020226702,5829.032703397964724,98.140466879194506,560.073144049952248
35022003,2024,2457200,2061533.785600000061095,0,89,1,76420,889,150030005005,957850,490297,815,957466.912331020226702,5829.032703397964724,97.962085124810017,572.244257038791261
35022005,2030,4259300,3346123.458423382136971,0,90,1,76436,889,150030005005,957850,490297,815,957466.912331020226702,5829.032703397964724,106.558133876167560,688.193057073309205
35022006,2050,2797900,1187160.224346012575552,0,91,1,76439,889,150030005005,957850,490297,815,957466.912331020226702,5829.032703397964724,116.194415941232975,845.214699684872471
35022007,2050,3526400,1550363.239023932488635,0,92,1,76442,889,150030005005,957850,490297,815,957466.912331020226702,5829.032703397964724,125.259816108905653,973.086359913071647
35002001,2050,8848200,3749342.968178191687912,0,93,1,76496,887,150030005003,545815,330880,919,545592.401740014553070,4245.849217820833474,228.598389873625507,1824.009253204963443
35002002,2030,13195100,10656226.203816832974553,0,94,1,76499,887,150030005003,545815,330880,919,545592.401740014553070,4245.849217820833474,258.422718217649731,3293.128702958557824
35002003,2030,10178000,8164440.731648665852845,0,95,1,76505,887,150030005003,545815,330880,919,545592.401740014553070,4245.849217820833474,276.708077102452705,3529.673928140721728
35002004,2075,11971500,2403778.133965122979134,0,96,1,76509,887,150030005003,545815,330880,919,545592.401740014553070,4245.849217820833474,222.861236976389534,1639.123292005651592
35002005,2075,10601400,2069860.373555794125423,0,97,1,76514,887,150030005003,545815,330880,919,545592.401740014553070,4245.849217820833474,228.262439948919564,2219.054318785666510
35002006,2050,6108700,2587317.784261854365468,0,98,1,76524,887,150030005003,545815,330880,919,545592.401740014553070,4245.849217820833474,125.319633480619984,877.511303616961982
35002050,2024,10234700,9852530.133499998599291,0,99,1,76738,887,150030005003,545815,330880,919,545592.401740014553070,4245.849217820833474,293.310081639956366,3069.587260503131347
35003002,2030,6273600,5022894.942737825214863,0,100,1,76760,887,150030005003,545815,330880,919,545592.401740014553070,4245.849217820833474,205.541736910097484,1517.443961930600381
35003006,2024,11262800,10713549.320000000298023,0,101,1,76778,887,150030005003,545815,330880,919,545592.401740014553070,4245.849217820833474,229.639487051203446,1872.821527440635919
35003007,2030,8497900,6701410.910360121168196,0,102,1,76783,887,150030005003,545815,330880,919,545592.401740014553070,4245.849217820833474,256.605660825164478,3197.179367810295389
35003011,2075,8549400,1579328.395609868923202,0,103,1,76798,887,150030005003,545815,330880,919,545592.401740014553070,4245.849217820833474,223.473608183521520,1779.264659837901036
35003012,2030,10136600,7993557.272529548965394,0,104,1,76801,887,150030005003,545815,330880,919,545592.401740014553070,4245.849217820833474,271.107917811024095,3868.809795233887598
35003034,2030,6393600,5017010.601473690941930,0,105,1,76869,887,150030005003,545815,330880,919,545592.401740014553070,4245.849217820833474,229.524356032953847,1764.021311124122803
35003035,2075,11021000,2050305.212720745475963,0,106,1,76873,887,150030005003,545815,330880,919,545592.401740014553070,4245.849217820833474,223.827923511214891,1736.506237117431510
35004001,2075,13856500,2318174.455562922637910,0,107,1,76892,887,150030005003,545815,330880,919,545592.401740014553070,4245.849217820833474,306.013626462950526,4246.903784775591703
35004003,2050,6730500,2667512.370367626193911,0,108,1,76896,887,150030005003,545815,330880,919,545592.401740014553070,4245.849217820833474,266.631638331837053,2100.017085162903641
35004004,2100,22101700,1061990.257038966054097,0,109,1,76900,887,150030005003,545815,330880,919,545592.401740014553070,4245.849217820833474,375.654287333043499,8284.126052219477060
35004006,2050,11888800,4110327.327948243822902,0,110,1,76904,887,150030005003,545815,330880,919,545592.401740014553070,4245.849217820833474,306.985832112831247,4383.297016838738273
35004007,2030,12194200,9260612.462405193597078,0,111,1,76909,887,150030005003,545815,330880,919,545592.401740014553070,4245.849217820833474,299.874213722276181,4006.443164778678693
35004008,2030,13574900,10404347.823218036442995,0,112,1,76913,887,150030005003,545815,330880,919,545592.401740014553070,4245.849217820833474,300.449067638803513,4155.257329288934670
35004009,2100,13513900,922034.334037154563703,0,113,1,76917,887,150030005003,545815,330880,919,545592.401740014553070,4245.849217820833474,331.369431507901027,6139.466429654636158
35004011,2050,15385300,6314771.979954306967556,0,114,1,76921,887,150030005003,545815,330880,919,545592.401740014553070,4245.849217820833474,303.682930783329539,5098.291051695260649
35005001,2075,12584500,2072624.372642750618979,0,115,1,77024,545,150030005004,594762,134511,931,594519.311304698465392,3185.684766241732632,254.568049468583098,3623.410854063631177
35058011,2075,8673900,1747218.183509006164968,0,116,1,79997,889,150030005005,957850,490297,815,957466.912331020226702,5829.032703397964724,234.037400509624973,2495.284579508818297
37001022,2075,4050300,798054.219676226493903,0,117,1,80233,662,150030003022,824965,546862,1447,824645.680677170050330,6481.267955300802896,170.937448782830984,1316.974135871516182
37001001,2075,5816600,1161675.255389126716182,0,118,1,80269,662,150030003022,824965,546862,1447,824645.680677170050330,6481.267955300802896,189.409827648665356,1813.637380513015614
37001008,2024,4931000,4799290.141999999992549,0,119,1,80275,662,150030003022,824965,546862,1447,824645.680677170050330,6481.267955300802896,153.969346024380059,1331.102386625701229
37001009,2024,2349300,2229894.911400000099093,0,120,1,80276,662,150030003022,824965,546862,1447,824645.680677170050330,6481.267955300802896,105.747721393322948,680.710737033605824
37001010,2024,2310400,2174961.017999999690801,0,121,1,80277,662,150030003022,824965,546862,1447,824645.680677170050330,6481.267955300802896,104.950189225249360,680.403803760680944
37001011,2075,2793600,540040.822972062393092,0,122,1,80278,662,150030003022,824965,546862,1447,824645.680677170050330,6481.267955300802896,104.058431333863069,672.460721960817750
37001012,2030,2856300,2253494.157016302924603,0,123,1,80279,662,150030003022,824965,546862,1447,824645.680677170050330,6481.267955300802896,98.586898005551078,595.631835501250407
37001014,2100,2891500,254583.972601076413412,0,124,1,80281,662,150030003022,824965,546862,1447,824645.680677170050330,6481.267955300802896,112.690579262406601,768.085219349124827
37001015,2100,2727800,246571.173823527875356,0,125,1,80282,662,150030003022,824965,546862,1447,824645.680677170050330,6481.267955300802896,120.242674991883121,882.465966958916511
37001016,2024,3404900,3305600.799999999813735,0,126,1,80283,662,150030003022,824965,546862,1447,824645.680677170050330,6481.267955300802896,124.569617769165916,925.190246399663010
37001025,2100,3095900,281818.994022547849454,0,127,1,80289,662,150030003022,824965,546862,1447,824645.680677170050330,6481.267955300802896,186.727374241735049,1897.047485267622505
36002003,2030,1121200,884812.646038355887868,0,128,1,80529,662,150030003022,824965,546862,1447,824645.680677170050330,6481.267955300802896,332.381907802832075,3109.712035915309116
36003005,2024,8642200,8571513.692200001329184,0,129,1,80565,662,150030003022,824965,546862,1447,824645.680677170050330,6481.267955300802896,315.283847081951819,5760.866867402851312
36003012,2100,4694600,441844.745832912798505,0,130,1,80571,662,150030003022,824965,546862,1447,824645.680677170050330,6481.267955300802896,329.078801392827017,3052.775901798170707
36003013,2030,3274500,2633471.047407871112227,0,131,1,80572,662,150030003022,824965,546862,1447,824645.680677170050330,6481.267955300802896,331.883330974399144,1949.030854688054887
36003014,2030,2913200,2243537.102677426300943,0,132,1,80573,662,150030003022,824965,546862,1447,824645.680677170050330,6481.267955300802896,145.452509098112017,1072.995774326246419
36003015,2050,2656900,1043964.912629986763932,0,133,1,80574,662,150030003022,824965,546862,1447,824645.680677170050330,6481.267955300802896,129.450802975313479,842.744212662846621
36003016,2030,2924000,2276887.790344758890569,0,134,1,80575,662,150030003022,824965,546862,1447,824645.680677170050330,6481.267955300802896,156.597280503955204,1268.395522611175238
36003042,2075,8051300,1720248.684410952031612,0,135,1,80591,662,150030003022,824965,546862,1447,824645.680677170050330,6481.267955300802896,413.628835463752466,5849.001395568517182
38001002,2024,2822300,2505719.697200000286102,0,136,0,82020,,,,,,,,133.934432047042947,1107.669880758009413
38001003,2100,3446800,339912.864010887744371,0,137,1,82021,897,150030002001,381393,666763,646,381249.611876976094209,6251.414651152307670,103.330249260256608,572.377835662282678
38001023,2024,3665900,3511350.467199999839067,0,138,1,82043,897,150030002001,381393,666763,646,381249.611876976094209,6251.414651152307670,111.998659557230155,679.977721634474960
38001024,2100,3864100,373337.104413738765288,0,139,1,82044,897,150030002001,381393,666763,646,381249.611876976094209,6251.414651152307670,120.168216345995802,893.716435095482439
38001047,2030,3045400,2402605.704908774700016,0,140,1,82067,897,150030002001,381393,666763,646,381249.611876976094209,6251.414651152307670,143.399643830114599,1110.385552312950495
38001066,2024,2786100,2545735.677000000141561,0,141,1,82080,897,150030002001,381393,666763,646,381249.611876976094209,6251.414651152307670,135.483979278298733,1058.711822319970452
39002001,2075,5655000,1208214.606171142309904,0,142,1,85332,218,150030001142,827073,705184,899,826777.792759276577272,10106.699023151893925,144.504426105271989,1238.535141982242976
39002002,2075,4229800,751823.613310509244911,0,143,1,85333,218,150030001142,827073,705184,899,826777.792759276577272,10106.699023151893925,141.040977312046039,1139.243199342848357
39002003,2075,5195200,929594.683545980020426,0,144,1,85334,218,150030001142,827073,705184,899,826777.792759276577272,10106.699023151893925,139.032376631675106,1058.646232778748981
39002005,2075,5838000,1008668.566334609291516,0,145,1,85336,218,150030001142,827073,705184,899,826777.792759276577272,10106.699023151893925,142.138324318047609,1110.626674493006021
39002006,2075,7291100,1325448.142971365014091,0,146,1,85337,218,150030001142,827073,705184,899,826777.792759276577272,10106.699023151893925,134.792361917141250,952.321733293647867
39002007,2100,6279000,497625.965918419416994,0,147,1,85338,218,150030001142,827073,705184,899,826777.792759276577272,10106.699023151893925,138.947652582113733,1077.602600543852759
39002008,2100,4069000,280091.495441330363974,0,148,1,85339,218,150030001142,827073,705184,899,826777.792759276577272,10106.699023151893925,132.939754292187445,1017.167888653015211
39002009,2100,5272000,421897.956192507466767,0,149,1,85340,218,150030001142,827073,705184,899,826777.792759276577272,10106.699023151893925,124.421226838971478,921.250867745463665
39002011,2100,6068800,553790.268211377551779,0,150,1,85342,218,150030001142,827073,705184,899,826777.792759276577272,10106.699023151893925,177.651731586563301,1626.562386089228767
39002032,2100,3756500,313524.474836740118917,0,151,1,85364,218,150030001142,827073,705184,899,826777.792759276577272,10106.699023151893925,149.271216229753975,1331.428046034863883
39003008,2100,6982400,695826.893375616637059,0,152,1,85374,218,150030001142,827073,705184,899,826777.792759276577272,10106.699023151893925,152.155412933494603,1345.778001988368260
41001012,2100,2876600,221717.637972440075828,0,153,1,90997,479,150039400041,6513977,4493292,2331,6204958.244676209054887,22573.417387350651552,141.114409783534768,1079.177399112296825
41001002,2075,3774900,836001.374270233442076,0,154,1,91001,479,150039400041,6513977,4493292,2331,6204958.244676209054887,22573.417387350651552,210.413993642966943,1846.685180875969536
41001003,2075,3575400,791819.469009984983131,0,155,1,91002,479,150039400041,6513977,4493292,2331,6204958.244676209054887,22573.417387350651552,203.766200022336363,1548.941574619264429
41001004,2075,4935600,1093053.692243016790599,0,156,1,91003,479,150039400041,6513977,4493292,2331,6204958.244676209054887,22573.417387350651552,200.175327501548907,1364.663868555840281
41001005,2075,3196300,660797.994146705837920,0,157,1,91004,479,150039400041,6513977,4493292,2331,6204958.244676209054887,22573.417387350651552,219.997989956962243,1542.411080041297055
41001006,2030,3615700,3028091.826891088858247,0,158,1,91005,479,150039400041,6513977,4493292,2331,6204958.244676209054887,22573.417387350651552,154.311908341245271,1134.199724793963696
41001008,2050,2884400,1337481.071823620935902,0,159,1,91007,479,150039400041,6513977,4493292,2331,6204958.244676209054887,22573.417387350651552,199.722699921644676,1912.183374360205107
41001009,2100,4220200,374131.076850651472341,0,160,1,91008,479,150039400041,6513977,4493292,2331,6204958.244676209054887,22573.417387350651552,206.398840574767291,1837.050573178544710
41001011,2075,2746900,606847.003940632799640,0,161,1,91009,479,150039400041,6513977,4493292,2331,6204958.244676209054887,22573.417387350651552,126.022811589620133,933.177733070512659
41002002,2050,6915200,3199423.471587310545146,0,162,1,91011,479,150039400041,6513977,4493292,2331,6204958.244676209054887,22573.417387350651552,165.518290817485052,1394.813157645913179
41002004,2075,2340500,518334.582764968916308,0,163,1,91013,479,150039400041,6513977,4493292,2331,6204958.244676209054887,22573.417387350651552,161.670543906260036,919.197687569995537
41002009,2075,4386600,971470.404083235538565,0,164,1,91015,479,150039400041,6513977,4493292,2331,6204958.244676209054887,22573.417387350651552,222.954807074220980,1793.453793903769792
41002016,2100,3670400,356507.429520645760931,0,165,1,91016,479,150039400041,6513977,4493292,2331,6204958.244676209054887,22573.417387350651552,221.236670996462550,1744.353991220373018
41002017,2100,3574200,336193.923062864807434,0,166,1,91017,479,150039400041,6513977,4493292,2331,6204958.244676209054887,22573.417387350651552,222.430009091050152,1869.299604574820250
41002018,2050,3326400,1542434.141351439757273,0,167,1,91018,479,150039400041,6513977,4493292,2331,6204958.244676209054887,22573.417387350651552,209.447674591977233,1397.172697728079356
41002020,2050,2251400,1043962.309355047880672,0,168,1,91020,479,150039400041,6513977,4493292,2331,6204958.244676209054887,22573.417387350651552,190.313241696083992,809.677466291322162
41016083,2100,1730800,183070.264468683802988,0,169,1,92834,395,150039400031,1265005,213052,2509,1264560.555920598097146,8129.525402541029507,125.158505771753866,928.105729073077896
41016085,2100,1593900,168590.070797686115839,0,170,1,92840,395,150039400031,1265005,213052,2509,1264560.555920598097146,8129.525402541029507,160.857150776589123,1323.272991649600272
41017014,2100,1038100,109801.965302138123661,0,171,1,93644,479,150039400041,6513977,4493292,2331,6204958.244676209054887,22573.417387350651552,167.780407012472068,904.464957593185545
43004075,2075,2737300,606211.174280089559034,0,172,1,100067,669,150030112021,351555,0,671,351427.133320813125465,4243.587728884976059,124.940614066475007,905.465279913411791
43004099,2030,4047700,3384407.012446001172066,0,173,1,100081,669,150030112021,351555,0,671,351427.133320813125465,4243.587728884976059,216.724057043345937,947.248905020235156
43004100,2100,2987500,315968.879080414597411,0,174,1,100082,669,150030112021,351555,0,671,351427.133320813125465,4243.587728884976059,136.112160813730725,928.591369132762566
43005057,2030,9267100,7761050.355113092809916,0,175,1,100144,669,150030112021,351555,0,671,351427.133320813125465,4243.587728884976059,192.915520085822862,1942.662591394458786
43005060,2050,4690600,1824669.175064255250618,0,176,1,100146,669,150030112021,351555,0,671,351427.133320813125465,4243.587728884976059,190.257677833083903,1218.021316615880551
43005062,2024,5357700,5080161.663599999621511,0,177,1,100148,669,150030112021,351555,0,671,351427.133320813125465,4243.587728884976059,190.499720786770752,1219.180921162869254
43005063,2030,5297900,4165105.698851785156876,0,178,1,100149,669,150030112021,351555,0,671,351427.133320813125465,4243.587728884976059,190.276633877230978,1217.447128896967570
43007032,2075,6895100,1527010.801804203074425,0,179,1,100303,669,150030112021,351555,0,671,351427.133320813125465,4243.587728884976059,139.362267123673433,1044.289338692857655
43008036,2024,6233700,5559436.222799999639392,0,180,1,100382,669,150030112021,351555,0,671,351427.133320813125465,4243.587728884976059,90.739866171815621,486.806826417779746
43008037,2030,3469200,2571562.699243486393243,0,181,1,100383,669,150030112021,351555,0,671,351427.133320813125465,4243.587728884976059,87.399939000881474,468.224274642165256
43008038,2024,3784400,3524745.529399999883026,0,182,1,100384,669,150030112021,351555,0,671,351427.133320813125465,4243.587728884976059,107.826755094049673,661.430661306101797
43008040,2030,5867100,4711982.626184206455946,0,183,1,100386,669,150030112021,351555,0,671,351427.133320813125465,4243.587728884976059,130.017137217556837,960.711098247604923
43008041,2030,8719900,7042237.856284525245428,0,184,1,100387,669,150030112021,351555,0,671,351427.133320813125465,4243.587728884976059,149.312132983453012,1346.319373761805764
43008042,2075,3819100,590195.792374863405712,0,185,1,100388,669,150030112021,351555,0,671,351427.133320813125465,4243.587728884976059,119.756923600381867,680.184165992470980
43008043,2030,4203200,3501731.903664949350059,0,186,1,100389,669,150030112021,351555,0,671,351427.133320813125465,4243.587728884976059,135.763628712042220,1029.033726263240851
43008044,2050,5705000,2448753.920261637773365,0,187,1,100390,669,150030112021,351555,0,671,351427.133320813125465,4243.587728884976059,136.687516984138711,1039.591080392730873
43008045,2030,4301000,3602019.787996396888047,0,188,1,100391,669,150030112021,351555,0,671,351427.133320813125465,4243.587728884976059,137.146938483277438,1044.913879608401203
43008046,2024,4681700,4681700.000000000000000,0,189,1,100392,669,150030112021,351555,0,671,351427.133320813125465,4243.587728884976059,137.143897123719427,1044.849865583139945
43008047,2024,4703400,4682780.926400000229478,0,190,1,100393,669,150030112021,351555,0,671,351427.133320813125465,4243.587728884976059,137.558524661043521,1054.947132780675247
43008048,2030,5307900,4442144.647867335937917,0,191,1,100394,669,150030112021,351555,0,671,351427.133320813125465,4243.587728884976059,137.037421740816285,1043.662455673468003
43008050,2024,4509100,4307387.997200000099838,0,192,1,100396,669,150030112021,351555,0,671,351427.133320813125465,4243.587728884976059,137.037490534354390,1043.667350958716270
43008051,2050,6874800,3156386.147780604194850,0,193,1,100397,669,150030112021,351555,0,671,351427.133320813125465,4243.587728884976059,134.672391367941032,976.313781856279775
43001004,2050,3248500,1415231.315517673734576,0,194,1,101839,555,150030112022,981758,3484273,1005,891035.167381031555124,5190.647997574450528,152.877659945429201,958.649463005777193
43001014,2030,5084700,4049241.597252412233502,0,195,1,101848,555,150030112022,981758,3484273,1005,891035.167381031555124,5190.647997574450528,126.300838697205037,890.660552420548697
43001018,2100,8940200,942567.199066114961170,0,196,1,101851,555,150030112022,981758,3484273,1005,891035.167381031555124,5190.647997574450528,233.179796307041272,2064.415947109664103
43003061,2075,3987400,807463.792317587067373,0,197,1,101960,669,150030112021,351555,0,671,351427.133320813125465,4243.587728884976059,251.660808642671498,1074.766197337637777
43003063,2030,4454700,3404807.561291985679418,0,198,1,101961,555,150030112022,981758,3484273,1005,891035.167381031555124,5190.647997574450528,299.645330600879447,3810.962079441120295
43003064,2030,11101900,9228048.757018897682428,0,199,1,101962,555,150030112022,981758,3484273,1005,891035.167381031555124,5190.647997574450528,202.815676562872085,1794.338114227912911
43003065,2050,10779600,4462100.714967477135360,0,200,1,101963,555,150030112022,981758,3484273,1005,891035.167381031555124,5190.647997574450528,216.030426667017082,1945.660168700734403
43003067,2075,5827000,943817.086888020392507,0,201,1,101964,555,150030112022,981758,3484273,1005,891035.167381031555124,5190.647997574450528,187.327317125230024,1315.876694481678896
43003069,2030,5785500,4428493.150066625326872,0,202,1,101966,555,150030112022,981758,3484273,1005,891035.167381031555124,5190.647997574450528,200.038620775307578,1799.592451292663554
43003070,2050,6860900,2709270.849526528269053,0,203,1,101967,555,150030112022,981758,3484273,1005,891035.167381031555124,5190.647997574450528,198.998837454305658,1746.777224157643332
43003074,2100,6740600,400080.134082398435567,0,204,1,101970,555,150030112022,981758,3484273,1005,891035.167381031555124,5190.647997574450528,265.284932768826422,2454.051546451088143
43003076,2075,6204000,876817.769603867898695,0,205,1,101971,669,150030112021,351555,0,671,351427.133320813125465,4243.587728884976059,269.849559975714044,2551.636886701842741
43003091,2030,7018000,5782509.777646332047880,0,206,1,101982,555,150030112022,981758,3484273,1005,891035.167381031555124,5190.647997574450528,201.726839101642128,1859.010400835362589
43003105,2100,3764600,129993.158463042593212,0,207,1,101995,555,150030112022,981758,3484273,1005,891035.167381031555124,5190.647997574450528,201.887065488757997,1090.086589616667879
49007030,2050,2052800,925307.152371390140615,0,208,0,118087,,,,,,,,136.815506501466416,894.110677375942601
49007004,2075,1657300,304386.586139415914658,0,209,1,118466,630,150030103033,22910179,4292073,904,23153452.807999588549137,27206.552896275254170,149.393581097092095,1405.165045067442634
53010016,2030,1077600,795871.473856270662509,0,210,1,118530,80,150030102041,12733285,758224,886,12727031.660540262237191,21820.372955689890659,112.634128646222067,797.298190736406468
53010017,2030,1241700,921420.623199043096974,0,211,1,118534,80,150030102041,12733285,758224,886,12727031.660540262237191,21820.372955689890659,103.445646766522714,649.208016990267538
53010018,2024,1275300,1109556.536499999929219,0,212,1,118538,80,150030102041,12733285,758224,886,12727031.660540262237191,21820.372955689890659,112.679845164965684,639.803443758810999
53010019,2024,1207600,906988.091999999945983,0,213,1,118542,80,150030102041,12733285,758224,886,12727031.660540262237191,21820.372955689890659,90.985090431944570,426.711361803807335
53010020,2024,1069400,849903.918300000019372,0,214,1,118546,80,150030102041,12733285,758224,886,12727031.660540262237191,21820.372955689890659,102.073977216166980,622.848494881466308
49009003,2050,959500,336668.619282183761243,0,215,1,118548,630,150030103033,22910179,4292073,904,23153452.807999588549137,27206.552896275254170,91.086017731180277,479.258846212307333
53010022,2024,1159400,1035024.254199999966659,0,216,1,118550,80,150030102041,12733285,758224,886,12727031.660540262237191,21820.372955689890659,104.897306372554269,420.663244153591677
53010028,2030,1116900,872813.743107849149965,0,217,1,118553,80,150030102041,12733285,758224,886,12727031.660540262237191,21820.372955689890659,115.058804582407703,833.730436865277625
49009005,2024,1697600,1598921.193200000096112,0,218,1,118555,630,150030103033,22910179,4292073,904,23153452.807999588549137,27206.552896275254170,115.130685230867243,789.923401886848069
53013009,2075,1269500,280181.106879418541212,0,219,1,118978,80,150030102041,12733285,758224,886,12727031.660540262237191,21820.372955689890659,95.079651432590069,491.717102328799797
53013010,2100,570200,57170.568436770379776,0,220,1,118981,80,150030102041,12733285,758224,886,12727031.660540262237191,21820.372955689890659,83.421149193568709,271.828617307409843
53013011,2100,530800,54099.838245098369953,0,221,1,118984,80,150030102041,12733285,758224,886,12727031.660540262237191,21820.372955689890659,83.578385584931056,255.980181450543398
51002004,2024,1389600,1389600.000000000000000,0,222,1,118998,955,150030102051,30971746,1977581,1693,31060935.663778513669968,27015.737265564737754,115.083086313922649,814.654952963844380
51002005,2030,1218900,1017310.105203166720457,0,223,1,119001,955,150030102051,30971746,1977581,1693,31060935.663778513669968,27015.737265564737754,127.995404967611464,1039.552308657288222
51001020,2075,839200,185851.904232583619887,0,224,1,119022,955,150030102051,30971746,1977581,1693,31060935.663778513669968,27015.737265564737754,83.890330614392255,443.256046030093216
51001021,2075,1073400,237718.581986719800625,0,225,1,119024,955,150030102051,30971746,1977581,1693,31060935.663778513669968,27015.737265564737754,100.774161355824972,532.315272148251438
51002002,2024,1107500,1107500.000000000000000,0,226,1,119043,955,150030102051,30971746,1977581,1693,31060935.663778513669968,27015.737265564737754,123.867758955534640,809.582047387100147
51002003,2030,982600,822912.030617358628660,0,227,1,119046,955,150030102051,30971746,1977581,1693,31060935.663778513669968,27015.737265564737754,104.952063583726755,681.771324663253154
53013022,2024,962100,821637.316800000029616,0,228,1,119047,80,150030102041,12733285,758224,886,12727031.660540262237191,21820.372955689890659,94.070141724011435,464.223220467669478
53013023,2030,1003400,721496.967347507248633,0,229,1,119050,80,150030102041,12733285,758224,886,12727031.660540262237191,21820.372955689890659,103.216233149287163,554.209809360603458
53001007,2100,1371800,104743.047899659664836,0,230,1,119051,351,150030102031,21505355,3849233,1381,21495018.944871049374342,23713.037811570338818,265.740908409751455,3120.358658218524397
53013024,2030,1526700,1157953.416294459020719,0,231,1,119053,80,150030102041,12733285,758224,886,12727031.660540262237191,21820.372955689890659,110.063559260633355,591.670090305065173
53001009,2050,1657300,714047.912080166162923,0,232,1,119056,351,150030102031,21505355,3849233,1381,21495018.944871049374342,23713.037811570338818,276.251580895776840,3542.267971989787839
53013026,2050,1297400,452070.339508680219296,0,233,1,119060,80,150030102041,12733285,758224,886,12727031.660540262237191,21820.372955689890659,118.187734791593158,651.754663254882303
53001011,2075,1455700,281644.238175964739639,0,234,1,119065,351,150030102031,21505355,3849233,1381,21495018.944871049374342,23713.037811570338818,282.699296165388887,3399.550412839251294
53013028,2024,1170200,996130.870400000014342,0,235,1,119066,80,150030102041,12733285,758224,886,12727031.660540262237191,21820.372955689890659,115.459424291515234,639.513509893697801
53013029,2030,1170400,796281.145695118932053,0,236,1,119069,80,150030102041,12733285,758224,886,12727031.660540262237191,21820.372955689890659,110.764537905107744,609.827844610984812
53001013,2050,1735900,796586.560770294629037,0,237,1,119071,351,150030102031,21505355,3849233,1381,21495018.944871049374342,23713.037811570338818,280.755754288688934,3351.005044606977208
53013030,2030,1582000,1161162.804870771476999,0,238,1,119072,80,150030102041,12733285,758224,886,12727031.660540262237191,21820.372955689890659,102.163895652883227,545.222861506081927
51002017,2100,767900,81222.357340826376458,0,239,1,119073,955,150030102051,30971746,1977581,1693,31060935.663778513669968,27015.737265564737754,100.166426463693369,586.048904571432331
53001015,2050,1408300,600423.017327123438008,0,240,1,119075,351,150030102031,21505355,3849233,1381,21495018.944871049374342,23713.037811570338818,277.827251546609034,3305.933702284797164
53001016,2075,1642700,311567.801535849692300,0,241,1,119076,351,150030102031,21505355,3849233,1381,21495018.944871049374342,23713.037811570338818,273.627868464962660,3254.918645813262174
53001004,2050,1613000,670001.686478879884817,0,242,1,119080,351,150030102031,21505355,3849233,1381,21495018.944871049374342,23713.037811570338818,243.041253021699163,2759.970533072292255
53001005,2075,1301400,223110.963810268818634,0,243,1,119081,351,150030102031,21505355,3849233,1381,21495018.944871049374342,23713.037811570338818,251.473734020767154,2911.450145671322844
53001006,2030,2256200,1834144.214927867520601,0,244,1,119082,351,150030102031,21505355,3849233,1381,21495018.944871049374342,23713.037811570338818,262.058139957079845,3089.281962952139565
53001017,2075,1701500,321129.525807230558712,0,245,1,119083,351,150030102031,21505355,3849233,1381,21495018.944871049374342,23713.037811570338818,267.270984066164260,3164.748303573362136
53001018,2075,1884400,356422.806673091370612,0,246,1,119084,351,150030102031,21505355,3849233,1381,21495018.944871049374342,23713.037811570338818,260.463427580324378,3008.741883691760904
53001019,2075,1687400,308689.734558183990885,0,247,1,119085,351,150030102031,21505355,3849233,1381,21495018.944871049374342,23713.037811570338818,257.768520294768734,2953.409423777892698
53001020,2050,1692300,715632.260561689734459,0,248,1,119086,351,150030102031,21505355,3849233,1381,21495018.944871049374342,23713.037811570338818,262.160130577206644,3066.383188914603579
53001021,2075,1702100,306471.992796653648838,0,249,1,119087,351,150030102031,21505355,3849233,1381,21495018.944871049374342,23713.037811570338818,266.641897266686783,3125.785568581473854
53001022,2030,1433600,1123324.762490771943703,0,250,1,119088,351,150030102031,21505355,3849233,1381,21495018.944871049374342,23713.037811570338818,270.698313655442178,3207.150804704373968
53001023,2050,1716500,713184.503084672731347,0,251,1,119089,351,150030102031,21505355,3849233,1381,21495018.944871049374342,23713.037811570338818,274.831242493267212,3394.551701558086279
53001024,2050,1654800,702893.622641075286083,0,252,1,119090,351,150030102031,21505355,3849233,1381,21495018.944871049374342,23713.037811570338818,273.532815985430886,3328.336152283091906
53001025,2050,1521900,652787.075226984336041,0,253,1,119091,351,150030102031,21505355,3849233,1381,21495018.944871049374342,23713.037811570338818,270.345525708914181,3176.072195774147076
53001026,2030,1600000,1292141.258707865839824,0,254,1,119092,351,150030102031,21505355,3849233,1381,21495018.944871049374342,23713.037811570338818,268.057484074610613,3142.217805483911434
53001029,2050,1504900,633842.133728388929740,0,255,1,119095,351,150030102031,21505355,3849233,1381,21495018.944871049374342,23713.037811570338818,209.838262230062895,2253.291294683714113
53001030,2030,1267300,984876.260041964240372,0,256,1,119096,351,150030102031,21505355,3849233,1381,21495018.944871049374342,23713.037811570338818,180.151232722238205,1764.787825956014558
53001031,2050,1564400,617834.051381232566200,0,257,1,119097,351,150030102031,21505355,3849233,1381,21495018.944871049374342,23713.037811570338818,155.376972153485127,1426.332498718452598
53001032,2030,1328900,976067.131136491196230,0,258,1,119098,351,150030102031,21505355,3849233,1381,21495018.944871049374342,23713.037811570338818,138.864787719905024,1171.411200924384502
53001033,2024,1819400,1617714.146199999842793,0,259,1,119099,351,150030102031,21505355,3849233,1381,21495018.944871049374342,23713.037811570338818,125.850909631596579,984.828128169854040
53001034,2050,1191200,350857.512866478937212,0,260,1,119100,351,150030102031,21505355,3849233,1381,21495018.944871049374342,23713.037811570338818,117.881872109913544,864.507502604489559
53001035,2030,1486000,1095046.139353280421346,0,261,1,119101,351,150030102031,21505355,3849233,1381,21495018.944871049374342,23713.037811570338818,110.287018638911732,746.422218205229001
53001036,2030,1052900,808561.404225356411189,0,262,1,119103,351,150030102031,21505355,3849233,1381,21495018.944871049374342,23713.037811570338818,367.893856350403382,1715.859562733433904
53002011,2100,1128600,119374.335844324334175,0,263,1,119117,351,150030102031,21505355,3849233,1381,21495018.944871049374342,23713.037811570338818,90.877271741327363,468.033894742134180
53002012,2100,1052900,111367.391644948686007,0,264,1,119118,351,150030102031,21505355,3849233,1381,21495018.944871049374342,23713.037811570338818,94.434058323604177,521.189311576348928
53002033,2075,856500,58709.191431482431653,0,265,1,119133,351,150030102031,21505355,3849233,1381,21495018.944871049374342,23713.037811570338818,106.754991906478608,707.160975991626060
53002034,2030,1814000,1408445.920407938305289,0,266,1,119134,351,150030102031,21505355,3849233,1381,21495018.944871049374342,23713.037811570338818,158.832685694247232,1370.507113705032680
53002035,2030,1198700,893345.283955151215196,0,267,1,119135,351,150030102031,21505355,3849233,1381,21495018.944871049374342,23713.037811570338818,163.653951240085689,1245.602880927724073
53002037,2050,1627800,631308.129403023980558,0,268,1,119137,351,150030102031,21505355,3849233,1381,21495018.944871049374342,23713.037811570338818,189.909270047661806,1891.375525652188799
53002041,2024,1335200,1172111.373000000137836,0,269,1,119140,351,150030102031,21505355,3849233,1381,21495018.944871049374342,23713.037811570338818,166.032257881168590,1644.193017006561604
53002043,2100,743000,78588.633291097794427,0,270,1,119141,351,150030102031,21505355,3849233,1381,21495018.944871049374342,23713.037811570338818,91.262601775529490,467.565433807679540
53002046,2050,1555000,585809.798738006036729,0,271,1,119142,351,150030102031,21505355,3849233,1381,21495018.944871049374342,23713.037811570338818,210.429214033191187,2419.450227511590128
53002049,2075,1126800,246992.427017853420693,0,272,1,119144,351,150030102031,21505355,3849233,1381,21495018.944871049374342,23713.037811570338818,119.065824652846075,732.433925026730890
53002051,2030,1112400,826811.022741517168470,0,273,1,119145,351,150030102031,21505355,3849233,1381,21495018.944871049374342,23713.037811570338818,173.364876699228262,1304.072292173768801
53006018,2024,1001300,874726.745100000058301,0,274,1,119155,351,150030102031,21505355,3849233,1381,21495018.944871049374342,23713.037811570338818,96.685065623195158,573.895063748877078
53006019,2030,1233900,955256.747393473284319,0,275,1,119265,351,150030102031,21505355,3849233,1381,21495018.944871049374342,23713.037811570338818,86.360310962247183,432.455103743893517
53006020,2024,1135000,1045794.375400000018999,0,276,1,119266,351,150030102031,21505355,3849233,1381,21495018.944871049374342,23713.037811570338818,96.358534213134902,519.533225328851472
53006021,2075,1117600,154797.016171875875443,0,277,1,119267,351,150030102031,21505355,3849233,1381,21495018.944871049374342,23713.037811570338818,114.881002929987261,795.045803931641217
53006024,2024,1089100,1045465.579800000065006,0,278,1,119268,351,150030102031,21505355,3849233,1381,21495018.944871049374342,23713.037811570338818,93.966734928720626,445.068150882467080
53006026,2050,1321300,532410.765396302682348,0,279,1,119269,351,150030102031,21505355,3849233,1381,21495018.944871049374342,23713.037811570338818,128.701168537166097,1035.622452754929782
53006027,2100,1885200,149955.009207795752445,0,280,1,119270,351,150030102031,21505355,3849233,1381,21495018.944871049374342,23713.037811570338818,338.086061952137527,5828.166063384575864
53006040,2050,720900,279757.198306347476318,0,281,1,119282,351,150030102031,21505355,3849233,1381,21495018.944871049374342,23713.037811570338818,154.108928654478319,1066.556683429693294
53006041,2100,1118900,71661.459639071341371,0,282,1,119283,351,150030102031,21505355,3849233,1381,21495018.944871049374342,23713.037811570338818,154.094779514973538,1244.908038381248844
53006042,2100,1071700,65281.987709456487210,0,283,1,119284,351,150030102031,21505355,3849233,1381,21495018.944871049374342,23713.037811570338818,143.616800088405256,1100.467591994919530
53006043,2050,1045500,397046.572007689159364,0,284,1,119285,351,150030102031,21505355,3849233,1381,21495018.944871049374342,23713.037811570338818,109.188797355229326,561.875535842894806
53006044,2050,1285400,495953.654313985956833,0,285,1,119286,351,150030102031,21505355,3849233,1381,21495018.944871049374342,23713.037811570338818,118.990197773188086,808.451480506990720
53006073,2030,1406500,1105137.250215866835788,0,286,1,119308,351,150030102031,21505355,3849233,1381,21495018.944871049374342,23713.037811570338818,87.178296021133221,424.663986464488687
53008003,2024,1166900,1131153.984500000020489,0,287,1,119335,351,150030102031,21505355,3849233,1381,21495018.944871049374342,23713.037811570338818,99.107755321866449,633.994705678984587
53008011,2075,1488400,300909.573352985607926,0,288,1,119339,351,150030102031,21505355,3849233,1381,21495018.944871049374342,23713.037811570338818,153.043173992770420,1401.401420006083981
53008012,2075,1380900,260401.689345648424933,0,289,1,119340,351,150030102031,21505355,3849233,1381,21495018.944871049374342,23713.037811570338818,125.941323691740365,712.364180198324334
53008013,2024,1051600,1003160.989900000044145,0,290,1,119341,351,150030102031,21505355,3849233,1381,21495018.944871049374342,23713.037811570338818,109.615600511736758,485.572746679318527
53008014,2024,1193800,1078557.976199999917299,0,291,1,119342,351,150030102031,21505355,3849233,1381,21495018.944871049374342,23713.037811570338818,121.445260175489281,844.017660270662077
53008017,2050,1640800,760830.308781097293831,0,292,1,119345,351,150030102031,21505355,3849233,1381,21495018.944871049374342,23713.037811570338818,149.725901648111545,1355.510496748994683
53008018,2050,1593100,669580.284559249994345,0,293,1,119346,351,150030102031,21505355,3849233,1381,21495018.944871049374342,23713.037811570338818,134.311217850626150,767.572911721656169
53008019,2024,1206800,1129605.983000000007451,0,294,1,119347,351,150030102031,21505355,3849233,1381,21495018.944871049374342,23713.037811570338818,93.414350686705021,517.916267693006034
53008020,2030,1202600,909517.927445001201704,0,295,1,119348,351,150030102031,21505355,3849233,1381,21495018.944871049374342,23713.037811570338818,121.019412235721234,870.805437141615357
53009031,2024,1417100,1417100.000000000000000,0,296,1,119370,351,150030102031,21505355,3849233,1381,21495018.944871049374342,23713.037811570338818,110.727459771301795,736.806740638475389
53009032,2030,1418200,1187720.172828758368269,0,297,1,119371,351,150030102031,21505355,3849233,1381,21495018.944871049374342,23713.037811570338818,121.838162943383367,799.177242947269633
53009033,2024,1171700,1171700.000000000000000,0,298,0,119372,,,,,,,,121.849238498146391,585.484298308663256
53009034,2030,946800,791239.947568790521473,0,299,1,119373,351,150030102031,21505355,3849233,1381,21495018.944871049374342,23713.037811570338818,96.826028608637415,510.213915315602208
53009035,2030,937600,785225.239066594280303,0,300,1,119374,351,150030102031,21505355,3849233,1381,21495018.944871049374342,23713.037811570338818,85.854306848354469,448.162594418234278
53009036,2024,1095700,1006874.851499999989755,0,301,0,119375,,,,,,,,116.099744190742385,560.193269000835244
53009037,2024,1352800,1067535.260000000009313,0,302,1,119376,351,150030102031,21505355,3849233,1381,21495018.944871049374342,23713.037811570338818,121.891289263919901,721.479113448867679
53009041,2100,1113500,117386.777120462895255,0,303,1,119380,351,150030102031,21505355,3849233,1381,21495018.944871049374342,23713.037811570338818,108.091098007538321,727.062899493767418
53009042,2050,1229800,518867.546641983906738,0,304,1,119381,351,150030102031,21505355,3849233,1381,21495018.944871049374342,23713.037811570338818,103.450030319634052,659.912174730547122
53009043,2024,1055000,911082.913399999961257,0,305,1,119382,351,150030102031,21505355,3849233,1381,21495018.944871049374342,23713.037811570338818,89.954303597382875,482.695084608011371
53013031,2030,1600900,1176942.241881001740694,0,306,1,119386,80,150030102041,12733285,758224,886,12727031.660540262237191,21820.372955689890659,92.947824032253195,459.931180889337156
53013032,2030,1469800,1056623.939979464514181,0,307,1,119388,80,150030102041,12733285,758224,886,12727031.660540262237191,21820.372955689890659,85.145578638746471,420.288810145159459
53013033,2024,1073700,871820.886200000066310,0,308,1,119390,80,150030102041,12733285,758224,886,12727031.660540262237191,21820.372955689890659,75.677353950901434,331.014608004017930
53013034,2024,647600,458025.590499999991152,0,309,1,119392,80,150030102041,12733285,758224,886,12727031.660540262237191,21820.372955689890659,63.835857094989805,229.126851778074808
53013035,2024,723500,476880.847000000008848,0,310,1,119394,80,150030102041,12733285,758224,886,12727031.660540262237191,21820.372955689890659,72.069353800237053,290.397841349083194
53013038,2100,942800,98957.618881556147244,0,311,1,119400,80,150030102041,12733285,758224,886,12727031.660540262237191,21820.372955689890659,96.908610437046747,517.201347266748712
53014003,2100,907000,72876.209643998459796,0,312,1,119406,80,150030102041,12733285,758224,886,12727031.660540262237191,21820.372955689890659,170.837503697465422,1622.316244124330296
53014004,2100,975700,93276.165565759743913,0,313,1,119408,80,150030102041,12733285,758224,886,12727031.660540262237191,21820.372955689890659,92.369978146583321,472.804353051679072
53014012,2075,906300,200712.083896556869149,0,314,1,119424,80,150030102041,12733285,758224,886,12727031.660540262237191,21820.372955689890659,88.365894704724553,486.395959002027155
51002061,2100,897700,94453.354963715959457,0,315,1,119471,955,150030102051,30971746,1977581,1693,31060935.663778513669968,27015.737265564737754,101.387777679584985,616.781283202190821
51003031,2075,1017600,225360.936304905946599,0,316,1,119498,955,150030102051,30971746,1977581,1693,31060935.663778513669968,27015.737265564737754,110.870786919584845,759.725435426427339
51003051,2100,1129800,119501.262304552205023,0,317,1,119518,955,150030102051,30971746,1977581,1693,31060935.663778513669968,27015.737265564737754,85.232999340880056,472.023028888293425
51005016,2100,911800,96442.955363153392682,0,318,1,119534,955,150030102051,30971746,1977581,1693,31060935.663778513669968,27015.737265564737754,88.593975787446510,504.985708447837965
51006001,2075,2307400,511004.151365900179371,0,319,1,119548,955,150030102051,30971746,1977581,1693,31060935.663778513669968,27015.737265564737754,153.412692839588942,1336.675618260516785
51006003,2100,1156300,100128.671490932407323,0,320,1,119550,955,150030102051,30971746,1977581,1693,31060935.663778513669968,27015.737265564737754,100.073986922364654,586.110671985899103
51006004,2075,1087200,240774.773929533956107,0,321,1,119551,955,150030102051,30971746,1977581,1693,31060935.663778513669968,27015.737265564737754,99.843291427519901,579.203603513040321
51006005,2100,869000,72671.714298815350048,0,322,1,119552,955,150030102051,30971746,1977581,1693,31060935.663778513669968,27015.737265564737754,99.783400860116515,575.296463051044384
51006006,2100,1120300,103258.798939914195216,0,323,1,119553,955,150030102051,30971746,1977581,1693,31060935.663778513669968,27015.737265564737754,92.105454926535714,450.601011984064826
51006008,2100,1054200,99945.328292265417986,0,324,1,119555,955,150030102051,30971746,1977581,1693,31060935.663778513669968,27015.737265564737754,118.940347871422901,881.912356772759154
51006009,2075,1245300,275788.103361339832190,0,325,1,119556,955,150030102051,30971746,1977581,1693,31060935.663778513669968,27015.737265564737754,119.992234881810688,891.893675564874343
51006010,2050,909900,421915.832496294751763,0,326,1,119557,955,150030102051,30971746,1977581,1693,31060935.663778513669968,27015.737265564737754,93.603171072180857,541.005069876140624
51006012,2075,1834600,391407.813178261916619,0,327,1,119559,955,150030102051,30971746,1977581,1693,31060935.663778513669968,27015.737265564737754,146.049072348481218,1250.771893910157587
51006014,2100,1144000,93697.388952388486359,0,328,1,119561,955,150030102051,30971746,1977581,1693,31060935.663778513669968,27015.737265564737754,147.308122975043261,1270.727769330139381
51010015,2075,1554800,342751.077739687403664,0,329,1,119631,955,150030102051,30971746,1977581,1693,31060935.663778513669968,27015.737265564737754,158.602418234479927,1417.991316900715674
51010016,2075,1533100,339525.207791913649999,0,330,1,119632,955,150030102051,30971746,1977581,1693,31060935.663778513669968,27015.737265564737754,146.756445633821329,1266.610445835321798
51010019,2075,1321800,292730.036957374890335,0,331,1,119635,955,150030102051,30971746,1977581,1693,31060935.663778513669968,27015.737265564737754,102.586819264606305,670.751216402468231
51010021,2100,1293300,120836.675900843401905,0,332,1,119637,955,150030102051,30971746,1977581,1693,31060935.663778513669968,27015.737265564737754,157.277487010672246,1406.907024548494746
51010022,2075,1315000,291224.087304393993691,0,333,1,119638,955,150030102051,30971746,1977581,1693,31060935.663778513669968,27015.737265564737754,156.860395983559954,1395.369724881592902
51010023,2075,1021400,226202.496405101177515,0,334,1,119639,955,150030102051,30971746,1977581,1693,31060935.663778513669968,27015.737265564737754,155.909502205868819,1368.069232879963920
51010045,2100,1029700,86910.414873046960565,0,335,1,119663,955,150030102051,30971746,1977581,1693,31060935.663778513669968,27015.737265564737754,112.119792146152037,758.826185304615251
51011033,2100,1208200,96026.090525396837620,0,336,1,119694,955,150030102051,30971746,1977581,1693,31060935.663778513669968,27015.737265564737754,140.744514157584831,1133.738413836461405
51011035,2075,944200,209105.538580082735280,0,337,1,119696,955,150030102051,30971746,1977581,1693,31060935.663778513669968,27015.737265564737754,92.482051087736920,551.368417396158975
51011059,2100,1093700,86119.334994967983221,0,338,1,119718,955,150030102051,30971746,1977581,1693,31060935.663778513669968,27015.737265564737754,99.068329538109907,628.956856390311373
51012002,2024,961100,861305.729599999962375,0,339,1,119726,955,150030102051,30971746,1977581,1693,31060935.663778513669968,27015.737265564737754,127.034427952475951,850.223063274221659
51012003,2030,955600,753164.847648830036633,0,340,1,119727,955,150030102051,30971746,1977581,1693,31060935.663778513669968,27015.737265564737754,119.277892701761289,864.825418592834239
51012004,2030,1120100,889910.842589458101429,0,341,1,119728,955,150030102051,30971746,1977581,1693,31060935.663778513669968,27015.737265564737754,141.068332459314092,1179.821332284056325
51012005,2030,1050200,804803.760935324011371,0,342,1,119729,955,150030102051,30971746,1977581,1693,31060935.663778513669968,27015.737265564737754,157.343932801990462,1412.571695829040436
51012006,2050,1195000,470087.326308525924105,0,343,1,119730,955,150030102051,30971746,1977581,1693,31060935.663778513669968,27015.737265564737754,169.916548486036163,1575.997921132442116
51012007,2075,1630600,297684.902894110477064,0,344,1,119731,955,150030102051,30971746,1977581,1693,31060935.663778513669968,27015.737265564737754,178.714529072217232,1688.445912165234404
51012008,2030,1372100,1140706.670519702136517,0,345,1,119732,955,150030102051,30971746,1977581,1693,31060935.663778513669968,27015.737265564737754,183.447517433779865,1756.053277916937077
51012013,2100,995000,105243.189938953306410,0,346,1,119735,955,150030102051,30971746,1977581,1693,31060935.663778513669968,27015.737265564737754,127.801617253068343,768.528656962204650
51012016,2030,1054300,870118.034628951805644,0,347,1,119736,955,150030102051,30971746,1977581,1693,31060935.663778513669968,27015.737265564737754,202.960858418703964,858.656106705978459
51012017,2075,1818200,402664.361624980345368,0,348,1,119737,955,150030102051,30971746,1977581,1693,31060935.663778513669968,27015.737265564737754,224.222643412626837,1329.435780620246533
51013001,2100,2221300,222532.535664244001964,0,349,1,119738,955,150030102051,30971746,1977581,1693,31060935.663778513669968,27015.737265564737754,359.147095761776427,5829.688667208445622
53014049,2100,1281900,127061.316513908866909,0,350,1,119761,80,150030102041,12733285,758224,886,12727031.660540262237191,21820.372955689890659,117.133292310038144,868.527783274758917
53014050,2100,783500,76869.988200683394098,0,351,1,119762,80,150030102041,12733285,758224,886,12727031.660540262237191,21820.372955689890659,109.172927161058738,645.653458427863029
53014051,2100,1049700,104657.940503183766850,0,352,1,119763,80,150030102041,12733285,758224,886,12727031.660540262237191,21820.372955689890659,121.062879645057663,793.115424513296489
53014052,2100,1216100,121544.337773632083554,0,353,1,119764,80,150030102041,12733285,758224,886,12727031.660540262237191,21820.372955689890659,134.587126021987302,828.567914077767909
53016010,2100,1039700,109971.200582441961160,0,354,1,119815,80,150030102041,12733285,758224,886,12727031.660540262237191,21820.372955689890659,86.911482986522387,469.609782319350927
53016034,2100,884500,93555.378392969054403,0,355,1,119849,80,150030102041,12733285,758224,886,12727031.660540262237191,21820.372955689890659,87.822252995835015,484.843001458077310
53016035,2100,1072200,113408.792213613807689,0,356,1,119850,80,150030102041,12733285,758224,886,12727031.660540262237191,21820.372955689890659,83.546490097365137,434.298890251138062
54003010,2030,1355300,1061277.716046185465530,0,357,1,119952,635,150030102024,1476698,6464284,1333,1364633.850628380896524,17378.310921515549126,118.653598665087401,708.415403105440987
54003017,2024,1208000,1087183.472000000067055,0,358,1,119959,635,150030102024,1476698,6464284,1333,1364633.850628380896524,17378.310921515549126,96.011597984045324,551.980759759228135
54003055,2024,1443000,1332117.562700000125915,0,359,1,119990,635,150030102024,1476698,6464284,1333,1364633.850628380896524,17378.310921515549126,98.342210556095822,592.611521975774622
54009021,2030,1195100,924997.849265620461665,0,360,1,120172,233,150030102042,1049349,662988,1950,1048839.089303324231878,5585.487104777602326,104.538380583403239,689.741582672345089
54009022,2024,1073000,984909.922400000039488,0,361,1,120173,233,150030102042,1049349,662988,1950,1048839.089303324231878,5585.487104777602326,87.752620340890076,459.925926643409412
54009024,2024,983000,900697.717999999993481,0,362,1,120175,233,150030102042,1049349,662988,1950,1048839.089303324231878,5585.487104777602326,84.047171295449829,423.375855989329693
54009025,2024,1128400,1038199.436800000024959,0,363,1,120176,233,150030102042,1049349,662988,1950,1048839.089303324231878,5585.487104777602326,84.083808502867086,433.228317161775124
54009026,2024,821000,737066.916500000050291,0,364,1,120177,233,150030102042,1049349,662988,1950,1048839.089303324231878,5585.487104777602326,78.811397253446415,386.057246513942061
54009027,2024,762800,680139.965000000083819,0,365,1,120178,233,150030102042,1049349,662988,1950,1048839.089303324231878,5585.487104777602326,73.552834757687151,338.655152014309976
54009028,2024,801300,713487.523199999937788,0,366,1,120179,233,150030102042,1049349,662988,1950,1048839.089303324231878,5585.487104777602326,71.508221873905967,317.170408297576103
54009029,2030,784400,574775.939123476622626,0,367,1,120180,233,150030102042,1049349,662988,1950,1048839.089303324231878,5585.487104777602326,73.735054356438681,329.051175285682802
54009030,2024,723200,640554.584000000031665,0,368,1,120181,233,150030102042,1049349,662988,1950,1048839.089303324231878,5585.487104777602326,70.782922607932733,288.444517354802372
54009052,2030,1198500,929477.364874399383552,0,369,1,120202,233,150030102042,1049349,662988,1950,1048839.089303324231878,5585.487104777602326,110.272567210222093,735.681480681160565
54010001,2024,1011100,1011100.000000000000000,0,370,1,120203,233,150030102042,1049349,662988,1950,1048839.089303324231878,5585.487104777602326,94.920457351062609,575.134093724307945
54010002,2024,613600,613600.000000000000000,0,371,1,120204,233,150030102042,1049349,662988,1950,1048839.089303324231878,5585.487104777602326,55.554080969663175,176.437361890405953
54010004,2024,387100,387100.000000000000000,0,372,1,120206,233,150030102042,1049349,662988,1950,1048839.089303324231878,5585.487104777602326,49.585281278176950,142.744793380788423
54010006,2050,810300,373710.537796015385538,0,373,1,120208,233,150030102042,1049349,662988,1950,1048839.089303324231878,5585.487104777602326,76.996691875079463,343.045597160762441
54010009,2024,543300,543300.000000000000000,0,374,1,120209,233,150030102042,1049349,662988,1950,1048839.089303324231878,5585.487104777602326,43.700636419497961,115.661209821120451
54010010,2024,717200,717200.000000000000000,0,375,1,120210,233,150030102042,1049349,662988,1950,1048839.089303324231878,5585.487104777602326,47.558812750440865,139.340452328210745
54010011,2024,553500,553500.000000000000000,0,376,1,120211,233,150030102042,1049349,662988,1950,1048839.089303324231878,5585.487104777602326,46.170785724143762,128.440000488652288
54010012,2024,562200,562200.000000000000000,0,377,1,120212,233,150030102042,1049349,662988,1950,1048839.089303324231878,5585.487104777602326,45.787810378178499,126.583614096544864
54010013,2030,803500,672918.600245316163637,0,378,1,120213,233,150030102042,1049349,662988,1950,1048839.089303324231878,5585.487104777602326,64.187592648103276,258.329407838546388
54010014,2024,774700,769829.134000000078231,0,379,1,120214,233,150030102042,1049349,662988,1950,1048839.089303324231878,5585.487104777602326,68.193664863708676,269.399489266058310
54011001,2030,1283900,972761.377852925448678,0,380,1,120217,233,150030102042,1049349,662988,1950,1048839.089303324231878,5585.487104777602326,130.121256469038428,828.555582014693982
54011003,2024,1337100,1246411.402000000001863,0,381,1,120218,233,150030102042,1049349,662988,1950,1048839.089303324231878,5585.487104777602326,171.242554298380014,1262.808389996044752
54011023,2030,989900,733747.771556437248364,0,382,1,120234,233,150030102042,1049349,662988,1950,1048839.089303324231878,5585.487104777602326,136.805564110780722,789.103985247060450
54011024,2050,1015800,373894.696521860721987,0,383,1,120235,233,150030102042,1049349,662988,1950,1048839.089303324231878,5585.487104777602326,145.966973143534460,842.290981533811987
54011025,2024,1433000,1340799.083000000100583,0,384,1,120236,233,150030102042,1049349,662988,1950,1048839.089303324231878,5585.487104777602326,156.975520989921222,936.185432102038476
54011027,2024,679700,625339.378099999972619,0,385,1,120237,381,150030102022,29054522,224678,1026,29039869.115277223289013,35428.146325697358407,105.219812350445849,551.156288568967852
54011028,2075,826100,132563.429646416188916,0,386,1,120238,381,150030102022,29054522,224678,1026,29039869.115277223289013,35428.146325697358407,92.718564182054379,479.229468992589773
54011029,2100,761600,65602.930656700744294,0,387,1,120239,233,150030102042,1049349,662988,1950,1048839.089303324231878,5585.487104777602326,90.696648598723741,447.562909804461128
54011030,2075,778400,149506.296576895023463,0,388,1,120240,233,150030102042,1049349,662988,1950,1048839.089303324231878,5585.487104777602326,89.427109318727517,431.035887743093838
54011031,2024,1006100,908177.352500000037253,0,389,1,120241,233,150030102042,1049349,662988,1950,1048839.089303324231878,5585.487104777602326,171.490528484490710,786.182817424891141
54011035,2100,1111300,111594.782302343839547,0,390,1,120243,233,150030102042,1049349,662988,1950,1048839.089303324231878,5585.487104777602326,94.087549036580214,478.366508658542102
54011037,2024,822000,715362.559999999939464,0,391,1,120245,233,150030102042,1049349,662988,1950,1048839.089303324231878,5585.487104777602326,170.108004683180297,763.593293548246038
54011039,2024,689800,630734.745700000086799,0,392,1,120247,381,150030102022,29054522,224678,1026,29039869.115277223289013,35428.146325697358407,117.798581603705188,640.148475737977606
54011042,2100,1420900,118605.376709733871394,0,393,1,120249,233,150030102042,1049349,662988,1950,1048839.089303324231878,5585.487104777602326,305.550418900616364,3430.069822416250190
54012038,2024,1241500,1132649.770000000018626,0,394,1,120283,381,150030102022,29054522,224678,1026,29039869.115277223289013,35428.146325697358407,140.288409628320494,943.999398040093638
54012040,2030,1561800,1221702.897134849568829,0,395,1,120285,381,150030102022,29054522,224678,1026,29039869.115277223289013,35428.146325697358407,138.291278112744948,931.004585186057966
54012041,2030,1072900,806695.582597211468965,0,396,1,120286,381,150030102022,29054522,224678,1026,29039869.115277223289013,35428.146325697358407,129.029658262329121,837.270388028557704
54012043,2024,1054400,911877.614000000059605,0,397,1,120288,381,150030102022,29054522,224678,1026,29039869.115277223289013,35428.146325697358407,116.588808666079061,722.698211420698954
54012044,2024,882100,730258.322500000009313,0,398,1,120289,381,150030102022,29054522,224678,1026,29039869.115277223289013,35428.146325697358407,116.088967366337400,740.622216375368907
54012045,2024,766900,660058.774999999906868,0,399,1,120290,381,150030102022,29054522,224678,1026,29039869.115277223289013,35428.146325697358407,104.481180789176847,588.757544269664777
56001026,2100,2790600,276428.689031916670501,0,400,1,120671,635,150030102024,1476698,6464284,1333,1364633.850628380896524,17378.310921515549126,380.112309675953441,4674.746450322257260
56001028,2100,3206900,322951.126832206675317,0,401,1,120673,635,150030102024,1476698,6464284,1333,1364633.850628380896524,17378.310921515549126,303.370374576882455,3810.900390397467163
56001029,2100,4492100,455418.234940898022614,0,402,1,120674,635,150030102024,1476698,6464284,1333,1364633.850628380896524,17378.310921515549126,311.469014490707877,4080.538131882426114
55002002,2030,1283200,945822.060878696967848,0,403,1,121578,635,150030102024,1476698,6464284,1333,1364633.850628380896524,17378.310921515549126,269.580438284896161,2006.878948993345603
55002006,2050,1567900,581376.619885859196074,0,404,1,121580,635,150030102024,1476698,6464284,1333,1364633.850628380896524,17378.310921515549126,126.566005833944899,553.636663179004813
55002007,2050,1744200,692469.655272607342340,0,405,1,121581,635,150030102024,1476698,6464284,1333,1364633.850628380896524,17378.310921515549126,135.952183637352647,793.466006255329376
55002008,2075,1823100,316610.892204226052854,0,406,1,121582,635,150030102024,1476698,6464284,1333,1364633.850628380896524,17378.310921515549126,137.718514592677082,828.040920317060340
55002019,2100,3166500,263622.863879767304752,0,407,1,121586,635,150030102024,1476698,6464284,1333,1364633.850628380896524,17378.310921515549126,359.144719976825399,5412.913921136058889
55002020,2030,2605100,2100814.820667342748493,0,408,1,121587,635,150030102024,1476698,6464284,1333,1364633.850628380896524,17378.310921515549126,296.413086598793711,5298.105846194399419
55002024,2100,2747400,221724.620228748826776,0,409,1,121591,635,150030102024,1476698,6464284,1333,1364633.850628380896524,17378.310921515549126,186.132720992315967,1902.021472176062844
55002025,2024,1188400,1132450.346799999941140,0,410,1,121592,635,150030102024,1476698,6464284,1333,1364633.850628380896524,17378.310921515549126,193.184419434397199,2017.709066657804215
55002027,2075,2603800,487966.092227421933785,0,411,1,121594,635,150030102024,1476698,6464284,1333,1364633.850628380896524,17378.310921515549126,207.024602146767279,2192.958268198164660
55002028,2050,2746500,1165114.306922750314698,0,412,1,121595,635,150030102024,1476698,6464284,1333,1364633.850628380896524,17378.310921515549126,221.141128401244941,2432.590358783555530
55002029,2050,2633000,1112111.506753674708307,0,413,1,121596,635,150030102024,1476698,6464284,1333,1364633.850628380896524,17378.310921515549126,231.776941604127501,2584.913167709331447
55002030,2030,862100,721995.177686978364363,0,414,1,121597,635,150030102024,1476698,6464284,1333,1364633.850628380896524,17378.310921515549126,112.046786797591579,745.335740197245286
55002031,2100,1063500,112488.575376961656730,0,415,1,121598,635,150030102024,1476698,6464284,1333,1364633.850628380896524,17378.310921515549126,112.563870501238171,752.417849620464494
55002032,2050,3039000,1276994.644579313229769,0,416,1,121599,635,150030102024,1476698,6464284,1333,1364633.850628380896524,17378.310921515549126,259.800043376943790,2991.642012043863815
55002033,2030,1792700,1369815.776038143783808,0,417,1,121600,635,150030102024,1476698,6464284,1333,1364633.850628380896524,17378.310921515549126,257.393133537194444,1759.338342192763548
55002036,2100,975300,68991.432760129508097,0,418,1,121603,635,150030102024,1476698,6464284,1333,1364633.850628380896524,17378.310921515549126,87.972405918788354,479.054048022048562
55002037,2075,3885100,693028.239237261936069,0,419,1,121604,635,150030102024,1476698,6464284,1333,1364633.850628380896524,17378.310921515549126,294.193977041160338,3519.969411466178826
55002038,2100,3118700,218308.896440093492856,0,420,1,121605,635,150030102024,1476698,6464284,1333,1364633.850628380896524,17378.310921515549126,304.786370907559046,3710.159427882514592
55002041,2030,2301200,1850174.483665376668796,0,421,1,121608,635,150030102024,1476698,6464284,1333,1364633.850628380896524,17378.310921515549126,214.759270664575268,2355.780590751448472
55002042,2075,2128000,406103.805396832525730,0,422,1,121609,635,150030102024,1476698,6464284,1333,1364633.850628380896524,17378.310921515549126,159.181738550110822,990.864756839414440
55002046,2075,3311300,682475.584326040931046,0,423,1,121612,635,150030102024,1476698,6464284,1333,1364633.850628380896524,17378.310921515549126,312.713816833318674,3843.622888210455585
55002054,2075,1808400,305168.259804150613490,0,424,1,121619,635,150030102024,1476698,6464284,1333,1364633.850628380896524,17378.310921515549126,136.352093781863374,811.035707362938638
55002061,2100,2240100,205003.612747638806468,0,425,1,121622,635,150030102024,1476698,6464284,1333,1364633.850628380896524,17378.310921515549126,239.783276458124845,2620.610784367296219
55002064,2100,1803000,138635.027042497036746,0,426,1,121623,635,150030102024,1476698,6464284,1333,1364633.850628380896524,17378.310921515549126,160.816151568221329,1007.978966227388582
55002065,2030,1655400,1213652.698975236155093,0,427,1,121624,635,150030102024,1476698,6464284,1333,1364633.850628380896524,17378.310921515549126,162.202019833648336,1095.825256769453745
55002069,2100,971300,66943.135991295668646,0,428,1,121625,635,150030102024,1476698,6464284,1333,1364633.850628380896524,17378.310921515549126,223.285490990520202,1525.883656084552513
55002076,2100,1219700,109555.412345498261857,0,429,1,121629,635,150030102024,1476698,6464284,1333,1364633.850628380896524,17378.310921515549126,101.937366515350845,488.498087916729844
55002077,2050,1706300,543924.742742728674784,0,430,1,121630,635,150030102024,1476698,6464284,1333,1364633.850628380896524,17378.310921515549126,134.268710568741596,633.550830115956387
55002078,2100,1367900,142962.571789199399063,0,431,1,121631,635,150030102024,1476698,6464284,1333,1364633.850628380896524,17378.310921515549126,93.395729039954034,545.407627054107820
55002079,2075,864400,180603.759340242162580,0,432,1,121632,635,150030102024,1476698,6464284,1333,1364633.850628380896524,17378.310921515549126,87.520688337380989,468.168926228248893
55002080,2075,1580300,190654.907415876426967,0,433,1,121633,635,150030102024,1476698,6464284,1333,1364633.850628380896524,17378.310921515549126,181.829250773054468,1146.878171457791495
55002081,2030,1566800,1137762.662698421161622,0,434,1,121634,635,150030102024,1476698,6464284,1333,1364633.850628380896524,17378.310921515549126,161.543061411136875,992.084342814579486
55002082,2024,1723800,1583181.567600000184029,0,435,1,121635,635,150030102024,1476698,6464284,1333,1364633.850628380896524,17378.310921515549126,173.202455879522660,630.035196894612682
55002084,2075,879800,192884.215557277493645,0,436,1,121637,635,150030102024,1476698,6464284,1333,1364633.850628380896524,17378.310921515549126,143.530873551060552,538.344708527206308
55002085,2030,1869200,1354191.449654590804130,0,437,1,121638,635,150030102024,1476698,6464284,1333,1364633.850628380896524,17378.310921515549126,231.810674746154973,1092.473243048915720
55002086,2075,1896400,218454.227094337722519,0,438,1,121639,635,150030102024,1476698,6464284,1333,1364633.850628380896524,17378.310921515549126,155.399076094077145,980.943814237329320
55002088,2030,2763500,2159166.427713816519827,0,439,1,121641,635,150030102024,1476698,6464284,1333,1364633.850628380896524,17378.310921515549126,323.775715742884529,3491.205086493518138
55002089,2050,1636200,622380.396786389756016,0,440,1,121642,635,150030102024,1476698,6464284,1333,1364633.850628380896524,17378.310921515549126,316.583833166023510,2141.050556023661557
55002090,2050,2257600,944229.459631994133815,0,441,1,121643,635,150030102024,1476698,6464284,1333,1364633.850628380896524,17378.310921515549126,153.319356693102321,937.563079753425768
55002091,2075,1160400,158638.103980170475552,0,442,1,121644,635,150030102024,1476698,6464284,1333,1364633.850628380896524,17378.310921515549126,132.968953695505718,557.812040721340509
55002092,2030,1229900,859773.664339723065495,0,443,1,121645,635,150030102024,1476698,6464284,1333,1364633.850628380896524,17378.310921515549126,223.588417351878917,875.687979490460634
55002093,2030,1176200,776987.143357893452048,0,444,1,121647,635,150030102024,1476698,6464284,1333,1364633.850628380896524,17378.310921515549126,196.446462965431550,722.910376155262270
55002097,2050,2423100,918086.545094363158569,0,445,1,121651,635,150030102024,1476698,6464284,1333,1364633.850628380896524,17378.310921515549126,266.315065294868248,2025.846800764115642
55002099,2075,2323400,412749.202799419756047,0,446,1,121653,635,150030102024,1476698,6464284,1333,1364633.850628380896524,17378.310921515549126,157.349023021551801,1399.505056853688075
55003026,2075,2216300,456537.346296587318648,0,447,1,121660,635,150030102024,1476698,6464284,1333,1364633.850628380896524,17378.310921515549126,143.775447873827744,1035.823440033767611
55003028,2075,2570400,533974.073568719672039,0,448,1,121662,635,150030102024,1476698,6464284,1333,1364633.850628380896524,17378.310921515549126,153.923772327497034,1162.438129906689028
55003041,2100,2225100,224079.658513394184411,0,449,1,121675,635,150030102024,1476698,6464284,1333,1364633.850628380896524,17378.310921515549126,143.974512586265405,1081.882447298776242
55003043,2100,1954000,174905.878487982845400,0,450,1,121677,635,150030102024,1476698,6464284,1333,1364633.850628380896524,17378.310921515549126,157.973237873748502,1209.522166067248918
59019050,2050,2506200,839140.154203193262219,0,451,1,122003,231,150030101022,5758730,2176894,706,5755528.860571430996060,13510.057500681994497,83.500939606729403,401.353458360924947
59019051,2030,2997600,2100235.669986915774643,0,452,1,122006,231,150030101022,5758730,2176894,706,5755528.860571430996060,13510.057500681994497,118.839820925840542,880.192145204605822
59019054,2100,2836800,300054.151978716312442,0,453,1,122008,231,150030101022,5758730,2176894,706,5755528.860571430996060,13510.057500681994497,89.139554318977872,462.525770286971351
59020001,2030,3943700,2693307.101664197165519,0,454,1,122009,231,150030101022,5758730,2176894,706,5755528.860571430996060,13510.057500681994497,123.169596726361533,948.230037756436900
59020006,2030,3257800,2532459.029466434847564,0,455,1,122010,231,150030101022,5758730,2176894,706,5755528.860571430996060,13510.057500681994497,99.668778004825640,509.864053175509696
59020008,2050,3877500,1301880.743539142655209,0,456,1,122012,231,150030101022,5758730,2176894,706,5755528.860571430996060,13510.057500681994497,109.359541174072092,615.157400678742874
59020009,2050,2893000,881479.502912506926805,0,457,1,122013,231,150030101022,5758730,2176894,706,5755528.860571430996060,13510.057500681994497,109.517437333953524,591.477051200382789
59020011,2075,2901000,199908.232775672338903,0,458,1,122015,231,150030101022,5758730,2176894,706,5755528.860571430996060,13510.057500681994497,115.513042648211183,655.643144567764807
59020012,2050,2800700,880709.971557643497363,0,459,1,122016,231,150030101022,5758730,2176894,706,5755528.860571430996060,13510.057500681994497,116.304527381719453,641.598447279514062
59020014,2050,3772600,1325688.679086649557576,0,460,1,122018,231,150030101022,5758730,2176894,706,5755528.860571430996060,13510.057500681994497,122.792679403683792,720.892227270569833
59020015,2075,1792200,324099.964813296159264,0,461,1,122019,231,150030101022,5758730,2176894,706,5755528.860571430996060,13510.057500681994497,90.199334937840490,447.492039054630425
59020016,2075,1532200,295365.947142256074585,0,462,1,122020,231,150030101022,5758730,2176894,706,5755528.860571430996060,13510.057500681994497,89.498644333961167,443.293469446276731
59020017,2030,2773600,2101415.224688241723925,0,463,1,122021,231,150030101022,5758730,2176894,706,5755528.860571430996060,13510.057500681994497,84.996099065819323,420.344417807619152
59020019,2050,2867000,667108.070570332114585,0,464,1,122022,231,150030101022,5758730,2176894,706,5755528.860571430996060,13510.057500681994497,117.646448415319782,862.857248498695071
59020020,2030,2344000,1771398.099185875151306,0,465,1,122023,231,150030101022,5758730,2176894,706,5755528.860571430996060,13510.057500681994497,89.079425577875426,434.694757169869547
59020028,2050,4018200,1314508.062637496739626,0,466,1,122028,231,150030101022,5758730,2176894,706,5755528.860571430996060,13510.057500681994497,131.731939745510203,776.425702858712953
59020029,2075,4351500,445003.163452233013231,0,467,1,122029,231,150030101022,5758730,2176894,706,5755528.860571430996060,13510.057500681994497,127.460618357366030,733.918193337883054
59020033,2075,1655700,272455.108305098197889,0,468,1,122030,231,150030101022,5758730,2176894,706,5755528.860571430996060,13510.057500681994497,70.085243554461186,301.773255570687184
59020034,2030,3448400,2559223.635751185473055,0,469,1,122031,231,150030101022,5758730,2176894,706,5755528.860571430996060,13510.057500681994497,110.986499306551025,564.100221632516991
59020035,2030,3991500,2942030.364843974821270,0,470,1,122032,231,150030101022,5758730,2176894,706,5755528.860571430996060,13510.057500681994497,109.811673253682272,607.621847423608074
59020036,2030,3634900,2729707.390601579099894,0,471,1,122033,231,150030101022,5758730,2176894,706,5755528.860571430996060,13510.057500681994497,108.195056932854044,600.174656734537280
59020037,2075,3449800,334301.463026678306051,0,472,1,122034,231,150030101022,5758730,2176894,706,5755528.860571430996060,13510.057500681994497,104.170671096187590,560.820106839175764
59020038,2030,3916200,3160616.717098991852254,0,473,1,122035,231,150030101022,5758730,2176894,706,5755528.860571430996060,13510.057500681994497,102.234431249649390,559.609453745048086
59020040,2050,3832900,1472874.446263343794271,0,474,1,122037,231,150030101022,5758730,2176894,706,5755528.860571430996060,13510.057500681994497,93.211718359642532,471.803316324519869
59020041,2050,2876200,1090384.122661386383697,0,475,1,122038,231,150030101022,5758730,2176894,706,5755528.860571430996060,13510.057500681994497,90.099276926482105,449.078652610816789
59020043,2050,5253200,2271388.428452131338418,0,476,1,122039,231,150030101022,5758730,2176894,706,5755528.860571430996060,13510.057500681994497,116.397057398290130,840.874543880003785
59020045,2050,4571800,2110384.191707979422063,0,477,1,122040,231,150030101022,5758730,2176894,706,5755528.860571430996060,13510.057500681994497,109.624381722189867,739.506516367488416
59020048,2030,4741600,3971015.351491215173155,0,478,1,122041,231,150030101022,5758730,2176894,706,5755528.860571430996060,13510.057500681994497,104.280201625749129,652.817756190790192
59020049,2030,3563900,2984710.142394875641912,0,479,1,122042,231,150030101022,5758730,2176894,706,5755528.860571430996060,13510.057500681994497,100.535600856640414,605.578759357913441
59020050,2030,3703700,3101790.441479250323027,0,480,1,122043,231,150030101022,5758730,2176894,706,5755528.860571430996060,13510.057500681994497,102.814887945514414,640.354294506139922
59020051,2030,5194200,4350060.726066237315536,0,481,1,122044,231,150030101022,5758730,2176894,706,5755528.860571430996060,13510.057500681994497,128.663492246937551,1032.474469373765942
59020052,2050,4845100,2123538.325932175386697,0,482,1,122045,231,150030101022,5758730,2176894,706,5755528.860571430996060,13510.057500681994497,130.681787559747136,1057.067795377574157
59020056,2030,3473100,2607435.214060897938907,0,483,1,122047,231,150030101022,5758730,2176894,706,5755528.860571430996060,13510.057500681994497,78.241404647548222,363.277644572332463
59020057,2050,3303300,1018945.139197697513737,0,484,1,122048,231,150030101022,5758730,2176894,706,5755528.860571430996060,13510.057500681994497,94.812104164553261,484.852998365905023
59020058,2075,3014500,96476.988440549990628,0,485,1,122049,231,150030101022,5758730,2176894,706,5755528.860571430996060,13510.057500681994497,93.364793008384225,479.874709840039316
59020062,2030,4380300,3472178.891537609044462,0,486,1,122052,231,150030101022,5758730,2176894,706,5755528.860571430996060,13510.057500681994497,120.875601121855297,686.318561987566227
59020063,2050,4396300,1558673.728391911601648,0,487,1,122053,231,150030101022,5758730,2176894,706,5755528.860571430996060,13510.057500681994497,123.940930496984549,711.767551050178440
61004057,2050,3689700,1651067.893665025476366,0,488,1,122598,580,150030100001,160335282,4485610,1022,160416295.590405493974686,70728.812579620367615,193.401751645181861,1885.230050144951747
61004065,2030,4732400,3785233.982413121033460,0,489,1,122602,580,150030100001,160335282,4485610,1022,160416295.590405493974686,70728.812579620367615,177.348834795978206,1690.325720014069702
61004068,2050,4538500,1927005.994619012577459,0,490,1,122604,580,150030100001,160335282,4485610,1022,160416295.590405493974686,70728.812579620367615,171.672333879595897,1695.304583726249803
61004069,2075,6007800,1197574.456005863379687,0,491,1,122605,580,150030100001,160335282,4485610,1022,160416295.590405493974686,70728.812579620367615,167.675952510930443,1598.522857932900934
61004070,2050,4445900,1964251.483789281453937,0,492,1,122606,580,150030100001,160335282,4485610,1022,160416295.590405493974686,70728.812579620367615,161.465932227522160,1519.680495358819144
61004071,2050,4016700,1722164.996072671608999,0,493,1,122607,580,150030100001,160335282,4485610,1022,160416295.590405493974686,70728.812579620367615,144.435876340662446,1197.935374338905831
61004073,2050,4165700,1786266.889037046115845,0,494,1,122609,580,150030100001,160335282,4485610,1022,160416295.590405493974686,70728.812579620367615,150.105199799162676,1345.019405852558521
61004080,2050,4572500,1931104.428862450411543,0,495,1,122616,580,150030100001,160335282,4485610,1022,160416295.590405493974686,70728.812579620367615,171.312224181713930,1509.033399711281845
61004081,2050,4923500,2076282.238265610300004,0,496,1,122617,580,150030100001,160335282,4485610,1022,160416295.590405493974686,70728.812579620367615,167.885065239402849,1491.599584633933318
61004082,2030,4140400,3331979.314109859056771,0,497,1,122618,580,150030100001,160335282,4485610,1022,160416295.590405493974686,70728.812579620367615,165.826541420264959,1463.528454316643092
61004083,2050,4431200,1884313.618884384399280,0,498,1,122619,580,150030100001,160335282,4485610,1022,160416295.590405493974686,70728.812579620367615,167.552787377442712,1475.557604324789736
61008006,2050,3532700,1617086.309995040530339,0,499,1,122620,580,150030100001,160335282,4485610,1022,160416295.590405493974686,70728.812579620367615,122.874588761003494,711.438936856642499
61004086,2050,4208400,1825498.165576693136245,0,500,1,122621,580,150030100001,160335282,4485610,1022,160416295.590405493974686,70728.812579620367615,184.374211665790739,1685.643053069830103
61004087,2050,4908600,2156758.187886634841561,0,501,1,122622,580,150030100001,160335282,4485610,1022,160416295.590405493974686,70728.812579620367615,191.066992305187995,1732.489211604781758
61004088,2050,6173900,2736412.723548240959644,0,502,1,122623,580,150030100001,160335282,4485610,1022,160416295.590405493974686,70728.812579620367615,199.220565219099797,2022.074251699204069
61004089,2075,10460200,2180919.114867408294231,0,503,1,122624,580,150030100001,160335282,4485610,1022,160416295.590405493974686,70728.812579620367615,209.255450438914266,2211.589708772676659
61004090,2075,10636100,2222179.101933557540178,0,504,1,122625,580,150030100001,160335282,4485610,1022,160416295.590405493974686,70728.812579620367615,213.412605715562393,2218.109790906922171
61004093,2050,6082700,2694976.003783639986068,0,505,1,122628,580,150030100001,160335282,4485610,1022,160416295.590405493974686,70728.812579620367615,218.785728078470385,2365.052290838070803
61008005,2030,4729200,3951177.228262560907751,0,506,1,122655,580,150030100001,160335282,4485610,1022,160416295.590405493974686,70728.812579620367615,114.023206797724583,513.177746350361076
61008008,2075,2909500,588327.081043139798567,0,507,1,122671,580,150030100001,160335282,4485610,1022,160416295.590405493974686,70728.812579620367615,98.544133518432290,602.645519489821595
61008009,2100,2727200,242091.743733995186631,0,508,1,122672,580,150030100001,160335282,4485610,1022,160416295.590405493974686,70728.812579620367615,110.055573860251741,755.967158053867024
61008010,2075,4241100,939207.231226346455514,0,509,1,122673,580,150030100001,160335282,4485610,1022,160416295.590405493974686,70728.812579620367615,120.518714394148276,869.632500969784815
61008011,2100,2531400,225020.189263641950674,0,510,1,122674,580,150030100001,160335282,4485610,1022,160416295.590405493974686,70728.812579620367615,131.935622356002511,969.889240583539504
61008013,2100,5704100,578276.435689260484651,0,511,1,122676,580,150030100001,160335282,4485610,1022,160416295.590405493974686,70728.812579620367615,161.368940373447970,1313.792865603797281
61008014,2100,4737700,471343.344077028334141,0,512,1,122677,580,150030100001,160335282,4485610,1022,160416295.590405493974686,70728.812579620367615,179.028526770492732,1499.515834086833365
61008015,2100,7662000,757426.651796391932294,0,513,1,122678,580,150030100001,160335282,4485610,1022,160416295.590405493974686,70728.812579620367615,225.753601128819611,2521.276296707061192
61010001,2030,3422600,2605135.685465724673122,0,514,1,122712,580,150030100001,160335282,4485610,1022,160416295.590405493974686,70728.812579620367615,144.024766434277126,1129.068914412709319
61010002,2030,3068300,2349676.238600039388984,0,515,1,122713,580,150030100001,160335282,4485610,1022,160416295.590405493974686,70728.812579620367615,129.061748568654338,1019.683823498052448
61010004,2030,2783700,2173379.712550112511963,0,516,1,122715,580,150030100001,160335282,4485610,1022,160416295.590405493974686,70728.812579620367615,130.470665596980496,764.731569622665347
61010006,2075,4253200,823341.634025008301251,0,517,1,122720,580,150030100001,160335282,4485610,1022,160416295.590405493974686,70728.812579620367615,173.726581487624458,1697.804807125219213
61010007,2050,3403000,1494424.712045941734686,0,518,1,122721,580,150030100001,160335282,4485610,1022,160416295.590405493974686,70728.812579620367615,148.739771159518597,890.012286762398730
61010008,2050,3336000,1480458.813893018988892,0,519,1,122722,580,150030100001,160335282,4485610,1022,160416295.590405493974686,70728.812579620367615,150.300574553005788,879.606709268452732
61010009,2075,4911300,1010199.334680114756338,0,520,1,122723,580,150030100001,160335282,4485610,1022,160416295.590405493974686,70728.812579620367615,185.930555541226624,1929.026507531053085
61010010,2075,3047100,621911.517940344405361,0,521,1,122724,580,150030100001,160335282,4485610,1022,160416295.590405493974686,70728.812579620367615,154.722202520444313,973.859487352396172
61010011,2075,4060200,849279.508025163668208,0,522,1,122725,580,150030100001,160335282,4485610,1022,160416295.590405493974686,70728.812579620367615,151.869403959092210,924.330276471670686
61010012,2075,1745400,340857.234610789630096,0,523,1,122726,580,150030100001,160335282,4485610,1022,160416295.590405493974686,70728.812579620367615,152.073522741324609,957.341896909870911
61010013,2050,4138000,1889704.712632640730590,0,524,1,122727,580,150030100001,160335282,4485610,1022,160416295.590405493974686,70728.812579620367615,148.672498244516390,890.167336114643604
61010014,2075,4490200,913111.665960372425616,0,525,1,122728,580,150030100001,160335282,4485610,1022,160416295.590405493974686,70728.812579620367615,179.572454076640497,1798.636531424981740
61010015,2075,4486900,905117.463577337912284,0,526,1,122729,580,150030100001,160335282,4485610,1022,160416295.590405493974686,70728.812579620367615,186.154164705750532,1904.273109597959319
61010016,2075,4403800,898261.416085484554060,0,527,1,122730,580,150030100001,160335282,4485610,1022,160416295.590405493974686,70728.812579620367615,192.989817573346102,1939.782207423848149
61012001,2024,3037100,2746116.064000000245869,0,528,1,122819,580,150030100001,160335282,4485610,1022,160416295.590405493974686,70728.812579620367615,117.482715314096453,824.585825728168629
61012002,2024,2868200,2524916.473400000017136,0,529,1,122820,580,150030100001,160335282,4485610,1022,160416295.590405493974686,70728.812579620367615,126.007185947336254,985.524608445368131
61012004,2024,2924000,2613354.240000000223517,0,530,1,122821,580,150030100001,160335282,4485610,1022,160416295.590405493974686,70728.812579620367615,100.013923809059065,528.321193427061417
61012005,2024,2236800,1999888.963400000007823,0,531,1,122822,580,150030100001,160335282,4485610,1022,160416295.590405493974686,70728.812579620367615,100.126694806320046,527.160458557191987
61012006,2050,2706300,1034766.179889779654332,0,532,1,122823,580,150030100001,160335282,4485610,1022,160416295.590405493974686,70728.812579620367615,101.957236855014088,533.938979529437233
61012007,2024,2940800,2714252.851199999917299,0,533,1,122824,580,150030100001,160335282,4485610,1022,160416295.590405493974686,70728.812579620367615,154.027433090337297,1359.743159127860508
61012008,2075,2680300,423789.240465895447414,0,534,1,122825,580,150030100001,160335282,4485610,1022,160416295.590405493974686,70728.812579620367615,112.516546752698730,608.454311435959085
61012009,2030,3053700,2406623.859569125343114,0,535,1,122826,580,150030100001,160335282,4485610,1022,160416295.590405493974686,70728.812579620367615,129.450882485882175,743.044391622723651
61012010,2030,2602000,2007038.765526795992628,0,536,1,122827,580,150030100001,160335282,4485610,1022,160416295.590405493974686,70728.812579620367615,113.967986038264229,633.743544735594014
61012012,2024,2953400,2498681.934499999973923,0,537,1,122829,580,150030100001,160335282,4485610,1022,160416295.590405493974686,70728.812579620367615,105.066159905265579,559.779083373202411
61012015,2030,2497600,1777468.263466844800860,0,538,1,122832,580,150030100001,160335282,4485610,1022,160416295.590405493974686,70728.812579620367615,102.694602037131347,630.079945529015276
61012017,2024,3944000,3620432.432000000029802,0,539,1,122834,580,150030100001,160335282,4485610,1022,160416295.590405493974686,70728.812579620367615,130.275631490312207,1027.251649997447657
61012019,2050,3868300,1431681.533569610910490,0,540,1,122836,580,150030100001,160335282,4485610,1022,160416295.590405493974686,70728.812579620367615,140.878930755076254,1189.346333904190260
61012021,2050,4960700,1974006.323714956408367,0,541,1,122838,580,150030100001,160335282,4485610,1022,160416295.590405493974686,70728.812579620367615,149.878948386873390,1355.587977821556706
61012023,2030,4097500,3093471.693775423336774,0,542,1,122840,580,150030100001,160335282,4485610,1022,160416295.590405493974686,70728.812579620367615,128.851971502433173,1003.666183296229747
61012025,2030,3687500,2755037.685169012751430,0,543,1,122842,580,150030100001,160335282,4485610,1022,160416295.590405493974686,70728.812579620367615,175.806093080402718,1125.183313586019949
61012032,2030,4254400,3322222.891268192324787,0,544,1,122846,580,150030100001,160335282,4485610,1022,160416295.590405493974686,70728.812579620367615,169.332207674493134,1628.317636686560036
61012033,2050,3329100,1492877.265828281641006,0,545,1,122847,580,150030100001,160335282,4485610,1022,160416295.590405493974686,70728.812579620367615,117.089174010620781,663.778843345404084
61012034,2050,2992800,1236563.323488364927471,0,546,1,122848,580,150030100001,160335282,4485610,1022,160416295.590405493974686,70728.812579620367615,133.072062985666861,791.837954341906197
61012035,2024,4210600,4000551.259000000078231,0,547,1,122850,580,150030100001,160335282,4485610,1022,160416295.590405493974686,70728.812579620367615,114.405686353391673,637.955345509001063
61012036,2100,1154900,52267.907502291185665,0,548,1,122851,580,150030100001,160335282,4485610,1022,160416295.590405493974686,70728.812579620367615,87.871349040149781,470.899817764235877
61012037,2024,2797300,2387554.006300000008196,0,549,1,122852,580,150030100001,160335282,4485610,1022,160416295.590405493974686,70728.812579620367615,138.999488276653409,737.648931117933444
61012038,2050,2574600,983788.228919399552979,0,550,1,122853,580,150030100001,160335282,4485610,1022,160416295.590405493974686,70728.812579620367615,107.503418804622470,580.797158701561216
61012039,2024,2738400,2441526.149999999906868,0,551,1,122854,580,150030100001,160335282,4485610,1022,160416295.590405493974686,70728.812579620367615,100.013792133971734,528.319252770358048
43004083,2075,12761300,1819984.073947191704065,0,552,1,122858,669,150030112021,351555,0,671,351427.133320813125465,4243.587728884976059,261.539932868425581,3602.877334264950150
43004074,2024,6632900,6029128.844600000418723,0,553,1,122859,669,150030112021,351555,0,671,351427.133320813125465,4243.587728884976059,213.622282392064562,1900.788471355000411
58006034,2100,4913000,448157.414526076114271,0,554,1,122977,167,150030101021,14816877,2296188,1708,14808807.684438511729240,21550.338667350417381,219.089898514489050,2078.396536086704145
58006039,2100,4529700,403889.366854514461011,0,555,1,122982,167,150030101021,14816877,2296188,1708,14808807.684438511729240,21550.338667350417381,168.309417796799778,1681.486895049946725
58006041,2100,4347600,342521.177848675695714,0,556,1,122984,167,150030101021,14816877,2296188,1708,14808807.684438511729240,21550.338667350417381,142.829972173306714,1215.591580640778602
59001012,2075,3833800,848977.243289441685192,0,557,1,122988,167,150030101021,14816877,2296188,1708,14808807.684438511729240,21550.338667350417381,132.871483767727113,754.499066364893565
59001010,2075,6141000,1360005.414552306989208,0,558,1,123014,167,150030101021,14816877,2296188,1708,14808807.684438511729240,21550.338667350417381,129.898361910367811,937.143822338068503
59001026,2075,4301800,942300.822410061955452,0,559,1,123026,167,150030101021,14816877,2296188,1708,14808807.684438511729240,21550.338667350417381,245.935012669889602,1574.984104687709532
59001027,2075,5349100,1103525.010990650625899,0,560,1,123027,167,150030101021,14816877,2296188,1708,14808807.684438511729240,21550.338667350417381,218.954099599470624,2365.065964684300070
59001028,2100,7867700,832078.379696794901974,0,561,1,123028,167,150030101021,14816877,2296188,1708,14808807.684438511729240,21550.338667350417381,192.980777016987304,1944.275594548688787
59001032,2100,3338400,353109.412353971565608,0,562,1,123032,167,150030101021,14816877,2296188,1708,14808807.684438511729240,21550.338667350417381,95.805512698954260,494.937099723950382
59001033,2050,4219800,1956699.010844998992980,0,563,1,123033,167,150030101021,14816877,2296188,1708,14808807.684438511729240,21550.338667350417381,107.816735629868418,709.119359016220983
59001057,2075,4023000,890946.390285609988496,0,564,1,123055,167,150030101021,14816877,2296188,1708,14808807.684438511729240,21550.338667350417381,93.169376721123172,474.384505269245324
59001071,2050,3652700,1693737.730914623476565,0,565,1,123069,167,150030101021,14816877,2296188,1708,14808807.684438511729240,21550.338667350417381,203.245987963050396,1049.003710422729910
59001087,2030,4022500,3368780.422509999480098,0,566,1,123083,167,150030101021,14816877,2296188,1708,14808807.684438511729240,21550.338667350417381,89.325627459123723,480.703054450363425
59001088,2075,3708800,787647.759921221761033,0,567,1,123084,167,150030101021,14816877,2296188,1708,14808807.684438511729240,21550.338667350417381,88.479039814090186,489.274608740039469
59001089,2050,3620100,1678621.282800128217787,0,568,1,123085,167,150030101021,14816877,2296188,1708,14808807.684438511729240,21550.338667350417381,91.148513146471004,500.368978415475226
59001098,2075,4300100,951145.486517397803254,0,569,1,123093,167,150030101021,14816877,2296188,1708,14808807.684438511729240,21550.338667350417381,220.749168863051011,839.268019806440293
59001099,2100,4639900,434382.970813442196231,0,570,1,123094,167,150030101021,14816877,2296188,1708,14808807.684438511729240,21550.338667350417381,230.218204358021438,1073.309755834754924
59001110,2030,1477100,1237047.995547425700352,0,571,1,123105,167,150030101021,14816877,2296188,1708,14808807.684438511729240,21550.338667350417381,233.154761539456274,2614.797898536498906
59002001,2075,1400600,155394.213440215418814,0,572,1,123109,231,150030101022,5758730,2176894,706,5755528.860571430996060,13510.057500681994497,93.369108976434362,473.466268951146787
59002002,2030,1588200,1047371.899317498668097,0,573,1,123110,231,150030101022,5758730,2176894,706,5755528.860571430996060,13510.057500681994497,98.320512199013905,496.921597973211192
59002003,2030,1589500,1014629.915391294285655,0,574,1,123111,231,150030101022,5758730,2176894,706,5755528.860571430996060,13510.057500681994497,92.742262456822829,467.099851879006849
59002004,2030,2198300,1375433.502179200528190,0,575,1,123112,231,150030101022,5758730,2176894,706,5755528.860571430996060,13510.057500681994497,101.716817252128848,567.280733645938426
59002005,2030,2414200,1651744.162406624760479,0,576,1,123113,231,150030101022,5758730,2176894,706,5755528.860571430996060,13510.057500681994497,115.656785269154739,655.914099700715951
59002008,2050,3862900,1397813.307216647081077,0,577,1,123116,231,150030101022,5758730,2176894,706,5755528.860571430996060,13510.057500681994497,150.884913327600486,920.440454802208137
59002011,2050,2653100,965884.939881243743002,0,578,1,123118,231,150030101022,5758730,2176894,706,5755528.860571430996060,13510.057500681994497,159.643368274334165,956.205280373500955
59002012,2075,3499700,559333.995628418633714,0,579,1,123119,231,150030101022,5758730,2176894,706,5755528.860571430996060,13510.057500681994497,166.158711514990642,1036.744636146280072
59002017,2030,2897400,1953243.846002146601677,0,580,1,123121,231,150030101022,5758730,2176894,706,5755528.860571430996060,13510.057500681994497,96.496305312350614,496.105620379849142
59002018,2024,3201900,2738327.475699999835342,0,581,1,123122,231,150030101022,5758730,2176894,706,5755528.860571430996060,13510.057500681994497,126.224507538319443,582.819154934586322
59002019,2075,1387600,297165.479465453769080,0,582,1,123123,231,150030101022,5758730,2176894,706,5755528.860571430996060,13510.057500681994497,85.485272271047108,445.974369229531248
59002020,2100,1326000,134514.927887887723045,0,583,1,123124,231,150030101022,5758730,2176894,706,5755528.860571430996060,13510.057500681994497,85.222461952399243,449.099326199901270
59002022,2100,1471300,154069.524296250572661,0,584,1,123126,231,150030101022,5758730,2176894,706,5755528.860571430996060,13510.057500681994497,76.511290417755845,334.192585141702807
59002023,2075,1264700,279823.997494796232786,0,585,1,123127,231,150030101022,5758730,2176894,706,5755528.860571430996060,13510.057500681994497,79.181817907794368,367.958309770419703
59002025,2030,2863800,2064549.618610550882295,0,586,1,123129,231,150030101022,5758730,2176894,706,5755528.860571430996060,13510.057500681994497,83.896929759560138,381.859174330687665
59002026,2024,3251800,2996985.273400000296533,0,587,1,123130,231,150030101022,5758730,2176894,706,5755528.860571430996060,13510.057500681994497,106.727589863902324,596.212896228160048
59002030,2100,1713900,181282.716820474452106,0,588,1,123133,231,150030101022,5758730,2176894,706,5755528.860571430996060,13510.057500681994497,135.445724152819054,1132.639499765588653
59002033,2100,1396100,119274.836076710664202,0,589,1,123136,231,150030101022,5758730,2176894,706,5755528.860571430996060,13510.057500681994497,91.413737380910220,464.196221054493776
59002035,2024,3240700,2884591.576000000350177,0,590,1,123138,231,150030101022,5758730,2176894,706,5755528.860571430996060,13510.057500681994497,90.035631653324572,453.746980029263909
59002036,2030,2666500,1920544.153272187802941,0,591,1,123139,231,150030101022,5758730,2176894,706,5755528.860571430996060,13510.057500681994497,89.968099999797033,453.205924620137694
59002038,2100,1873000,187942.630447554925922,0,592,1,123141,231,150030101022,5758730,2176894,706,5755528.860571430996060,13510.057500681994497,86.840626747207111,429.409923038861734
59002045,2024,1758900,1472572.199400000041351,0,593,1,123147,231,150030101022,5758730,2176894,706,5755528.860571430996060,13510.057500681994497,88.331765332209798,429.766485156807562
59002046,2075,3347800,378431.081338487681933,0,594,1,123148,231,150030101022,5758730,2176894,706,5755528.860571430996060,13510.057500681994497,98.951307384546155,521.739755675252809
59002048,2050,1189100,391973.410224714607466,0,595,1,123150,231,150030101022,5758730,2176894,706,5755528.860571430996060,13510.057500681994497,101.108329217500739,563.658985296309424
59002057,2100,1244600,84071.793988587145577,0,596,1,123157,231,150030101022,5758730,2176894,706,5755528.860571430996060,13510.057500681994497,91.034915758898876,466.428826290130928
59002058,2050,2916300,1004370.999919188907370,0,597,1,123158,231,150030101022,5758730,2176894,706,5755528.860571430996060,13510.057500681994497,135.690456260481227,713.942114347958977
59002066,2050,3224100,1402154.882340737851337,0,598,1,123161,231,150030101022,5758730,2176894,706,5755528.860571430996060,13510.057500681994497,98.905296582549553,500.062089688598292
59002067,2050,3858300,1773348.201189566170797,0,599,1,123162,231,150030101022,5758730,2176894,706,5755528.860571430996060,13510.057500681994497,117.140196691436046,656.175057784131923
59003002,2075,3676700,530510.603477470343933,0,600,1,123171,231,150030101022,5758730,2176894,706,5755528.860571430996060,13510.057500681994497,148.071008718009324,1323.505735166108707
59003003,2075,3061400,412519.858759160677437,0,601,1,123172,231,150030101022,5758730,2176894,706,5755528.860571430996060,13510.057500681994497,98.421657998526399,517.935782359330460
59003004,2050,4078000,1890947.098494219128042,0,602,1,123173,231,150030101022,5758730,2176894,706,5755528.860571430996060,13510.057500681994497,145.974208295702226,1250.100214049623901
59003005,2050,4222600,1957997.356081826845184,0,603,1,123174,215,150030101011,2056342,2364375,1703,2083830.048374208388850,9339.826966878375970,95.772853688404680,501.414958210300085
59003006,2050,3649100,1691696.531886207871139,0,604,1,123175,215,150030101011,2056342,2364375,1703,2083830.048374208388850,9339.826966878375970,128.605245236948861,1025.823131508389224
59003007,2050,5115500,2228438.762470459565520,0,605,1,123176,215,150030101011,2056342,2364375,1703,2083830.048374208388850,9339.826966878375970,104.181042205811409,563.008217694546715
59003008,2050,3462400,1252834.596273385919631,0,606,1,123177,215,150030101011,2056342,2364375,1703,2083830.048374208388850,9339.826966878375970,119.956393055362270,682.984291798430377
59003009,2075,967700,200791.239267875760561,0,607,1,123178,215,150030101011,2056342,2364375,1703,2083830.048374208388850,9339.826966878375970,106.379352240434656,706.864906579494459
59003010,2050,3584400,1207579.469319656956941,0,608,1,123179,215,150030101011,2056342,2364375,1703,2083830.048374208388850,9339.826966878375970,174.598459977565199,1078.856702090741237
59003011,2100,1487600,84476.669818307607784,0,609,1,123180,215,150030101011,2056342,2364375,1703,2083830.048374208388850,9339.826966878375970,121.903736868803747,923.636414773678553
59003014,2075,1614800,357618.749946110590827,0,610,1,123183,215,150030101011,2056342,2364375,1703,2083830.048374208388850,9339.826966878375970,82.978469441962957,410.574673196746687
59003015,2075,1399900,282355.495318046188913,0,611,1,123184,215,150030101011,2056342,2364375,1703,2083830.048374208388850,9339.826966878375970,82.374742113752887,407.834444676783107
59003016,2030,3246700,2295680.247898945584893,0,612,1,123185,215,150030101011,2056342,2364375,1703,2083830.048374208388850,9339.826966878375970,103.499835900332215,557.832299264665380
59003037,2075,3777000,536323.007861682330258,0,613,1,123200,231,150030101022,5758730,2176894,706,5755528.860571430996060,13510.057500681994497,104.701221404588892,553.459233244485404
59003038,2100,4145400,180427.116848533245502,0,614,1,123201,231,150030101022,5758730,2176894,706,5755528.860571430996060,13510.057500681994497,109.133358289714465,614.477654351448223
59003040,2100,4432300,219450.197180453367764,0,615,1,123203,231,150030101022,5758730,2176894,706,5755528.860571430996060,13510.057500681994497,111.994664365941375,629.744466337189351
59003041,2030,4112300,3441804.456259162630886,0,616,1,123204,231,150030101022,5758730,2176894,706,5755528.860571430996060,13510.057500681994497,113.908556127395258,646.861110106712431
59003044,2050,3734200,1503655.236809529364109,0,617,1,123207,215,150030101011,2056342,2364375,1703,2083830.048374208388850,9339.826966878375970,110.016931738160579,606.863288885001339
59003045,2050,3522600,852223.479924035375006,0,618,1,123208,215,150030101011,2056342,2364375,1703,2083830.048374208388850,9339.826966878375970,98.515069443512232,500.605474581604312
59003033,2030,4084900,3421039.440127059351653,0,619,1,123212,231,150030101022,5758730,2176894,706,5755528.860571430996060,13510.057500681994497,92.993938089372620,469.444048157137274
59003034,2075,4227500,552583.124213987262920,0,620,1,123213,231,150030101022,5758730,2176894,706,5755528.860571430996060,13510.057500681994497,88.592657938603935,437.531181164379120
59003035,2050,3473900,1412585.498720641713589,0,621,1,123214,231,150030101022,5758730,2176894,706,5755528.860571430996060,13510.057500681994497,99.628707493857064,537.388385197825755
59003048,2075,1433000,270514.680971195164602,0,622,1,123216,215,150030101011,2056342,2364375,1703,2083830.048374208388850,9339.826966878375970,89.133843069860660,497.956365177559633
59003063,2030,3172900,2568195.566320006735623,0,623,1,123226,215,150030101011,2056342,2364375,1703,2083830.048374208388850,9339.826966878375970,134.413549728189111,522.251506419151610
59003064,2075,3071100,191746.829431247926550,0,624,1,123227,215,150030101011,2056342,2364375,1703,2083830.048374208388850,9339.826966878375970,126.781080324005785,482.634670765262740
59003068,2050,2755100,1221015.287518531782553,0,625,1,123230,215,150030101011,2056342,2364375,1703,2083830.048374208388850,9339.826966878375970,102.595845528316175,544.655536666991111
59003070,2030,3423600,2548245.008903678506613,0,626,1,123232,215,150030101011,2056342,2364375,1703,2083830.048374208388850,9339.826966878375970,101.570743911863929,533.675514903834710
59003071,2050,3611700,1139257.410607154946774,0,627,1,123233,215,150030101011,2056342,2364375,1703,2083830.048374208388850,9339.826966878375970,146.283350552008841,614.777790700827836
59003072,2050,3970000,1071176.170823958236724,0,628,1,123234,215,150030101011,2056342,2364375,1703,2083830.048374208388850,9339.826966878375970,202.145824182153149,1274.334770893452514
59003075,2050,5016200,1983836.036845597438514,0,629,1,123237,231,150030101022,5758730,2176894,706,5755528.860571430996060,13510.057500681994497,145.324495417285135,1286.638978799565393
59003081,2075,1823900,358513.866975374869071,0,630,1,123243,215,150030101011,2056342,2364375,1703,2083830.048374208388850,9339.826966878375970,95.929409181926900,483.787637582768923
59019001,2100,3619300,272457.954175052989740,0,631,1,123652,231,150030101022,5758730,2176894,706,5755528.860571430996060,13510.057500681994497,134.483112818882574,1115.036403293690910
59019012,2075,4592300,1017025.381085907691158,0,632,1,123661,231,150030101022,5758730,2176894,706,5755528.860571430996060,13510.057500681994497,109.117058342042782,574.344785589638605
59019013,2075,2742100,607274.197564546600915,0,633,1,123662,231,150030101022,5758730,2176894,706,5755528.860571430996060,13510.057500681994497,100.124978922975160,524.947146035249489
59019014,2075,2751000,609245.219904477475211,0,634,1,123663,231,150030101022,5758730,2176894,706,5755528.860571430996060,13510.057500681994497,98.921553069258152,499.052135996980098
59020004,2030,3736300,2790373.710754032246768,0,635,1,123674,231,150030101022,5758730,2176894,706,5755528.860571430996060,13510.057500681994497,97.456078631687362,509.655746483265034
59019036,2075,3935000,816872.835750522557646,0,636,1,123681,231,150030101022,5758730,2176894,706,5755528.860571430996060,13510.057500681994497,160.897122095476789,761.362019928311611
59019038,2050,3224100,1444639.670802461449057,0,637,1,123682,231,150030101022,5758730,2176894,706,5755528.860571430996060,13510.057500681994497,147.275496111112943,902.678834870157516
59019041,2075,5765400,922584.970435339841060,0,638,1,123684,231,150030101022,5758730,2176894,706,5755528.860571430996060,13510.057500681994497,177.329176738144412,1961.731197469841163
59019042,2050,4362100,1746419.322465995093808,0,639,1,123685,231,150030101022,5758730,2176894,706,5755528.860571430996060,13510.057500681994497,119.227742819419120,785.134206139958565
59019045,2075,4865700,685166.363919406314380,0,640,1,123686,231,150030101022,5758730,2176894,706,5755528.860571430996060,13510.057500681994497,133.813759764122210,1099.233321403859236
59019048,2050,3451400,1379487.066637451760471,0,641,1,123688,231,150030101022,5758730,2176894,706,5755528.860571430996060,13510.057500681994497,85.175535829405305,421.028065725566876
57003037,2075,2721100,484255.527090866176877,0,642,1,123724,84,150030101031,48277438,8227279,440,48252094.418047592043877,39478.540556190819188,109.631084477941215,591.809040082974434
57003039,2030,3802000,2987543.688136410433799,0,643,1,123726,84,150030101031,48277438,8227279,440,48252094.418047592043877,39478.540556190819188,123.302331790641290,931.182755511359801
57003040,2030,2748100,2134365.935150733217597,0,644,1,123727,84,150030101031,48277438,8227279,440,48252094.418047592043877,39478.540556190819188,103.294219542295536,598.774352156033842
57003041,2050,3862500,1558192.826509571401402,0,645,1,123728,84,150030101031,48277438,8227279,440,48252094.418047592043877,39478.540556190819188,135.806402718335534,1116.842286032257334
57003042,2030,3210000,2472371.049477145541459,0,646,1,123729,84,150030101031,48277438,8227279,440,48252094.418047592043877,39478.540556190819188,128.117976325656201,915.505616400492272
57003043,2030,3664000,2863586.593266902025789,0,647,1,123730,84,150030101031,48277438,8227279,440,48252094.418047592043877,39478.540556190819188,142.730904967877734,1045.497963463806627
57003044,2050,4177900,1788013.648173416964710,0,648,1,123731,84,150030101031,48277438,8227279,440,48252094.418047592043877,39478.540556190819188,173.567143644553653,1335.094102804116574
57003045,2030,3832100,3089142.131146526895463,0,649,1,123732,84,150030101031,48277438,8227279,440,48252094.418047592043877,39478.540556190819188,220.453659437899063,2329.926586674913324
58001021,2050,1573500,539385.959920359309763,0,650,1,123733,167,150030101021,14816877,2296188,1708,14808807.684438511729240,21550.338667350417381,190.693718580665291,1860.274877150557131
57003055,2075,4595900,1001629.357073968858458,0,651,1,123742,84,150030101031,48277438,8227279,440,48252094.418047592043877,39478.540556190819188,174.550698655907439,2002.847319818655251
57003056,2050,3805500,1564380.891814685659483,0,652,1,123743,84,150030101031,48277438,8227279,440,48252094.418047592043877,39478.540556190819188,195.340193791885838,2505.624376853696958
57003057,2075,3210800,538591.396016675163992,0,653,1,123744,84,150030101031,48277438,8227279,440,48252094.418047592043877,39478.540556190819188,174.591100179699879,1778.201267490185273
57003058,2030,3573800,2828528.314729447942227,0,654,1,123745,84,150030101031,48277438,8227279,440,48252094.418047592043877,39478.540556190819188,188.931634960012758,1875.273103927793045
57003059,2100,3909000,295270.039860961376689,0,655,1,123746,84,150030101031,48277438,8227279,440,48252094.418047592043877,39478.540556190819188,187.160572509121806,1920.169756176530882
57003062,2050,3522800,1545739.445470619713888,0,656,1,123749,84,150030101031,48277438,8227279,440,48252094.418047592043877,39478.540556190819188,407.908080864363001,2047.256377055315170
57005001,2050,3446300,1504452.921946203103289,0,657,1,123761,84,150030101031,48277438,8227279,440,48252094.418047592043877,39478.540556190819188,349.389314153881628,1981.667344060680989
57005002,2050,1106000,476511.775998419907410,0,658,1,123762,84,150030101031,48277438,8227279,440,48252094.418047592043877,39478.540556190819188,319.141105216558344,3101.168983809076508
57005003,2100,4608200,435740.752279039996210,0,659,1,123763,84,150030101031,48277438,8227279,440,48252094.418047592043877,39478.540556190819188,300.195540362066879,3758.813179161572407
58001034,2075,707100,147295.089440957497573,0,660,1,123803,167,150030101021,14816877,2296188,1708,14808807.684438511729240,21550.338667350417381,228.964253118107308,1242.568460564464203
58003068,2100,3503700,298159.813103150227107,0,661,1,123844,167,150030101021,14816877,2296188,1708,14808807.684438511729240,21550.338667350417381,270.286469617956357,2913.114061004668656
58003069,2075,5705400,1186948.310995186446235,0,662,1,123845,167,150030101021,14816877,2296188,1708,14808807.684438511729240,21550.338667350417381,264.001646507263672,2622.227843794130422
43004086,2050,4701800,1868617.461754641262814,0,663,1,124045,669,150030112021,351555,0,671,351427.133320813125465,4243.587728884976059,293.088770808949675,1517.383346723931254
43004082,2075,3972900,649675.640696394024417,0,664,1,124062,669,150030112021,351555,0,671,351427.133320813125465,4243.587728884976059,301.116546086589949,1567.363762145267174
66006010,2024,2480900,2378867.737999999895692,0,665,1,124164,710,150030099021,1375759,1045939,689,1417242.440379890613258,9839.315739928559196,204.602054102240999,2428.713579667872182
66030029,2024,2060500,1908943.993599999928847,0,666,1,124596,710,150030099021,1375759,1045939,689,1417242.440379890613258,9839.315739928559196,163.493033268233319,1242.868095682269768
66030031,2024,1965000,1815133.281600000103936,0,667,1,124598,710,150030099021,1375759,1045939,689,1417242.440379890613258,9839.315739928559196,121.164154960323714,750.267204730047865
66030034,2030,1886400,1469378.035702632972971,0,668,1,124601,710,150030099021,1375759,1045939,689,1417242.440379890613258,9839.315739928559196,115.166131876153059,660.375916790257520
66030035,2050,1907400,781078.512813627254218,0,669,1,124602,710,150030099021,1375759,1045939,689,1417242.440379890613258,9839.315739928559196,115.975481820006721,647.107959390496490
66030036,2050,2164100,909635.746895241900347,0,670,1,124603,710,150030099021,1375759,1045939,689,1417242.440379890613258,9839.315739928559196,120.695268236199809,690.415140039487596
66030039,2075,2010600,411966.341117579431739,0,671,1,124606,710,150030099021,1375759,1045939,689,1417242.440379890613258,9839.315739928559196,130.677365866745930,766.067218074356788
66030040,2100,2069400,197778.268130369629944,0,672,1,124607,710,150030099021,1375759,1045939,689,1417242.440379890613258,9839.315739928559196,130.431496322413750,796.833329235656265
66031007,2100,1892900,187056.640631899441360,0,673,1,124636,710,150030099021,1375759,1045939,689,1417242.440379890613258,9839.315739928559196,121.119867569371308,701.321910920372147
66031008,2100,1986900,196179.272816795448307,0,674,1,124637,710,150030099021,1375759,1045939,689,1417242.440379890613258,9839.315739928559196,124.975832131241816,713.988414916712259
66031009,2100,2512500,251341.030999769980554,0,675,1,124638,710,150030099021,1375759,1045939,689,1417242.440379890613258,9839.315739928559196,130.001845811834983,774.749268278708314
43004076,2024,5624500,5090211.871500000357628,0,676,1,124892,669,150030112021,351555,0,671,351427.133320813125465,4243.587728884976059,214.226009463604100,1926.423757599449345
43004098,2050,3225700,892688.263962314347737,0,677,1,124908,669,150030112021,351555,0,671,351427.133320813125465,4243.587728884976059,126.359289647336169,918.047178783515619
43004078,2075,4456700,719260.194819895550609,0,678,1,124932,669,150030112021,351555,0,671,351427.133320813125465,4243.587728884976059,214.222271098864951,1924.152902082641276
43004079,2050,11030300,4697768.883084859699011,0,679,1,124936,669,150030112021,351555,0,671,351427.133320813125465,4243.587728884976059,228.127107697970303,2080.960323105673979
43004088,2030,7230500,5795849.196904852055013,0,680,1,124940,669,150030112021,351555,0,671,351427.133320813125465,4243.587728884976059,203.660113077103574,1787.930411484231627
43004087,2030,6293100,4769411.765510294586420,0,681,1,124944,669,150030112021,351555,0,671,351427.133320813125465,4243.587728884976059,275.396205406402999,2586.907871957482257
68005015,2075,2793100,614072.731311056762934,0,682,1,126040,364,150030099061,358118,1271318,1245,357903.101912828744389,5383.320514601013201,174.448018734594257,1271.616774728215887
67013001,2100,3330400,293790.726838555594441,0,683,1,126052,168,150030099053,748724,513761,1651,748274.405715252738446,4429.878851620822388,296.111675817617879,3539.557158006491591
67013002,2075,2456300,504317.147940641501918,0,684,1,126053,168,150030099053,748724,513761,1651,748274.405715252738446,4429.878851620822388,259.845829768579563,1186.156735475393589
67013003,2050,4825900,2139820.244035270996392,0,685,1,126054,168,150030099053,748724,513761,1651,748274.405715252738446,4429.878851620822388,341.599668606270654,4273.041196434000085
67013004,2075,3373300,673494.126418270170689,0,686,1,126055,168,150030099053,748724,513761,1651,748274.405715252738446,4429.878851620822388,359.087617988705290,4519.898036368909743
67013022,2030,2194700,1593272.684563523158431,0,687,1,126057,364,150030099061,358118,1271318,1245,357903.101912828744389,5383.320514601013201,117.675229724388004,717.259424078675806
67013020,2100,3421400,245921.318153138388880,0,688,1,126072,364,150030099061,358118,1271318,1245,357903.101912828744389,5383.320514601013201,172.944544047678136,1101.896452245679939
67013023,2030,2398600,1851822.949068208690733,0,689,1,126074,364,150030099061,358118,1271318,1245,357903.101912828744389,5383.320514601013201,118.907893796800138,762.258850710011416
67013024,2030,2679000,2112639.783142641652375,0,690,1,126075,168,150030099053,748724,513761,1651,748274.405715252738446,4429.878851620822388,112.938480580987274,704.887908405844087
67013025,2030,2804800,2224775.623749643098563,0,691,1,126076,168,150030099053,748724,513761,1651,748274.405715252738446,4429.878851620822388,145.932626606846497,971.931814943115796
67014018,2075,2302800,450753.685796231147833,0,692,1,126103,168,150030099053,748724,513761,1651,748274.405715252738446,4429.878851620822388,132.021960435350479,948.019481162624857
67014019,2075,2856000,572612.719449857017025,0,693,1,126104,168,150030099053,748724,513761,1651,748274.405715252738446,4429.878851620822388,263.584487464061169,2650.293173261629818
67014025,2075,2559700,497215.033878509479109,0,694,1,126110,168,150030099053,748724,513761,1651,748274.405715252738446,4429.878851620822388,173.156336977314709,1045.577668552170053
67014026,2075,2760600,554022.705580591689795,0,695,1,126111,168,150030099053,748724,513761,1651,748274.405715252738446,4429.878851620822388,147.634056315755259,1058.542530835189154
67014027,2050,2296400,987317.065753032569773,0,696,1,126112,168,150030099053,748724,513761,1651,748274.405715252738446,4429.878851620822388,134.731419355439925,958.886430005623652
67014028,2050,2560300,1096455.953052739612758,0,697,1,126113,168,150030099053,748724,513761,1651,748274.405715252738446,4429.878851620822388,130.709254182219865,904.904945075449405
67014029,2075,2456600,457152.576603339111898,0,698,1,126114,168,150030099053,748724,513761,1651,748274.405715252738446,4429.878851620822388,120.753240012150457,807.986314971100569
67014030,2075,2263000,433151.354034087678883,0,699,1,126115,168,150030099053,748724,513761,1651,748274.405715252738446,4429.878851620822388,113.445609490043665,715.437061731898666
67014031,2100,2332900,219342.953513151995139,0,700,1,126116,168,150030099053,748724,513761,1651,748274.405715252738446,4429.878851620822388,113.582860639389594,743.224969577568118
67015038,2100,1782600,188549.256668520771200,0,701,1,126163,168,150030099053,748724,513761,1651,748274.405715252738446,4429.878851620822388,113.666486372016124,720.859644003282028
67015039,2030,2272100,1781532.490146117517725,0,702,1,126164,168,150030099053,748724,513761,1651,748274.405715252738446,4429.878851620822388,156.677956216866988,957.040245143340485
67015040,2024,1752700,1596237.093200000002980,0,703,1,126165,168,150030099053,748724,513761,1651,748274.405715252738446,4429.878851620822388,124.674129227187791,911.741088026585771
67015042,2030,1679400,1289022.722936171106994,0,704,1,126167,168,150030099053,748724,513761,1651,748274.405715252738446,4429.878851620822388,127.703477037998155,813.005439486310138
67015043,2024,2424800,2293556.314199999906123,0,705,1,126168,168,150030099053,748724,513761,1651,748274.405715252738446,4429.878851620822388,153.334448319685919,796.957937668131763
67015046,2100,1485500,110223.101691255578771,0,706,1,126171,168,150030099053,748724,513761,1651,748274.405715252738446,4429.878851620822388,190.559512036221804,1005.342150887515686
67015049,2024,1297500,1217097.850199999986216,0,707,1,126174,168,150030099053,748724,513761,1651,748274.405715252738446,4429.878851620822388,181.827965477597871,920.774997781822094
67015050,2024,2314600,2184392.536899999715388,0,708,1,126175,168,150030099053,748724,513761,1651,748274.405715252738446,4429.878851620822388,180.799306409755729,1110.356901538750662
67015053,2030,1808200,1420208.008082679240033,0,709,1,126178,168,150030099053,748724,513761,1651,748274.405715252738446,4429.878851620822388,168.898840554061309,916.841176383155471
67015054,2100,1922200,178130.649328974686796,0,710,1,126179,168,150030099053,748724,513761,1651,748274.405715252738446,4429.878851620822388,139.707036227298431,916.843237538803123
67015055,2100,1960400,190601.669673036987660,0,711,1,126180,168,150030099053,748724,513761,1651,748274.405715252738446,4429.878851620822388,136.704215221375762,886.964210878077211
67015056,2100,1890400,195891.606666180567117,0,712,1,126182,168,150030099053,748724,513761,1651,748274.405715252738446,4429.878851620822388,140.810252365403414,1001.114344356569404
68005005,2100,2938700,281331.661634318938013,0,713,1,126390,364,150030099061,358118,1271318,1245,357903.101912828744389,5383.320514601013201,128.084416713741405,821.364751240215469
68004001,2075,4827400,964481.206746181123890,0,714,1,126395,364,150030099061,358118,1271318,1245,357903.101912828744389,5383.320514601013201,298.102904955466329,5170.382106364107131
68004018,2050,4280500,1745818.449032302945852,0,715,1,126399,364,150030099061,358118,1271318,1245,357903.101912828744389,5383.320514601013201,138.809161737825235,1198.704866712080957
68004029,2030,2350200,1968255.500057924306020,0,716,1,126400,364,150030099061,358118,1271318,1245,357903.101912828744389,5383.320514601013201,193.653304745020307,928.462456646345231
68004030,2030,1767600,1423427.838915194850415,0,717,1,126401,364,150030099061,358118,1271318,1245,357903.101912828744389,5383.320514601013201,88.747650416487915,443.554091792779786
68005009,2100,4708700,475022.097167280095164,0,718,1,126406,364,150030099061,358118,1271318,1245,357903.101912828744389,5383.320514601013201,182.758433162780079,1746.772476552507896
68005014,2075,2267800,502174.996369650878478,0,719,1,126410,364,150030099061,358118,1271318,1245,357903.101912828744389,5383.320514601013201,173.059378844073592,1250.201447343619975
68005016,2075,3102400,657342.933920561918058,0,720,1,126414,364,150030099061,358118,1271318,1245,357903.101912828744389,5383.320514601013201,174.899227625126969,1241.577466052842283
68005020,2075,2566600,506670.505407051590737,0,721,1,126826,364,150030099061,358118,1271318,1245,357903.101912828744389,5383.320514601013201,108.571519695608288,624.459878454519298
68005021,2075,2452700,493323.672155682055745,0,722,1,126830,364,150030099061,358118,1271318,1245,357903.101912828744389,5383.320514601013201,112.292309950783419,661.802522407306014
68005022,2050,2713200,1258096.534486148972064,0,723,1,126833,364,150030099061,358118,1271318,1245,357903.101912828744389,5383.320514601013201,112.886746232676828,661.370740822902235
68005023,2100,2561100,217226.654211475455668,0,724,1,126837,364,150030099061,358118,1271318,1245,357903.101912828744389,5383.320514601013201,114.445722980433189,666.312855989840386
68005025,2075,2895600,588299.430146537255496,0,725,1,126845,364,150030099061,358118,1271318,1245,357903.101912828744389,5383.320514601013201,129.621335129300178,801.233014995229155
68005027,2075,3383100,692855.445599640952423,0,726,1,126853,364,150030099061,358118,1271318,1245,357903.101912828744389,5383.320514601013201,140.882827197791073,891.613211756385908
68005028,2030,3215800,2693181.872643295209855,0,727,1,126856,364,150030099061,358118,1271318,1245,357903.101912828744389,5383.320514601013201,150.540781755321092,992.982837058289533
68005029,2100,3833000,362196.563854646054097,0,728,1,126860,364,150030099061,358118,1271318,1245,357903.101912828744389,5383.320514601013201,153.652316391567155,933.022818693299882
68005030,2075,2667700,561375.721728752600029,0,729,1,126864,364,150030099061,358118,1271318,1245,357903.101912828744389,5383.320514601013201,157.079685652139403,938.567384890614790
68005045,2100,2238000,229700.170828808302758,0,730,1,126916,364,150030099061,358118,1271318,1245,357903.101912828744389,5383.320514601013201,160.658979892750494,601.605598091324509
68005051,2100,2904600,288641.055070808506571,0,731,1,126939,364,150030099061,358118,1271318,1245,357903.101912828744389,5383.320514601013201,127.247472191838995,780.080230120844476
68006002,2030,2498900,1958869.043758999789134,0,732,1,126944,362,150030099062,84278321,6608902,657,84235262.427662819623947,67714.907308915921021,126.010951087821454,913.594603652430351
68006003,2024,2571000,2226270.248700000345707,0,733,1,126948,362,150030099062,84278321,6608902,657,84235262.427662819623947,67714.907308915921021,212.080296234699176,2123.875989261890027
68006004,2024,2785200,2391494.074800000060350,0,734,1,126952,364,150030099061,358118,1271318,1245,357903.101912828744389,5383.320514601013201,207.904460677311903,1851.051371709130080
68006005,2024,2620400,2406070.639999999664724,0,735,1,126956,364,150030099061,358118,1271318,1245,357903.101912828744389,5383.320514601013201,130.915360362783076,932.909586546205219
68006006,2030,2632500,2081382.307395142968744,0,736,1,126959,364,150030099061,358118,1271318,1245,357903.101912828744389,5383.320514601013201,145.530708384966289,1004.263951720670889
68006012,2075,2678600,455066.279708393209148,0,737,1,126974,364,150030099061,358118,1271318,1245,357903.101912828744389,5383.320514601013201,133.741212772549289,919.917628939178485
68006013,2075,3755900,710940.827012668247335,0,738,1,126977,364,150030099061,358118,1271318,1245,357903.101912828744389,5383.320514601013201,136.638084948253720,921.993131622981650
68006018,2030,2369700,1839855.113872429821640,0,739,1,126993,362,150030099062,84278321,6608902,657,84235262.427662819623947,67714.907308915921021,145.735248633283959,1120.256748617993026
68006019,2030,2992900,2326923.705164968036115,0,740,1,126997,362,150030099062,84278321,6608902,657,84235262.427662819623947,67714.907308915921021,132.926954886932265,957.853429676068686
68006020,2030,2425600,1884711.418873221147805,0,741,1,127001,364,150030099061,358118,1271318,1245,357903.101912828744389,5383.320514601013201,180.946933870018313,1088.087628290249995
68006021,2100,1033500,109315.413871264565387,0,742,1,127005,364,150030099061,358118,1271318,1245,357903.101912828744389,5383.320514601013201,105.557497462430305,696.365078480723810
68006031,2050,2527300,1040380.425149053917266,0,743,1,127043,364,150030099061,358118,1271318,1245,357903.101912828744389,5383.320514601013201,193.274318115325684,879.636553884733530
68009010,2030,2080400,1564414.214879935607314,0,744,1,127223,362,150030099062,84278321,6608902,657,84235262.427662819623947,67714.907308915921021,181.247182017355556,1183.684685655719250
68009011,2024,2358000,2028550.487199999857694,0,745,1,127227,362,150030099062,84278321,6608902,657,84235262.427662819623947,67714.907308915921021,137.111481830277171,489.953571066124937
68009012,2050,2913600,1143508.347879306878895,0,746,1,127231,362,150030099062,84278321,6608902,657,84235262.427662819623947,67714.907308915921021,155.641128128994922,1067.569976788543727
68009013,2050,2975100,1206706.183672838378698,0,747,1,127235,362,150030099062,84278321,6608902,657,84235262.427662819623947,67714.907308915921021,157.652536871752858,1023.867034658818739
68009014,2100,1257200,132976.621498745837016,0,748,1,127238,362,150030099062,84278321,6608902,657,84235262.427662819623947,67714.907308915921021,106.761459895366954,704.549707139246834
68009020,2024,4421600,4289991.175699999555945,0,749,1,127262,362,150030099062,84278321,6608902,657,84235262.427662819623947,67714.907308915921021,412.482383351899273,7390.999183346209065
68009023,2050,358700,154183.077342559146928,0,750,1,127270,362,150030099062,84278321,6608902,657,84235262.427662819623947,67714.907308915921021,97.772048295828895,459.505924939911040
68010005,2075,1024600,226911.178594739234541,0,751,1,127290,362,150030099062,84278321,6608902,657,84235262.427662819623947,67714.907308915921021,104.982651704552879,649.550381752175099
68010007,2100,933700,88593.658481350998045,0,752,1,127297,362,150030099062,84278321,6608902,657,84235262.427662819623947,67714.907308915921021,100.090236507738354,618.250441274203013
68010008,2024,2674500,2561742.226400000043213,0,753,1,127301,362,150030099062,84278321,6608902,657,84235262.427662819623947,67714.907308915921021,310.209115359624548,5800.500205890887628
68010009,2024,1600700,1470181.669999999925494,0,754,1,127305,362,150030099062,84278321,6608902,657,84235262.427662819623947,67714.907308915921021,134.246616980032229,958.154244454357922
68010010,2024,1363300,1227850.946200000122190,0,755,1,127309,362,150030099062,84278321,6608902,657,84235262.427662819623947,67714.907308915921021,117.147741927743567,731.003857817905669
68010011,2024,1434200,1273935.875000000000000,0,756,1,127313,362,150030099062,84278321,6608902,657,84235262.427662819623947,67714.907308915921021,116.569530523825165,725.012308491332533
68010013,2024,1492100,1338868.051999999908730,0,757,1,127321,362,150030099062,84278321,6608902,657,84235262.427662819623947,67714.907308915921021,117.520311669035692,728.749217855939037
68010014,2024,1571400,1366310.815500000026077,0,758,1,127324,362,150030099062,84278321,6608902,657,84235262.427662819623947,67714.907308915921021,124.557866588112248,870.897679938737610
68010015,2024,1491300,1260360.075000000186265,0,759,1,127328,362,150030099062,84278321,6608902,657,84235262.427662819623947,67714.907308915921021,146.356769452910783,1020.530142914127396
68010016,2075,1082100,231144.105046261480311,0,760,1,127332,362,150030099062,84278321,6608902,657,84235262.427662819623947,67714.907308915921021,93.504732284334807,560.062539874056597
68010017,2075,918500,155188.944197644741507,0,761,1,127335,362,150030099062,84278321,6608902,657,84235262.427662819623947,67714.907308915921021,97.335542231095928,566.075273946076777
68010018,2024,1815700,1655902.179999999934807,0,762,1,127339,362,150030099062,84278321,6608902,657,84235262.427662819623947,67714.907308915921021,150.539065013788701,1038.954782539606413
68010019,2030,1536500,1152502.308148759882897,0,763,1,127343,362,150030099062,84278321,6608902,657,84235262.427662819623947,67714.907308915921021,143.550428013386437,983.478969990275914
68010020,2030,1469500,1090306.891067045507953,0,764,1,127346,362,150030099062,84278321,6608902,657,84235262.427662819623947,67714.907308915921021,137.171344364554699,929.472445326606930
68010021,2024,2050000,1825651.494399999966845,0,765,1,127350,362,150030099062,84278321,6608902,657,84235262.427662819623947,67714.907308915921021,130.506755672881468,876.401327317608661
68010022,2050,1404200,463680.477914051909465,0,766,1,127354,362,150030099062,84278321,6608902,657,84235262.427662819623947,67714.907308915921021,125.670052296229045,851.398168625092239
68010023,2024,1275300,1100891.838299999944866,0,767,1,127358,362,150030099062,84278321,6608902,657,84235262.427662819623947,67714.907308915921021,120.723165593727302,782.760762863777131
68010024,2024,1502300,1272591.459999999962747,0,768,1,127362,362,150030099062,84278321,6608902,657,84235262.427662819623947,67714.907308915921021,117.686644769528641,738.428703268648633
68010026,2024,1650100,1427417.779399999883026,0,769,1,127369,362,150030099062,84278321,6608902,657,84235262.427662819623947,67714.907308915921021,115.989732711710133,748.229915945145081
68010027,2024,1348300,1148953.486000000033528,0,770,1,127372,362,150030099062,84278321,6608902,657,84235262.427662819623947,67714.907308915921021,113.832845220743238,687.259905141636978
68010028,2024,1434400,1221249.969299999997020,0,771,1,127376,362,150030099062,84278321,6608902,657,84235262.427662819623947,67714.907308915921021,118.415849434892209,742.987767824979869
68010029,2024,1497800,1286313.083099999930710,0,772,1,127380,362,150030099062,84278321,6608902,657,84235262.427662819623947,67714.907308915921021,120.158012567414318,741.293509414524124
68010030,2024,1244800,1062807.704200000036508,0,773,1,127384,362,150030099062,84278321,6608902,657,84235262.427662819623947,67714.907308915921021,120.340019094968923,695.174006898243306
68011039,2100,2274300,204491.744702511874493,0,774,1,127570,364,150030099061,358118,1271318,1245,357903.101912828744389,5383.320514601013201,128.548110639982468,928.888163582751531
68011040,2100,2352100,211206.831389688100899,0,775,1,127572,364,150030099061,358118,1271318,1245,357903.101912828744389,5383.320514601013201,127.566789142862149,928.870704917205899
68011041,2100,2271500,194907.713849512743764,0,776,1,127574,364,150030099061,358118,1271318,1245,357903.101912828744389,5383.320514601013201,127.246797640547939,929.477540818640023
68011048,2050,2303900,930440.379500056034885,0,777,1,127588,364,150030099061,358118,1271318,1245,357903.101912828744389,5383.320514601013201,129.192671963403058,977.536725499687691
68011049,2050,2065400,864573.791548144887201,0,778,1,127590,364,150030099061,358118,1271318,1245,357903.101912828744389,5383.320514601013201,154.428852102677610,1132.662363718388860
68011075,2050,2274700,1000584.209198617492802,0,779,1,127811,364,150030099061,358118,1271318,1245,357903.101912828744389,5383.320514601013201,125.829132316276713,936.047924472814202
68012040,2024,3029700,2962025.889299999922514,0,780,1,127853,364,150030099061,358118,1271318,1245,357903.101912828744389,5383.320514601013201,139.267362441925798,770.955849596921894
68012041,2030,2440100,2034038.140674530062824,0,781,1,127854,364,150030099061,358118,1271318,1245,357903.101912828744389,5383.320514601013201,124.833572059533168,804.213852578104138
68012042,2030,2428500,2020404.650544054573402,0,782,1,127855,364,150030099061,358118,1271318,1245,357903.101912828744389,5383.320514601013201,123.404625599767954,817.489060684501396
68012043,2030,2461400,1995275.733839800814167,0,783,1,127856,364,150030099061,358118,1271318,1245,357903.101912828744389,5383.320514601013201,122.282736240397014,805.989811326770678
68012045,2030,2308500,1864541.855136349098757,0,784,1,127858,364,150030099061,358118,1271318,1245,357903.101912828744389,5383.320514601013201,119.982357532815655,795.741988669054081
68012046,2030,2369000,1912135.302144655957818,0,785,1,127859,364,150030099061,358118,1271318,1245,357903.101912828744389,5383.320514601013201,120.798828924082756,806.945826447688205
68012047,2100,2443600,224227.850909709784901,0,786,1,127860,364,150030099061,358118,1271318,1245,357903.101912828744389,5383.320514601013201,124.083047301379708,843.066229572952238
68012049,2075,2408000,495208.389849779661745,0,787,1,127862,364,150030099061,358118,1271318,1245,357903.101912828744389,5383.320514601013201,125.193671756237691,825.839759194253702
68012050,2100,2230600,204394.106290283059934,0,788,1,127863,364,150030099061,358118,1271318,1245,357903.101912828744389,5383.320514601013201,129.949342514939758,911.471433461746074
68012051,2100,2306200,213792.234588893974433,0,789,1,127864,364,150030099061,358118,1271318,1245,357903.101912828744389,5383.320514601013201,128.529419010802656,870.579895909796846
68012052,2075,2242600,461900.408612412807997,0,790,1,127865,364,150030099061,358118,1271318,1245,357903.101912828744389,5383.320514601013201,128.847991170207109,865.381803481201928
84001007,2075,1425900,275175.762617631000467,0,791,1,130030,733,150030098011,51371184,12016633,2091,51340259.977582819759846,51483.376826450221415,284.813404147187043,2633.011592056960581
84001014,2075,2276100,465267.651266980334185,0,792,1,130032,733,150030098011,51371184,12016633,2091,51340259.977582819759846,51483.376826450221415,242.488339507828840,1858.262498191878876
84001015,2075,2197600,452508.557853690523189,0,793,1,130035,733,150030098011,51371184,12016633,2091,51340259.977582819759846,51483.376826450221415,225.015958102116940,1695.270274342997027
84001017,2024,1366200,1302155.619599999859929,0,794,1,130037,733,150030098011,51371184,12016633,2091,51340259.977582819759846,51483.376826450221415,202.157204755182278,1168.981561431950695
84003004,2024,1511700,1434063.012000000104308,0,795,1,130081,86,150030098032,445518,5201969,811,445234.475588307250291,6240.562740974199187,184.513253915634465,1756.071256512174841
84006010,2024,1618200,1609403.097599999979138,0,796,1,130168,86,150030098032,445518,5201969,811,445234.475588307250291,6240.562740974199187,147.873645405686574,1296.605215957043129
84008019,2075,1809700,344226.088542900513858,0,797,1,130291,86,150030098032,445518,5201969,811,445234.475588307250291,6240.562740974199187,157.438370489149975,1257.219709958482554
84009005,2100,1750200,122230.254986033920432,0,798,1,130304,733,150030098011,51371184,12016633,2091,51340259.977582819759846,51483.376826450221415,164.752553786781988,1542.359581880588394
84009006,2030,1465400,1156592.330599364591762,0,799,1,130305,733,150030098011,51371184,12016633,2091,51340259.977582819759846,51483.376826450221415,144.937680298912369,1062.159416401751287
87023054,2100,773200,81782.949206832869095,0,800,1,136115,166,150030096102,495605,22916,2228,518198.574342582200188,3758.896548419338160,111.341426746877701,782.924130223656448
87023055,2100,665000,64216.672044526676473,0,801,1,136116,166,150030096102,495605,22916,2228,518198.574342582200188,3758.896548419338160,112.053328013616238,711.350478856984410
87008007,2100,746000,78905.949441667500651,0,802,1,136818,361,150039400071,770613,1269951,2059,770146.352379094576463,4314.492015262656423,152.508003366435361,937.255704606768518
87001021,2100,622600,56200.917625693691662,0,803,1,136982,160,150030096101,306090,20028,1027,325915.688886222662404,2629.688172140723509,321.254382813998063,3790.979499304340152
87008066,2100,470100,49723.440794273315987,0,804,1,137230,361,150039400071,770613,1269951,2059,770146.352379094576463,4314.492015262656423,92.071206187453186,473.534353185538123
87008085,2100,400000,42308.820075961128168,0,805,1,137247,361,150039400071,770613,1269951,2059,770146.352379094576463,4314.492015262656423,91.862654624301655,469.490295088703647
87008086,2100,438100,46338.735188196427771,0,806,1,137248,361,150039400071,770613,1269951,2059,770146.352379094576463,4314.492015262656423,91.386859341010705,462.693845065353514
87011007,2100,637000,67376.795970968101756,0,807,1,137286,160,150030096101,306090,20028,1027,325915.688886222662404,2629.688172140723509,92.173947236871314,465.718248768556293
87011008,2100,567800,60057.370097826824349,0,808,1,137287,160,150030096101,306090,20028,1027,325915.688886222662404,2629.688172140723509,89.403780631433776,445.106137032737024
87011035,2100,571400,57908.680178911825351,0,809,1,137310,160,150030096101,306090,20028,1027,325915.688886222662404,2629.688172140723509,92.459974652075260,480.389070768754721
87011036,2100,508000,44590.421566564007662,0,810,1,137311,160,150030096101,306090,20028,1027,325915.688886222662404,2629.688172140723509,92.206436920115650,479.771619148607101
87011041,2075,1372800,299835.524878241121769,0,811,1,137314,160,150030096101,306090,20028,1027,325915.688886222662404,2629.688172140723509,90.205073317574090,453.578599079576577
87011042,2075,457000,83680.170899867822300,0,812,1,137315,160,150030096101,306090,20028,1027,325915.688886222662404,2629.688172140723509,91.337330215255847,470.772881698151195
87011045,2100,617000,25699.096035219830810,0,813,1,137317,160,150030096101,306090,20028,1027,325915.688886222662404,2629.688172140723509,91.836069341375918,474.352806104251272
87011046,2100,480700,33080.539763409200532,0,814,1,137318,160,150030096101,306090,20028,1027,325915.688886222662404,2629.688172140723509,92.903365761195730,482.138922259167202
87011048,2100,633000,66811.302099295571679,0,815,1,137320,160,150030096101,306090,20028,1027,325915.688886222662404,2629.688172140723509,90.518494871751415,453.332624251118943
87011073,2100,837800,82866.946659160574200,0,816,1,137345,160,150030096101,306090,20028,1027,325915.688886222662404,2629.688172140723509,91.239601704419158,460.033096442745659
87011075,2100,501900,9954.003503314888803,0,817,1,137347,160,150030096101,306090,20028,1027,325915.688886222662404,2629.688172140723509,91.884867888433291,473.667891164439823
87011076,2100,490800,3786.639396798520920,0,818,1,137348,160,150030096101,306090,20028,1027,325915.688886222662404,2629.688172140723509,92.183697438298054,476.452845030665458
87011078,2075,457800,46414.440186683066713,0,819,1,137350,160,150030096101,306090,20028,1027,325915.688886222662404,2629.688172140723509,93.892515277815917,489.672164268341362
87011079,2075,773600,125629.256476319162175,0,820,1,137351,160,150030096101,306090,20028,1027,325915.688886222662404,2629.688172140723509,125.943439093362343,550.337575634888594
87011080,2075,782400,123987.917786027421243,0,821,1,137352,160,150030096101,306090,20028,1027,325915.688886222662404,2629.688172140723509,91.710359987311165,465.483913721713350
87011087,2100,648300,28536.810336860238749,0,822,1,137357,160,150030096101,306090,20028,1027,325915.688886222662404,2629.688172140723509,90.713598800515314,466.104926173521164
87011088,2100,477800,34024.655445754004177,0,823,1,137358,160,150030096101,306090,20028,1027,325915.688886222662404,2629.688172140723509,91.626274535425239,474.565524732563460
87011089,2100,457700,48411.867371918524441,0,824,1,137359,160,150030096101,306090,20028,1027,325915.688886222662404,2629.688172140723509,90.577047307214471,458.096921778872399
87011090,2100,495800,52441.782484153824043,0,825,1,137360,160,150030096101,306090,20028,1027,325915.688886222662404,2629.688172140723509,88.586765896324323,436.375354893161557
87011103,2100,495600,27224.353326529773767,0,826,1,137372,160,150030096101,306090,20028,1027,325915.688886222662404,2629.688172140723509,93.481068125984663,486.050006867980301
87012044,2100,1327700,128602.522548611828825,0,827,1,137411,160,150030096101,306090,20028,1027,325915.688886222662404,2629.688172140723509,91.418185358536647,464.265569548568521
87012078,2100,457700,23358.918141879858013,0,828,1,137438,160,150030096101,306090,20028,1027,325915.688886222662404,2629.688172140723509,153.419670912925682,1412.068447463223265
87028001,2024,1185500,940533.572000000043772,0,829,1,137668,165,150030096103,433206,2790946,1199,432938.027486313832924,5257.821219249521164,121.680239689990657,885.755819184147867
87028002,2024,1292000,1044336.937999999965541,0,830,1,137669,165,150030096103,433206,2790946,1199,432938.027486313832924,5257.821219249521164,118.543581655233481,875.290963918364923
87028004,2024,1190200,1059601.876999999862164,0,831,1,137671,165,150030096103,433206,2790946,1199,432938.027486313832924,5257.821219249521164,123.286855575015693,861.214224266238944
87028005,2030,1189900,897659.451864692964591,0,832,1,137672,165,150030096103,433206,2790946,1199,432938.027486313832924,5257.821219249521164,129.309622521969743,862.032367954219239
87028006,2030,1927900,1529309.045933943940327,0,833,1,137673,165,150030096103,433206,2790946,1199,432938.027486313832924,5257.821219249521164,135.407577566184727,914.973057619975975
87028007,2030,1290400,990808.003166271955706,0,834,1,137674,165,150030096103,433206,2790946,1199,432938.027486313832924,5257.821219249521164,150.619736347696744,1111.216550784548190
87028008,2050,1715000,645883.007579081226140,0,835,1,137675,165,150030096103,433206,2790946,1199,432938.027486313832924,5257.821219249521164,160.830530936807151,1177.103642098153387
87028009,2075,1616000,229843.313505625439575,0,836,1,137676,165,150030096103,433206,2790946,1199,432938.027486313832924,5257.821219249521164,156.515408344484143,1082.800579223102886
87028010,2100,2128700,124165.736121734415065,0,837,1,137677,165,150030096103,433206,2790946,1199,432938.027486313832924,5257.821219249521164,173.657781167111580,1398.533190243662148
87028011,2050,1725400,636489.284528782125562,0,838,1,137678,165,150030096103,433206,2790946,1199,432938.027486313832924,5257.821219249521164,187.811939732645527,1369.346880842624159
87028012,2050,2123600,813723.624133298639208,0,839,1,137679,165,150030096103,433206,2790946,1199,432938.027486313832924,5257.821219249521164,202.050381359564852,1666.785495481772386
87028013,2100,1503100,57534.897513576186611,0,840,1,137680,165,150030096103,433206,2790946,1199,432938.027486313832924,5257.821219249521164,204.603017249186593,1523.066224675835656
87028014,2050,1762000,642375.620011563645676,0,841,1,137681,165,150030096103,433206,2790946,1199,432938.027486313832924,5257.821219249521164,206.733044336661720,1612.604937835971896
87028015,2030,2758400,2181234.614238475915045,0,842,1,137682,165,150030096103,433206,2790946,1199,432938.027486313832924,5257.821219249521164,281.867894032082518,2708.856621187731434
87028016,2100,1600600,75992.808318900715676,0,843,1,137683,165,150030096103,433206,2790946,1199,432938.027486313832924,5257.821219249521164,274.791973595189859,2760.584696638659352
91007064,2024,1277000,1191306.827599999960512,0,844,1,140820,114,150030084183,375707,239578,1734,375507.158833123568911,4398.067497901688512,108.928268816649236,491.826175579104699
91006003,2100,1677400,148943.560857579315780,0,845,1,141145,114,150030084183,375707,239578,1734,375507.158833123568911,4398.067497901688512,182.827483642511822,1160.653641859629488
91006005,2030,1754800,1416729.275524587137625,0,846,1,141147,114,150030084183,375707,239578,1734,375507.158833123568911,4398.067497901688512,182.827435719685155,1160.651816549990599
91006006,2024,1560800,1499269.127000000094995,0,847,1,141148,114,150030084183,375707,239578,1734,375507.158833123568911,4398.067497901688512,182.827652611607164,1160.651667050336528
91006007,2030,1572800,1205034.810939751798287,0,848,1,141149,114,150030084183,375707,239578,1734,375507.158833123568911,4398.067497901688512,127.978214716883329,1006.473636439374900
91006009,2024,1530800,1471411.352299999911338,0,849,1,141151,114,150030084183,375707,239578,1734,375507.158833123568911,4398.067497901688512,182.828260336447499,1160.657738694285626
91006012,2024,1702300,1647570.621199999935925,0,850,1,141154,114,150030084183,375707,239578,1734,375507.158833123568911,4398.067497901688512,185.741400635783776,1271.641466092994051
91006042,2075,1232500,211271.817391243792372,0,851,1,141175,114,150030084183,375707,239578,1734,375507.158833123568911,4398.067497901688512,109.694656856810695,638.336455666943039
91007009,2024,1655200,1570271.568600000115111,0,852,1,141178,114,150030084183,375707,239578,1734,375507.158833123568911,4398.067497901688512,212.845716606843951,1732.842039626485075
91007011,2030,2019600,1609138.204738032305613,0,853,1,141180,114,150030084183,375707,239578,1734,375507.158833123568911,4398.067497901688512,171.194757978708878,1433.987823801767718
91007013,2100,792600,83834.926980516975163,0,854,1,141182,114,150030084183,375707,239578,1734,375507.158833123568911,4398.067497901688512,95.088594609441117,511.673829257180273
91007015,2030,1598000,1241342.469260935671628,0,855,1,141184,114,150030084183,375707,239578,1734,375507.158833123568911,4398.067497901688512,168.474203487610453,1398.806524295003101
91007050,2030,1866700,1523603.860306980554014,0,856,1,141216,114,150030084183,375707,239578,1734,375507.158833123568911,4398.067497901688512,188.976967450040320,1393.291992130348262
91007052,2024,1134500,1030895.278700000024401,0,857,1,141218,114,150030084183,375707,239578,1734,375507.158833123568911,4398.067497901688512,90.342820174572608,465.850465533216095
91007053,2050,1258400,500368.934642392676324,0,858,1,141219,114,150030084183,375707,239578,1734,375507.158833123568911,4398.067497901688512,105.192666873931756,582.334220553258206
91007070,2024,1443800,1330428.896399999968708,0,859,1,141225,114,150030084183,375707,239578,1734,375507.158833123568911,4398.067497901688512,122.830491799179185,790.729936465654305
91007072,2030,1782500,1404575.894770507700741,0,860,1,141229,114,150030084183,375707,239578,1734,375507.158833123568911,4398.067497901688512,170.267041084594211,1423.158991106024132
91007078,2030,2161400,1717052.280842211097479,0,861,1,141243,114,150030084183,375707,239578,1734,375507.158833123568911,4398.067497901688512,164.540390904232567,963.067315283272137
91007080,2050,1672400,649150.557024380308576,0,862,1,141247,114,150030084183,375707,239578,1734,375507.158833123568911,4398.067497901688512,156.429551535097488,701.749131750369315
91023026,2024,1465000,1462858.190799999982119,0,863,1,142603,114,150030084183,375707,239578,1734,375507.158833123568911,4398.067497901688512,182.851737605779988,1160.680392579894487
91023029,2024,2053800,2053800.000000000000000,0,864,1,142606,114,150030084183,375707,239578,1734,375507.158833123568911,4398.067497901688512,179.407356446085316,1134.449974386711347
91024009,2100,1732100,178414.792699149198597,0,865,1,142686,114,150030084183,375707,239578,1734,375507.158833123568911,4398.067497901688512,182.531587422202534,1158.245809867215939
91024010,2030,1540600,1264135.931891606189311,0,866,1,142687,114,150030084183,375707,239578,1734,375507.158833123568911,4398.067497901688512,182.537216166485564,1158.465592003775782
91024013,2024,1251300,1201232.079399999929592,0,867,1,142690,114,150030084183,375707,239578,1734,375507.158833123568911,4398.067497901688512,179.490116667979862,659.465456851390400
91024020,2030,1553500,1259835.801641929661855,0,868,1,142696,114,150030084183,375707,239578,1734,375507.158833123568911,4398.067497901688512,182.828890779651942,1160.662901238574932
91024022,2024,1563900,1515233.103600000031292,0,869,1,142698,114,150030084183,375707,239578,1734,375507.158833123568911,4398.067497901688512,182.828502431633609,1160.655388074521625
91024024,2075,1216700,235211.867886957421433,0,870,1,142700,114,150030084183,375707,239578,1734,375507.158833123568911,4398.067497901688512,182.827728229986832,692.379240333917664
91024025,2024,1246000,1173451.259199999971315,0,871,1,142701,114,150030084183,375707,239578,1734,375507.158833123568911,4398.067497901688512,187.607847057473663,696.444962171385896
91024029,2075,1435600,287466.535608519858215,0,872,1,142704,114,150030084183,375707,239578,1734,375507.158833123568911,4398.067497901688512,182.827728234482265,1160.649664140285950
91024095,2030,1226000,968881.035079439985566,0,873,1,142760,114,150030084183,375707,239578,1734,375507.158833123568911,4398.067497901688512,187.608337701865537,696.413393809191575
91025001,2100,1493900,126731.852855885823374,0,874,1,142766,369,150030084182,232959,174175,1113,232831.839944555627881,3109.394787223761341,178.855121481469894,1171.391407707853659
91025003,2024,1244100,1142486.241599999833852,0,875,1,142767,369,150030084182,232959,174175,1113,232831.839944555627881,3109.394787223761341,177.459482982274039,656.644516503536693
91025004,2075,1664500,329587.523898348270450,0,876,1,142768,369,150030084182,232959,174175,1113,232831.839944555627881,3109.394787223761341,177.523811556551578,1122.816707469491348
91025005,2024,1755800,1688206.370000000111759,0,877,1,142769,369,150030084182,232959,174175,1113,232831.839944555627881,3109.394787223761341,177.518155392032554,1117.099285611509686
91025006,2075,1597100,314951.847488059953321,0,878,1,142770,369,150030084182,232959,174175,1113,232831.839944555627881,3109.394787223761341,177.426075847022588,1114.725707123871189
91025007,2030,1665100,1335045.434805445838720,0,879,1,142771,369,150030084182,232959,174175,1113,232831.839944555627881,3109.394787223761341,183.936790420346540,1355.118884414760032
91025010,2075,1637400,329407.221529318543617,0,880,1,142774,369,150030084182,232959,174175,1113,232831.839944555627881,3109.394787223761341,178.567731298428754,1160.807081326175421
91025011,2030,1792600,1448996.351022033253685,0,881,1,142775,369,150030084182,232959,174175,1113,232831.839944555627881,3109.394787223761341,176.578499443256078,1089.115099064898232
91025012,2050,1612400,702020.811632179887965,0,882,1,142776,369,150030084182,232959,174175,1113,232831.839944555627881,3109.394787223761341,177.439111723356973,1121.933127465295001
91025013,2030,1446200,1158861.523086055880412,0,883,1,142777,369,150030084182,232959,174175,1113,232831.839944555627881,3109.394787223761341,177.698833800556088,1132.526437962966384
91025016,2050,1097400,508858.593891014286783,0,884,1,142780,369,150030084182,232959,174175,1113,232831.839944555627881,3109.394787223761341,176.509053861243103,692.879837997658456
91025074,2030,999200,794074.274934382410720,0,885,1,142810,114,150030084183,375707,239578,1734,375507.158833123568911,4398.067497901688512,174.309957251546763,1586.338262577225123
91025054,2050,1688600,684513.644016222446226,0,886,1,142811,114,150030084183,375707,239578,1734,375507.158833123568911,4398.067497901688512,391.766181712321554,2040.167563726305843
